iteration,footpoint_lat,footpoint_lon,peak_lyr_km,peak_nya_km,centroid_lyr_km,centroid_nya_km,corr,accepted,reason
2,78.5848,9.8848,133.00,127.00,153.28,163.90,0.7379,0,centroids differ by 10.6 km
2,78.5293,9.9440,117.00,121.00,151.39,162.73,0.7333,0,NYA peak not clear against upper and lower means
2,78.5236,9.8967,119.00,123.00,151.54,162.83,0.7702,0,NYA peak not clear against upper and lower means
2,78.5112,9.9809,117.00,115.00,150.59,163.95,0.8521,0,centroids differ by 13.4 km
2,78.5858,9.9529,131.00,155.00,152.70,163.13,0.7713,0,centroids differ by 10.4 km
2,78.5059,9.9523,121.00,118.00,150.67,164.23,0.8435,0,centroids differ by 13.6 km
2,78.5034,9.9878,119.00,117.00,150.34,165.10,0.6123,0,correlation 0.61 <= 0.7
2,78.5820,9.9386,131.00,157.00,152.80,163.10,0.7566,0,centroids differ by 10.3 km
2,78.5939,10.0112,135.00,121.00,152.24,162.89,0.8109,0,centroids differ by 10.7 km
2,78.5488,9.9669,119.00,139.03,151.80,162.78,0.8446,0,centroids differ by 11.0 km
2,78.5368,9.9284,120.00,125.00,151.76,162.82,0.8426,0,NYA peak not clear against upper and lower means
2,78.5714,9.9225,131.00,165.00,152.68,162.97,0.7354,0,centroids differ by 10.3 km
2,78.5178,9.8900,119.00,97.00,151.44,162.92,0.7444,0,NYA peak not clear against upper and lower means
2,78.5060,9.8993,121.00,119.00,151.03,163.64,0.8534,0,centroids differ by 12.6 km
2,78.5783,9.8859,131.00,161.00,153.13,163.51,0.7305,0,centroids differ by 10.4 km
2,78.5949,10.0087,135.00,121.00,152.27,163.00,0.8170,0,centroids differ by 10.7 km
2,78.5668,10.0318,117.00,109.00,151.77,162.23,0.7615,0,centroids differ by 10.5 km
2,78.5916,9.9238,133.00,125.00,152.99,163.92,0.7707,0,centroids differ by 10.9 km
2,78.5963,9.9539,133.00,123.00,152.74,163.93,0.7937,0,centroids differ by 11.2 km
2,78.5334,9.8890,117.00,129.00,151.90,163.01,0.8568,0,NYA peak not clear against upper and lower means
2,78.5598,10.0081,119.00,113.00,151.75,162.47,0.7977,0,centroids differ by 10.7 km
2,78.5441,10.0125,119.00,121.00,151.34,162.53,0.7907,0,NYA peak not clear against upper and lower means
2,78.5742,9.8928,131.00,161.00,152.97,163.29,0.7275,0,centroids differ by 10.3 km
2,78.5062,10.0112,117.00,115.00,150.25,165.02,0.6261,0,correlation 0.63 <= 0.7
2,78.5847,9.9220,131.00,127.00,152.97,163.43,0.7594,0,centroids differ by 10.5 km
2,78.5759,10.0203,129.00,155.00,152.02,162.32,0.7620,0,centroids differ by 10.3 km
2,78.5676,9.9923,129.00,113.00,152.08,162.48,0.7541,0,centroids differ by 10.4 km
2,78.5822,10.0110,131.00,156.00,152.13,162.45,0.7711,0,centroids differ by 10.3 km
2,78.5649,10.0318,117.00,111.00,151.71,162.25,0.7724,0,centroids differ by 10.5 km
2,78.5881,9.9651,131.00,125.00,152.58,163.12,0.7833,0,centroids differ by 10.5 km
2,78.5061,9.9772,119.00,117.00,150.50,164.55,0.7813,0,centroids differ by 14.1 km
2,78.5514,9.9028,121.00,117.00,152.34,163.10,0.7905,0,centroids differ by 10.8 km
2,78.5124,9.9067,119.00,117.00,151.17,163.20,0.7631,0,centroids differ by 12.0 km
2,78.5632,9.9747,129.00,114.00,152.09,162.60,0.7600,0,centroids differ by 10.5 km
2,78.5893,10.0270,131.00,149.00,152.03,162.46,0.7889,0,centroids differ by 10.4 km
2,78.5115,9.9864,117.00,115.00,150.56,163.98,0.8523,0,centroids differ by 13.4 km
2,78.5067,9.6394,125.00,145.00,152.82,163.85,0.7984,0,centroids differ by 11.0 km
2,78.5087,9.6659,125.00,143.00,152.71,163.72,0.8241,0,centroids differ by 11.0 km
2,78.5082,9.6891,125.00,143.00,152.53,163.47,0.8624,0,centroids differ by 10.9 km
2,78.4989,9.6674,128.00,139.00,152.41,163.19,0.9085,0,centroids differ by 10.8 km
2,78.5289,9.6564,127.00,133.00,153.33,164.51,0.6502,0,correlation 0.65 <= 0.7
2,78.4899,9.6141,129.00,143.00,152.63,163.23,0.9349,0,centroids differ by 10.6 km
2,78.4876,9.6813,127.00,107.00,152.04,163.46,0.9493,0,centroids differ by 11.4 km
2,78.5341,9.5871,128.00,195.00,153.93,164.92,0.3926,0,correlation 0.39 <= 0.7
2,78.5449,9.6611,123.00,187.00,153.74,164.67,0.4958,0,correlation 0.50 <= 0.7
2,78.4882,9.6597,129.00,109.00,152.22,163.31,0.9553,0,centroids differ by 11.1 km
2,78.4985,9.6571,127.00,126.83,152.48,163.23,0.9067,0,centroids differ by 10.7 km
2,78.5469,9.7270,121.00,181.00,153.39,164.28,0.6289,0,correlation 0.63 <= 0.7
2,78.5813,9.7035,135.00,141.00,154.53,166.31,0.2746,0,correlation 0.27 <= 0.7
2,78.5237,9.6048,127.00,137.00,153.53,164.71,0.5814,0,correlation 0.58 <= 0.7
2,78.5186,9.6056,127.00,135.00,153.38,164.65,0.6136,0,correlation 0.61 <= 0.7
2,78.5664,9.7142,125.00,143.00,154.06,164.89,0.5252,0,correlation 0.53 <= 0.7
2,78.5152,9.7292,123.00,139.00,152.45,163.54,0.8512,0,centroids differ by 11.1 km
2,78.5654,9.6091,127.00,147.00,154.77,165.96,0.1801,0,correlation 0.18 <= 0.7
2,78.5099,9.7275,125.00,133.00,152.31,163.26,0.8797,0,centroids differ by 10.9 km
2,78.5444,9.7216,121.00,181.00,153.35,164.29,0.6405,0,correlation 0.64 <= 0.7
2,78.5309,9.6760,125.00,131.00,153.24,164.45,0.6768,0,correlation 0.68 <= 0.7
2,78.5663,9.6917,125.00,143.00,154.22,165.12,0.4581,0,correlation 0.46 <= 0.7
2,78.5580,9.5851,124.00,151.00,154.66,165.67,0.1762,0,correlation 0.18 <= 0.7
2,78.5385,9.6046,125.00,193.00,153.93,164.90,0.3940,0,correlation 0.39 <= 0.7
2,78.5307,9.6575,125.00,134.00,153.37,164.53,0.6391,0,correlation 0.64 <= 0.7
2,78.4890,9.5884,129.00,145.00,152.80,163.29,0.9198,0,centroids differ by 10.5 km
2,78.5280,9.6246,127.00,136.00,153.52,164.65,0.5880,0,correlation 0.59 <= 0.7
2,78.4938,9.5818,129.00,154.00,152.97,163.55,0.8602,0,centroids differ by 10.6 km
2,78.4930,9.7094,125.00,127.00,151.95,163.28,0.9308,0,centroids differ by 11.3 km
2,78.5075,9.6615,125.00,135.00,152.69,163.69,0.8302,0,centroids differ by 11.0 km
2,78.5435,9.6814,123.00,185.00,153.57,164.53,0.5552,0,correlation 0.56 <= 0.7
2,78.4827,9.6676,127.00,133.00,152.03,163.78,0.9350,0,centroids differ by 11.8 km
2,78.5502,9.6642,124.00,185.00,153.90,164.75,0.4765,0,correlation 0.48 <= 0.7
2,78.5349,9.6074,125.00,193.00,153.82,164.83,0.4423,0,correlation 0.44 <= 0.7
2,78.5461,9.5804,123.00,188.00,154.30,165.21,0.2561,0,correlation 0.26 <= 0.7
2,78.5116,9.6543,125.00,151.00,152.87,164.01,0.7651,0,centroids differ by 11.1 km
2,78.5243,9.7872,121.00,135.00,152.32,163.51,0.8529,0,centroids differ by 11.2 km
2,78.5398,9.7402,121.00,128.00,153.07,164.16,0.7220,0,centroids differ by 11.1 km
2,78.5778,9.7329,125.00,137.00,154.24,165.48,0.4558,0,correlation 0.46 <= 0.7
2,78.5723,9.7569,128.03,139.00,153.92,164.73,0.5864,0,correlation 0.59 <= 0.7
2,78.5283,9.8198,119.00,139.00,152.20,163.40,0.8575,0,centroids differ by 11.2 km
2,78.5724,9.7461,127.53,139.00,153.99,164.88,0.5594,0,correlation 0.56 <= 0.7
2,78.5457,9.8631,121.00,119.00,152.47,163.36,0.7987,0,centroids differ by 10.9 km
2,78.5315,9.7569,121.00,125.00,152.71,164.02,0.7918,0,centroids differ by 11.3 km
2,78.5027,9.8521,121.00,121.00,151.25,163.53,0.8628,0,centroids differ by 12.3 km
2,78.5366,9.8585,119.00,147.52,152.20,163.32,0.8451,0,centroids differ by 11.1 km
2,78.4880,9.7789,128.00,127.00,151.30,164.46,0.7955,0,centroids differ by 13.2 km
2,78.5349,9.8686,119.00,145.00,152.08,163.20,0.8558,0,centroids differ by 11.1 km
2,78.5668,9.8291,123.00,166.49,153.26,163.75,0.6948,0,correlation 0.69 <= 0.7
2,78.5217,9.8452,119.00,127.00,151.84,162.98,0.8435,0,NYA peak not clear against upper and lower means
2,78.5842,9.7239,125.00,141.00,154.46,166.36,0.2995,0,correlation 0.30 <= 0.7
2,78.4895,9.8167,123.00,127.00,151.05,164.77,0.7199,0,centroids differ by 13.7 km
2,78.5791,9.7316,125.00,137.00,154.28,165.62,0.4277,0,correlation 0.43 <= 0.7
2,78.5210,9.7896,123.00,127.00,152.21,163.32,0.8641,0,centroids differ by 11.1 km
2,78.5795,9.8284,133.00,133.00,153.59,164.30,0.6821,0,correlation 0.68 <= 0.7
2,78.5410,9.7227,121.00,130.00,153.23,164.27,0.6756,0,correlation 0.68 <= 0.7
2,78.5697,9.7950,123.00,169.00,153.58,164.19,0.6654,0,correlation 0.67 <= 0.7
2,78.5758,9.8009,124.00,135.00,153.69,164.41,0.6539,0,correlation 0.65 <= 0.7
2,78.5076,9.7221,125.00,135.00,152.28,163.20,0.8874,0,centroids differ by 10.9 km
2,78.5021,9.7396,123.00,135.00,152.00,163.06,0.8885,0,NYA peak not clear against upper and lower means
2,78.5605,9.8587,123.00,169.00,152.88,163.41,0.7186,0,centroids differ by 10.5 km
2,78.5278,9.8442,119.00,131.00,152.02,163.17,0.8619,0,centroids differ by 11.1 km
2,78.4896,9.7903,124.00,127.00,151.25,164.38,0.8079,0,centroids differ by 13.1 km
2,78.5049,9.8423,121.00,121.00,151.38,163.29,0.8373,0,centroids differ by 11.9 km
2,78.5421,9.7812,119.00,126.00,152.88,163.90,0.7561,0,centroids differ by 11.0 km
2,78.5191,9.7232,125.00,147.00,152.61,163.82,0.8143,0,centroids differ by 11.2 km
2,78.5553,9.7351,123.00,181.00,153.63,164.35,0.6106,0,correlation 0.61 <= 0.7
2,78.4942,9.7519,123.00,127.00,151.65,163.44,0.9150,0,centroids differ by 11.8 km
2,78.5067,9.7668,123.00,133.00,151.95,163.03,0.8706,0,NYA peak not clear against upper and lower means
2,78.5336,9.7853,121.00,155.00,152.58,163.85,0.8069,0,centroids differ by 11.3 km
2,78.5402,9.7503,122.00,128.00,153.02,164.10,0.7325,0,centroids differ by 11.1 km
2,78.5725,9.8034,133.00,169.00,153.59,164.20,0.6686,0,correlation 0.67 <= 0.7
2,78.9075,11.7546,165.00,175.00,172.58,165.57,0.7219,0,centroids differ by 7.0 km
2,78.8941,11.7052,165.00,159.00,171.24,166.12,0.7354,0,centroids differ by 5.1 km
2,78.9205,11.7872,169.00,183.00,173.56,165.33,0.4504,0,correlation 0.45 <= 0.7
2,78.9215,11.7836,171.00,185.00,173.62,165.36,0.4516,0,correlation 0.45 <= 0.7
2,78.9001,11.7961,163.00,171.00,172.19,165.29,0.4728,0,correlation 0.47 <= 0.7
2,78.9072,11.7722,165.00,173.00,172.63,165.34,0.6435,0,correlation 0.64 <= 0.7
2,78.9015,11.8264,165.00,173.00,172.40,165.24,0.4047,0,correlation 0.40 <= 0.7
2,78.9279,11.8122,189.00,203.00,174.11,165.43,0.2406,0,correlation 0.24 <= 0.7
2,78.8985,11.7325,165.00,165.00,171.74,165.75,0.7849,0,centroids differ by 6.0 km
2,78.9287,11.7418,171.00,199.00,173.98,166.09,0.5269,0,correlation 0.53 <= 0.7
2,78.9125,11.7427,167.00,181.00,172.90,165.79,0.7334,0,centroids differ by 7.1 km
2,78.8628,11.7217,157.00,249.00,168.98,166.13,-0.1732,0,correlation -0.17 <= 0.7
2,78.8642,11.7829,158.00,249.00,169.19,166.18,-0.4272,0,correlation -0.43 <= 0.7
2,78.8834,11.7834,161.00,147.00,170.74,165.77,0.1153,0,correlation 0.12 <= 0.7
2,78.8557,11.7602,155.00,249.00,168.54,166.45,-0.4024,0,correlation -0.40 <= 0.7
2,78.8841,11.8217,161.00,153.00,171.02,165.75,0.1250,0,correlation 0.12 <= 0.7
2,78.8762,11.7242,161.00,139.00,169.94,165.89,0.1917,0,correlation 0.19 <= 0.7
2,78.9226,11.7324,169.00,191.00,173.57,166.10,0.6452,0,correlation 0.65 <= 0.7
2,78.9017,11.6973,165.00,167.00,171.82,166.42,0.7979,0,centroids differ by 5.4 km
2,78.8821,11.7924,161.00,143.00,170.69,165.82,0.0429,0,correlation 0.04 <= 0.7
2,78.8504,11.6922,153.00,249.00,167.77,166.38,-0.2911,0,correlation -0.29 <= 0.7
2,78.8503,11.7164,153.00,249.00,167.89,166.44,-0.2569,0,correlation -0.26 <= 0.7
2,78.8849,11.7298,163.00,149.00,170.62,165.76,0.5020,0,correlation 0.50 <= 0.7
2,78.8624,11.7437,157.00,249.00,169.00,166.15,-0.3044,0,correlation -0.30 <= 0.7
2,78.9414,11.7882,181.00,217.00,174.83,165.90,0.1918,0,correlation 0.19 <= 0.7
2,78.9128,11.8021,169.00,185.00,173.10,165.22,0.4544,0,correlation 0.45 <= 0.7
2,78.9021,11.7764,165.00,167.00,172.25,165.34,0.6049,0,correlation 0.60 <= 0.7
2,78.9415,11.7127,173.00,213.00,174.69,166.66,0.4271,0,correlation 0.43 <= 0.7
2,78.8690,11.8127,159.00,249.00,169.69,166.08,-0.3320,0,correlation -0.33 <= 0.7
2,78.8889,11.7634,163.00,155.00,171.10,165.63,0.4222,0,correlation 0.42 <= 0.7
2,78.9012,11.8017,165.00,171.00,172.30,165.25,0.4573,0,correlation 0.46 <= 0.7
2,78.8773,11.7497,161.00,141.00,170.10,165.73,0.0872,0,correlation 0.09 <= 0.7
2,78.8728,11.7242,160.00,135.00,169.70,165.92,0.0643,0,correlation 0.06 <= 0.7
2,78.8787,11.7869,161.00,141.00,170.38,165.83,-0.0721,0,correlation -0.07 <= 0.7
2,78.8957,11.7291,165.00,161.00,171.49,165.76,0.7719,0,centroids differ by 5.7 km
2,78.8935,11.7647,163.00,161.00,171.51,165.57,0.5398,0,correlation 0.54 <= 0.7
2,78.5941,10.6293,113.00,80.00,147.89,160.62,0.5737,0,correlation 0.57 <= 0.7
2,78.5745,10.5815,127.00,85.00,147.64,162.31,0.6595,0,correlation 0.66 <= 0.7
2,78.5344,10.5820,119.00,157.00,146.84,166.36,-0.3064,0,correlation -0.31 <= 0.7
2,78.5536,10.6344,125.00,165.00,146.93,165.02,0.2810,0,correlation 0.28 <= 0.7
2,78.5446,10.5987,123.00,173.00,146.91,165.67,-0.0371,0,correlation -0.04 <= 0.7
2,78.6093,10.6719,127.50,80.00,148.14,159.35,0.6007,0,correlation 0.60 <= 0.7
2,78.6149,10.6485,117.00,82.00,148.48,158.26,0.5931,0,correlation 0.59 <= 0.7
2,78.5562,10.5872,125.00,123.00,147.32,164.34,0.5402,0,correlation 0.54 <= 0.7
2,78.6020,10.5514,115.00,83.00,148.62,159.56,0.5204,0,correlation 0.52 <= 0.7
2,78.6179,10.5977,129.19,91.00,148.88,157.66,0.6271,0,correlation 0.63 <= 0.7
2,78.5383,10.6452,121.00,153.00,146.43,166.27,-0.3573,0,correlation -0.36 <= 0.7
2,78.5263,10.6636,117.00,151.00,146.06,166.61,-0.4206,0,correlation -0.42 <= 0.7
2,78.5790,10.6316,109.00,124.00,147.40,161.96,0.6907,0,correlation 0.69 <= 0.7
2,78.5999,10.6587,115.00,80.00,147.89,160.09,0.5904,0,correlation 0.59 <= 0.7
2,78.5680,10.6696,107.00,115.00,146.84,163.57,0.6736,0,correlation 0.67 <= 0.7
2,78.6071,10.5688,115.00,83.00,148.68,158.75,0.5670,0,correlation 0.57 <= 0.7
2,78.5446,10.6277,123.00,151.00,146.71,165.81,-0.1323,0,correlation -0.13 <= 0.7
2,78.5790,10.6831,109.00,117.00,147.08,162.22,0.7087,0,centroids differ by 15.1 km
2,78.5891,10.6423,127.00,80.00,147.65,160.86,0.6378,0,correlation 0.64 <= 0.7
2,78.5557,10.6194,125.00,123.00,147.08,164.64,0.4560,0,correlation 0.46 <= 0.7
2,78.6003,10.5916,127.00,80.00,148.31,160.26,0.5019,0,correlation 0.50 <= 0.7
2,78.5790,10.5780,109.00,80.00,147.75,161.87,0.6251,0,correlation 0.63 <= 0.7
2,78.5808,10.6478,107.00,80.00,147.35,161.79,0.6974,0,correlation 0.70 <= 0.7
2,78.5448,10.6111,123.00,151.00,146.82,165.71,-0.0683,0,correlation -0.07 <= 0.7
2,78.5832,10.6714,109.00,120.00,147.27,161.58,0.7089,0,centroids differ by 14.3 km
2,78.5383,10.5831,119.00,155.00,146.87,166.10,-0.1971,0,correlation -0.20 <= 0.7
2,78.5497,10.5601,125.00,127.00,147.32,164.86,0.3622,0,correlation 0.36 <= 0.7
2,78.6070,10.6662,127.40,80.00,148.09,159.58,0.5927,0,correlation 0.59 <= 0.7
2,78.5410,10.5460,121.00,179.00,147.21,165.68,0.0352,0,correlation 0.04 <= 0.7
2,78.6132,10.6542,117.00,82.00,148.39,158.63,0.5906,0,correlation 0.59 <= 0.7
2,78.5981,10.6437,113.00,80.00,147.92,160.30,0.5738,0,correlation 0.57 <= 0.7
2,78.5595,10.6033,125.00,122.00,147.27,164.08,0.5949,0,correlation 0.59 <= 0.7
2,78.5405,10.6641,123.00,149.00,146.36,166.20,-0.3135,0,correlation -0.31 <= 0.7
2,78.5261,10.6495,117.00,153.00,146.19,166.68,-0.4536,0,correlation -0.45 <= 0.7
2,78.5921,10.5695,111.00,80.00,148.20,161.10,0.4764,0,correlation 0.48 <= 0.7
2,78.6116,10.5707,117.00,93.00,148.81,158.10,0.6094,0,correlation 0.61 <= 0.7
2,78.5200,9.6120,128.00,135.00,153.38,164.64,0.6191,0,correlation 0.62 <= 0.7
2,78.5203,9.5790,127.00,137.00,153.62,164.82,0.5466,0,correlation 0.55 <= 0.7
2,78.5020,9.5852,127.00,157.00,153.10,164.09,0.7397,0,centroids differ by 11.0 km
2,78.5108,9.5781,127.00,137.00,153.37,164.65,0.5989,0,correlation 0.60 <= 0.7
2,78.4757,9.5589,127.00,113.00,152.67,163.68,0.9565,0,centroids differ by 11.0 km
2,78.4737,9.5676,127.00,113.00,152.55,163.90,0.9333,0,centroids differ by 11.4 km
2,78.5293,9.5267,127.00,199.00,154.21,165.14,0.2569,0,correlation 0.26 <= 0.7
2,78.4909,9.5561,129.00,143.00,153.10,163.63,0.8529,0,centroids differ by 10.5 km
2,78.4858,9.6131,129.00,133.00,152.52,163.27,0.9577,0,centroids differ by 10.7 km
2,78.4947,9.6260,127.00,128.77,152.64,163.27,0.9108,0,centroids differ by 10.6 km
2,78.5391,9.5256,129.00,191.00,154.49,165.34,0.1400,0,correlation 0.14 <= 0.7
2,78.4995,9.6625,125.00,139.00,152.46,163.23,0.9040,0,centroids differ by 10.8 km
2,78.5294,9.5496,127.00,197.00,154.06,165.02,0.3330,0,correlation 0.33 <= 0.7
2,78.4534,9.6236,129.00,139.00,151.49,168.92,0.1918,0,correlation 0.19 <= 0.7
2,78.4764,9.5683,127.00,113.00,152.62,163.66,0.9600,0,centroids differ by 11.0 km
2,78.4529,9.6501,129.00,138.00,151.25,169.56,0.1295,0,correlation 0.13 <= 0.7
2,78.5057,9.5684,127.00,171.00,153.31,164.50,0.6291,0,correlation 0.63 <= 0.7
2,78.4867,9.5363,129.00,147.00,153.16,163.59,0.8736,0,centroids differ by 10.4 km
2,78.4766,9.6033,127.00,137.00,152.35,163.88,0.9386,0,centroids differ by 11.5 km
2,78.4917,9.5706,129.00,143.00,153.01,163.54,0.8688,0,centroids differ by 10.5 km
2,78.4654,9.5339,129.00,141.00,152.55,164.69,0.7877,0,centroids differ by 12.1 km
2,78.5341,9.6437,125.00,135.00,153.55,164.64,0.5623,0,correlation 0.56 <= 0.7
2,78.5073,9.6375,125.00,145.00,152.85,163.91,0.7855,0,centroids differ by 11.1 km
2,78.5171,9.5780,128.00,137.00,153.55,164.78,0.5699,0,correlation 0.57 <= 0.7
2,78.5248,9.5520,127.00,140.00,153.93,164.97,0.4123,0,correlation 0.41 <= 0.7
2,78.5235,9.5900,127.00,139.00,153.62,164.79,0.5486,0,correlation 0.55 <= 0.7
2,78.5012,9.6399,127.00,149.47,152.67,163.48,0.8673,0,centroids differ by 10.8 km
2,78.5330,9.5405,129.00,199.00,154.22,165.13,0.2560,0,correlation 0.26 <= 0.7
2,78.5373,9.5774,127.00,195.00,154.08,165.02,0.3209,0,correlation 0.32 <= 0.7
2,78.4907,9.6476,129.00,109.00,152.38,163.19,0.9422,0,centroids differ by 10.8 km
2,78.5135,9.6264,127.00,169.00,153.11,164.36,0.6772,0,correlation 0.68 <= 0.7
2,78.4604,9.5370,131.00,143.00,152.38,165.67,0.6140,0,correlation 0.61 <= 0.7
2,78.4673,9.6562,127.00,138.00,151.65,166.26,0.4838,0,correlation 0.48 <= 0.7
2,78.4591,9.6447,127.00,140.00,151.47,167.97,0.2715,0,correlation 0.27 <= 0.7
2,78.4950,9.5391,131.00,143.00,153.33,164.10,0.7365,0,centroids differ by 10.8 km
2,78.4925,9.5674,129.00,153.00,153.05,163.61,0.8531,0,centroids differ by 10.6 km
2,78.4918,9.6374,129.00,131.00,152.49,163.18,0.9340,0,centroids differ by 10.7 km
2,78.5326,9.5136,129.00,201.00,154.39,165.26,0.1716,0,correlation 0.17 <= 0.7
2,78.5053,9.5984,127.00,155.00,153.08,164.18,0.7212,0,centroids differ by 11.1 km
2,78.4939,9.5536,131.00,153.00,153.19,163.86,0.7974,0,centroids differ by 10.7 km
2,78.5052,9.5153,129.00,141.00,153.72,164.90,0.4904,0,correlation 0.49 <= 0.7
2,78.4804,9.6073,127.00,111.00,152.43,163.53,0.9694,0,centroids differ by 11.1 km
2,78.4546,9.6360,129.00,139.00,151.41,168.86,0.1913,0,correlation 0.19 <= 0.7
2,78.4670,9.5193,130.00,115.00,152.71,164.33,0.8502,0,centroids differ by 11.6 km
2,78.5430,9.6263,123.00,191.00,153.90,164.85,0.4183,0,correlation 0.42 <= 0.7
2,78.5086,9.6121,125.00,155.00,153.07,164.25,0.7030,0,centroids differ by 11.2 km
2,78.4961,9.6307,127.00,141.00,152.64,163.29,0.9046,0,centroids differ by 10.7 km
2,78.5077,9.5703,127.00,173.00,153.34,164.58,0.6113,0,correlation 0.61 <= 0.7
2,78.5048,9.5959,127.00,147.00,153.08,164.17,0.7211,0,centroids differ by 11.1 km
2,78.5194,9.6199,127.00,141.00,153.30,164.59,0.6331,0,correlation 0.63 <= 0.7
2,78.5147,9.5863,127.00,143.00,153.43,164.70,0.5941,0,correlation 0.59 <= 0.7
2,78.4754,9.5803,127.00,113.00,152.49,163.83,0.9428,0,centroids differ by 11.3 km
2,78.4544,9.5111,133.00,145.00,152.43,166.53,0.4950,0,correlation 0.49 <= 0.7
2,78.4813,9.5745,127.00,135.00,152.71,163.37,0.9642,0,centroids differ by 10.7 km
2,78.4960,9.6146,129.00,141.00,152.76,163.40,0.8884,0,centroids differ by 10.6 km
2,78.5426,9.5014,129.00,195.00,154.75,165.59,0.0282,0,correlation 0.03 <= 0.7
2,78.4872,9.4930,129.00,157.00,153.51,164.09,0.7609,0,centroids differ by 10.6 km
2,78.4649,9.6009,127.00,139.00,152.01,165.78,0.5808,0,correlation 0.58 <= 0.7
2,78.5439,9.5333,128.00,191.00,154.56,165.43,0.1226,0,correlation 0.12 <= 0.7
2,78.4651,9.6350,127.00,139.00,151.75,166.34,0.4792,0,correlation 0.48 <= 0.7
2,78.5459,9.5611,127.00,189.00,154.43,165.32,0.1986,0,correlation 0.20 <= 0.7
2,78.4805,9.5718,127.00,135.00,152.71,163.41,0.9660,0,centroids differ by 10.7 km
2,78.4920,9.5747,129.00,143.00,152.98,163.52,0.8719,0,centroids differ by 10.5 km
2,78.4537,9.5900,131.00,144.00,151.76,168.18,0.2730,0,correlation 0.27 <= 0.7
2,78.4520,9.5624,131.00,145.00,151.94,168.05,0.2980,0,correlation 0.30 <= 0.7
2,78.4791,9.5780,127.00,113.00,152.62,163.50,0.9692,0,centroids differ by 10.9 km
2,78.4725,9.5791,127.00,139.00,152.42,164.14,0.8942,0,centroids differ by 11.7 km
2,78.5221,9.5732,127.00,139.00,153.71,164.86,0.5183,0,correlation 0.52 <= 0.7
2,78.5191,9.5318,129.00,142.00,153.93,165.02,0.4366,0,correlation 0.44 <= 0.7
2,78.5261,9.6120,127.00,135.00,153.55,164.70,0.5746,0,correlation 0.57 <= 0.7
2,78.5039,9.4934,131.00,141.00,153.86,164.99,0.4492,0,correlation 0.45 <= 0.7
2,78.5254,9.5947,127.00,138.00,153.64,164.78,0.5379,0,correlation 0.54 <= 0.7
2,78.4139,9.3089,115.00,161.00,149.11,171.92,-0.2629,0,correlation -0.26 <= 0.7
2,78.4817,9.2751,135.00,157.00,155.11,165.76,0.0861,0,correlation 0.09 <= 0.7
2,78.4907,9.3103,133.00,155.00,155.07,165.60,0.0989,0,correlation 0.10 <= 0.7
2,78.4348,9.3826,123.00,153.00,152.24,168.61,0.2930,0,correlation 0.29 <= 0.7
2,78.4658,9.2879,137.00,171.00,154.59,165.40,0.4271,0,correlation 0.43 <= 0.7
2,78.4763,9.2887,134.42,197.00,154.84,165.67,0.1857,0,correlation 0.19 <= 0.7
2,78.4107,9.2889,113.00,165.00,148.63,172.23,-0.3335,0,correlation -0.33 <= 0.7
2,78.4733,9.3118,135.00,177.00,154.58,165.37,0.3510,0,correlation 0.35 <= 0.7
2,78.4422,9.3583,131.00,153.00,153.02,166.68,0.5167,0,correlation 0.52 <= 0.7
2,78.4338,9.3246,123.00,157.00,152.35,167.82,0.3743,0,correlation 0.37 <= 0.7
2,78.4717,9.2972,137.00,167.00,154.67,165.47,0.3250,0,correlation 0.32 <= 0.7
2,78.4176,9.3005,117.00,161.00,149.76,170.93,-0.1312,0,correlation -0.13 <= 0.7
2,78.4163,9.2428,113.00,163.00,149.53,170.21,-0.1120,0,correlation -0.11 <= 0.7
2,78.4140,9.2992,113.00,163.66,149.15,171.70,-0.2476,0,correlation -0.25 <= 0.7
2,78.4665,9.3502,135.00,157.00,154.09,164.74,0.6588,0,correlation 0.66 <= 0.7
2,78.4464,9.3218,133.00,127.00,153.53,165.77,0.6030,0,correlation 0.60 <= 0.7
2,78.4928,9.3134,133.00,155.00,155.10,165.59,0.0914,0,correlation 0.09 <= 0.7
2,78.4078,9.2854,111.00,163.00,148.24,172.77,-0.4006,0,correlation -0.40 <= 0.7
2,78.4444,9.3679,131.00,153.00,153.12,166.39,0.5475,0,correlation 0.55 <= 0.7
2,78.4134,9.3868,115.00,155.00,149.08,173.33,-0.3384,0,correlation -0.34 <= 0.7
2,78.4828,9.3193,133.00,153.00,154.79,165.55,0.1775,0,correlation 0.18 <= 0.7
2,78.4333,9.3453,123.00,155.00,152.22,168.27,0.3240,0,correlation 0.32 <= 0.7
2,78.4174,9.3784,115.00,155.00,149.76,172.38,-0.2168,0,correlation -0.22 <= 0.7
2,78.4587,9.2443,136.33,163.00,154.72,165.74,0.3992,0,correlation 0.40 <= 0.7
2,78.4027,9.2593,111.00,165.00,147.74,173.38,-0.4699,0,correlation -0.47 <= 0.7
2,78.4905,9.3501,131.00,151.00,154.74,165.49,0.1763,0,correlation 0.18 <= 0.7
2,78.4769,9.2856,134.45,197.00,154.89,165.69,0.1666,0,correlation 0.17 <= 0.7
2,78.4524,9.2883,135.26,165.00,154.11,165.36,0.5931,0,correlation 0.59 <= 0.7
2,78.4375,9.3398,123.00,155.00,152.69,167.32,0.4413,0,correlation 0.44 <= 0.7
2,78.4198,9.3660,115.00,157.00,150.15,171.67,-0.1311,0,correlation -0.13 <= 0.7
2,78.4962,9.2774,133.00,158.00,155.47,165.71,-0.0439,0,correlation -0.04 <= 0.7
2,78.4604,9.3405,135.00,161.00,153.99,164.81,0.6689,0,correlation 0.67 <= 0.7
2,78.4959,9.3626,133.00,151.00,154.77,165.49,0.1706,0,correlation 0.17 <= 0.7
2,78.4025,9.3164,111.00,159.00,147.56,174.34,-0.5239,0,correlation -0.52 <= 0.7
2,78.4472,9.3272,133.00,127.00,153.55,165.70,0.6105,0,correlation 0.61 <= 0.7
2,78.4148,9.3274,116.00,159.00,149.27,172.05,-0.2519,0,correlation -0.25 <= 0.7
2,78.4934,9.6550,127.00,141.00,152.39,163.16,0.9317,0,centroids differ by 10.8 km
2,78.5169,9.6282,127.00,133.00,153.19,164.46,0.6602,0,correlation 0.66 <= 0.7
2,78.4712,9.7386,125.00,134.00,151.12,167.06,0.3343,0,correlation 0.33 <= 0.7
2,78.5343,9.6065,127.00,193.00,153.81,164.83,0.4478,0,correlation 0.45 <= 0.7
2,78.5198,9.7041,125.00,159.59,152.75,164.02,0.7751,0,centroids differ by 11.3 km
2,78.4571,9.7359,125.00,133.00,150.68,170.31,0.0464,0,correlation 0.05 <= 0.7
2,78.5108,9.6280,127.00,153.00,153.02,164.21,0.7182,0,centroids differ by 11.2 km
2,78.5288,9.6962,123.00,129.00,153.05,164.33,0.7237,0,centroids differ by 11.3 km
2,78.4880,9.6907,127.00,131.00,151.98,163.50,0.9458,0,centroids differ by 11.5 km
2,78.5182,9.5994,128.00,135.00,153.42,164.68,0.6035,0,correlation 0.60 <= 0.7
2,78.4977,9.6066,129.00,139.00,152.86,163.56,0.8561,0,centroids differ by 10.7 km
2,78.4711,9.5933,127.00,139.00,152.26,164.51,0.8308,0,centroids differ by 12.2 km
2,78.5098,9.6259,125.00,153.00,153.01,164.18,0.7263,0,centroids differ by 11.2 km
2,78.4620,9.6903,125.00,135.00,151.20,168.20,0.2318,0,correlation 0.23 <= 0.7
2,78.5304,9.7311,121.00,127.00,152.85,164.18,0.7634,0,centroids differ by 11.3 km
2,78.4728,9.5940,127.00,139.00,152.30,164.27,0.8763,0,centroids differ by 12.0 km
2,78.5150,9.6515,127.00,167.00,152.97,164.21,0.7195,0,centroids differ by 11.2 km
2,78.4895,9.7067,127.00,129.00,151.88,163.48,0.9361,0,centroids differ by 11.6 km
2,78.5123,9.6459,127.00,151.00,152.95,164.13,0.7340,0,centroids differ by 11.2 km
2,78.4892,9.6700,127.00,129.00,152.16,163.31,0.9513,0,centroids differ by 11.1 km
2,78.4791,9.6236,127.00,135.00,152.26,163.77,0.9475,0,centroids differ by 11.5 km
2,78.4597,9.7151,125.00,133.00,150.93,169.28,0.1306,0,correlation 0.13 <= 0.7
2,78.4803,9.6166,127.00,111.00,152.35,163.61,0.9645,0,centroids differ by 11.3 km
2,78.4687,9.6610,125.00,137.00,151.65,166.05,0.5171,0,correlation 0.52 <= 0.7
2,78.5026,9.6193,127.00,147.00,152.85,163.77,0.8137,0,centroids differ by 10.9 km
2,78.4553,9.6825,127.00,135.00,151.06,169.66,0.1128,0,correlation 0.11 <= 0.7
2,78.5014,9.7168,123.00,123.00,152.13,163.09,0.9019,0,centroids differ by 11.0 km
2,78.5237,9.6272,125.00,137.00,153.38,164.60,0.6258,0,correlation 0.63 <= 0.7
2,78.5486,9.6243,123.00,184.23,154.10,164.99,0.3770,0,correlation 0.38 <= 0.7
2,78.4599,9.7125,125.00,133.00,150.96,169.17,0.1400,0,correlation 0.14 <= 0.7
2,78.4646,9.6482,127.00,139.00,151.63,166.72,0.4181,0,correlation 0.42 <= 0.7
2,78.5077,9.7316,125.00,135.00,152.21,163.15,0.8861,0,NYA peak not clear against upper and lower means
2,78.4623,9.6062,128.00,139.00,151.88,166.47,0.4694,0,correlation 0.47 <= 0.7
2,78.5009,9.6658,125.00,139.00,152.47,163.27,0.8978,0,centroids differ by 10.8 km
2,78.5518,9.7261,121.00,181.00,153.57,164.35,0.6034,0,correlation 0.60 <= 0.7
2,78.5012,9.7117,123.00,137.00,152.16,163.10,0.9036,0,centroids differ by 10.9 km
2,78.4338,6.8144,135.00,137.00,166.46,158.19,0.6296,0,correlation 0.63 <= 0.7
2,78.4378,6.8461,135.00,135.00,166.72,157.57,0.5909,0,correlation 0.59 <= 0.7
2,78.4242,6.8373,121.87,137.00,165.64,160.41,0.7427,0,centroids differ by 5.2 km
2,78.4056,6.7255,139.00,141.00,166.31,163.80,0.8183,0,centroids differ by 2.5 km
2,78.3653,6.7406,195.00,181.00,167.49,172.51,0.5993,0,correlation 0.60 <= 0.7
2,78.3520,6.8195,192.00,187.00,166.33,174.71,0.4247,0,correlation 0.42 <= 0.7
2,78.4112,6.7935,139.00,139.00,165.62,163.04,0.8152,0,centroids differ by 2.6 km
2,78.4273,6.7886,125.00,137.00,166.07,159.40,0.6912,0,correlation 0.69 <= 0.7
2,78.3442,6.7613,189.00,191.00,165.74,175.42,0.3588,0,correlation 0.36 <= 0.7
2,78.4305,6.7973,123.00,137.00,166.26,158.77,0.6608,0,correlation 0.66 <= 0.7
2,78.4276,6.7841,125.00,137.00,166.11,159.31,0.6860,0,correlation 0.69 <= 0.7
2,78.4264,6.8559,122.00,135.00,165.68,160.08,0.7320,0,centroids differ by 5.6 km
2,78.3964,6.8532,137.00,139.00,165.74,167.04,0.8366,0,centroids differ by 1.3 km
2,78.3797,6.8263,191.00,176.00,166.98,170.49,0.7501,0,centroids differ by 3.5 km
2,78.3655,6.7176,195.00,182.00,167.58,172.33,0.6031,0,correlation 0.60 <= 0.7
2,78.4104,6.7826,139.00,139.00,165.71,163.13,0.8157,0,centroids differ by 2.6 km
2,78.4337,6.8663,123.00,135.00,166.26,158.57,0.6557,0,correlation 0.66 <= 0.7
2,78.3989,6.7948,137.00,139.00,166.08,165.89,0.8406,1,
2,78.3491,6.8322,191.00,189.00,166.03,175.10,0.3877,0,correlation 0.39 <= 0.7
2,78.3779,6.7560,193.00,178.00,167.51,170.28,0.7374,0,centroids differ by 2.8 km
2,78.3607,6.8124,193.00,179.00,167.02,173.56,0.5383,0,correlation 0.54 <= 0.7
2,78.3638,6.7549,195.00,181.00,167.37,172.83,0.5818,0,correlation 0.58 <= 0.7
2,78.4223,6.7414,128.34,139.00,166.08,160.17,0.7171,0,centroids differ by 5.9 km
2,78.3510,6.7777,193.00,189.00,166.32,174.68,0.4214,0,correlation 0.42 <= 0.7
2,78.3536,6.8333,193.00,187.00,166.44,174.57,0.4416,0,correlation 0.44 <= 0.7
2,78.3803,6.8341,191.00,176.00,166.89,170.44,0.7535,0,centroids differ by 3.5 km
2,78.4007,6.8366,137.00,139.00,165.64,165.84,0.8432,1,
2,78.3695,6.7979,193.00,179.00,167.36,172.16,0.6482,0,correlation 0.65 <= 0.7
2,78.3941,6.7977,135.00,141.00,166.34,167.04,0.8337,1,
2,78.3445,6.8342,187.00,191.00,165.61,175.60,0.3456,0,correlation 0.35 <= 0.7
2,78.3461,6.7816,187.00,191.00,165.86,175.27,0.3698,0,correlation 0.37 <= 0.7
2,78.3862,6.7853,193.00,143.00,166.92,168.75,0.8016,0,centroids differ by 1.8 km
2,78.4382,6.8264,135.00,135.00,166.83,157.38,0.5776,0,correlation 0.58 <= 0.7
2,78.4313,6.7441,124.00,139.00,166.56,158.26,0.6235,0,correlation 0.62 <= 0.7
2,78.3701,6.8566,191.00,177.00,167.05,172.39,0.6479,0,correlation 0.65 <= 0.7
2,78.3695,6.7196,195.00,180.00,167.73,171.64,0.6494,0,correlation 0.65 <= 0.7
2,78.4637,9.3995,135.00,145.00,153.60,164.38,0.7725,0,centroids differ by 10.8 km
2,78.5031,9.3836,133.00,152.00,154.76,165.48,0.1641,0,correlation 0.16 <= 0.7
2,78.4835,9.3908,131.00,171.00,154.23,165.01,0.4434,0,correlation 0.44 <= 0.7
2,78.4902,9.2962,133.00,155.00,155.18,165.64,0.0754,0,correlation 0.08 <= 0.7
2,78.4638,9.4221,133.00,157.00,153.42,164.31,0.7989,0,centroids differ by 10.9 km
2,78.4676,9.3602,135.00,157.00,154.04,164.67,0.6794,0,correlation 0.68 <= 0.7
2,78.4698,9.3313,135.00,157.00,154.33,165.04,0.5353,0,correlation 0.54 <= 0.7
2,78.4335,9.3101,123.00,157.00,152.34,167.67,0.3865,0,correlation 0.39 <= 0.7
2,78.4693,9.3570,135.00,167.00,154.10,164.74,0.6478,0,correlation 0.65 <= 0.7
2,78.5043,9.3464,133.00,154.00,155.08,165.58,0.0370,0,correlation 0.04 <= 0.7
2,78.4867,9.4015,131.00,181.00,154.23,165.05,0.4006,0,correlation 0.40 <= 0.7
2,78.4441,9.3451,131.00,153.00,153.24,166.22,0.5657,0,correlation 0.57 <= 0.7
2,78.4799,9.3583,133.00,173.00,154.38,165.17,0.3895,0,correlation 0.39 <= 0.7
2,78.4348,9.3731,123.00,155.00,152.28,168.45,0.3107,0,correlation 0.31 <= 0.7
2,78.5056,9.3386,133.00,217.00,155.17,165.61,-0.0146,0,correlation -0.01 <= 0.7
2,78.4295,9.3355,123.00,157.00,151.73,168.92,0.2291,0,correlation 0.23 <= 0.7
2,78.4937,9.3359,133.00,153.00,154.94,165.54,0.1349,0,correlation 0.13 <= 0.7
2,78.4953,9.3910,131.00,157.00,154.53,165.37,0.2421,0,correlation 0.24 <= 0.7
2,78.4255,9.3558,119.00,157.00,151.11,170.20,0.0701,0,correlation 0.07 <= 0.7
2,78.4693,9.3734,135.00,167.00,153.97,164.56,0.7052,0,centroids differ by 10.6 km
2,78.4289,9.4349,121.00,153.00,151.40,170.96,0.0446,0,correlation 0.04 <= 0.7
2,78.4949,9.3223,133.00,157.00,155.08,165.57,0.0938,0,correlation 0.09 <= 0.7
2,78.4475,9.2977,133.00,127.00,153.74,165.61,0.6023,0,correlation 0.60 <= 0.7
2,78.4108,9.3227,111.00,159.00,148.61,172.80,-0.3622,0,correlation -0.36 <= 0.7
2,78.4539,9.3929,135.00,123.00,153.38,165.20,0.6717,0,correlation 0.67 <= 0.7
2,78.4347,9.4008,121.00,153.00,152.15,168.98,0.2547,0,correlation 0.25 <= 0.7
2,78.4930,9.3160,133.00,155.00,155.08,165.58,0.0941,0,correlation 0.09 <= 0.7
2,78.4829,9.3451,133.00,191.00,154.58,165.39,0.2573,0,correlation 0.26 <= 0.7
2,78.4512,9.3516,134.00,125.00,153.60,165.35,0.6462,0,correlation 0.65 <= 0.7
2,78.4954,9.3495,133.00,153.00,154.87,165.52,0.1434,0,correlation 0.14 <= 0.7
2,78.4825,9.3936,131.00,171.00,154.18,164.93,0.4852,0,correlation 0.49 <= 0.7
2,78.4177,9.4333,115.00,153.00,149.79,173.26,-0.2590,0,correlation -0.26 <= 0.7
2,78.4946,9.3200,133.00,157.00,155.08,165.58,0.0919,0,correlation 0.09 <= 0.7
2,78.5036,9.3589,133.00,155.00,154.97,165.54,0.0825,0,correlation 0.08 <= 0.7
2,78.4155,9.3603,115.00,157.00,149.42,172.46,-0.2582,0,correlation -0.26 <= 0.7
2,78.4715,9.3143,135.00,167.00,154.52,165.28,0.4144,0,correlation 0.41 <= 0.7
2,78.5626,9.9565,121.00,115.00,152.22,162.72,0.7582,0,centroids differ by 10.5 km
2,78.5334,9.9385,117.00,119.00,151.57,162.72,0.8021,0,NYA peak not clear against upper and lower means
2,78.5689,10.0443,129.00,109.00,151.72,162.14,0.7582,0,centroids differ by 10.4 km
2,78.5419,10.0634,117.00,113.00,150.92,162.65,0.5899,0,correlation 0.59 <= 0.7
2,78.5424,9.9668,119.00,123.00,151.64,162.70,0.8391,0,NYA peak not clear against upper and lower means
2,78.5591,9.9901,129.00,111.00,151.88,162.57,0.7932,0,centroids differ by 10.7 km
2,78.6053,10.0606,137.00,115.00,152.13,163.14,0.8541,0,centroids differ by 11.0 km
2,78.5993,9.9352,133.00,125.00,152.95,164.64,0.7358,0,centroids differ by 11.7 km
2,78.5780,9.9735,131.00,159.00,152.45,162.67,0.7576,0,centroids differ by 10.2 km
2,78.6101,9.9529,139.00,139.00,153.04,166.21,0.5784,0,correlation 0.58 <= 0.7
2,78.5456,10.0756,127.00,101.00,150.92,162.53,0.6251,0,correlation 0.63 <= 0.7
2,78.5149,9.9401,117.00,115.00,150.99,163.24,0.7436,0,centroids differ by 12.3 km
2,78.5466,10.0134,121.30,121.42,151.39,162.53,0.8162,0,NYA peak not clear against upper and lower means
2,78.5562,10.0388,119.00,137.85,151.46,162.38,0.8256,0,centroids differ by 10.9 km
2,78.5596,10.0047,119.00,113.00,151.78,162.49,0.7974,0,centroids differ by 10.7 km
2,78.5941,9.9729,133.00,123.00,152.55,163.44,0.8076,0,centroids differ by 10.9 km
2,78.5423,9.9831,119.00,123.00,151.52,162.62,0.8210,0,NYA peak not clear against upper and lower means
2,78.5629,9.9670,129.00,114.00,152.14,162.65,0.7599,0,centroids differ by 10.5 km
2,78.5967,10.0617,137.00,119.00,151.90,162.39,0.8112,0,centroids differ by 10.5 km
2,78.5292,9.9339,117.00,121.00,151.45,162.74,0.7576,0,NYA peak not clear against upper and lower means
2,78.6019,9.9523,133.00,124.00,152.86,164.69,0.7442,0,centroids differ by 11.8 km
2,78.5247,10.0635,117.00,109.00,150.45,163.52,0.6674,0,correlation 0.67 <= 0.7
2,78.5802,10.0806,129.00,149.00,151.48,161.85,0.7598,0,NYA peak not clear against upper and lower means
2,78.6061,9.9999,137.00,120.70,152.59,164.38,0.7994,0,centroids differ by 11.8 km
2,78.5717,10.0495,129.00,109.00,151.73,162.09,0.7529,0,centroids differ by 10.4 km
2,78.5795,10.0662,129.00,151.00,151.61,161.97,0.7618,0,centroids differ by 10.4 km
2,78.5877,10.0567,131.00,147.00,151.75,162.12,0.7819,0,NYA peak not clear against upper and lower means
2,78.5351,9.9965,119.00,117.00,151.22,162.67,0.6813,0,correlation 0.68 <= 0.7
2,78.5209,10.0654,115.00,111.00,150.30,163.84,0.7726,0,centroids differ by 13.5 km
2,78.5547,10.0023,119.00,139.00,151.69,162.57,0.8296,0,centroids differ by 10.9 km
2,78.5690,10.0374,129.00,109.00,151.78,162.19,0.7574,0,centroids differ by 10.4 km
2,78.5380,10.0812,119.36,87.00,150.69,162.90,0.4820,0,correlation 0.48 <= 0.7
2,78.5154,9.9858,117.00,113.00,150.67,163.58,0.7844,0,centroids differ by 12.9 km
2,78.5948,9.9901,133.00,123.00,152.42,163.24,0.8155,0,centroids differ by 10.8 km
2,78.5861,10.0440,131.00,148.00,151.84,162.21,0.7798,0,NYA peak not clear against upper and lower means
2,78.6056,10.0469,137.00,117.00,152.24,163.42,0.8538,0,centroids differ by 11.2 km
2,78.3755,6.6007,197.00,147.00,168.36,169.47,0.6718,0,correlation 0.67 <= 0.7
2,78.3882,6.6149,197.00,145.00,168.03,166.82,0.7599,0,centroids differ by 1.2 km
2,78.4075,6.6360,141.00,143.00,166.93,162.78,0.7766,0,centroids differ by 4.1 km
2,78.4082,6.7346,139.00,139.00,166.15,163.27,0.8123,0,centroids differ by 2.9 km
2,78.3798,6.7073,195.00,145.00,167.76,169.46,0.7489,0,centroids differ by 1.7 km
2,78.3818,6.5911,197.00,147.00,168.39,168.04,0.7105,1,
2,78.3961,6.6980,135.00,140.00,167.01,165.71,0.8187,0,centroids differ by 1.3 km
2,78.4432,6.6132,126.78,141.00,168.07,155.65,0.4467,0,correlation 0.45 <= 0.7
2,78.4171,6.6123,133.00,143.00,166.84,160.53,0.6973,0,correlation 0.70 <= 0.7
2,78.3909,6.7033,135.00,143.00,167.27,166.92,0.8106,1,
2,78.3867,6.6180,197.00,145.00,168.08,167.18,0.7546,1,
2,78.3734,6.6520,195.00,183.00,168.10,170.34,0.6769,0,correlation 0.68 <= 0.7
2,78.4125,6.6746,141.00,141.00,166.47,161.92,0.7679,0,centroids differ by 4.6 km
2,78.4655,6.6988,139.00,133.00,169.20,153.42,0.2662,0,correlation 0.27 <= 0.7
2,78.3942,6.6951,135.00,143.00,167.14,166.11,0.8156,0,centroids differ by 1.0 km
2,78.4299,6.6450,127.00,141.00,166.94,158.02,0.5835,0,correlation 0.58 <= 0.7
2,78.4132,6.6651,141.00,141.00,166.52,161.70,0.7587,0,centroids differ by 4.8 km
2,78.4218,6.6335,133.00,141.00,166.71,159.63,0.6641,0,correlation 0.66 <= 0.7
2,78.3893,6.6891,195.00,143.00,167.47,167.15,0.8005,1,
2,78.4442,6.6513,137.00,139.00,168.03,155.60,0.4472,0,correlation 0.45 <= 0.7
2,78.4412,6.7081,137.00,137.00,167.56,156.23,0.4933,0,correlation 0.49 <= 0.7
2,78.4431,6.7379,137.00,137.00,167.62,156.03,0.4815,0,correlation 0.48 <= 0.7
2,78.4242,6.6433,131.00,141.00,166.71,159.18,0.6444,0,correlation 0.64 <= 0.7
2,78.3755,6.6480,195.00,147.00,168.14,169.86,0.6951,0,correlation 0.70 <= 0.7
2,78.4489,6.7092,137.00,137.00,168.25,155.05,0.4098,0,correlation 0.41 <= 0.7
2,78.3683,6.6338,197.00,183.00,168.02,171.21,0.6218,0,correlation 0.62 <= 0.7
2,78.3911,6.6352,195.00,142.00,167.76,166.35,0.7824,0,centroids differ by 1.4 km
2,78.4078,6.6689,141.00,141.00,166.66,162.94,0.7901,0,centroids differ by 3.7 km
2,78.3975,6.6435,137.00,143.00,167.35,165.01,0.7978,0,centroids differ by 2.3 km
2,78.4168,6.6047,133.00,143.00,166.89,160.55,0.6954,0,correlation 0.70 <= 0.7
2,78.4039,6.6322,137.00,143.00,167.11,163.55,0.7870,0,centroids differ by 3.6 km
2,78.4001,6.7377,139.00,141.00,166.48,165.12,0.8297,0,centroids differ by 1.4 km
2,78.3932,6.6543,135.00,142.00,167.51,166.02,0.7968,0,centroids differ by 1.5 km
2,78.3741,6.7152,195.00,180.00,167.79,170.72,0.6973,0,correlation 0.70 <= 0.7
2,78.4103,6.6072,141.00,143.00,167.04,161.99,0.7472,0,centroids differ by 5.1 km
2,78.3700,6.6543,195.00,182.00,168.01,171.04,0.6443,0,correlation 0.64 <= 0.7
2,78.3567,6.3861,197.00,155.00,167.62,171.74,0.4782,0,correlation 0.48 <= 0.7
2,78.4179,6.3748,145.00,147.00,168.45,159.24,0.5350,0,correlation 0.54 <= 0.7
2,78.3783,6.3944,201.00,151.00,169.22,167.61,0.5284,0,correlation 0.53 <= 0.7
2,78.4354,6.4723,129.00,145.00,168.08,156.62,0.4676,0,correlation 0.47 <= 0.7
2,78.3810,6.4294,201.00,149.00,169.15,167.27,0.5743,0,correlation 0.57 <= 0.7
2,78.4450,6.3984,129.00,141.00,169.01,155.55,0.3918,0,correlation 0.39 <= 0.7
2,78.3963,6.3917,201.00,149.00,169.15,163.86,0.6015,0,correlation 0.60 <= 0.7
2,78.4431,6.4880,125.00,141.00,168.53,155.64,0.4177,0,correlation 0.42 <= 0.7
2,78.3879,6.4628,199.00,147.00,168.98,166.02,0.6422,0,correlation 0.64 <= 0.7
2,78.3764,6.3611,203.00,151.00,169.23,167.84,0.4893,0,correlation 0.49 <= 0.7
2,78.4243,6.5059,133.00,145.00,167.53,158.53,0.5638,0,correlation 0.56 <= 0.7
2,78.3825,6.4770,199.00,147.00,168.95,167.18,0.6253,0,correlation 0.63 <= 0.7
2,78.3789,6.4817,199.00,146.57,168.91,167.94,0.6087,0,correlation 0.61 <= 0.7
2,78.4340,6.3744,133.00,145.00,168.50,156.71,0.4482,0,correlation 0.45 <= 0.7
2,78.4082,6.4580,143.00,147.00,168.21,161.63,0.6520,0,correlation 0.65 <= 0.7
2,78.3920,6.4167,201.00,149.00,169.14,164.93,0.6144,0,correlation 0.61 <= 0.7
2,78.4215,6.4250,145.00,147.00,168.03,158.78,0.5448,0,correlation 0.54 <= 0.7
2,78.3758,6.4222,201.00,148.00,169.03,168.25,0.5417,0,correlation 0.54 <= 0.7
2,78.3624,6.4239,201.00,153.00,168.04,170.89,0.4971,0,correlation 0.50 <= 0.7
2,78.4293,6.3675,135.00,147.00,168.41,157.34,0.4747,0,correlation 0.47 <= 0.7
2,78.3701,6.3771,203.00,150.00,168.81,169.12,0.4843,0,correlation 0.48 <= 0.7
2,78.3650,6.4897,201.00,151.00,168.16,170.80,0.5394,0,correlation 0.54 <= 0.7
2,78.3785,6.3677,201.00,151.00,169.31,167.46,0.5033,0,correlation 0.50 <= 0.7
2,78.3583,6.4629,196.35,189.00,167.60,171.92,0.5010,0,correlation 0.50 <= 0.7
2,78.4328,6.4976,129.00,143.00,167.83,157.06,0.4950,0,correlation 0.50 <= 0.7
2,78.3919,6.4505,199.00,147.00,168.94,165.13,0.6474,0,correlation 0.65 <= 0.7
2,78.3608,6.4138,201.00,153.00,167.91,171.14,0.4893,0,correlation 0.49 <= 0.7
2,78.3946,6.3808,201.00,149.00,169.27,164.18,0.5853,0,correlation 0.59 <= 0.7
2,78.3870,6.4830,199.00,147.00,168.88,166.31,0.6560,0,correlation 0.66 <= 0.7
2,78.3910,6.4242,201.00,149.00,169.13,165.18,0.6178,0,correlation 0.62 <= 0.7
2,78.3456,6.4400,195.00,189.00,166.57,173.93,0.4723,0,correlation 0.47 <= 0.7
2,78.3778,6.4365,201.00,148.00,169.06,167.92,0.5640,0,correlation 0.56 <= 0.7
2,78.4292,6.4926,133.00,143.00,167.72,157.64,0.5193,0,correlation 0.52 <= 0.7
2,78.4008,6.4694,139.00,147.00,168.47,163.32,0.6818,0,correlation 0.68 <= 0.7
2,78.4213,6.4502,135.00,145.00,167.88,158.90,0.5588,0,correlation 0.56 <= 0.7
2,78.3956,6.5048,199.00,147.00,168.47,164.62,0.7066,0,centroids differ by 3.8 km
2,78.9149,11.7786,169.00,179.00,173.18,165.32,0.5598,0,correlation 0.56 <= 0.7
2,78.8701,11.7407,160.00,133.00,169.54,165.89,-0.1257,0,correlation -0.13 <= 0.7
2,78.8801,11.7783,161.00,145.00,170.45,165.77,0.0083,0,correlation 0.01 <= 0.7
2,78.8912,11.7258,163.00,157.00,171.11,165.78,0.7031,0,centroids differ by 5.3 km
2,78.9115,11.7103,167.00,179.00,172.69,166.31,0.8017,0,centroids differ by 6.4 km
2,78.8863,11.6959,163.00,149.00,170.60,166.20,0.5411,0,correlation 0.54 <= 0.7
2,78.9168,11.7088,167.00,185.00,173.09,166.36,0.7660,0,centroids differ by 6.7 km
2,78.8562,11.7056,155.00,249.00,168.36,166.23,-0.1984,0,correlation -0.20 <= 0.7
2,78.9177,11.7989,169.00,191.00,173.41,165.29,0.4272,0,correlation 0.43 <= 0.7
2,78.9145,11.7592,167.00,183.00,173.10,165.56,0.6652,0,correlation 0.67 <= 0.7
2,78.8753,11.7990,161.00,143.00,170.16,165.92,-0.2050,0,correlation -0.20 <= 0.7
2,78.8506,11.6722,155.00,249.00,167.67,166.41,-0.2995,0,correlation -0.30 <= 0.7
2,78.9080,11.7858,165.00,171.00,172.74,165.21,0.5574,0,correlation 0.56 <= 0.7
2,78.9135,11.6699,167.00,179.00,172.64,167.05,0.8012,0,centroids differ by 5.6 km
2,78.8606,11.7054,155.00,249.00,168.74,166.15,-0.1289,0,correlation -0.13 <= 0.7
2,78.9036,11.7338,165.00,171.00,172.19,165.79,0.7926,0,centroids differ by 6.4 km
2,78.8960,11.7982,163.00,165.00,171.88,165.44,0.4121,0,correlation 0.41 <= 0.7
2,78.9030,11.6792,165.00,167.00,171.82,166.80,0.7788,0,centroids differ by 5.0 km
2,78.8982,11.7674,163.00,165.00,171.92,165.48,0.6150,0,correlation 0.61 <= 0.7
2,78.8672,11.7480,157.00,249.00,169.35,165.95,-0.2552,0,correlation -0.26 <= 0.7
2,78.9176,11.7289,167.00,185.00,173.23,166.07,0.7141,0,centroids differ by 7.2 km
2,78.8903,11.6999,165.00,155.00,170.93,166.17,0.6413,0,correlation 0.64 <= 0.7
2,78.8934,11.7154,165.00,159.00,171.24,165.93,0.7518,0,centroids differ by 5.3 km
2,78.9335,11.7232,173.00,203.00,174.23,166.43,0.5080,0,correlation 0.51 <= 0.7
2,78.8684,11.8092,159.00,249.00,169.63,166.09,-0.3520,0,correlation -0.35 <= 0.7
2,78.8565,11.6722,155.00,249.00,168.21,166.27,-0.1841,0,correlation -0.18 <= 0.7
2,78.8594,11.8073,158.00,249.00,168.89,166.51,-0.3386,0,correlation -0.34 <= 0.7
2,78.8806,11.7038,163.00,143.00,170.21,166.07,0.3806,0,correlation 0.38 <= 0.7
2,78.8472,11.6699,153.00,249.00,167.35,166.48,-0.3509,0,correlation -0.35 <= 0.7
2,78.8738,11.7470,161.00,137.00,169.82,165.79,-0.0369,0,correlation -0.04 <= 0.7
2,78.8732,11.7728,161.00,137.00,169.87,165.83,-0.2303,0,correlation -0.23 <= 0.7
2,78.8503,11.7642,153.00,249.00,168.09,166.81,-0.3572,0,correlation -0.36 <= 0.7
2,78.8728,11.8040,161.00,139.00,169.97,165.97,-0.2780,0,correlation -0.28 <= 0.7
2,78.8821,11.7542,163.00,147.00,170.50,165.68,0.2470,0,correlation 0.25 <= 0.7
2,78.8456,11.7783,153.00,249.00,167.74,167.18,-0.2741,0,correlation -0.27 <= 0.7
2,78.9061,11.7747,165.00,171.00,172.56,165.31,0.6251,0,correlation 0.63 <= 0.7
2,78.7677,11.2012,125.00,249.00,158.06,175.33,-0.1306,0,correlation -0.13 <= 0.7
2,78.7403,11.2689,121.00,153.00,155.92,165.45,0.4525,0,correlation 0.45 <= 0.7
2,78.6853,11.2805,113.00,249.00,151.78,168.72,-0.7699,0,correlation -0.77 <= 0.7
2,78.7574,11.2777,123.00,249.00,157.46,169.91,-0.0475,0,correlation -0.05 <= 0.7
2,78.7213,11.2041,119.00,135.00,154.47,164.86,0.2531,0,correlation 0.25 <= 0.7
2,78.7456,11.3044,121.00,249.00,156.50,166.19,0.1841,0,correlation 0.18 <= 0.7
2,78.7783,11.2713,131.00,249.00,159.33,178.63,-0.1656,0,correlation -0.17 <= 0.7
2,78.6993,11.2683,115.00,249.00,152.96,166.88,-0.3057,0,correlation -0.31 <= 0.7
2,78.7805,11.2840,131.00,249.00,159.57,179.57,-0.1827,0,correlation -0.18 <= 0.7
2,78.7717,11.2483,127.28,249.00,158.64,176.26,-0.1356,0,correlation -0.14 <= 0.7
2,78.6887,11.2376,115.00,249.00,151.91,168.10,-0.6346,0,correlation -0.63 <= 0.7
2,78.7132,11.3047,117.00,203.00,153.89,165.57,-0.8664,0,correlation -0.87 <= 0.7
2,78.7538,11.1708,123.00,249.00,156.77,169.81,-0.0607,0,correlation -0.06 <= 0.7
2,78.7161,11.1791,119.00,80.00,154.11,164.97,-0.3708,0,correlation -0.37 <= 0.7
2,78.7387,11.3030,121.00,123.00,155.88,164.99,0.8601,0,centroids differ by 9.1 km
2,78.7270,11.2256,119.00,167.00,154.82,164.58,0.6241,0,correlation 0.62 <= 0.7
2,78.7782,11.2192,128.00,249.00,159.10,178.18,-0.1873,0,correlation -0.19 <= 0.7
2,78.7355,11.2878,121.00,127.00,155.56,164.69,0.8950,0,centroids differ by 9.1 km
2,78.7754,11.2853,129.00,249.00,159.13,177.53,-0.1352,0,correlation -0.14 <= 0.7
2,78.7565,11.2527,123.00,249.00,157.28,169.87,-0.0373,0,correlation -0.04 <= 0.7
2,78.7527,11.2090,123.00,249.00,156.79,168.97,-0.0308,0,correlation -0.03 <= 0.7
2,78.7391,11.2885,121.00,127.00,155.87,165.14,0.7274,0,centroids differ by 9.3 km
2,78.7799,11.1735,127.00,249.00,159.04,178.68,-0.2300,0,correlation -0.23 <= 0.7
2,78.7601,11.2561,123.00,249.00,157.61,171.28,-0.0775,0,correlation -0.08 <= 0.7
2,78.6872,11.2720,113.00,249.00,151.93,168.67,-0.6883,0,correlation -0.69 <= 0.7
2,78.7699,11.2401,125.00,249.00,158.43,175.71,-0.1389,0,correlation -0.14 <= 0.7
2,78.6942,11.2449,115.00,249.00,152.49,167.38,-0.4074,0,correlation -0.41 <= 0.7
2,78.7476,11.3045,121.00,249.00,156.68,166.61,0.1134,0,correlation 0.11 <= 0.7
2,78.7335,11.2473,121.00,143.00,155.29,164.70,0.6640,0,correlation 0.66 <= 0.7
2,78.7246,11.2250,119.00,125.00,154.68,164.69,0.6085,0,correlation 0.61 <= 0.7
2,78.7026,11.2851,115.00,249.00,153.18,166.57,-0.3672,0,correlation -0.37 <= 0.7
2,78.7686,11.1873,125.00,249.00,158.09,175.91,-0.1350,0,correlation -0.14 <= 0.7
2,78.7447,11.1848,123.00,203.00,156.06,167.02,-0.0189,0,correlation -0.02 <= 0.7
2,78.7540,11.2801,123.00,249.00,157.17,168.61,-0.0012,0,correlation -0.00 <= 0.7
2,78.7341,11.2779,121.00,133.00,155.40,164.61,0.8162,0,centroids differ by 9.2 km
2,78.6973,11.1811,115.00,249.00,152.52,165.83,-0.2397,0,correlation -0.24 <= 0.7
2,78.3767,6.8091,191.00,175.00,167.21,170.97,0.7245,0,centroids differ by 3.8 km
2,78.3901,6.7688,135.00,143.00,166.82,167.71,0.8198,1,
2,78.3965,6.8308,137.00,139.00,165.93,166.80,0.8384,1,
2,78.3480,6.7298,189.00,191.00,166.15,174.87,0.4016,0,correlation 0.40 <= 0.7
2,78.3585,6.7395,195.00,181.00,167.07,173.52,0.5188,0,correlation 0.52 <= 0.7
2,78.4048,6.8072,131.00,139.00,165.69,164.61,0.8365,0,centroids differ by 1.1 km
2,78.3513,6.6940,192.00,183.00,166.53,174.31,0.4445,0,correlation 0.44 <= 0.7
2,78.3691,6.7437,193.00,180.00,167.61,171.89,0.6459,0,correlation 0.65 <= 0.7
2,78.3596,6.8395,193.00,177.00,166.86,173.83,0.5188,0,correlation 0.52 <= 0.7
2,78.3434,6.7504,189.00,191.00,165.68,175.48,0.3555,0,correlation 0.36 <= 0.7
2,78.3892,6.6981,195.00,143.00,167.41,167.26,0.8028,1,
2,78.4166,6.7581,131.00,139.00,165.86,161.55,0.7739,0,centroids differ by 4.3 km
2,78.3908,6.7233,135.00,143.00,167.13,167.12,0.8159,1,
2,78.3467,6.7221,189.00,191.00,166.04,175.00,0.3920,0,correlation 0.39 <= 0.7
2,78.4298,6.8052,123.00,137.00,166.16,158.97,0.6724,0,correlation 0.67 <= 0.7
2,78.4252,6.7272,124.00,139.00,166.27,159.44,0.6803,0,correlation 0.68 <= 0.7
2,78.3535,6.7181,194.00,183.00,166.68,174.12,0.4618,0,correlation 0.46 <= 0.7
2,78.3616,6.7581,195.00,181.00,167.24,173.16,0.5561,0,correlation 0.56 <= 0.7
2,78.3847,6.8213,191.00,175.00,166.75,169.44,0.7880,0,centroids differ by 2.7 km
2,78.3952,6.8238,137.00,141.00,166.06,167.04,0.8358,1,
2,78.3587,6.8128,193.00,179.00,166.90,173.83,0.5115,0,correlation 0.51 <= 0.7
2,78.3457,6.7166,189.00,191.00,165.96,175.10,0.3849,0,correlation 0.38 <= 0.7
2,78.4229,6.7986,121.00,137.00,165.78,160.42,0.7384,0,centroids differ by 5.4 km
2,78.4112,6.7628,139.00,139.00,165.84,162.79,0.8070,0,centroids differ by 3.0 km
2,78.4243,6.8185,123.00,137.00,165.75,160.26,0.7344,0,centroids differ by 5.5 km
2,78.3674,6.8358,191.00,177.00,167.16,172.70,0.6199,0,correlation 0.62 <= 0.7
2,78.3398,6.8017,187.00,193.00,165.24,176.00,0.3172,0,correlation 0.32 <= 0.7
2,78.3886,6.7265,193.00,143.00,167.23,167.65,0.8076,1,
2,78.3816,6.6970,195.00,145.00,167.76,168.97,0.7601,0,centroids differ by 1.2 km
2,78.3838,6.7752,193.00,177.00,167.13,169.19,0.7870,0,centroids differ by 2.1 km
2,78.4187,6.7607,131.00,139.00,165.87,161.09,0.7584,0,centroids differ by 4.8 km
2,78.4099,6.8355,129.00,136.00,165.34,163.67,0.8270,0,centroids differ by 1.7 km
2,78.4075,6.7938,139.00,139.00,165.70,163.87,0.8280,0,centroids differ by 1.8 km
2,78.3819,6.7313,193.00,145.00,167.53,169.21,0.7698,0,centroids differ by 1.7 km
2,78.3819,6.6996,195.00,145.00,167.73,168.92,0.7629,0,centroids differ by 1.2 km
2,78.3744,6.6961,195.00,181.00,167.90,170.51,0.6960,0,correlation 0.70 <= 0.7
2,78.4768,7.6980,137.00,111.00,161.96,158.98,0.3896,0,correlation 0.39 <= 0.7
2,78.4382,7.7349,125.00,143.00,160.78,167.92,0.5244,0,correlation 0.52 <= 0.7
2,78.3962,7.6782,111.00,249.00,159.11,172.22,0.2792,0,correlation 0.28 <= 0.7
2,78.4288,7.7009,125.00,153.00,161.13,168.93,0.5344,0,correlation 0.53 <= 0.7
2,78.3940,7.6862,111.00,249.00,158.92,172.39,0.2556,0,correlation 0.26 <= 0.7
2,78.4469,7.6938,127.00,144.00,161.12,165.93,0.5999,0,correlation 0.60 <= 0.7
2,78.3946,7.7317,110.00,249.00,158.66,172.36,0.2371,0,correlation 0.24 <= 0.7
2,78.4351,7.6708,125.00,145.00,161.40,167.72,0.5947,0,correlation 0.59 <= 0.7
2,78.4399,7.6500,127.00,147.00,161.55,166.65,0.6365,0,correlation 0.64 <= 0.7
2,78.4728,7.6470,111.00,113.00,162.04,158.93,0.4529,0,correlation 0.45 <= 0.7
2,78.4218,7.7057,123.00,249.00,160.92,169.86,0.4989,0,correlation 0.50 <= 0.7
2,78.4719,7.7345,109.00,111.00,161.41,160.89,0.4312,0,correlation 0.43 <= 0.7
2,78.3780,7.6919,125.00,249.00,158.92,173.50,0.2084,0,correlation 0.21 <= 0.7
2,78.4635,7.7109,117.00,113.00,161.24,162.49,0.5194,0,correlation 0.52 <= 0.7
2,78.4483,7.6506,129.00,145.00,161.51,164.95,0.6417,0,correlation 0.64 <= 0.7
2,78.4125,7.7140,123.00,249.00,160.32,170.90,0.4277,0,correlation 0.43 <= 0.7
2,78.4556,7.6372,174.00,117.00,161.67,163.01,0.6131,0,correlation 0.61 <= 0.7
2,78.4762,7.6296,111.00,113.00,162.32,157.90,0.4169,0,correlation 0.42 <= 0.7
2,78.4239,7.6116,125.00,155.00,161.71,168.89,0.6012,0,correlation 0.60 <= 0.7
2,78.4059,7.6160,112.26,159.00,160.22,171.18,0.4210,0,correlation 0.42 <= 0.7
2,78.4528,7.6787,171.00,145.00,161.29,164.43,0.6048,0,correlation 0.60 <= 0.7
2,78.3815,7.7190,117.00,248.00,158.50,173.27,0.1890,0,correlation 0.19 <= 0.7
2,78.4616,7.6674,118.00,115.00,161.52,162.13,0.5553,0,correlation 0.56 <= 0.7
2,78.4468,7.6804,127.00,144.00,161.24,165.74,0.6144,0,correlation 0.61 <= 0.7
2,78.4573,7.7003,174.36,143.00,161.17,163.80,0.5677,0,correlation 0.57 <= 0.7
2,78.4223,7.6139,125.00,155.00,161.61,169.15,0.5874,0,correlation 0.59 <= 0.7
2,78.4130,7.6441,123.00,159.00,160.76,170.54,0.4852,0,correlation 0.49 <= 0.7
2,78.4136,7.6127,123.00,159.00,160.97,170.30,0.5144,0,correlation 0.51 <= 0.7
2,78.4544,7.7244,174.00,143.00,160.93,164.89,0.5595,0,correlation 0.56 <= 0.7
2,78.4741,7.6137,111.00,115.00,162.33,158.07,0.4406,0,correlation 0.44 <= 0.7
2,78.4327,7.7371,131.00,151.00,160.79,168.74,0.5034,0,correlation 0.50 <= 0.7
2,78.3958,7.7080,110.00,249.00,158.89,172.27,0.2597,0,correlation 0.26 <= 0.7
2,78.4397,7.7095,127.00,145.00,161.00,167.42,0.5628,0,correlation 0.56 <= 0.7
2,78.3914,7.7318,110.00,249.00,158.47,172.59,0.2113,0,correlation 0.21 <= 0.7
2,78.4379,7.6898,127.00,145.00,161.20,167.48,0.5815,0,correlation 0.58 <= 0.7
2,78.3846,7.7603,115.00,249.00,158.10,173.05,0.1689,0,correlation 0.17 <= 0.7
2,78.5672,9.6038,127.00,147.00,154.86,166.17,0.1385,0,correlation 0.14 <= 0.7
2,78.5024,9.5930,127.00,139.00,153.05,164.04,0.7522,0,centroids differ by 11.0 km
2,78.4810,9.6913,127.00,133.00,151.79,164.28,0.8656,0,centroids differ by 12.5 km
2,78.5344,9.6261,127.00,191.00,153.68,164.73,0.5039,0,correlation 0.50 <= 0.7
2,78.5751,9.6772,125.00,141.00,154.55,165.99,0.2832,0,correlation 0.28 <= 0.7
2,78.5691,9.6292,125.00,145.00,154.74,166.04,0.2013,0,correlation 0.20 <= 0.7
2,78.5124,9.6518,127.00,151.00,152.91,164.09,0.7484,0,centroids differ by 11.2 km
2,78.4966,9.6031,129.00,151.00,152.86,163.53,0.8643,0,centroids differ by 10.7 km
2,78.5000,9.6115,127.00,139.00,152.86,163.66,0.8344,0,centroids differ by 10.8 km
2,78.5241,9.6035,127.00,137.00,153.54,164.72,0.5745,0,correlation 0.57 <= 0.7
2,78.5683,9.6426,125.00,145.00,154.62,165.82,0.2607,0,correlation 0.26 <= 0.7
2,78.5275,9.6354,127.00,135.00,153.43,164.60,0.6179,0,correlation 0.62 <= 0.7
2,78.5732,9.5892,127.00,149.00,155.13,167.00,-0.0102,0,correlation -0.01 <= 0.7
2,78.5321,9.6846,123.00,132.00,153.22,164.43,0.6816,0,correlation 0.68 <= 0.7
2,78.4840,9.5870,129.00,145.00,152.68,163.30,0.9555,0,centroids differ by 10.6 km
2,78.5396,9.6348,123.00,189.00,153.76,164.75,0.4688,0,correlation 0.47 <= 0.7
2,78.5678,9.6119,127.00,145.00,154.83,166.13,0.1565,0,correlation 0.16 <= 0.7
2,78.5617,9.7008,125.00,177.00,154.04,164.81,0.5226,0,correlation 0.52 <= 0.7
2,78.5691,9.5887,127.00,147.00,155.02,166.53,0.0502,0,correlation 0.05 <= 0.7
2,78.5694,9.6349,125.00,145.00,154.71,165.99,0.2186,0,correlation 0.22 <= 0.7
2,78.5238,9.6545,125.00,139.00,153.20,164.46,0.6755,0,correlation 0.68 <= 0.7
2,78.4877,9.6608,129.00,109.00,152.20,163.34,0.9560,0,centroids differ by 11.1 km
2,78.5036,9.6232,127.00,147.00,152.84,163.81,0.8082,0,centroids differ by 11.0 km
2,78.5760,9.6004,127.00,151.00,155.11,167.22,-0.0156,0,correlation -0.02 <= 0.7
2,78.5143,9.6908,125.00,149.00,152.68,163.83,0.8071,0,centroids differ by 11.1 km
2,78.5555,9.6459,123.00,183.00,154.20,165.05,0.4036,0,correlation 0.40 <= 0.7
2,78.5730,9.6954,127.18,141.00,154.37,165.56,0.3914,0,correlation 0.39 <= 0.7
2,78.4964,9.6272,127.00,141.00,152.67,163.33,0.8995,0,centroids differ by 10.7 km
2,78.4891,9.6517,129.00,109.00,152.30,163.24,0.9520,0,centroids differ by 10.9 km
2,78.5315,9.6070,127.00,137.00,153.73,164.79,0.4901,0,correlation 0.49 <= 0.7
2,78.5500,9.6612,123.00,187.79,153.91,164.77,0.4693,0,correlation 0.47 <= 0.7
2,78.4885,9.6484,129.00,109.00,152.32,163.26,0.9537,0,centroids differ by 10.9 km
2,78.5379,9.6267,123.00,191.00,153.77,164.77,0.4659,0,correlation 0.47 <= 0.7
2,78.5645,9.6896,125.00,145.00,154.19,165.05,0.4680,0,correlation 0.47 <= 0.7
2,78.5359,9.7060,121.00,129.00,153.18,164.34,0.6939,0,correlation 0.69 <= 0.7
2,78.5275,9.6782,125.00,131.00,153.14,164.40,0.6980,0,correlation 0.70 <= 0.7
2,78.6328,10.2338,121.00,117.00,151.70,163.85,0.7899,0,centroids differ by 12.2 km
2,78.6483,10.2145,123.00,127.00,152.34,168.31,0.4650,0,correlation 0.46 <= 0.7
2,78.6872,10.1781,131.00,174.00,153.94,176.00,-0.0059,0,correlation -0.01 <= 0.7
2,78.6242,10.2571,137.00,103.00,151.27,161.85,0.8187,0,centroids differ by 10.6 km
2,78.6344,10.2831,121.00,113.00,151.43,162.96,0.8209,0,centroids differ by 11.5 km
2,78.6591,10.2510,135.00,129.00,152.47,169.27,0.4052,0,correlation 0.41 <= 0.7
2,78.6513,10.3057,125.00,121.00,151.83,166.15,0.5321,0,correlation 0.53 <= 0.7
2,78.6901,10.1909,135.00,172.00,154.05,176.09,-0.0176,0,correlation -0.02 <= 0.7
2,78.6138,10.2527,115.00,105.00,150.93,160.81,0.7725,0,centroids differ by 9.9 km
2,78.6064,10.2578,135.00,129.00,150.70,160.32,0.7559,0,NYA peak not clear against upper and lower means
2,78.6150,10.2979,115.00,125.00,150.68,160.28,0.7506,0,NYA peak not clear against upper and lower means
2,78.6539,10.1888,137.00,137.00,152.70,170.24,0.3858,0,correlation 0.39 <= 0.7
2,78.6001,10.2645,135.00,133.00,150.51,160.11,0.7390,0,NYA peak not clear against upper and lower means
2,78.6570,10.2767,125.00,123.00,152.22,168.16,0.4477,0,correlation 0.45 <= 0.7
2,78.6334,10.3086,121.00,101.00,151.23,162.26,0.8203,0,centroids differ by 11.0 km
2,78.6414,10.1630,123.00,131.00,152.45,168.22,0.4840,0,correlation 0.48 <= 0.7
2,78.6521,10.1998,125.00,129.00,152.56,169.58,0.4133,0,correlation 0.41 <= 0.7
2,78.6790,10.2981,131.00,161.00,153.01,171.41,0.2493,0,correlation 0.25 <= 0.7
2,78.6246,10.2334,115.00,107.00,151.45,162.37,0.8452,0,centroids differ by 10.9 km
2,78.6600,10.2510,135.00,127.00,152.49,169.41,0.3974,0,correlation 0.40 <= 0.7
2,78.6708,10.2923,127.00,131.00,152.59,170.07,0.3352,0,correlation 0.34 <= 0.7
2,78.5952,10.1773,135.00,141.00,151.04,160.96,0.7614,0,NYA peak not clear against upper and lower means
2,78.6306,10.3066,133.00,101.00,151.15,161.85,0.8089,0,centroids differ by 10.7 km
2,78.6843,10.2340,133.00,169.00,153.54,174.10,0.0978,0,correlation 0.10 <= 0.7
2,78.6082,10.2199,135.00,133.00,151.00,160.88,0.7744,0,NYA peak not clear against upper and lower means
2,78.6379,10.2722,121.00,115.00,151.62,163.95,0.7549,0,centroids differ by 12.3 km
2,78.6341,10.2415,121.00,117.00,151.69,163.92,0.7788,0,centroids differ by 12.2 km
2,78.6308,10.2263,121.00,119.00,151.68,163.61,0.8155,0,centroids differ by 11.9 km
2,78.6330,10.1644,119.00,123.00,152.17,165.85,0.6409,0,correlation 0.64 <= 0.7
2,78.6389,10.2320,135.00,119.00,151.92,165.34,0.6495,0,correlation 0.65 <= 0.7
2,78.6678,10.2618,127.00,135.00,152.64,170.45,0.3307,0,correlation 0.33 <= 0.7
2,78.6367,10.2265,121.00,119.00,151.88,164.94,0.6898,0,correlation 0.69 <= 0.7
2,78.6861,10.1816,131.00,173.00,153.86,175.75,0.0092,0,correlation 0.01 <= 0.7
2,78.6714,10.2354,127.00,145.00,152.94,171.87,0.2556,0,correlation 0.26 <= 0.7
2,78.6756,10.1769,129.00,175.00,153.46,174.33,0.1181,0,correlation 0.12 <= 0.7
2,78.6175,10.2884,117.00,103.00,150.83,160.62,0.7594,0,centroids differ by 9.8 km
2,78.4270,9.4918,119.00,149.00,151.00,172.38,-0.0828,0,correlation -0.08 <= 0.7
2,78.4370,9.4256,121.00,151.00,152.22,168.92,0.2598,0,correlation 0.26 <= 0.7
2,78.4253,9.4162,121.00,153.00,151.01,171.38,-0.0218,0,correlation -0.02 <= 0.7
2,78.4926,9.4747,131.00,165.00,153.79,164.64,0.5627,0,correlation 0.56 <= 0.7
2,78.5004,9.4914,131.00,179.00,153.82,164.89,0.4735,0,correlation 0.47 <= 0.7
2,78.4508,9.4126,135.00,149.00,153.13,165.81,0.6074,0,correlation 0.61 <= 0.7
2,78.4895,9.4836,131.00,155.00,153.65,164.35,0.6737,0,correlation 0.67 <= 0.7
2,78.5158,9.4373,131.00,149.00,154.52,165.42,0.1357,0,correlation 0.14 <= 0.7
2,78.5104,9.4653,131.00,147.00,154.20,165.24,0.3286,0,correlation 0.33 <= 0.7
2,78.5142,9.4976,129.00,145.00,154.03,165.13,0.3885,0,correlation 0.39 <= 0.7
2,78.4403,9.4233,131.00,151.00,152.49,168.13,0.3454,0,correlation 0.35 <= 0.7
2,78.4736,9.3703,133.00,165.00,154.10,164.75,0.6239,0,correlation 0.62 <= 0.7
2,78.4791,9.4815,129.00,151.00,153.38,163.78,0.8700,0,centroids differ by 10.4 km
2,78.4427,9.3721,131.00,153.00,152.98,166.76,0.5066,0,correlation 0.51 <= 0.7
2,78.4257,9.4303,121.00,153.00,151.03,171.56,-0.0305,0,correlation -0.03 <= 0.7
2,78.4614,9.4954,130.65,145.00,152.75,164.90,0.7421,0,centroids differ by 12.2 km
2,78.5086,9.3925,133.00,153.00,154.76,165.50,0.1032,0,correlation 0.10 <= 0.7
2,78.4243,9.4160,121.00,153.00,150.87,171.59,-0.0493,0,correlation -0.05 <= 0.7
2,78.4707,9.4567,131.00,153.00,153.32,163.90,0.8798,0,centroids differ by 10.6 km
2,78.4928,9.4551,131.00,179.45,153.95,164.84,0.4803,0,correlation 0.48 <= 0.7
2,78.4922,9.5082,131.00,145.00,153.52,164.25,0.6997,0,correlation 0.70 <= 0.7
2,78.5071,9.4274,133.00,147.00,154.46,165.36,0.2469,0,correlation 0.25 <= 0.7
2,78.4432,9.3851,131.00,153.00,152.93,166.85,0.4948,0,correlation 0.49 <= 0.7
2,78.4542,9.4583,133.00,147.00,152.85,165.73,0.6139,0,correlation 0.61 <= 0.7
2,78.4393,9.4136,131.00,151.00,152.48,168.16,0.3431,0,correlation 0.34 <= 0.7
2,78.5095,9.4837,129.00,143.00,154.05,165.15,0.3945,0,correlation 0.39 <= 0.7
2,78.4713,9.3774,135.00,155.00,153.98,164.57,0.6957,0,correlation 0.70 <= 0.7
2,78.4857,9.5093,129.00,157.00,153.34,163.81,0.8344,0,centroids differ by 10.5 km
2,78.4533,9.3994,135.00,123.00,153.32,165.31,0.6618,0,correlation 0.66 <= 0.7
2,78.5140,9.3703,133.00,215.00,155.04,165.66,-0.0694,0,correlation -0.07 <= 0.7
2,78.4241,9.4862,119.00,149.00,150.68,172.88,-0.1435,0,correlation -0.14 <= 0.7
2,78.4224,9.4733,119.00,151.00,150.49,173.00,-0.1706,0,correlation -0.17 <= 0.7
2,78.4704,9.3905,132.20,155.00,153.85,164.40,0.7469,0,centroids differ by 10.5 km
2,78.4907,9.3623,131.00,151.00,154.65,165.43,0.2066,0,correlation 0.21 <= 0.7
2,78.4480,9.5108,133.00,148.00,152.25,168.01,0.3257,0,correlation 0.33 <= 0.7
2,78.4595,9.4009,135.00,121.00,153.48,164.64,0.7429,0,centroids differ by 11.2 km
2,78.5489,9.9648,119.00,137.00,151.82,162.79,0.8439,0,centroids differ by 11.0 km
2,78.5019,10.0502,117.00,113.00,149.84,166.34,0.3134,0,correlation 0.31 <= 0.7
2,78.5346,9.9562,119.00,119.00,151.49,162.67,0.7791,0,NYA peak not clear against upper and lower means
2,78.5403,10.0326,119.00,115.00,151.11,162.61,0.6605,0,correlation 0.66 <= 0.7
2,78.4667,10.0592,119.00,183.00,148.67,172.38,-0.1969,0,correlation -0.20 <= 0.7
2,78.5146,9.9128,119.00,117.00,151.18,163.11,0.7407,0,NYA peak not clear against upper and lower means
2,78.5022,10.0504,117.00,113.00,149.85,166.29,0.3203,0,correlation 0.32 <= 0.7
2,78.4684,9.9272,123.00,181.00,149.63,171.13,-0.0498,0,correlation -0.05 <= 0.7
2,78.5365,10.0313,117.00,89.00,151.02,162.75,0.5981,0,correlation 0.60 <= 0.7
2,78.5191,9.9302,117.00,95.00,151.17,162.97,0.6990,0,correlation 0.70 <= 0.7
2,78.4994,9.9782,119.00,117.00,150.29,165.65,0.4720,0,correlation 0.47 <= 0.7
2,78.4859,10.0077,119.00,189.00,149.65,168.82,0.1035,0,correlation 0.10 <= 0.7
2,78.5463,10.0482,119.00,121.00,151.14,162.46,0.7354,0,NYA peak not clear against upper and lower means
2,78.5131,9.9837,117.00,115.00,150.62,163.78,0.8322,0,centroids differ by 13.2 km
2,78.4784,9.9578,119.00,203.00,149.72,169.61,0.0551,0,correlation 0.06 <= 0.7
2,78.4848,10.0133,119.00,189.00,149.57,169.12,0.0831,0,correlation 0.08 <= 0.7
2,78.5055,9.9889,119.00,117.00,150.39,164.80,0.7045,0,centroids differ by 14.4 km
2,78.4680,9.9764,121.00,185.00,149.27,171.67,-0.1056,0,correlation -0.11 <= 0.7
2,78.5001,10.0428,119.00,113.00,149.85,166.55,0.2888,0,correlation 0.29 <= 0.7
2,78.4593,9.9663,121.00,189.00,149.03,172.85,-0.2112,0,correlation -0.21 <= 0.7
2,78.4568,9.9200,121.00,191.00,149.25,172.88,-0.2011,0,correlation -0.20 <= 0.7
2,78.4754,10.0477,117.00,179.00,149.02,171.15,-0.0752,0,correlation -0.08 <= 0.7
2,78.4900,9.9843,119.00,127.00,149.93,167.60,0.1982,0,correlation 0.20 <= 0.7
2,78.4603,9.9238,121.00,183.00,149.36,172.39,-0.1579,0,correlation -0.16 <= 0.7
2,78.4644,9.9187,123.00,181.00,149.55,171.72,-0.0964,0,correlation -0.10 <= 0.7
2,78.4617,9.9814,121.00,187.00,149.03,172.63,-0.1928,0,correlation -0.19 <= 0.7
2,78.5145,9.9294,117.00,117.00,151.06,163.20,0.7445,0,centroids differ by 12.1 km
2,78.5270,9.9499,117.00,93.00,151.27,162.78,0.6931,0,correlation 0.69 <= 0.7
2,78.5480,10.0111,121.45,119.00,151.45,162.54,0.8288,0,NYA peak not clear against upper and lower means
2,78.4797,9.9560,119.00,195.00,149.77,169.31,0.0759,0,correlation 0.08 <= 0.7
2,78.5513,9.9982,119.00,141.45,151.63,162.61,0.8410,0,centroids differ by 11.0 km
2,78.4673,10.0144,121.00,183.00,148.99,172.09,-0.1509,0,correlation -0.15 <= 0.7
2,78.5196,9.9670,117.00,113.00,150.93,163.15,0.6807,0,correlation 0.68 <= 0.7
2,78.4736,9.9697,121.00,177.00,149.50,170.68,-0.0217,0,correlation -0.02 <= 0.7
2,78.5258,9.9181,117.00,113.00,151.45,162.79,0.7491,0,NYA peak not clear against upper and lower means
2,78.4950,9.9553,119.00,117.00,150.29,166.07,0.3952,0,correlation 0.40 <= 0.7
2,78.5041,7.3569,145.00,115.00,165.81,151.31,0.1024,0,correlation 0.10 <= 0.7
2,78.5125,7.2840,145.00,113.00,166.94,150.99,-0.0058,0,correlation -0.01 <= 0.7
2,78.4788,7.3108,186.00,121.00,164.62,153.52,0.3747,0,correlation 0.37 <= 0.7
2,78.4946,7.3293,143.00,119.00,165.11,151.74,0.2448,0,correlation 0.24 <= 0.7
2,78.4504,7.3437,137.00,123.00,164.25,159.34,0.6339,0,correlation 0.63 <= 0.7
2,78.4302,7.3377,129.00,125.00,163.81,164.40,0.8083,1,
2,78.4558,7.4019,131.00,121.00,163.69,158.90,0.5979,0,correlation 0.60 <= 0.7
2,78.4187,7.2721,129.00,159.00,163.10,166.32,0.8007,0,centroids differ by 3.2 km
2,78.4616,7.2894,133.00,123.00,164.65,156.24,0.5119,0,correlation 0.51 <= 0.7
2,78.4608,7.3909,133.00,121.00,163.78,157.65,0.5465,0,correlation 0.55 <= 0.7
2,78.4245,7.3271,127.00,157.00,163.42,165.64,0.8120,0,centroids differ by 2.2 km
2,78.4560,7.3385,133.00,123.00,164.25,157.96,0.5774,0,correlation 0.58 <= 0.7
2,78.4242,7.2742,129.00,159.00,163.63,165.03,0.8261,0,centroids differ by 1.4 km
2,78.4804,7.4010,121.00,119.00,164.01,154.20,0.3765,0,correlation 0.38 <= 0.7
2,78.4393,7.3564,129.00,123.00,164.10,162.37,0.7492,0,centroids differ by 1.7 km
2,78.5107,7.3561,145.00,113.00,166.59,151.18,-0.0200,0,correlation -0.02 <= 0.7
2,78.4264,7.3556,127.00,155.00,163.43,165.58,0.8063,0,centroids differ by 2.1 km
2,78.4731,7.2721,181.00,123.00,164.84,154.07,0.4077,0,correlation 0.41 <= 0.7
2,78.4248,7.3566,127.00,156.00,163.29,165.97,0.8012,0,centroids differ by 2.7 km
2,78.4531,7.2799,133.00,123.00,164.79,157.89,0.5848,0,correlation 0.58 <= 0.7
2,78.4830,7.3448,113.00,119.00,164.48,153.23,0.3497,0,correlation 0.35 <= 0.7
2,78.4672,7.3036,179.00,123.00,164.52,155.35,0.4687,0,correlation 0.47 <= 0.7
2,78.4558,7.2740,133.00,123.00,164.82,157.24,0.5572,0,correlation 0.56 <= 0.7
2,78.5021,7.2607,144.00,117.00,165.96,151.14,0.1798,0,correlation 0.18 <= 0.7
2,78.4515,7.3719,131.00,121.00,164.00,159.47,0.6315,0,correlation 0.63 <= 0.7
2,78.5046,7.2553,145.00,117.00,166.19,151.09,0.1509,0,correlation 0.15 <= 0.7
2,78.4663,7.2982,177.00,123.00,164.57,155.46,0.4750,0,correlation 0.48 <= 0.7
2,78.4354,7.2925,129.00,125.00,164.38,162.41,0.7720,0,centroids differ by 2.0 km
2,78.4567,7.2944,133.00,123.00,164.63,157.28,0.5573,0,correlation 0.56 <= 0.7
2,78.4418,7.2854,129.00,123.00,164.69,160.65,0.7027,0,centroids differ by 4.0 km
2,78.4656,7.3402,134.00,121.00,164.22,156.03,0.4909,0,correlation 0.49 <= 0.7
2,78.4200,7.3232,116.93,158.00,162.99,166.66,0.7870,0,centroids differ by 3.7 km
2,78.4634,7.2618,133.00,123.00,164.87,155.64,0.4867,0,correlation 0.49 <= 0.7
2,78.4649,7.3393,133.00,121.00,164.23,156.15,0.4969,0,correlation 0.50 <= 0.7
2,78.4892,7.2958,115.00,121.00,165.03,152.04,0.2961,0,correlation 0.30 <= 0.7
2,78.4218,7.2965,127.00,157.00,163.29,165.90,0.8112,0,centroids differ by 2.6 km
2,78.5566,10.7107,123.00,141.00,146.33,165.31,0.1232,0,correlation 0.12 <= 0.7
2,78.5995,10.6760,113.00,80.00,147.77,159.96,0.6161,0,correlation 0.62 <= 0.7
2,78.6323,10.7790,122.00,80.00,148.75,158.15,0.6145,0,correlation 0.61 <= 0.7
2,78.5767,10.7451,125.00,109.00,146.60,162.99,0.6797,0,correlation 0.68 <= 0.7
2,78.6008,10.8088,123.00,103.00,147.02,159.35,0.6895,0,correlation 0.69 <= 0.7
2,78.5568,10.7143,123.00,141.00,146.30,165.31,0.1223,0,correlation 0.12 <= 0.7
2,78.5541,10.7235,123.00,141.00,146.20,165.58,0.0099,0,correlation 0.01 <= 0.7
2,78.6150,10.7256,117.00,80.00,148.02,158.87,0.6633,0,correlation 0.66 <= 0.7
2,78.6205,10.7655,119.00,80.00,148.07,158.62,0.7000,0,correlation 0.70 <= 0.7
2,78.5986,10.7986,123.00,106.00,147.01,159.69,0.6909,0,correlation 0.69 <= 0.7
2,78.5584,10.7056,125.00,139.00,146.40,165.10,0.2287,0,correlation 0.23 <= 0.7
2,78.5507,10.6703,123.00,145.00,146.60,165.57,-0.0147,0,correlation -0.01 <= 0.7
2,78.5881,10.7314,113.00,111.00,147.06,161.20,0.7156,0,centroids differ by 14.1 km
2,78.6020,10.8056,123.00,105.00,147.09,159.18,0.6936,0,correlation 0.69 <= 0.7
2,78.5802,10.7718,123.00,107.00,146.54,162.64,0.6725,0,correlation 0.67 <= 0.7
2,78.5577,10.7307,123.00,139.00,146.18,165.32,0.1271,0,correlation 0.13 <= 0.7
2,78.6270,10.7324,121.00,80.00,148.54,157.78,0.6217,0,correlation 0.62 <= 0.7
2,78.5723,10.7359,107.00,131.00,146.51,163.59,0.6590,0,correlation 0.66 <= 0.7
2,78.6078,10.7157,115.00,80.00,147.83,159.31,0.6447,0,correlation 0.64 <= 0.7
2,78.5356,10.6743,119.00,151.00,146.15,166.36,-0.3809,0,correlation -0.38 <= 0.7
2,78.5740,10.7581,125.00,147.00,146.42,163.55,0.6507,0,correlation 0.65 <= 0.7
2,78.6186,10.7332,118.00,82.00,148.13,158.60,0.6697,0,correlation 0.67 <= 0.7
2,78.6150,10.7659,122.00,80.00,147.80,158.71,0.6827,0,correlation 0.68 <= 0.7
2,78.6036,10.7046,115.00,82.00,147.76,159.55,0.6359,0,correlation 0.64 <= 0.7
2,78.6289,10.7830,121.00,80.00,148.50,158.33,0.6709,0,correlation 0.67 <= 0.7
2,78.6318,10.8027,121.00,80.00,148.65,158.47,0.6652,0,correlation 0.67 <= 0.7
2,78.5429,10.7185,123.00,145.00,146.07,166.06,-0.2230,0,correlation -0.22 <= 0.7
2,78.5915,10.7311,113.00,113.95,147.16,160.69,0.7140,0,centroids differ by 13.5 km
2,78.6121,10.6651,117.00,83.00,148.29,158.94,0.5980,0,correlation 0.60 <= 0.7
2,78.5373,10.7288,121.00,143.00,145.84,166.04,-0.2436,0,correlation -0.24 <= 0.7
2,78.5629,10.6889,125.00,157.00,146.60,164.46,0.5185,0,correlation 0.52 <= 0.7
2,78.5675,10.7652,105.00,133.00,146.17,164.50,0.4763,0,correlation 0.48 <= 0.7
2,78.6173,10.6814,117.00,80.00,148.35,158.22,0.6136,0,correlation 0.61 <= 0.7
2,78.5610,10.6670,125.00,161.00,146.77,164.47,0.5245,0,correlation 0.52 <= 0.7
2,78.5352,10.7775,121.00,141.00,145.45,165.38,-0.0182,0,correlation -0.02 <= 0.7
2,78.6297,10.7395,121.00,83.00,148.68,157.78,0.6060,0,correlation 0.61 <= 0.7
2,78.9971,10.4501,175.00,193.00,174.75,164.40,0.2607,0,correlation 0.26 <= 0.7
2,78.9344,10.4738,155.00,193.00,170.02,166.96,0.3843,0,correlation 0.38 <= 0.7
2,78.9206,10.5064,153.00,183.00,168.98,167.60,0.3744,0,correlation 0.37 <= 0.7
2,78.9913,10.5411,173.00,181.00,174.58,164.51,0.2926,0,correlation 0.29 <= 0.7
2,78.9483,10.4933,163.00,177.00,171.21,165.56,0.5444,0,correlation 0.54 <= 0.7
2,78.9989,10.5425,173.00,137.00,174.90,164.83,0.3706,0,correlation 0.37 <= 0.7
2,78.9473,10.4949,163.00,177.00,171.14,165.60,0.5423,0,correlation 0.54 <= 0.7
2,78.9755,10.5774,171.00,175.00,173.73,164.29,0.3044,0,correlation 0.30 <= 0.7
2,78.9124,10.5816,151.00,173.00,168.61,167.15,0.6076,0,correlation 0.61 <= 0.7
2,78.9526,10.4702,165.00,181.00,171.44,165.50,0.4920,0,correlation 0.49 <= 0.7
2,78.9465,10.5920,163.00,165.00,171.43,164.97,0.6530,0,correlation 0.65 <= 0.7
2,79.0101,10.5487,177.16,183.00,175.38,165.06,0.3938,0,correlation 0.39 <= 0.7
2,78.9775,10.5428,169.00,185.00,173.75,164.39,0.3517,0,correlation 0.35 <= 0.7
2,78.9543,10.4964,165.00,179.00,171.66,165.24,0.6101,0,correlation 0.61 <= 0.7
2,78.9860,10.5029,173.00,185.00,174.21,164.44,0.3152,0,correlation 0.32 <= 0.7
2,78.9802,10.5406,169.00,179.00,173.94,164.36,0.3248,0,correlation 0.32 <= 0.7
2,78.9945,10.4496,175.00,199.00,174.58,164.45,0.2795,0,correlation 0.28 <= 0.7
2,78.9437,10.5497,163.00,171.00,171.05,165.32,0.6435,0,correlation 0.64 <= 0.7
2,78.9693,10.4442,167.00,183.00,172.58,165.06,0.4928,0,correlation 0.49 <= 0.7
2,78.9453,10.5278,163.00,173.00,171.10,165.43,0.6136,0,correlation 0.61 <= 0.7
2,78.9517,10.5858,165.00,167.00,171.83,164.87,0.6249,0,correlation 0.62 <= 0.7
2,78.9664,10.4783,167.00,181.00,172.51,165.03,0.5815,0,correlation 0.58 <= 0.7
2,78.9411,10.5597,163.00,169.00,170.90,165.38,0.6417,0,correlation 0.64 <= 0.7
2,78.9135,10.5540,151.00,175.00,168.59,167.41,0.4849,0,correlation 0.48 <= 0.7
2,79.0067,10.5133,175.00,141.00,175.23,164.93,0.3788,0,correlation 0.38 <= 0.7
2,78.9571,10.5662,165.00,171.00,172.20,164.81,0.6031,0,correlation 0.60 <= 0.7
2,78.9570,10.4475,165.00,183.00,171.70,165.46,0.4362,0,correlation 0.44 <= 0.7
2,78.9163,10.5056,153.00,181.00,168.65,167.71,0.3188,0,correlation 0.32 <= 0.7
2,78.9378,10.5921,161.00,165.00,170.76,165.30,0.6525,0,correlation 0.65 <= 0.7
2,78.9633,10.5205,167.00,177.00,172.47,164.90,0.6056,0,correlation 0.61 <= 0.7
2,78.9562,10.5057,165.00,173.00,171.83,165.13,0.6522,0,correlation 0.65 <= 0.7
2,78.9668,10.4489,167.00,181.00,172.41,165.11,0.5120,0,correlation 0.51 <= 0.7
2,78.9372,10.4959,163.00,191.00,170.36,166.36,0.4647,0,correlation 0.46 <= 0.7
2,78.9684,10.5217,167.00,181.00,172.92,164.71,0.5050,0,correlation 0.51 <= 0.7
2,78.9442,10.5031,163.00,173.00,170.94,165.72,0.5441,0,correlation 0.54 <= 0.7
2,78.9685,10.5305,167.00,181.00,172.98,164.64,0.4864,0,correlation 0.49 <= 0.7
2,78.3837,7.3608,129.00,169.00,161.91,172.68,0.4675,0,correlation 0.47 <= 0.7
2,78.3781,7.2603,129.00,173.00,163.42,172.98,0.5340,0,correlation 0.53 <= 0.7
2,78.3696,7.2941,181.00,175.73,163.86,173.95,0.4916,0,correlation 0.49 <= 0.7
2,78.4218,7.3530,127.00,156.00,163.04,166.60,0.7861,0,centroids differ by 3.6 km
2,78.4049,7.3003,119.59,159.00,162.00,169.41,0.6341,0,correlation 0.63 <= 0.7
2,78.4439,7.3418,129.00,122.00,164.29,160.93,0.6982,0,correlation 0.70 <= 0.7
2,78.3899,7.3002,131.00,169.00,162.12,171.70,0.5334,0,correlation 0.53 <= 0.7
2,78.4314,7.3803,127.00,155.00,163.63,164.72,0.7985,0,centroids differ by 1.1 km
2,78.4217,7.2734,129.00,159.00,163.39,165.61,0.8189,0,centroids differ by 2.2 km
2,78.4412,7.3199,129.00,123.00,164.42,161.30,0.7205,0,centroids differ by 3.1 km
2,78.4176,7.3302,116.59,158.00,162.73,167.26,0.7608,0,centroids differ by 4.5 km
2,78.4077,7.2874,115.08,161.00,162.19,168.80,0.6726,0,correlation 0.67 <= 0.7
2,78.4020,7.2769,120.86,161.00,162.08,169.72,0.6240,0,correlation 0.62 <= 0.7
2,78.3935,7.3545,131.00,169.00,161.48,171.50,0.5015,0,correlation 0.50 <= 0.7
2,78.3786,7.3738,129.00,173.00,162.19,173.25,0.4494,0,correlation 0.45 <= 0.7
2,78.4198,7.3245,116.94,158.00,162.97,166.71,0.7850,0,centroids differ by 3.7 km
2,78.4487,7.3727,131.00,121.00,164.01,160.18,0.6602,0,correlation 0.66 <= 0.7
2,78.4356,7.2322,129.00,125.00,164.77,161.51,0.7541,0,centroids differ by 3.3 km
2,78.3745,7.3787,125.00,175.00,162.54,173.65,0.4425,0,correlation 0.44 <= 0.7
2,78.3932,7.2523,123.00,169.00,162.42,170.98,0.5854,0,correlation 0.59 <= 0.7
2,78.4538,7.3262,131.00,123.00,164.37,158.29,0.5947,0,correlation 0.59 <= 0.7
2,78.3724,7.3590,125.00,173.00,162.93,173.80,0.4542,0,correlation 0.45 <= 0.7
2,78.3977,7.2394,123.00,163.00,162.40,170.19,0.6225,0,correlation 0.62 <= 0.7
2,78.4295,7.3773,127.00,155.00,163.55,165.13,0.8018,0,centroids differ by 1.6 km
2,78.4498,7.3192,132.24,123.00,164.47,159.11,0.6300,0,correlation 0.63 <= 0.7
2,78.3556,7.2755,183.00,179.00,164.76,175.06,0.4211,0,correlation 0.42 <= 0.7
2,78.3893,7.3775,123.00,169.00,161.41,172.11,0.4662,0,correlation 0.47 <= 0.7
2,78.4144,7.2473,116.44,160.00,162.85,167.00,0.7733,0,centroids differ by 4.1 km
2,78.3675,7.2334,183.00,175.00,164.57,174.02,0.5158,0,correlation 0.52 <= 0.7
2,78.4363,7.3364,129.00,125.00,164.15,162.82,0.7708,0,centroids differ by 1.3 km
2,78.3647,7.2724,181.00,177.00,164.43,174.35,0.4844,0,correlation 0.48 <= 0.7
2,78.4081,7.2555,117.00,161.00,162.40,168.43,0.6998,0,correlation 0.70 <= 0.7
2,78.3941,7.2432,125.00,169.00,162.47,170.79,0.5968,0,correlation 0.60 <= 0.7
2,78.4163,7.3719,127.00,157.00,162.41,167.96,0.7205,0,centroids differ by 5.5 km
2,78.3951,7.2734,123.00,159.00,162.16,170.82,0.5773,0,correlation 0.58 <= 0.7
2,78.3993,7.3125,120.81,159.00,161.77,170.42,0.5709,0,correlation 0.57 <= 0.7
2,78.5297,9.5565,127.00,197.00,154.02,165.00,0.3501,0,correlation 0.35 <= 0.7
2,78.5405,9.5698,125.00,196.00,154.22,165.13,0.2673,0,correlation 0.27 <= 0.7
2,78.4612,9.5761,129.00,141.00,152.08,166.17,0.5244,0,correlation 0.52 <= 0.7
2,78.4603,9.5281,131.00,143.00,152.45,165.55,0.6352,0,correlation 0.64 <= 0.7
2,78.5191,9.5778,127.00,137.00,153.60,164.81,0.5554,0,correlation 0.56 <= 0.7
2,78.5460,9.5961,123.00,187.00,154.20,165.11,0.3071,0,correlation 0.31 <= 0.7
2,78.5192,9.4717,129.00,205.00,154.35,165.29,0.2143,0,correlation 0.21 <= 0.7
2,78.5175,9.5487,127.00,139.00,153.76,164.94,0.5004,0,correlation 0.50 <= 0.7
2,78.5386,9.4725,129.00,197.00,154.84,165.65,-0.0346,0,correlation -0.03 <= 0.7
2,78.5290,9.5153,129.00,201.00,154.28,165.18,0.2241,0,correlation 0.22 <= 0.7
2,78.4528,9.4660,133.00,147.00,152.75,166.10,0.5628,0,correlation 0.56 <= 0.7
2,78.5021,9.4821,131.00,143.00,153.92,165.02,0.4294,0,correlation 0.43 <= 0.7
2,78.4576,9.5461,131.00,143.00,152.23,166.43,0.4956,0,correlation 0.50 <= 0.7
2,78.5073,9.5632,127.00,173.00,153.38,164.63,0.5956,0,correlation 0.60 <= 0.7
2,78.5099,9.5521,127.00,173.00,153.53,164.81,0.5481,0,correlation 0.55 <= 0.7
2,78.4881,9.4990,129.00,155.00,153.49,164.07,0.7594,0,centroids differ by 10.6 km
2,78.4633,9.5092,130.00,143.00,152.68,164.77,0.7688,0,centroids differ by 12.1 km
2,78.4596,9.5114,131.00,143.00,152.57,165.42,0.6571,0,correlation 0.66 <= 0.7
2,78.4814,9.5809,127.00,135.00,152.66,163.38,0.9670,0,centroids differ by 10.7 km
2,78.5436,9.5993,123.00,193.97,154.10,165.03,0.3320,0,correlation 0.33 <= 0.7
2,78.5397,9.5083,130.00,194.00,154.62,165.46,0.0756,0,correlation 0.08 <= 0.7
2,78.4583,9.5214,131.00,143.00,152.45,165.83,0.5904,0,correlation 0.59 <= 0.7
2,78.4651,9.4740,133.00,119.00,153.02,164.27,0.8396,0,centroids differ by 11.2 km
2,78.4894,9.5566,129.00,145.00,153.06,163.54,0.8732,0,centroids differ by 10.5 km
2,78.4549,9.5840,131.00,144.00,151.84,167.77,0.3167,0,correlation 0.32 <= 0.7
2,78.5031,9.6062,128.00,147.00,152.96,163.95,0.7743,0,centroids differ by 11.0 km
2,78.4945,9.5196,131.00,153.00,153.48,164.29,0.6832,0,correlation 0.68 <= 0.7
2,78.5042,9.5834,127.00,157.00,153.16,164.26,0.6963,0,correlation 0.70 <= 0.7
2,78.5054,9.5502,129.00,175.00,153.44,164.65,0.5797,0,correlation 0.58 <= 0.7
2,78.5009,9.4724,131.00,143.00,153.98,165.04,0.4172,0,correlation 0.42 <= 0.7
2,78.4877,9.5205,129.00,145.00,153.31,163.80,0.8259,0,centroids differ by 10.5 km
2,78.5353,9.5436,129.00,199.00,154.27,165.15,0.2392,0,correlation 0.24 <= 0.7
2,78.5076,9.6105,125.00,155.00,153.05,164.21,0.7141,0,centroids differ by 11.2 km
2,78.5051,9.5596,129.00,171.40,153.36,164.55,0.6123,0,correlation 0.61 <= 0.7
2,78.5196,9.5919,127.00,137.00,153.51,164.75,0.5814,0,correlation 0.58 <= 0.7
2,78.5248,9.5741,127.00,141.00,153.77,164.87,0.4884,0,correlation 0.49 <= 0.7
2,78.6121,9.9574,139.00,139.00,153.06,166.54,0.5512,0,correlation 0.55 <= 0.7
2,78.5364,9.9990,119.00,117.00,151.24,162.64,0.6959,0,correlation 0.70 <= 0.7
2,78.5816,10.0339,131.00,153.00,151.92,162.25,0.7704,0,centroids differ by 10.3 km
2,78.5481,9.9811,121.32,138.09,151.67,162.69,0.8454,0,centroids differ by 11.0 km
2,78.5981,10.0114,135.00,121.00,152.31,163.22,0.8309,0,centroids differ by 10.9 km
2,78.6220,10.0000,141.00,135.00,152.97,167.98,0.4672,0,correlation 0.47 <= 0.7
2,78.5525,10.0127,119.00,135.85,151.56,162.54,0.8374,0,centroids differ by 11.0 km
2,78.5328,10.0076,119.00,117.00,151.07,162.79,0.6153,0,correlation 0.62 <= 0.7
2,78.5919,10.0546,131.00,147.00,151.85,162.25,0.7937,0,centroids differ by 10.4 km
2,78.5937,10.0282,133.00,121.00,152.09,162.65,0.8068,0,centroids differ by 10.6 km
2,78.5442,10.0685,119.00,113.00,150.93,162.57,0.6192,0,correlation 0.62 <= 0.7
2,78.5677,10.0699,129.00,109.00,151.50,161.99,0.7699,0,centroids differ by 10.5 km
2,78.5756,10.0570,129.00,109.00,151.69,162.04,0.7547,0,centroids differ by 10.3 km
2,78.5312,9.9709,119.00,119.00,151.27,162.71,0.6924,0,correlation 0.69 <= 0.7
2,78.6251,10.0547,139.00,131.00,152.61,167.14,0.5433,0,correlation 0.54 <= 0.7
2,78.5394,10.0179,119.00,104.41,151.19,162.61,0.6930,0,correlation 0.69 <= 0.7
2,78.5312,10.0756,117.00,107.00,150.57,163.20,0.5224,0,correlation 0.52 <= 0.7
2,78.5469,9.9757,121.09,143.59,151.68,162.71,0.8464,0,centroids differ by 11.0 km
2,78.5763,10.0413,129.00,153.00,151.83,162.16,0.7599,0,centroids differ by 10.3 km
2,78.5874,9.9793,131.00,153.00,152.45,162.91,0.7814,0,centroids differ by 10.5 km
2,78.6100,10.0507,137.00,119.00,152.34,163.95,0.8453,0,centroids differ by 11.6 km
2,78.5477,9.9656,119.00,139.50,151.78,162.78,0.8475,0,centroids differ by 11.0 km
2,78.6132,10.0000,139.00,135.00,152.79,165.69,0.6633,0,correlation 0.66 <= 0.7
2,78.5997,10.0080,135.00,120.00,152.37,163.42,0.8340,0,centroids differ by 11.0 km
2,78.5724,9.9565,119.00,161.00,152.47,162.73,0.7473,0,centroids differ by 10.3 km
2,78.5998,10.0856,137.00,117.00,151.81,162.27,0.8161,0,centroids differ by 10.5 km
2,78.6010,10.0157,137.00,119.00,152.35,163.44,0.8391,0,centroids differ by 11.1 km
2,78.6258,9.9508,141.00,139.00,153.45,170.87,0.3037,0,correlation 0.30 <= 0.7
2,78.6178,9.9448,141.00,139.00,153.31,168.48,0.4027,0,correlation 0.40 <= 0.7
2,78.6008,10.0481,137.00,117.00,152.10,162.89,0.8385,0,centroids differ by 10.8 km
2,78.5658,9.9877,129.00,113.00,152.06,162.51,0.7568,0,centroids differ by 10.5 km
2,78.5663,9.9401,121.00,161.00,152.43,162.82,0.7451,0,centroids differ by 10.4 km
2,78.5997,10.0348,137.00,119.00,152.17,163.00,0.8368,0,centroids differ by 10.8 km
2,78.6068,10.0379,137.00,118.00,152.34,163.74,0.8486,0,centroids differ by 11.4 km
2,78.5502,10.0187,119.00,125.00,151.46,162.51,0.8321,0,NYA peak not clear against upper and lower means
2,78.6202,9.9968,139.00,135.00,152.97,167.57,0.4930,0,correlation 0.49 <= 0.7
2,78.6679,10.2714,132.00,133.00,152.58,170.17,0.3412,0,correlation 0.34 <= 0.7
2,78.6206,10.2703,117.00,103.00,151.06,161.19,0.7829,0,centroids differ by 10.1 km
2,78.6798,10.2984,133.00,161.00,153.05,171.55,0.2400,0,correlation 0.24 <= 0.7
2,78.6091,10.3590,113.00,125.00,150.10,159.23,0.7216,0,NYA peak not clear against upper and lower means
2,78.6286,10.2933,133.00,101.00,151.17,161.80,0.8095,0,centroids differ by 10.6 km
2,78.6482,10.3778,123.00,107.00,151.28,163.54,0.7118,0,centroids differ by 12.3 km
2,78.6120,10.2959,115.00,127.00,150.59,160.10,0.7494,0,NYA peak not clear against upper and lower means
2,78.6705,10.2917,127.00,131.00,152.58,170.05,0.3367,0,correlation 0.34 <= 0.7
2,78.6826,10.2754,133.00,163.00,153.28,172.70,0.1745,0,correlation 0.17 <= 0.7
2,78.6890,10.3645,131.00,153.00,153.40,171.38,0.2299,0,correlation 0.23 <= 0.7
2,78.6092,10.2667,115.00,129.00,150.70,160.32,0.7568,0,NYA peak not clear against upper and lower means
2,78.6651,10.2661,127.00,139.00,152.53,169.83,0.3639,0,correlation 0.36 <= 0.7
2,78.6423,10.2685,135.00,115.00,151.81,165.11,0.6435,0,correlation 0.64 <= 0.7
2,78.6215,10.2968,117.00,101.00,150.91,160.87,0.7636,0,centroids differ by 10.0 km
2,78.6916,10.3657,131.00,153.00,153.55,171.87,0.1979,0,correlation 0.20 <= 0.7
2,78.6784,10.3752,131.00,133.00,152.72,169.09,0.3537,0,correlation 0.35 <= 0.7
2,78.6423,10.2791,123.00,115.00,151.74,164.79,0.6666,0,correlation 0.67 <= 0.7
2,78.6588,10.3853,125.00,113.00,151.59,165.56,0.5100,0,correlation 0.51 <= 0.7
2,78.6562,10.3833,125.00,113.00,151.49,165.11,0.5465,0,correlation 0.55 <= 0.7
2,78.6685,10.3161,129.00,135.00,152.37,168.97,0.3812,0,correlation 0.38 <= 0.7
2,78.6847,10.2942,133.00,161.00,153.36,172.53,0.1787,0,correlation 0.18 <= 0.7
2,78.6676,10.3316,129.00,133.00,152.26,168.39,0.4007,0,correlation 0.40 <= 0.7
2,78.6760,10.2964,132.00,141.00,152.83,170.89,0.2832,0,correlation 0.28 <= 0.7
2,78.6163,10.3070,113.00,125.00,150.66,160.26,0.7478,0,NYA peak not clear against upper and lower means
2,78.6438,10.2869,135.00,115.00,151.74,164.92,0.6463,0,correlation 0.65 <= 0.7
2,78.6923,10.3786,131.00,153.00,153.55,171.65,0.2061,0,correlation 0.21 <= 0.7
2,78.6732,10.3544,131.00,127.00,152.46,168.74,0.3764,0,correlation 0.38 <= 0.7
2,78.6463,10.2797,125.00,121.00,151.85,165.75,0.5797,0,correlation 0.58 <= 0.7
2,78.6635,10.3466,128.00,123.00,152.00,167.34,0.4424,0,correlation 0.44 <= 0.7
2,78.6280,10.3178,133.00,99.00,151.00,161.30,0.7769,0,centroids differ by 10.3 km
2,78.6016,10.4009,113.00,87.00,149.57,158.95,0.6929,0,correlation 0.69 <= 0.7
2,78.6029,10.4002,113.00,87.00,149.62,158.90,0.6965,0,correlation 0.70 <= 0.7
2,78.6191,10.3457,119.00,121.00,150.50,159.95,0.7318,0,NYA peak not clear against upper and lower means
2,78.6361,10.3834,123.00,95.00,150.84,161.29,0.7508,0,centroids differ by 10.5 km
2,78.6927,10.2993,133.00,160.00,153.84,173.85,0.0927,0,correlation 0.09 <= 0.7
2,78.6891,10.2767,134.00,163.00,153.69,173.76,0.1057,0,correlation 0.11 <= 0.7
2,78.4380,6.8891,133.00,135.00,166.57,157.83,0.6083,0,correlation 0.61 <= 0.7
2,78.3925,6.8184,133.00,141.00,166.27,167.62,0.8289,0,centroids differ by 1.4 km
2,78.4064,6.8322,131.00,136.00,165.44,164.44,0.8368,1,
2,78.4269,6.8802,122.00,135.00,165.60,160.14,0.7366,0,centroids differ by 5.5 km
2,78.4479,6.8251,135.00,135.00,167.68,155.58,0.4501,0,correlation 0.45 <= 0.7
2,78.3890,6.9333,131.00,172.00,165.54,169.49,0.7797,0,centroids differ by 3.9 km
2,78.3747,6.9339,189.00,173.00,166.44,172.09,0.6772,0,correlation 0.68 <= 0.7
2,78.3544,6.8928,191.00,187.00,166.34,174.68,0.4433,0,correlation 0.44 <= 0.7
2,78.4056,6.8382,131.00,137.00,165.42,164.69,0.8390,1,
2,78.3596,6.9264,191.00,183.00,166.55,174.16,0.5080,0,correlation 0.51 <= 0.7
2,78.4031,6.8930,137.00,137.00,165.08,165.83,0.8413,1,
2,78.4146,6.9069,127.00,134.00,164.86,163.18,0.8204,0,centroids differ by 1.7 km
2,78.3777,6.8497,191.00,176.00,166.90,171.07,0.7275,0,centroids differ by 4.2 km
2,78.3833,6.9002,189.00,174.00,166.21,170.38,0.7581,0,centroids differ by 4.2 km
2,78.4337,6.7887,121.00,137.00,166.56,158.04,0.6182,0,correlation 0.62 <= 0.7
2,78.3996,6.8185,137.00,139.00,165.85,165.93,0.8428,1,
2,78.4117,6.8364,139.00,136.00,165.30,163.24,0.8203,0,centroids differ by 2.1 km
2,78.3671,6.9242,189.00,173.00,166.70,173.17,0.5984,0,correlation 0.60 <= 0.7
2,78.4286,6.8303,122.00,137.00,165.96,159.40,0.6975,0,correlation 0.70 <= 0.7
2,78.4256,6.8742,122.00,135.00,165.54,160.39,0.7463,0,centroids differ by 5.1 km
2,78.3656,6.8923,191.00,175.00,166.86,173.24,0.5880,0,correlation 0.59 <= 0.7
2,78.4508,6.9264,135.00,133.00,167.35,155.60,0.4489,0,correlation 0.45 <= 0.7
2,78.3586,6.8278,193.00,177.00,166.84,173.90,0.5084,0,correlation 0.51 <= 0.7
2,78.4279,6.7912,125.00,137.00,166.10,159.29,0.6861,0,correlation 0.69 <= 0.7
2,78.3729,6.8194,191.00,177.00,167.24,171.73,0.6843,0,correlation 0.68 <= 0.7
2,78.4485,6.8484,135.00,135.00,167.62,155.61,0.4507,0,correlation 0.45 <= 0.7
2,78.4038,6.8126,131.00,139.00,165.69,164.90,0.8391,1,
2,78.4095,6.8800,129.00,137.00,165.01,164.15,0.8334,1,
2,78.4234,6.8496,122.00,135.00,165.53,160.68,0.7543,0,centroids differ by 4.9 km
2,78.4510,6.7943,137.00,135.00,168.03,154.98,0.4081,0,correlation 0.41 <= 0.7
2,78.3663,6.9320,189.00,173.00,166.66,173.31,0.5881,0,correlation 0.59 <= 0.7
2,78.4375,6.9236,133.00,133.00,166.39,158.17,0.6297,0,correlation 0.63 <= 0.7
2,78.4452,6.8072,135.00,135.00,167.55,155.97,0.4770,0,correlation 0.48 <= 0.7
2,78.3596,6.8632,191.00,185.00,166.78,173.93,0.5161,0,correlation 0.52 <= 0.7
2,78.4048,6.8989,137.00,137.00,164.97,165.47,0.8409,1,
2,78.4120,6.9331,127.00,134.00,164.65,164.03,0.8318,1,
2,78.3933,6.8707,132.72,141.00,165.79,167.95,0.8236,0,centroids differ by 2.2 km
2,78.3950,6.8486,137.00,141.00,165.87,167.33,0.8337,0,centroids differ by 1.5 km
2,78.4053,6.8880,137.00,137.00,165.04,165.24,0.8415,1,
2,78.4557,6.8311,137.00,133.00,168.11,154.42,0.3692,0,correlation 0.37 <= 0.7
2,78.4106,6.7555,139.00,139.00,165.91,162.90,0.8080,0,centroids differ by 3.0 km
2,78.4346,6.7670,124.00,137.00,166.72,157.73,0.5961,0,correlation 0.60 <= 0.7
2,78.4338,6.7981,121.00,137.00,166.52,158.09,0.6223,0,correlation 0.62 <= 0.7
2,78.4450,6.7969,135.00,135.00,167.58,155.93,0.4749,0,correlation 0.47 <= 0.7
2,78.4169,6.8116,129.00,137.00,165.50,161.89,0.7897,0,centroids differ by 3.6 km
2,78.3630,6.7960,193.00,179.00,167.20,173.15,0.5703,0,correlation 0.57 <= 0.7
2,78.3663,6.8940,191.00,175.00,166.85,173.15,0.5965,0,correlation 0.60 <= 0.7
2,78.4185,6.8366,127.00,137.00,165.39,161.71,0.7865,0,centroids differ by 3.7 km
2,78.4599,6.8158,137.00,133.00,168.35,153.83,0.3267,0,correlation 0.33 <= 0.7
2,78.4566,6.8086,137.00,135.00,168.28,154.24,0.3541,0,correlation 0.35 <= 0.7
2,78.4528,6.8217,137.00,135.00,168.01,154.81,0.3961,0,correlation 0.40 <= 0.7
2,78.4199,6.8813,122.00,135.00,165.18,161.73,0.7898,0,centroids differ by 3.4 km
2,78.3774,6.7879,193.00,178.00,167.32,170.66,0.7327,0,centroids differ by 3.3 km
2,78.3844,6.7794,193.00,177.00,167.07,169.10,0.7907,0,centroids differ by 2.0 km
2,78.4295,6.8700,122.00,135.00,165.85,159.49,0.7065,0,centroids differ by 6.4 km
2,78.3952,6.8178,137.00,141.00,166.11,166.98,0.8362,1,
2,78.4161,6.7900,129.00,137.00,165.64,161.90,0.7877,0,centroids differ by 3.7 km
2,78.3736,6.8713,191.00,175.00,166.90,171.93,0.6818,0,correlation 0.68 <= 0.7
2,78.3742,6.8164,191.00,178.00,167.23,171.48,0.6988,0,correlation 0.70 <= 0.7
2,78.4225,6.8464,122.00,137.00,165.51,160.86,0.7604,0,centroids differ by 4.6 km
2,78.3662,6.8661,191.00,177.00,167.00,173.02,0.6009,0,correlation 0.60 <= 0.7
2,78.4091,6.7749,139.00,139.00,165.80,163.37,0.8190,0,centroids differ by 2.4 km
2,78.4154,6.8532,129.00,137.00,165.21,162.52,0.8072,0,centroids differ by 2.7 km
2,78.4273,6.8486,122.00,135.00,165.77,159.83,0.7199,0,centroids differ by 5.9 km
2,78.4504,6.8942,135.00,133.00,167.50,155.50,0.4426,0,correlation 0.44 <= 0.7
2,78.3889,6.8732,133.00,173.00,166.05,168.97,0.8010,0,centroids differ by 2.9 km
2,78.4124,6.8872,129.00,135.00,164.96,163.53,0.8261,0,centroids differ by 1.4 km
2,78.3769,6.8780,191.00,175.00,166.74,171.41,0.7133,0,centroids differ by 4.7 km
2,78.3752,6.7886,193.00,178.00,167.38,171.09,0.7113,0,centroids differ by 3.7 km
2,78.3753,6.8905,191.00,175.00,166.72,171.75,0.6945,0,correlation 0.69 <= 0.7
2,78.4407,6.8186,136.00,135.00,167.10,156.84,0.5394,0,correlation 0.54 <= 0.7
2,78.4110,6.8989,129.00,135.00,164.87,163.96,0.8315,1,
2,78.3863,7.2798,131.00,171.00,162.56,172.08,0.5393,0,correlation 0.54 <= 0.7
2,78.4104,7.1490,121.44,163.00,163.20,166.82,0.7860,0,centroids differ by 3.6 km
2,78.4030,7.1752,125.00,164.00,162.86,168.72,0.7092,0,centroids differ by 5.9 km
2,78.4226,7.2839,129.00,159.00,163.43,165.53,0.8200,0,centroids differ by 2.1 km
2,78.4300,7.2835,129.00,127.00,164.08,163.69,0.8119,1,
2,78.4450,7.2632,131.00,125.00,164.92,159.56,0.6590,0,correlation 0.66 <= 0.7
2,78.3791,7.2147,127.00,175.00,163.78,172.73,0.5672,0,correlation 0.57 <= 0.7
2,78.4502,7.1962,133.00,125.00,165.49,157.65,0.5777,0,correlation 0.58 <= 0.7
2,78.4426,7.2650,131.00,124.00,164.85,160.17,0.6869,0,correlation 0.69 <= 0.7
2,78.4038,7.1481,125.00,164.00,163.06,168.30,0.7343,0,centroids differ by 5.2 km
2,78.4038,7.1569,125.00,164.00,162.99,168.37,0.7288,0,centroids differ by 5.4 km
2,78.3948,7.2335,125.00,163.00,162.53,170.62,0.6087,0,correlation 0.61 <= 0.7
2,78.3535,7.2826,183.00,179.00,164.73,175.20,0.4014,0,correlation 0.40 <= 0.7
2,78.4449,7.2414,131.00,125.00,165.08,159.33,0.6518,0,correlation 0.65 <= 0.7
2,78.3883,7.2259,131.00,171.00,162.96,171.56,0.5881,0,correlation 0.59 <= 0.7
2,78.3763,7.2908,129.00,173.00,163.27,173.27,0.5094,0,correlation 0.51 <= 0.7
2,78.3532,7.2626,183.00,181.00,164.85,175.23,0.4025,0,correlation 0.40 <= 0.7
2,78.4293,7.1487,129.00,128.00,164.67,162.07,0.7950,0,centroids differ by 2.6 km
2,78.3866,7.2017,131.00,171.00,163.31,171.67,0.6000,0,correlation 0.60 <= 0.7
2,78.4472,7.2667,131.00,125.00,164.91,159.07,0.6373,0,correlation 0.64 <= 0.7
2,78.3609,7.2888,181.00,179.00,164.52,174.68,0.4558,0,correlation 0.46 <= 0.7
2,78.4269,7.2041,129.00,129.00,164.19,163.41,0.8222,1,
2,78.3925,7.2044,125.00,163.00,162.91,170.80,0.6224,0,correlation 0.62 <= 0.7
2,78.4123,7.1662,118.00,163.00,163.18,166.54,0.7929,0,centroids differ by 3.4 km
2,78.3746,7.1433,185.00,177.00,164.81,173.04,0.5905,0,correlation 0.59 <= 0.7
2,78.3796,7.1996,127.00,175.00,163.88,172.60,0.5785,0,correlation 0.58 <= 0.7
2,78.4455,7.2765,131.00,125.00,164.82,159.60,0.6590,0,correlation 0.66 <= 0.7
2,78.4119,7.1858,119.00,162.00,163.03,166.88,0.7795,0,centroids differ by 3.8 km
2,78.4191,7.1480,118.00,131.00,163.72,164.68,0.8313,1,
2,78.4271,7.1504,132.00,129.00,164.44,162.67,0.8134,0,centroids differ by 1.8 km
2,78.3920,7.2578,131.00,169.00,162.43,171.19,0.5763,0,correlation 0.58 <= 0.7
2,78.4320,7.1688,129.00,127.00,164.83,161.63,0.7746,0,centroids differ by 3.2 km
2,78.3815,7.2341,129.00,173.00,163.38,172.51,0.5599,0,correlation 0.56 <= 0.7
2,78.4400,7.1994,131.00,127.00,165.19,160.02,0.6931,0,correlation 0.69 <= 0.7
2,78.4354,7.2389,129.00,125.00,164.72,161.66,0.7587,0,centroids differ by 3.1 km
2,78.4422,7.1651,131.00,127.00,165.52,159.11,0.6537,0,correlation 0.65 <= 0.7
2,78.5552,11.0032,117.00,131.00,144.28,163.18,0.8424,0,centroids differ by 18.9 km
2,78.5968,10.9340,113.00,109.00,146.20,160.28,0.6493,0,correlation 0.65 <= 0.7
2,78.6220,10.9622,117.00,87.00,147.62,156.53,0.6994,0,correlation 0.70 <= 0.7
2,78.5649,11.0113,117.00,109.00,144.60,162.62,0.7503,0,centroids differ by 18.0 km
2,78.5572,10.9110,104.54,153.00,144.91,163.77,0.5517,0,correlation 0.55 <= 0.7
2,78.5748,10.9757,109.00,113.00,145.16,162.72,0.7097,0,centroids differ by 17.6 km
2,78.5437,10.9858,101.00,135.00,144.04,164.30,0.7080,0,centroids differ by 20.3 km
2,78.5446,10.9377,103.00,141.00,144.35,163.51,0.7928,0,centroids differ by 19.2 km
2,78.6212,10.9843,117.00,80.00,147.53,156.47,0.7099,0,NYA peak not clear against upper and lower means
2,78.6316,10.9651,119.00,80.00,148.27,156.97,0.6937,0,correlation 0.69 <= 0.7
2,78.6410,11.0379,119.00,80.00,148.72,157.72,0.6500,0,correlation 0.65 <= 0.7
2,78.6257,10.9993,117.00,83.00,147.81,156.25,0.7088,0,NYA peak not clear against upper and lower means
2,78.5530,10.9386,101.00,137.00,144.62,163.37,0.6899,0,correlation 0.69 <= 0.7
2,78.6126,10.9681,117.00,85.00,146.98,157.35,0.6933,0,correlation 0.69 <= 0.7
2,78.5880,10.9781,111.00,109.00,145.61,161.71,0.7100,0,centroids differ by 16.1 km
2,78.6389,11.0034,119.00,80.00,148.65,157.78,0.6756,0,correlation 0.68 <= 0.7
2,78.6128,11.0302,115.00,97.00,146.88,157.44,0.7013,0,NYA peak not clear against upper and lower means
2,78.6072,10.9672,117.00,103.00,146.63,158.26,0.6751,0,correlation 0.68 <= 0.7
2,78.5766,11.0549,109.00,103.00,144.77,161.70,0.7133,0,centroids differ by 16.9 km
2,78.6077,10.9491,117.00,89.00,146.72,158.10,0.6737,0,correlation 0.67 <= 0.7
2,78.5539,10.9463,119.00,117.00,144.59,163.30,0.7019,0,centroids differ by 18.7 km
2,78.6163,10.9132,119.00,94.00,147.36,157.09,0.6908,0,correlation 0.69 <= 0.7
2,78.5597,10.9648,117.00,115.00,144.67,163.10,0.6956,0,correlation 0.70 <= 0.7
2,78.5433,10.9429,101.00,117.00,144.28,163.61,0.8105,0,centroids differ by 19.3 km
2,78.5962,10.9824,113.00,107.00,145.95,160.43,0.6861,0,correlation 0.69 <= 0.7
2,78.5672,10.9118,109.00,119.00,145.23,163.85,0.5958,0,correlation 0.60 <= 0.7
2,78.6303,11.0563,117.00,84.00,147.97,155.96,0.7271,0,NYA peak not clear against upper and lower means
2,78.6229,11.0463,117.00,80.00,147.53,156.20,0.7314,0,NYA peak not clear against upper and lower means
2,78.6183,11.0133,117.00,80.00,147.29,156.65,0.7135,0,NYA peak not clear against upper and lower means
2,78.6303,10.9596,119.00,85.00,148.20,156.89,0.6943,0,correlation 0.69 <= 0.7
2,78.6329,10.9848,119.00,82.00,148.30,156.86,0.6896,0,correlation 0.69 <= 0.7
2,78.6230,10.9589,117.00,89.00,147.70,156.52,0.6971,0,correlation 0.70 <= 0.7
2,78.5549,10.9512,119.00,117.00,144.59,163.25,0.7060,0,centroids differ by 18.7 km
2,78.6344,10.9517,119.00,83.00,148.49,157.69,0.7061,0,NYA peak not clear against upper and lower means
2,78.5443,10.9303,103.00,141.00,144.38,163.52,0.7787,0,centroids differ by 19.1 km
2,78.5482,11.0235,117.00,127.00,143.95,164.69,0.5895,0,correlation 0.59 <= 0.7
2,78.6991,10.3487,133.00,237.00,154.07,173.84,0.0686,0,correlation 0.07 <= 0.7
2,78.6391,10.3566,123.00,109.00,151.12,162.24,0.7923,0,centroids differ by 11.1 km
2,78.6797,10.4262,129.00,127.00,152.66,167.98,0.3900,0,correlation 0.39 <= 0.7
2,78.6903,10.3562,131.00,155.00,153.50,171.88,0.2016,0,correlation 0.20 <= 0.7
2,78.6958,10.3185,133.00,161.00,153.97,173.95,0.0770,0,correlation 0.08 <= 0.7
2,78.6666,10.3754,130.00,117.00,152.01,167.10,0.4346,0,correlation 0.43 <= 0.7
2,78.6651,10.3233,129.00,121.00,152.19,168.19,0.4143,0,correlation 0.41 <= 0.7
2,78.6436,10.2817,135.00,115.00,151.76,165.02,0.6413,0,correlation 0.64 <= 0.7
2,78.6155,10.2890,115.00,103.00,150.76,160.44,0.7555,0,centroids differ by 9.7 km
2,78.6747,10.4243,131.00,123.00,152.35,167.17,0.4162,0,correlation 0.42 <= 0.7
2,78.6038,10.4170,133.00,86.69,149.54,158.79,0.6915,0,correlation 0.69 <= 0.7
2,78.6520,10.2848,125.00,121.00,152.00,166.93,0.5002,0,correlation 0.50 <= 0.7
2,78.6111,10.3778,115.00,123.00,150.05,159.08,0.7165,0,NYA peak not clear against upper and lower means
2,78.6315,10.3124,121.00,101.00,151.14,161.88,0.8085,0,centroids differ by 10.7 km
2,78.6171,10.3160,113.00,101.00,150.63,160.19,0.7441,0,centroids differ by 9.6 km
2,78.6538,10.4162,127.00,107.00,151.22,163.83,0.6490,0,correlation 0.65 <= 0.7
2,78.6604,10.3031,133.00,127.00,152.14,167.99,0.4399,0,correlation 0.44 <= 0.7
2,78.6949,10.3940,131.00,150.00,153.67,171.78,0.1881,0,correlation 0.19 <= 0.7
2,78.6079,10.3156,115.00,129.00,150.33,159.69,0.7393,0,NYA peak not clear against upper and lower means
2,78.6360,10.3142,121.00,111.00,151.29,162.56,0.8166,0,centroids differ by 11.3 km
2,78.6105,10.3217,115.00,124.30,150.38,159.71,0.7394,0,NYA peak not clear against upper and lower means
2,78.6961,10.3380,131.00,159.00,153.92,173.52,0.0979,0,correlation 0.10 <= 0.7
2,78.6388,10.4148,123.00,93.00,150.72,161.19,0.7242,0,NYA peak not clear against upper and lower means
2,78.6018,10.3685,113.00,89.00,149.79,159.12,0.7032,0,NYA peak not clear against upper and lower means
2,78.6328,10.3000,122.00,101.00,151.27,162.33,0.8239,0,centroids differ by 11.1 km
2,78.6448,10.3675,123.00,107.00,151.24,163.07,0.7555,0,centroids differ by 11.8 km
2,78.6292,10.3501,121.00,95.00,150.83,160.92,0.7489,0,centroids differ by 10.1 km
2,78.6051,10.4048,114.45,87.00,149.67,158.81,0.6981,0,correlation 0.70 <= 0.7
2,78.6896,10.4256,131.00,147.00,153.26,169.87,0.3006,0,correlation 0.30 <= 0.7
2,78.6840,10.3997,129.00,151.00,153.00,169.49,0.3289,0,correlation 0.33 <= 0.7
2,78.6280,10.2803,135.00,103.00,151.24,161.97,0.8204,0,centroids differ by 10.7 km
2,78.6071,10.4077,115.00,87.00,149.71,158.77,0.7000,0,NYA peak not clear against upper and lower means
2,78.6466,10.3633,123.00,110.00,151.32,163.52,0.7255,0,centroids differ by 12.2 km
2,78.6398,10.3694,123.00,107.00,151.06,162.11,0.7827,0,centroids differ by 11.1 km
2,78.6417,10.4033,123.00,105.00,150.89,161.83,0.7512,0,centroids differ by 10.9 km
2,78.6505,10.3072,125.00,119.00,151.80,165.91,0.5476,0,correlation 0.55 <= 0.7
2,78.6275,10.2814,135.00,103.00,151.22,161.87,0.8153,0,centroids differ by 10.7 km
2,78.6227,10.2173,117.00,106.00,151.48,162.40,0.8498,0,centroids differ by 10.9 km
2,78.6518,10.2914,125.00,121.00,151.94,166.68,0.5098,0,correlation 0.51 <= 0.7
2,78.6094,10.1945,137.00,109.00,151.22,161.33,0.7929,0,centroids differ by 10.1 km
2,78.6534,10.1818,137.00,131.00,152.73,170.35,0.3826,0,correlation 0.38 <= 0.7
2,78.5864,10.1591,131.00,101.00,150.94,161.09,0.7424,0,centroids differ by 10.1 km
2,78.6416,10.2974,123.00,113.00,151.59,164.10,0.7212,0,centroids differ by 12.5 km
2,78.5734,10.2629,129.00,103.00,149.91,161.23,0.6384,0,correlation 0.64 <= 0.7
2,78.5860,10.2613,133.00,97.00,150.24,160.27,0.7119,0,NYA peak not clear against upper and lower means
2,78.6536,10.2802,125.00,123.00,152.08,167.39,0.4808,0,correlation 0.48 <= 0.7
2,78.6482,10.2015,123.00,129.00,152.42,168.69,0.4517,0,correlation 0.45 <= 0.7
2,78.6053,10.2772,135.00,133.00,150.53,160.06,0.7480,0,NYA peak not clear against upper and lower means
2,78.6513,10.2808,125.00,123.00,152.00,166.89,0.5049,0,correlation 0.50 <= 0.7
2,78.6304,10.2501,121.00,117.00,151.51,162.97,0.8380,0,centroids differ by 11.5 km
2,78.6151,10.3002,117.00,125.00,150.67,160.25,0.7497,0,NYA peak not clear against upper and lower means
2,78.6309,10.2538,121.00,117.00,151.51,163.00,0.8353,0,centroids differ by 11.5 km
2,78.5868,10.2912,133.00,115.00,150.06,160.14,0.7027,0,NYA peak not clear against upper and lower means
2,78.5903,10.2510,133.00,96.00,150.43,160.22,0.7117,0,NYA peak not clear against upper and lower means
2,78.6316,10.3007,121.00,101.00,151.22,162.12,0.8202,0,centroids differ by 10.9 km
2,78.6293,10.2538,121.00,105.00,151.45,162.71,0.8427,0,centroids differ by 11.3 km
2,78.6642,10.3054,129.00,121.00,152.26,168.53,0.4082,0,correlation 0.41 <= 0.7
2,78.6060,10.2285,135.00,131.00,150.90,160.67,0.7665,0,NYA peak not clear against upper and lower means
2,78.5718,10.1806,127.00,122.00,150.54,161.29,0.7511,0,NYA peak not clear against upper and lower means
2,78.5904,10.2831,133.00,95.00,150.20,160.00,0.7053,0,NYA peak not clear against upper and lower means
2,78.5923,10.2691,133.00,95.00,150.35,160.05,0.7078,0,NYA peak not clear against upper and lower means
2,78.6036,10.2122,135.00,133.00,150.98,160.78,0.7679,0,NYA peak not clear against upper and lower means
2,78.5716,10.2426,127.00,106.00,150.02,161.32,0.6572,0,correlation 0.66 <= 0.7
2,78.5993,10.2506,135.00,135.00,150.60,160.25,0.7427,0,NYA peak not clear against upper and lower means
2,78.6528,10.2457,125.00,125.00,152.28,168.29,0.4554,0,correlation 0.46 <= 0.7
2,78.5857,10.2043,133.00,99.00,150.61,160.65,0.7214,0,centroids differ by 10.0 km
2,78.6531,10.1649,137.00,139.00,152.83,170.82,0.3647,0,correlation 0.36 <= 0.7
2,78.6630,10.2917,133.00,123.00,152.30,168.72,0.4072,0,correlation 0.41 <= 0.7
2,78.5934,10.2148,133.00,137.00,150.74,160.55,0.7367,0,NYA peak not clear against upper and lower means
2,78.6538,10.2336,125.00,127.00,152.40,168.88,0.4339,0,correlation 0.43 <= 0.7
2,78.6433,10.2363,123.00,117.00,152.04,166.34,0.5662,0,correlation 0.57 <= 0.7
2,78.6278,10.1685,117.00,121.00,151.95,164.46,0.7752,0,centroids differ by 12.5 km
2,78.4344,9.3399,123.00,155.00,152.37,167.95,0.3640,0,correlation 0.36 <= 0.7
2,78.4830,9.3402,133.00,191.00,154.63,165.43,0.2338,0,correlation 0.23 <= 0.7
2,78.4702,9.4276,132.00,155.00,153.54,164.08,0.8274,0,centroids differ by 10.5 km
2,78.4366,9.3147,123.00,157.00,152.70,167.15,0.4569,0,correlation 0.46 <= 0.7
2,78.4235,9.4227,121.00,153.00,150.73,171.90,-0.0823,0,correlation -0.08 <= 0.7
2,78.4523,9.3365,134.32,125.00,153.77,165.22,0.6496,0,correlation 0.65 <= 0.7
2,78.4310,9.3588,123.00,155.00,151.88,169.02,0.2327,0,correlation 0.23 <= 0.7
2,78.4548,9.3282,137.00,163.00,153.93,165.05,0.6495,0,correlation 0.65 <= 0.7
2,78.5053,9.3774,133.00,152.00,154.85,165.52,0.1080,0,correlation 0.11 <= 0.7
2,78.4479,9.4245,135.00,149.00,152.91,166.49,0.5268,0,correlation 0.53 <= 0.7
2,78.4481,9.2997,133.00,127.00,153.78,165.55,0.6063,0,correlation 0.61 <= 0.7
2,78.4792,9.4342,131.00,161.00,153.76,164.28,0.7478,0,centroids differ by 10.5 km
2,78.4978,9.2932,133.00,159.00,155.38,165.66,-0.0229,0,correlation -0.02 <= 0.7
2,78.4754,9.3477,133.00,155.00,154.34,165.09,0.4664,0,correlation 0.47 <= 0.7
2,78.5015,9.3317,133.00,157.00,155.15,165.59,0.0353,0,correlation 0.04 <= 0.7
2,78.4970,9.3305,133.00,153.00,155.06,165.56,0.0950,0,correlation 0.10 <= 0.7
2,78.4952,9.4286,131.00,155.00,154.22,165.15,0.3499,0,correlation 0.35 <= 0.7
2,78.4509,9.3587,133.99,125.00,153.54,165.41,0.6437,0,correlation 0.64 <= 0.7
2,78.4745,9.3121,134.00,177.00,154.60,165.42,0.3187,0,correlation 0.32 <= 0.7
2,78.4571,9.4219,135.00,121.00,153.23,164.96,0.7129,0,centroids differ by 11.7 km
2,78.4928,9.3598,131.00,151.00,154.72,165.47,0.1864,0,correlation 0.19 <= 0.7
2,78.4283,9.3544,123.00,158.00,151.53,169.55,0.1590,0,correlation 0.16 <= 0.7
2,78.4526,9.2911,135.17,165.00,154.10,165.33,0.5975,0,correlation 0.60 <= 0.7
2,78.4254,9.3498,119.00,157.00,151.08,170.13,0.0724,0,correlation 0.07 <= 0.7
2,78.5003,9.3886,133.00,149.00,154.66,165.45,0.1982,0,correlation 0.20 <= 0.7
2,78.4961,9.3625,133.00,151.00,154.78,165.49,0.1696,0,correlation 0.17 <= 0.7
2,78.5158,9.4024,131.00,211.00,154.80,165.57,0.0042,0,correlation 0.00 <= 0.7
2,78.4307,9.2913,123.00,159.00,151.99,167.96,0.3334,0,correlation 0.33 <= 0.7
2,78.4574,9.3851,135.00,147.00,153.56,164.81,0.7144,0,centroids differ by 11.3 km
2,78.4721,9.4072,132.00,155.00,153.76,164.28,0.7757,0,centroids differ by 10.5 km
2,78.4299,9.3922,121.00,156.00,151.66,169.90,0.1436,0,correlation 0.14 <= 0.7
2,78.4987,9.3168,133.00,156.00,155.21,165.60,0.0403,0,correlation 0.04 <= 0.7
2,78.5109,9.4145,131.00,151.00,154.62,165.46,0.1356,0,correlation 0.14 <= 0.7
2,78.5161,9.4106,131.00,211.00,154.74,165.54,0.0265,0,correlation 0.03 <= 0.7
2,78.4577,9.4214,135.00,121.00,153.25,164.89,0.7228,0,centroids differ by 11.6 km
2,78.5087,9.3772,133.00,153.00,154.90,165.55,0.0449,0,correlation 0.04 <= 0.7
2,78.4880,9.4172,131.00,169.00,154.14,164.96,0.4402,0,correlation 0.44 <= 0.7
2,78.4569,9.4728,133.00,147.00,152.82,165.42,0.6583,0,correlation 0.66 <= 0.7
2,78.5108,9.4586,131.00,147.00,154.26,165.27,0.3054,0,correlation 0.31 <= 0.7
2,78.4875,9.5593,129.00,129.00,152.99,163.43,0.8997,0,centroids differ by 10.4 km
2,78.5173,9.4500,129.00,207.00,154.46,165.37,0.1567,0,correlation 0.16 <= 0.7
2,78.4471,9.4836,133.00,147.00,152.44,167.68,0.3730,0,correlation 0.37 <= 0.7
2,78.4742,9.4793,131.00,141.00,153.26,163.73,0.9026,0,centroids differ by 10.5 km
2,78.4521,9.4851,133.00,147.00,152.58,166.56,0.4985,0,correlation 0.50 <= 0.7
2,78.4528,9.4335,135.00,149.00,153.03,165.68,0.6207,0,correlation 0.62 <= 0.7
2,78.5131,9.5048,129.00,143.00,153.95,165.09,0.4181,0,correlation 0.42 <= 0.7
2,78.5036,9.5475,129.00,175.00,153.43,164.58,0.5967,0,correlation 0.60 <= 0.7
2,78.4678,9.5128,130.00,117.00,152.79,164.18,0.8741,0,centroids differ by 11.4 km
2,78.5269,9.5205,129.00,201.00,154.20,165.14,0.2701,0,correlation 0.27 <= 0.7
2,78.4468,9.4576,133.00,149.00,152.63,167.26,0.4279,0,correlation 0.43 <= 0.7
2,78.4640,9.4108,135.00,145.00,153.52,164.33,0.7874,0,centroids differ by 10.8 km
2,78.4946,9.5159,131.00,153.00,153.51,164.34,0.6678,0,correlation 0.67 <= 0.7
2,78.5322,9.4155,131.00,203.00,155.08,165.81,-0.1614,0,correlation -0.16 <= 0.7
2,78.4999,9.5595,129.00,141.00,153.26,164.22,0.7034,0,centroids differ by 11.0 km
2,78.4813,9.4353,131.00,161.00,153.82,164.39,0.7032,0,centroids differ by 10.6 km
2,78.4503,9.4786,133.00,147.00,152.58,166.85,0.4656,0,correlation 0.47 <= 0.7
2,78.5225,9.4356,129.00,209.00,154.69,165.51,0.0229,0,correlation 0.02 <= 0.7
2,78.4396,9.5075,129.00,147.00,151.92,169.92,0.1528,0,correlation 0.15 <= 0.7
2,78.4484,9.4496,133.00,149.00,152.74,166.80,0.4839,0,correlation 0.48 <= 0.7
2,78.5269,9.5328,127.00,199.00,154.11,165.08,0.3127,0,correlation 0.31 <= 0.7
2,78.4802,9.4519,131.00,161.00,153.65,164.13,0.7824,0,centroids differ by 10.5 km
2,78.4903,9.4446,131.00,167.00,153.98,164.81,0.4952,0,correlation 0.50 <= 0.7
2,78.4397,9.4825,129.00,159.55,152.09,169.40,0.2063,0,correlation 0.21 <= 0.7
2,78.4707,9.5580,129.00,113.00,152.53,164.18,0.8898,0,centroids differ by 11.7 km
2,78.5106,9.4675,131.00,147.00,154.19,165.23,0.3330,0,correlation 0.33 <= 0.7
2,78.4731,9.5251,129.00,115.00,152.87,163.74,0.9391,0,centroids differ by 10.9 km
2,78.5029,9.5491,129.00,159.00,153.41,164.52,0.6132,0,correlation 0.61 <= 0.7
2,78.4620,9.4896,130.74,145.00,152.81,164.75,0.7659,0,centroids differ by 11.9 km
2,78.5285,9.4961,130.00,203.00,154.40,165.28,0.1632,0,correlation 0.16 <= 0.7
2,78.4558,9.4396,133.00,147.00,153.06,165.26,0.6771,0,correlation 0.68 <= 0.7
2,78.5022,9.4492,133.00,145.00,154.19,165.20,0.3452,0,correlation 0.35 <= 0.7
2,78.4730,9.4638,131.00,153.00,153.34,163.83,0.8846,0,centroids differ by 10.5 km
2,78.5231,10.0757,117.00,109.00,150.31,163.73,0.7352,0,centroids differ by 13.4 km
2,78.5410,10.0636,117.00,87.00,150.90,162.69,0.5743,0,correlation 0.57 <= 0.7
2,78.5483,10.1314,117.00,109.00,150.58,162.61,0.4831,0,correlation 0.48 <= 0.7
2,78.5458,10.1545,125.00,101.00,150.37,162.88,0.3869,0,correlation 0.39 <= 0.7
2,78.4737,10.0956,117.00,179.00,148.65,171.71,-0.1402,0,correlation -0.14 <= 0.7
2,78.5229,10.1672,115.00,103.00,149.71,164.63,0.5814,0,correlation 0.58 <= 0.7
2,78.4914,10.1161,118.00,163.00,149.10,169.22,0.0547,0,correlation 0.05 <= 0.7
2,78.4865,10.1402,117.00,171.00,148.78,170.24,-0.0309,0,correlation -0.03 <= 0.7
2,78.5604,10.1467,127.00,111.00,150.77,161.90,0.7055,0,NYA peak not clear against upper and lower means
2,78.4885,10.1707,117.00,169.00,148.63,170.20,-0.0397,0,correlation -0.04 <= 0.7
2,78.5141,10.1402,113.00,107.00,149.58,165.56,0.3800,0,correlation 0.38 <= 0.7
2,78.5246,10.1594,115.00,105.00,149.80,164.35,0.6649,0,correlation 0.66 <= 0.7
2,78.5590,10.0781,127.00,130.13,151.24,162.15,0.8054,0,NYA peak not clear against upper and lower means
2,78.5366,10.1116,117.00,105.00,150.44,163.11,0.4512,0,correlation 0.45 <= 0.7
2,78.5431,10.1012,117.00,85.00,150.69,162.75,0.4880,0,correlation 0.49 <= 0.7
2,78.5051,10.1598,113.00,173.00,149.17,167.38,0.1642,0,correlation 0.16 <= 0.7
2,78.5043,10.1572,113.00,173.00,149.15,167.50,0.1565,0,correlation 0.16 <= 0.7
2,78.5082,10.1207,115.00,119.00,149.52,166.27,0.2831,0,correlation 0.28 <= 0.7
2,78.5221,10.0637,115.00,111.00,150.36,163.73,0.7440,0,centroids differ by 13.4 km
2,78.4909,10.0618,117.00,167.00,149.45,168.63,0.1096,0,correlation 0.11 <= 0.7
2,78.5511,10.1209,117.00,98.17,150.72,162.38,0.5871,0,correlation 0.59 <= 0.7
2,78.5473,10.1297,117.00,101.00,150.58,162.66,0.4711,0,correlation 0.47 <= 0.7
2,78.5302,10.0972,117.00,107.00,150.38,163.38,0.5728,0,correlation 0.57 <= 0.7
2,78.5407,10.1478,125.00,103.00,150.29,163.11,0.4078,0,correlation 0.41 <= 0.7
2,78.5060,10.1270,113.00,119.00,149.41,166.76,0.2268,0,correlation 0.23 <= 0.7
2,78.5383,10.1666,125.00,103.00,150.09,163.32,0.4831,0,correlation 0.48 <= 0.7
2,78.5613,10.0476,117.00,107.00,151.51,162.24,0.8021,0,centroids differ by 10.7 km
2,78.4913,10.1902,118.00,167.00,148.57,169.93,-0.0302,0,correlation -0.03 <= 0.7
2,78.5387,10.1868,125.00,101.00,149.96,163.40,0.5161,0,correlation 0.52 <= 0.7
2,78.5582,10.0708,127.00,135.82,151.27,162.20,0.8099,0,NYA peak not clear against upper and lower means
2,78.5700,10.0602,129.00,107.00,151.61,162.02,0.7561,0,centroids differ by 10.4 km
2,78.5538,10.1315,125.00,97.54,150.71,162.25,0.6127,0,correlation 0.61 <= 0.7
2,78.5625,10.1272,127.00,117.00,150.96,161.86,0.7676,0,NYA peak not clear against upper and lower means
2,78.5169,10.1868,115.00,113.00,149.39,165.73,0.3084,0,correlation 0.31 <= 0.7
2,78.4934,10.1638,115.00,167.00,148.81,169.38,0.0210,0,correlation 0.02 <= 0.7
2,78.5012,10.1145,113.00,177.00,149.36,167.47,0.1746,0,correlation 0.17 <= 0.7
2,78.3878,6.8532,133.00,175.00,166.29,169.02,0.8014,0,centroids differ by 2.7 km
2,78.4087,6.8566,129.00,136.00,165.20,164.12,0.8329,0,centroids differ by 1.1 km
2,78.4325,6.9161,135.00,133.00,165.92,159.19,0.6930,0,correlation 0.69 <= 0.7
2,78.3714,6.8595,191.00,177.00,167.02,172.21,0.6620,0,correlation 0.66 <= 0.7
2,78.3884,6.8780,133.00,173.00,166.04,169.11,0.7971,0,centroids differ by 3.1 km
2,78.3929,6.9309,135.00,171.00,165.30,168.61,0.8006,0,centroids differ by 3.3 km
2,78.4414,6.9044,133.00,133.00,166.82,157.23,0.5655,0,correlation 0.57 <= 0.7
2,78.4154,6.8973,126.31,135.00,164.94,162.89,0.8158,0,centroids differ by 2.0 km
2,78.3912,6.9331,133.00,172.00,165.39,169.00,0.7910,0,centroids differ by 3.6 km
2,78.4036,6.8361,137.00,139.00,165.52,165.16,0.8422,1,
2,78.4339,6.8356,135.00,135.00,166.39,158.31,0.6389,0,correlation 0.64 <= 0.7
2,78.3779,6.8583,191.00,176.00,166.83,171.09,0.7276,0,centroids differ by 4.3 km
2,78.3791,6.8874,191.00,175.00,166.56,171.09,0.7299,0,centroids differ by 4.5 km
2,78.4376,6.9320,133.00,133.00,166.37,158.21,0.6318,0,correlation 0.63 <= 0.7
2,78.4208,6.8587,122.00,135.00,165.36,161.34,0.7776,0,centroids differ by 4.0 km
2,78.4013,6.8784,137.00,139.00,165.27,166.11,0.8415,1,
2,78.4416,6.8411,135.00,135.00,167.09,156.80,0.5362,0,correlation 0.54 <= 0.7
2,78.3588,6.8232,193.00,177.00,166.87,173.86,0.5110,0,correlation 0.51 <= 0.7
2,78.3665,6.8505,191.00,177.00,167.08,172.90,0.6076,0,correlation 0.61 <= 0.7
2,78.3901,6.8128,133.00,141.00,166.46,168.11,0.8204,0,centroids differ by 1.7 km
2,78.3633,6.8907,191.00,183.00,166.83,173.56,0.5592,0,correlation 0.56 <= 0.7
2,78.4211,6.9394,123.00,135.00,164.92,161.92,0.7972,0,centroids differ by 3.0 km
2,78.4334,6.8224,135.00,137.00,166.40,158.32,0.6382,0,correlation 0.64 <= 0.7
2,78.3950,6.9302,135.00,171.00,165.18,168.14,0.8108,0,centroids differ by 3.0 km
2,78.4164,6.8863,126.44,135.00,165.03,162.57,0.8094,0,centroids differ by 2.5 km
2,78.3854,6.9593,131.00,172.00,165.58,170.43,0.7459,0,centroids differ by 4.9 km
2,78.4114,6.9415,127.00,135.00,164.59,164.26,0.8334,1,
2,78.3845,6.9364,131.00,173.00,165.84,170.42,0.7519,0,centroids differ by 4.6 km
2,78.4044,6.9394,137.00,137.00,164.66,165.98,0.8354,0,centroids differ by 1.3 km
2,78.3740,6.9167,189.00,175.00,166.59,172.11,0.6757,0,correlation 0.68 <= 0.7
2,78.3990,6.9575,129.00,171.00,164.73,167.45,0.8180,0,centroids differ by 2.7 km
2,78.3967,6.8137,137.00,139.00,166.05,166.58,0.8395,1,
2,78.3584,6.8759,191.00,185.00,166.67,174.14,0.4986,0,correlation 0.50 <= 0.7
2,78.3701,6.9504,189.00,173.00,166.50,172.86,0.6266,0,correlation 0.63 <= 0.7
2,78.4225,6.8480,122.00,135.00,165.50,160.87,0.7610,0,centroids differ by 4.6 km
2,78.4060,6.8357,131.00,136.00,165.43,164.58,0.8381,1,
2,78.4011,6.8796,137.00,139.00,165.27,166.16,0.8412,1,
2,78.3414,6.9011,185.00,189.00,165.17,176.01,0.3068,0,correlation 0.31 <= 0.7
2,78.3390,6.8886,185.00,189.00,164.97,176.21,0.2919,0,correlation 0.29 <= 0.7
2,78.3868,6.9186,131.00,171.00,165.83,169.82,0.7736,0,centroids differ by 4.0 km
2,78.3379,6.9207,185.00,189.00,164.80,176.33,0.2784,0,correlation 0.28 <= 0.7
2,78.4126,6.9043,129.00,134.00,164.85,163.61,0.8270,0,centroids differ by 1.2 km
2,78.3139,7.0102,175.00,195.00,162.39,178.00,0.1469,0,correlation 0.15 <= 0.7
2,78.3613,6.8733,191.00,175.00,166.83,173.75,0.5355,0,correlation 0.54 <= 0.7
2,78.3187,6.9223,180.00,195.00,163.13,177.72,0.1981,0,correlation 0.20 <= 0.7
2,78.3953,7.0006,135.00,170.00,164.56,168.73,0.7789,0,centroids differ by 4.2 km
2,78.3403,6.8904,185.00,189.00,165.09,176.09,0.3007,0,correlation 0.30 <= 0.7
2,78.4114,6.9011,129.00,134.00,164.86,163.88,0.8306,1,
2,78.3610,6.9634,189.00,183.00,166.43,174.13,0.5201,0,correlation 0.52 <= 0.7
2,78.3789,6.9803,189.00,171.00,165.86,171.67,0.6943,0,correlation 0.69 <= 0.7
2,78.4116,6.9653,127.00,135.00,164.42,164.46,0.8326,1,
2,78.3854,6.9924,131.00,171.00,165.29,170.65,0.7287,0,centroids differ by 5.4 km
2,78.4035,6.9906,127.00,137.00,164.29,166.72,0.8200,0,centroids differ by 2.4 km
2,78.3777,6.9388,189.00,173.00,166.25,171.63,0.7007,0,centroids differ by 5.4 km
2,78.3750,6.9695,189.00,173.00,166.17,172.22,0.6678,0,correlation 0.67 <= 0.7
2,78.3715,6.9447,189.00,173.00,166.49,172.63,0.6433,0,correlation 0.64 <= 0.7
2,78.3424,6.8726,185.00,189.00,165.32,175.89,0.3198,0,correlation 0.32 <= 0.7
2,78.3410,6.9606,183.00,187.00,164.98,176.13,0.2941,0,correlation 0.29 <= 0.7
2,78.4068,7.0017,127.00,135.00,164.14,166.04,0.8248,0,centroids differ by 1.9 km
2,78.3277,6.9200,182.00,195.00,163.90,177.15,0.2291,0,correlation 0.23 <= 0.7
2,78.3707,6.9717,189.00,171.00,166.34,172.87,0.6261,0,correlation 0.63 <= 0.7
2,78.3750,6.9996,187.00,171.00,165.95,172.38,0.6558,0,correlation 0.66 <= 0.7
2,78.3679,6.9007,191.00,175.00,166.81,172.94,0.6147,0,correlation 0.61 <= 0.7
2,78.3299,6.8793,185.00,197.00,164.19,176.96,0.2488,0,correlation 0.25 <= 0.7
2,78.3294,6.8732,185.00,197.00,164.17,177.00,0.2497,0,correlation 0.25 <= 0.7
2,78.3510,6.9224,191.00,187.00,165.98,175.14,0.3992,0,correlation 0.40 <= 0.7
2,78.3331,6.9887,183.00,191.00,164.19,176.75,0.2340,0,correlation 0.23 <= 0.7
2,78.3779,6.8984,189.00,175.00,166.55,171.37,0.7158,0,centroids differ by 4.8 km
2,78.3515,6.9746,189.00,185.00,165.89,175.17,0.4035,0,correlation 0.40 <= 0.7
2,78.3243,7.0017,180.00,193.00,163.40,177.31,0.1938,0,correlation 0.19 <= 0.7
2,78.4009,6.9443,129.00,137.00,164.75,166.87,0.8280,0,centroids differ by 2.1 km
2,78.3407,6.9954,183.00,189.00,164.88,176.17,0.2869,0,correlation 0.29 <= 0.7
2,78.5160,7.5689,147.00,109.00,167.12,152.33,-0.3613,0,correlation -0.36 <= 0.7
2,78.4733,7.4669,121.00,119.00,163.33,156.16,0.4462,0,correlation 0.45 <= 0.7
2,78.4794,7.5417,110.00,115.00,163.03,156.01,0.3923,0,correlation 0.39 <= 0.7
2,78.4254,7.4503,127.00,153.00,162.82,167.00,0.7519,0,centroids differ by 4.2 km
2,78.4977,7.5039,141.00,115.00,164.68,152.98,0.1345,0,correlation 0.13 <= 0.7
2,78.5002,7.4320,143.00,115.00,165.17,152.03,0.1287,0,correlation 0.13 <= 0.7
2,78.4726,7.5267,119.00,117.00,162.88,157.08,0.4564,0,correlation 0.46 <= 0.7
2,78.4377,7.5304,127.00,150.00,162.67,165.43,0.7370,0,centroids differ by 2.8 km
2,78.4451,7.5758,129.00,147.00,162.21,164.44,0.6995,0,correlation 0.70 <= 0.7
2,78.4609,7.5179,177.00,117.00,162.72,159.51,0.5700,0,correlation 0.57 <= 0.7
2,78.4827,7.5573,139.00,115.00,163.13,155.67,0.3533,0,correlation 0.35 <= 0.7
2,78.4640,7.5325,178.00,117.00,162.63,159.04,0.5411,0,correlation 0.54 <= 0.7
2,78.5061,7.5721,147.00,113.00,165.68,152.94,-0.1177,0,correlation -0.12 <= 0.7
2,78.4847,7.4457,113.00,117.00,163.89,154.05,0.3375,0,correlation 0.34 <= 0.7
2,78.4653,7.4960,178.54,117.00,162.96,158.15,0.5215,0,correlation 0.52 <= 0.7
2,78.4576,7.4462,131.00,119.00,163.30,159.14,0.5921,0,correlation 0.59 <= 0.7
2,78.5003,7.4388,143.00,115.00,165.16,152.08,0.1228,0,correlation 0.12 <= 0.7
2,78.5004,7.5667,141.00,113.00,164.88,153.43,0.0316,0,correlation 0.03 <= 0.7
2,78.4575,7.5310,175.00,117.00,162.58,160.60,0.6090,0,correlation 0.61 <= 0.7
2,78.5147,7.5659,147.00,111.00,166.94,152.35,-0.3290,0,correlation -0.33 <= 0.7
2,78.4628,7.5105,178.00,117.00,162.80,158.94,0.5495,0,correlation 0.55 <= 0.7
2,78.4207,7.5105,125.00,151.00,162.15,168.50,0.6654,0,correlation 0.67 <= 0.7
2,78.4590,7.5440,175.00,117.00,162.48,160.45,0.5940,0,correlation 0.59 <= 0.7
2,78.4534,7.4803,131.00,119.00,163.02,160.72,0.6433,0,correlation 0.64 <= 0.7
2,78.4856,7.5196,140.00,115.00,163.53,154.76,0.3228,0,correlation 0.32 <= 0.7
2,78.4952,7.4578,141.00,117.00,164.58,152.79,0.2017,0,correlation 0.20 <= 0.7
2,78.4994,7.4355,143.00,117.00,165.08,152.12,0.1400,0,correlation 0.14 <= 0.7
2,78.4426,7.4798,135.00,121.00,163.10,163.46,0.7366,1,
2,78.5119,7.4316,150.00,113.00,166.66,151.47,-0.1212,0,correlation -0.12 <= 0.7
2,78.4202,7.4803,125.00,153.00,162.27,168.31,0.6856,0,correlation 0.69 <= 0.7
2,78.5020,7.4999,143.00,115.00,165.21,152.50,0.0461,0,correlation 0.05 <= 0.7
2,78.4376,7.5772,127.00,149.00,162.25,166.11,0.7039,0,centroids differ by 3.9 km
2,78.4271,7.5523,125.00,151.00,162.27,167.80,0.6800,0,correlation 0.68 <= 0.7
2,78.4809,7.4976,113.00,117.00,163.38,155.23,0.3790,0,correlation 0.38 <= 0.7
2,78.4273,7.5523,125.00,151.00,162.28,167.77,0.6811,0,correlation 0.68 <= 0.7
2,78.5128,7.5542,147.00,111.00,166.67,152.33,-0.2711,0,correlation -0.27 <= 0.7
2,78.5561,9.8768,121.00,120.00,152.63,163.26,0.7458,0,centroids differ by 10.6 km
2,78.5109,9.8730,123.00,97.00,151.37,163.12,0.7797,0,centroids differ by 11.8 km
2,78.5079,9.9489,121.00,117.00,150.73,163.95,0.8594,0,centroids differ by 13.2 km
2,78.4747,9.9100,123.00,135.00,149.96,169.63,0.0598,0,correlation 0.06 <= 0.7
2,78.5448,9.9164,121.00,145.00,152.07,163.04,0.8386,0,centroids differ by 11.0 km
2,78.5570,9.8797,121.00,119.00,152.63,163.24,0.7431,0,centroids differ by 10.6 km
2,78.4856,9.9257,119.00,121.00,150.17,167.52,0.2197,0,correlation 0.22 <= 0.7
2,78.5511,9.9596,121.00,141.00,151.91,162.81,0.8309,0,centroids differ by 10.9 km
2,78.5038,9.8613,121.00,121.00,151.22,163.51,0.8555,0,centroids differ by 12.3 km
2,78.5248,9.9660,118.00,93.00,151.09,162.90,0.6503,0,correlation 0.65 <= 0.7
2,78.5496,9.9320,121.00,143.00,152.07,162.96,0.8250,0,centroids differ by 10.9 km
2,78.5056,9.9725,119.00,118.00,150.51,164.55,0.7800,0,centroids differ by 14.0 km
2,78.4927,9.9148,121.00,121.00,150.50,165.83,0.4550,0,correlation 0.46 <= 0.7
2,78.5019,9.9236,121.00,120.00,150.74,164.41,0.8001,0,centroids differ by 13.7 km
2,78.5564,9.9358,123.26,115.00,152.22,162.88,0.7788,0,centroids differ by 10.7 km
2,78.5238,9.9549,118.00,93.00,151.14,162.88,0.6629,0,correlation 0.66 <= 0.7
2,78.5514,9.9805,119.00,143.00,151.76,162.71,0.8388,0,centroids differ by 10.9 km
2,78.5504,9.9815,119.00,137.87,151.73,162.70,0.8417,0,centroids differ by 11.0 km
2,78.5501,9.9650,119.00,141.00,151.85,162.78,0.8385,0,centroids differ by 10.9 km
2,78.5290,9.8575,119.00,131.00,151.97,163.11,0.8613,0,centroids differ by 11.1 km
2,78.5299,9.8475,119.00,131.00,152.06,163.22,0.8623,0,centroids differ by 11.2 km
2,78.5113,9.9511,119.00,117.00,150.81,163.62,0.8202,0,centroids differ by 12.8 km
2,78.5073,9.8676,121.00,121.00,151.29,163.28,0.8160,0,centroids differ by 12.0 km
2,78.5124,9.9649,119.00,115.00,150.74,163.66,0.8184,0,centroids differ by 12.9 km
2,78.5650,9.9814,129.00,113.00,152.08,162.55,0.7566,0,centroids differ by 10.5 km
2,78.5293,9.9296,117.00,121.00,151.48,162.75,0.7683,0,NYA peak not clear against upper and lower means
2,78.5434,9.9873,119.00,123.01,151.51,162.61,0.8244,0,NYA peak not clear against upper and lower means
2,78.5251,9.9246,117.00,113.00,151.39,162.80,0.7276,0,NYA peak not clear against upper and lower means
2,78.5022,9.8611,121.00,121.00,151.17,163.67,0.8668,0,centroids differ by 12.5 km
2,78.5146,9.9689,118.00,115.00,150.77,163.51,0.7807,0,centroids differ by 12.7 km
2,78.4695,9.9633,121.00,177.00,149.41,171.31,-0.0713,0,correlation -0.07 <= 0.7
2,78.5577,9.9037,121.00,118.00,152.48,163.07,0.7532,0,centroids differ by 10.6 km
2,78.5492,9.9607,119.00,137.00,151.85,162.81,0.8409,0,centroids differ by 11.0 km
2,78.5539,9.8752,121.00,120.00,152.60,163.27,0.7558,0,centroids differ by 10.7 km
2,78.5044,9.8732,121.00,121.00,151.16,163.56,0.8540,0,centroids differ by 12.4 km
2,78.4943,9.9318,121.00,119.00,150.43,165.82,0.4508,0,correlation 0.45 <= 0.7
2,78.3879,7.3373,123.00,171.00,161.88,172.13,0.4962,0,correlation 0.50 <= 0.7
2,78.4161,7.3737,127.00,157.00,162.39,168.00,0.7177,0,centroids differ by 5.6 km
2,78.4043,7.2925,119.90,161.00,162.03,169.45,0.6336,0,correlation 0.63 <= 0.7
2,78.4239,7.4023,127.00,155.00,162.97,166.75,0.7729,0,centroids differ by 3.8 km
2,78.4069,7.3333,117.00,159.00,161.87,169.33,0.6300,0,correlation 0.63 <= 0.7
2,78.4135,7.4135,127.00,155.00,161.94,168.87,0.6549,0,correlation 0.65 <= 0.7
2,78.3759,7.2998,127.00,173.00,163.21,173.33,0.5022,0,correlation 0.50 <= 0.7
2,78.3963,7.3363,131.00,167.00,161.59,171.01,0.5313,0,correlation 0.53 <= 0.7
2,78.4358,7.3802,129.00,125.00,163.82,163.61,0.7785,1,
2,78.3699,7.3534,181.00,177.00,163.24,174.01,0.4547,0,correlation 0.45 <= 0.7
2,78.3868,7.4196,129.00,167.00,161.11,172.53,0.4223,0,correlation 0.42 <= 0.7
2,78.4335,7.3044,129.00,125.00,164.20,163.07,0.7904,0,centroids differ by 1.1 km
2,78.3762,7.3713,127.00,173.00,162.45,173.47,0.4499,0,correlation 0.45 <= 0.7
2,78.4132,7.2948,116.00,159.00,162.51,167.78,0.7333,0,centroids differ by 5.3 km
2,78.3724,7.3115,181.00,173.00,163.43,173.71,0.4876,0,correlation 0.49 <= 0.7
2,78.4021,7.2978,120.39,161.00,161.93,169.86,0.6079,0,correlation 0.61 <= 0.7
2,78.3536,7.3947,179.00,179.00,164.03,175.20,0.3710,0,correlation 0.37 <= 0.7
2,78.4062,7.4089,114.00,163.00,161.37,170.02,0.5643,0,correlation 0.56 <= 0.7
2,78.3876,7.3654,123.00,169.00,161.62,172.26,0.4717,0,correlation 0.47 <= 0.7
2,78.4126,7.3184,116.00,159.00,162.33,168.16,0.7099,0,centroids differ by 5.8 km
2,78.4260,7.4340,127.00,154.00,162.96,166.68,0.7664,0,centroids differ by 3.7 km
2,78.3573,7.4127,179.00,177.00,163.74,174.95,0.3870,0,correlation 0.39 <= 0.7
2,78.3616,7.3030,181.00,179.00,164.37,174.64,0.4545,0,correlation 0.45 <= 0.7
2,78.4239,7.3700,127.00,156.00,163.14,166.34,0.7907,0,centroids differ by 3.2 km
2,78.4149,7.3862,128.00,157.00,162.21,168.36,0.6937,0,correlation 0.69 <= 0.7
2,78.4456,7.4164,129.00,121.00,163.64,161.67,0.7057,0,centroids differ by 2.0 km
2,78.4088,7.4171,114.00,155.00,161.51,169.68,0.5907,0,correlation 0.59 <= 0.7
2,78.3555,7.4344,179.00,177.00,163.67,175.06,0.3680,0,correlation 0.37 <= 0.7
2,78.4248,7.3070,127.00,157.00,163.54,165.33,0.8184,0,centroids differ by 1.8 km
2,78.4254,7.4109,127.00,154.00,163.05,166.53,0.7770,0,centroids differ by 3.5 km
2,78.4360,7.3456,129.00,125.00,164.07,163.06,0.7754,0,centroids differ by 1.0 km
2,78.4338,7.4385,127.00,153.00,163.35,164.99,0.7798,0,centroids differ by 1.6 km
2,78.3582,7.3474,181.00,177.00,164.20,174.87,0.4185,0,correlation 0.42 <= 0.7
2,78.4017,7.3331,120.00,157.00,161.66,170.19,0.5752,0,correlation 0.58 <= 0.7
2,78.4058,7.3032,116.00,159.00,162.01,169.28,0.6406,0,correlation 0.64 <= 0.7
2,78.4468,7.3103,131.00,123.00,164.55,159.74,0.6582,0,correlation 0.66 <= 0.7
2,78.6086,9.7625,137.00,155.00,154.56,171.35,0.0934,0,correlation 0.09 <= 0.7
2,78.6135,9.7440,137.00,166.00,154.75,173.63,0.0199,0,correlation 0.02 <= 0.7
2,78.6245,9.8183,143.00,161.00,154.42,174.76,0.0805,0,correlation 0.08 <= 0.7
2,78.6160,9.7692,137.00,164.00,154.59,173.65,0.0484,0,correlation 0.05 <= 0.7
2,78.5778,9.8125,123.00,135.00,153.66,164.38,0.6650,0,correlation 0.66 <= 0.7
2,78.6151,9.8013,137.00,151.00,154.31,172.30,0.1147,0,correlation 0.11 <= 0.7
2,78.5576,9.8168,123.00,173.00,153.11,163.73,0.6996,0,correlation 0.70 <= 0.7
2,78.6122,9.8467,139.00,147.00,153.92,169.88,0.2406,0,correlation 0.24 <= 0.7
2,78.6155,9.8332,139.00,149.00,154.09,171.42,0.1753,0,correlation 0.18 <= 0.7
2,78.5867,9.8382,133.00,132.00,153.70,164.75,0.6556,0,correlation 0.66 <= 0.7
2,78.5925,9.7767,135.00,155.00,154.29,166.68,0.3447,0,correlation 0.34 <= 0.7
2,78.6198,9.8749,141.00,145.00,153.88,171.43,0.2205,0,correlation 0.22 <= 0.7
2,78.6172,9.7590,137.00,165.00,154.69,174.36,0.0235,0,correlation 0.02 <= 0.7
2,78.5739,9.7535,128.11,139.00,153.98,164.87,0.5675,0,correlation 0.57 <= 0.7
2,78.5455,9.8783,121.00,117.00,152.36,163.27,0.8111,0,centroids differ by 10.9 km
2,78.5763,9.7536,125.00,137.00,154.05,165.06,0.5449,0,correlation 0.54 <= 0.7
2,78.5840,9.8648,133.00,131.00,153.43,164.11,0.7180,0,centroids differ by 10.7 km
2,78.5867,9.7851,133.00,133.00,154.09,165.64,0.4880,0,correlation 0.49 <= 0.7
2,78.5487,9.8751,121.00,121.00,152.47,163.28,0.7884,0,centroids differ by 10.8 km
2,78.6406,9.7679,145.00,185.00,155.23,179.64,-0.0868,0,correlation -0.09 <= 0.7
2,78.6121,9.8451,139.00,147.00,153.92,169.88,0.2388,0,correlation 0.24 <= 0.7
2,78.6105,9.8856,137.00,143.00,153.56,168.17,0.3638,0,correlation 0.36 <= 0.7
2,78.6150,9.8367,139.00,149.00,154.05,171.11,0.1880,0,correlation 0.19 <= 0.7
2,78.5582,9.7444,123.00,179.58,153.66,164.34,0.6207,0,correlation 0.62 <= 0.7
2,78.6089,9.8083,137.00,151.00,154.16,170.00,0.1884,0,correlation 0.19 <= 0.7
2,78.5604,9.7997,123.00,175.00,153.31,163.91,0.6812,0,correlation 0.68 <= 0.7
2,78.5737,9.8672,131.00,163.00,153.15,163.54,0.7168,0,centroids differ by 10.4 km
2,78.6025,9.8330,135.00,147.00,153.87,167.51,0.3426,0,correlation 0.34 <= 0.7
2,78.6096,9.8220,137.00,149.00,154.05,169.81,0.2120,0,correlation 0.21 <= 0.7
2,78.5766,9.8098,133.00,135.00,153.65,164.34,0.6654,0,correlation 0.67 <= 0.7
2,78.5466,9.7784,123.00,126.00,153.06,163.93,0.7179,0,centroids differ by 10.9 km
2,78.6324,9.7924,143.00,171.00,154.84,177.47,-0.0009,0,correlation -0.00 <= 0.7
2,78.6241,9.8454,141.00,157.00,154.21,173.80,0.1294,0,correlation 0.13 <= 0.7
2,78.5891,9.8164,133.00,131.00,153.92,165.40,0.5545,0,correlation 0.55 <= 0.7
2,78.6353,9.8178,143.00,163.27,154.71,177.40,0.0193,0,correlation 0.02 <= 0.7
2,78.6260,9.8712,141.00,155.00,154.08,173.53,0.1609,0,correlation 0.16 <= 0.7
2,78.7413,11.1969,121.00,175.00,155.82,166.26,0.0681,0,correlation 0.07 <= 0.7
2,78.7593,11.2948,123.00,241.00,157.69,170.38,-0.0743,0,correlation -0.07 <= 0.7
2,78.7628,11.2506,125.00,249.00,157.83,172.46,-0.1050,0,correlation -0.10 <= 0.7
2,78.7453,11.2053,123.00,191.00,156.16,166.94,0.0131,0,correlation 0.01 <= 0.7
2,78.7129,11.2171,117.00,223.00,153.89,165.22,-0.6647,0,correlation -0.66 <= 0.7
2,78.7760,11.1791,127.00,249.00,158.72,178.07,-0.1931,0,correlation -0.19 <= 0.7
2,78.7704,11.2685,127.37,249.00,158.61,175.64,-0.1185,0,correlation -0.12 <= 0.7
2,78.7459,11.2647,121.00,167.00,156.39,166.54,0.1272,0,correlation 0.13 <= 0.7
2,78.7757,11.2271,128.00,249.00,158.90,177.54,-0.1682,0,correlation -0.17 <= 0.7
2,78.7754,11.2451,128.00,249.00,158.96,177.44,-0.1516,0,correlation -0.15 <= 0.7
2,78.6837,11.2933,113.00,249.00,151.68,168.65,-0.8311,0,correlation -0.83 <= 0.7
2,78.7687,11.2079,125.00,249.00,158.18,175.66,-0.1395,0,correlation -0.14 <= 0.7
2,78.7189,11.2198,119.00,139.00,154.29,164.95,-0.1510,0,correlation -0.15 <= 0.7
2,78.7730,11.1720,125.00,249.00,158.42,177.55,-0.1782,0,correlation -0.18 <= 0.7
2,78.6968,11.2745,115.00,249.00,152.78,167.43,-0.3305,0,correlation -0.33 <= 0.7
2,78.6973,11.2319,115.00,249.00,152.73,166.62,-0.3052,0,correlation -0.31 <= 0.7
2,78.7338,11.2711,121.00,137.00,155.36,164.62,0.7822,0,centroids differ by 9.3 km
2,78.7213,11.2048,119.00,135.00,154.47,164.86,0.2478,0,correlation 0.25 <= 0.7
2,78.7569,11.2957,123.00,247.00,157.48,169.46,-0.0381,0,correlation -0.04 <= 0.7
2,78.6814,11.2261,115.00,249.00,151.16,168.10,-0.9044,0,correlation -0.90 <= 0.7
2,78.7192,11.3018,119.00,183.00,154.28,165.13,-0.3849,0,correlation -0.38 <= 0.7
2,78.7649,11.2336,125.00,249.00,157.93,173.63,-0.1196,0,correlation -0.12 <= 0.7
2,78.6834,11.2187,115.00,249.00,151.32,168.10,-0.8480,0,correlation -0.85 <= 0.7
2,78.6803,11.2532,113.00,249.00,151.15,168.10,-0.9275,0,correlation -0.93 <= 0.7
2,78.7735,11.2596,128.00,249.00,158.86,176.77,-0.1337,0,correlation -0.13 <= 0.7
2,78.7266,11.1865,119.00,177.00,154.81,164.75,0.4417,0,correlation 0.44 <= 0.7
2,78.7723,11.2796,129.00,249.00,158.84,176.26,-0.1188,0,correlation -0.12 <= 0.7
2,78.7291,11.1939,119.00,169.00,154.97,164.71,0.4797,0,correlation 0.48 <= 0.7
2,78.7334,11.2928,121.00,133.00,155.38,164.49,0.8331,0,centroids differ by 9.1 km
2,78.7578,11.1774,123.00,249.00,157.13,171.41,-0.0691,0,correlation -0.07 <= 0.7
2,78.7172,11.1792,119.00,80.00,154.18,164.95,-0.3032,0,correlation -0.30 <= 0.7
2,78.7242,11.1911,119.00,131.00,154.66,164.79,0.4115,0,correlation 0.41 <= 0.7
2,78.7036,11.2890,117.00,245.00,153.25,166.46,-0.4065,0,correlation -0.41 <= 0.7
2,78.7572,11.2979,123.00,243.00,157.52,169.54,-0.0427,0,correlation -0.04 <= 0.7
2,78.7455,11.1928,123.00,195.00,156.14,167.09,-0.0130,0,correlation -0.01 <= 0.7
2,78.7093,11.2200,117.00,237.00,153.65,165.37,-0.5191,0,correlation -0.52 <= 0.7
2,78.5937,10.0592,133.00,147.00,151.86,162.27,0.7990,0,centroids differ by 10.4 km
2,78.5708,10.0450,129.00,109.00,151.75,162.12,0.7536,0,centroids differ by 10.4 km
2,78.6124,9.9512,139.00,139.00,153.12,166.79,0.5244,0,correlation 0.52 <= 0.7
2,78.5518,9.9272,121.00,115.00,152.17,162.97,0.8059,0,centroids differ by 10.8 km
2,78.5879,9.9560,133.00,125.00,152.67,163.21,0.7801,0,centroids differ by 10.5 km
2,78.6010,9.9925,135.00,119.00,152.52,163.83,0.8232,0,centroids differ by 11.3 km
2,78.5864,9.9859,131.00,153.00,152.39,162.80,0.7787,0,centroids differ by 10.4 km
2,78.6174,9.9269,141.00,141.00,153.44,168.95,0.3638,0,correlation 0.36 <= 0.7
2,78.5369,10.0206,119.00,107.00,151.10,162.70,0.6372,0,correlation 0.64 <= 0.7
2,78.6011,10.0468,137.00,117.00,152.12,162.95,0.8405,0,centroids differ by 10.8 km
2,78.5986,10.0254,135.00,119.00,152.22,163.05,0.8329,0,centroids differ by 10.8 km
2,78.5499,9.9991,119.00,141.66,151.59,162.61,0.8421,0,centroids differ by 11.0 km
2,78.6103,10.0035,139.00,137.00,152.69,165.02,0.7393,0,centroids differ by 12.3 km
2,78.6116,10.0212,139.00,121.00,152.59,164.86,0.7632,0,centroids differ by 12.3 km
2,78.6196,9.9778,139.00,137.00,153.10,167.98,0.4551,0,correlation 0.46 <= 0.7
2,78.6233,10.0000,141.00,135.00,153.00,168.39,0.4425,0,correlation 0.44 <= 0.7
2,78.5332,9.9622,119.00,119.00,151.40,162.67,0.7455,0,NYA peak not clear against upper and lower means
2,78.6247,9.9320,141.00,149.00,153.58,171.15,0.2811,0,correlation 0.28 <= 0.7
2,78.5493,10.0416,119.00,111.00,151.26,162.43,0.7973,0,NYA peak not clear against upper and lower means
2,78.5907,10.0453,131.00,147.00,151.90,162.32,0.7919,0,centroids differ by 10.4 km
2,78.5830,10.0462,131.00,153.00,151.80,162.16,0.7726,0,centroids differ by 10.4 km
2,78.5269,9.9978,117.00,91.00,150.94,162.97,0.6039,0,correlation 0.60 <= 0.7
2,78.5962,10.0627,135.00,119.00,151.89,162.35,0.8081,0,centroids differ by 10.5 km
2,78.5692,9.9333,129.00,163.00,152.56,162.87,0.7396,0,centroids differ by 10.3 km
2,78.5394,10.0326,119.00,115.00,151.09,162.64,0.6438,0,correlation 0.64 <= 0.7
2,78.5275,10.0096,117.00,109.00,150.88,163.01,0.5859,0,correlation 0.59 <= 0.7
2,78.6096,10.0253,139.00,121.00,152.51,164.41,0.8073,0,centroids differ by 11.9 km
2,78.5642,10.0104,129.00,111.00,151.85,162.38,0.7675,0,centroids differ by 10.5 km
2,78.5354,10.0154,119.00,107.00,151.09,162.72,0.6296,0,correlation 0.63 <= 0.7
2,78.6215,10.0701,139.00,129.00,152.41,165.71,0.6749,0,correlation 0.67 <= 0.7
2,78.6155,9.9262,139.00,141.00,153.39,168.36,0.3936,0,correlation 0.39 <= 0.7
2,78.5838,9.9922,132.00,153.00,152.32,162.65,0.7724,0,centroids differ by 10.3 km
2,78.6095,10.0232,139.00,121.00,152.52,164.45,0.8037,0,centroids differ by 11.9 km
2,78.5367,10.0154,119.00,105.00,151.14,162.68,0.6505,0,correlation 0.65 <= 0.7
2,78.5902,10.0275,131.00,149.00,152.04,162.49,0.7918,0,centroids differ by 10.5 km
2,78.6137,10.0465,139.00,119.00,152.45,164.65,0.7900,0,centroids differ by 12.2 km
2,78.8977,10.8124,155.00,133.00,168.32,165.16,0.3788,0,correlation 0.38 <= 0.7
2,78.9175,10.7589,159.00,141.00,169.77,165.03,0.1130,0,correlation 0.11 <= 0.7
2,78.8600,10.7780,143.00,139.00,164.85,166.16,0.7690,0,centroids differ by 1.3 km
2,78.8564,10.7218,142.05,193.00,164.28,167.38,0.4860,0,correlation 0.49 <= 0.7
2,78.8708,10.7478,145.00,143.00,165.71,165.43,0.8330,1,
2,78.8852,10.7346,147.00,147.00,166.93,165.25,0.8343,0,centroids differ by 1.7 km
2,78.8977,10.8289,155.00,131.00,168.37,165.07,0.2704,0,correlation 0.27 <= 0.7
2,78.8976,10.7314,155.00,155.00,168.01,165.75,0.8508,0,centroids differ by 2.3 km
2,78.8533,10.7433,141.80,189.00,164.08,167.49,0.4529,0,correlation 0.45 <= 0.7
2,78.8821,10.8395,149.00,139.00,167.08,164.53,0.5330,0,correlation 0.53 <= 0.7
2,78.9288,10.8327,160.90,139.00,171.18,164.88,-0.5483,0,correlation -0.55 <= 0.7
2,78.9226,10.8510,157.00,138.00,170.77,164.87,-0.6261,0,correlation -0.63 <= 0.7
2,78.8586,10.7723,143.00,139.00,164.70,166.43,0.7237,0,centroids differ by 1.7 km
2,78.9237,10.8184,159.00,143.00,170.67,164.71,-0.4102,0,correlation -0.41 <= 0.7
2,78.8875,10.7867,147.00,145.00,167.33,165.04,0.7618,0,centroids differ by 2.3 km
2,78.8557,10.7650,143.00,187.00,164.41,166.87,0.6083,0,correlation 0.61 <= 0.7
2,78.8936,10.7475,147.00,151.00,167.72,165.53,0.8353,0,centroids differ by 2.2 km
2,78.9113,10.8067,157.00,135.00,169.43,164.93,-0.1418,0,correlation -0.14 <= 0.7
2,78.9044,10.7925,155.00,137.00,168.81,165.24,0.3397,0,correlation 0.34 <= 0.7
2,78.9067,10.7961,157.00,137.00,169.00,165.14,0.2204,0,correlation 0.22 <= 0.7
2,78.8954,10.8031,155.00,147.00,168.09,165.17,0.5095,0,correlation 0.51 <= 0.7
2,78.9118,10.7328,157.00,145.00,169.21,165.47,0.5744,0,correlation 0.57 <= 0.7
2,78.8395,10.7330,137.00,249.00,162.77,168.73,-0.0793,0,correlation -0.08 <= 0.7
2,78.8959,10.8419,155.00,131.00,168.27,165.00,0.2340,0,correlation 0.23 <= 0.7
2,78.8384,10.7992,137.00,249.00,162.92,169.42,-0.0264,0,correlation -0.03 <= 0.7
2,78.8642,10.7345,145.00,143.00,165.06,166.52,0.7567,0,centroids differ by 1.5 km
2,78.9243,10.7904,159.00,143.00,170.55,164.71,-0.2360,0,correlation -0.24 <= 0.7
2,78.8578,10.8307,143.00,131.00,164.86,165.30,0.5868,0,correlation 0.59 <= 0.7
2,78.8711,10.8278,145.00,135.00,166.05,164.00,0.5107,0,correlation 0.51 <= 0.7
2,78.9191,10.7265,159.00,147.00,169.77,165.18,0.3879,0,correlation 0.39 <= 0.7
2,78.9250,10.7469,159.00,145.00,170.35,164.90,0.0538,0,correlation 0.05 <= 0.7
2,78.8578,10.7872,143.00,137.00,164.69,166.27,0.7272,0,centroids differ by 1.6 km
2,78.8992,10.8055,155.00,133.00,168.42,165.21,0.3877,0,correlation 0.39 <= 0.7
2,78.8430,10.7070,137.00,249.00,162.99,168.26,-0.0693,0,correlation -0.07 <= 0.7
2,78.9062,10.7253,157.00,159.00,168.71,165.77,0.7582,0,centroids differ by 2.9 km
2,78.8957,10.7676,155.00,151.00,167.98,165.43,0.7384,0,centroids differ by 2.6 km
2,78.4503,7.4125,131.00,120.00,163.65,160.39,0.6566,0,correlation 0.66 <= 0.7
2,78.4375,7.4910,127.00,151.00,163.00,164.88,0.7554,0,centroids differ by 1.9 km
2,78.4158,7.4883,125.00,153.00,161.81,169.13,0.6288,0,correlation 0.63 <= 0.7
2,78.4483,7.3909,131.00,121.00,163.85,160.54,0.6696,0,correlation 0.67 <= 0.7
2,78.4215,7.3806,127.00,156.00,162.87,167.01,0.7681,0,centroids differ by 4.1 km
2,78.3814,7.4869,121.00,171.00,160.79,173.21,0.3593,0,correlation 0.36 <= 0.7
2,78.4172,7.4229,127.00,155.00,162.26,168.30,0.6959,0,correlation 0.70 <= 0.7
2,78.3699,7.4081,125.00,175.00,162.69,174.05,0.4187,0,correlation 0.42 <= 0.7
2,78.4648,7.5204,178.20,117.00,162.75,158.66,0.5310,0,correlation 0.53 <= 0.7
2,78.3900,7.4140,121.00,167.00,161.03,172.16,0.4366,0,correlation 0.44 <= 0.7
2,78.4048,7.4211,114.00,163.00,161.20,170.31,0.5384,0,correlation 0.54 <= 0.7
2,78.4213,7.4659,125.00,153.00,162.44,167.96,0.7080,0,centroids differ by 5.5 km
2,78.3726,7.4068,127.00,173.00,162.42,173.85,0.4207,0,correlation 0.42 <= 0.7
2,78.4476,7.4169,131.00,121.00,163.63,161.14,0.6853,0,correlation 0.69 <= 0.7
2,78.4508,7.5209,129.00,119.00,162.66,162.09,0.6741,0,correlation 0.67 <= 0.7
2,78.4224,7.4362,127.00,155.00,162.68,167.44,0.7403,0,centroids differ by 4.8 km
2,78.3927,7.4819,129.00,165.00,160.37,172.09,0.3895,0,correlation 0.39 <= 0.7
2,78.3700,7.4314,125.00,173.00,162.44,174.03,0.4035,0,correlation 0.40 <= 0.7
2,78.4464,7.4166,129.00,121.00,163.63,161.45,0.6973,0,correlation 0.70 <= 0.7
2,78.4472,7.4539,129.00,121.00,163.29,161.85,0.6987,0,correlation 0.70 <= 0.7
2,78.4220,7.4527,125.00,153.00,162.56,167.70,0.7243,0,centroids differ by 5.1 km
2,78.3721,7.4787,123.00,171.00,161.71,173.90,0.3687,0,correlation 0.37 <= 0.7
2,78.4214,7.4912,125.00,153.00,162.31,168.20,0.6881,0,correlation 0.69 <= 0.7
2,78.3898,7.5041,119.00,165.00,160.22,172.47,0.3587,0,correlation 0.36 <= 0.7
2,78.3830,7.5026,121.00,169.00,160.52,173.10,0.3478,0,correlation 0.35 <= 0.7
2,78.4141,7.4478,127.00,155.00,161.83,169.08,0.6371,0,correlation 0.64 <= 0.7
2,78.3899,7.4544,129.00,167.00,160.66,172.31,0.4014,0,correlation 0.40 <= 0.7
2,78.4098,7.4536,114.00,161.00,161.40,169.81,0.5773,0,correlation 0.58 <= 0.7
2,78.4091,7.4583,114.00,161.00,161.31,169.95,0.5645,0,correlation 0.56 <= 0.7
2,78.3960,7.4445,118.52,167.00,160.71,171.60,0.4418,0,correlation 0.44 <= 0.7
2,78.4690,7.4421,119.00,119.00,163.44,156.65,0.4790,0,correlation 0.48 <= 0.7
2,78.4282,7.5223,125.00,151.00,162.53,167.28,0.7136,0,centroids differ by 4.8 km
2,78.4594,7.4368,132.00,119.00,163.37,158.60,0.5719,0,correlation 0.57 <= 0.7
2,78.4688,7.4769,182.00,117.00,163.17,157.15,0.4865,0,correlation 0.49 <= 0.7
2,78.4441,7.5103,129.00,121.00,162.81,163.59,0.7247,1,
2,78.3826,7.5052,121.00,169.00,160.53,173.14,0.3454,0,correlation 0.35 <= 0.7
2,78.5665,9.6955,125.00,143.00,154.20,165.10,0.4673,0,correlation 0.47 <= 0.7
2,78.5110,9.7611,123.00,117.00,152.11,163.11,0.8789,0,centroids differ by 11.0 km
2,78.5830,9.7734,133.00,135.00,154.07,165.40,0.5112,0,correlation 0.51 <= 0.7
2,78.5203,9.7752,123.00,137.00,152.29,163.41,0.8604,0,centroids differ by 11.1 km
2,78.5847,9.7975,133.00,134.00,153.95,165.20,0.5649,0,correlation 0.56 <= 0.7
2,78.5225,9.7650,123.00,155.14,152.42,163.62,0.8421,0,centroids differ by 11.2 km
2,78.5424,9.7962,119.00,123.00,152.80,163.80,0.7668,0,centroids differ by 11.0 km
2,78.5271,9.7996,119.00,141.00,152.31,163.53,0.8494,0,centroids differ by 11.2 km
2,78.5539,9.8306,121.00,123.00,152.92,163.59,0.7235,0,centroids differ by 10.7 km
2,78.5831,9.7348,125.00,139.00,154.35,166.02,0.3650,0,correlation 0.36 <= 0.7
2,78.5546,9.7625,123.00,179.00,153.42,164.13,0.6532,0,correlation 0.65 <= 0.7
2,78.5112,9.6978,125.00,133.00,152.55,163.57,0.8445,0,centroids differ by 11.0 km
2,78.5078,9.7394,125.00,135.00,152.17,163.11,0.8850,0,NYA peak not clear against upper and lower means
2,78.5825,9.7381,125.00,139.00,154.32,165.91,0.3885,0,correlation 0.39 <= 0.7
2,78.5184,9.6939,125.00,149.00,152.78,164.03,0.7724,0,centroids differ by 11.2 km
2,78.5436,9.7394,121.00,129.00,153.21,164.18,0.6858,0,correlation 0.69 <= 0.7
2,78.5274,9.7016,123.00,129.00,152.98,164.28,0.7328,0,centroids differ by 11.3 km
2,78.5262,9.7786,121.00,154.29,152.42,163.68,0.8340,0,centroids differ by 11.3 km
2,78.5738,9.7333,127.25,139.00,154.12,165.13,0.5103,0,correlation 0.51 <= 0.7
2,78.5640,9.8140,125.48,174.00,153.30,163.85,0.6878,0,correlation 0.69 <= 0.7
2,78.5573,9.7564,123.00,179.00,153.54,164.22,0.6389,0,correlation 0.64 <= 0.7
2,78.4940,9.8284,121.00,125.00,151.13,164.26,0.8236,0,centroids differ by 13.1 km
2,78.5061,9.8294,121.00,99.00,151.51,163.16,0.8289,0,centroids differ by 11.7 km
2,78.5254,9.8041,119.00,133.00,152.23,163.42,0.8579,0,centroids differ by 11.2 km
2,78.5255,9.7536,123.00,155.65,152.58,163.87,0.8106,0,centroids differ by 11.3 km
2,78.5282,9.8145,119.00,151.41,152.23,163.44,0.8545,0,centroids differ by 11.2 km
2,78.5519,9.7586,123.00,179.00,153.36,164.12,0.6575,0,correlation 0.66 <= 0.7
2,78.5832,9.7839,133.00,133.00,154.00,165.25,0.5444,0,correlation 0.54 <= 0.7
2,78.5700,9.7293,127.13,141.00,154.04,164.92,0.5345,0,correlation 0.53 <= 0.7
2,78.4926,9.8080,123.00,125.00,151.21,164.19,0.8434,0,centroids differ by 13.0 km
2,78.5375,9.7488,121.00,127.00,152.95,164.11,0.7528,0,centroids differ by 11.2 km
2,78.5207,9.8348,119.00,127.00,151.89,163.01,0.8494,0,centroids differ by 11.1 km
2,78.4930,9.7076,125.00,127.00,151.96,163.27,0.9312,0,centroids differ by 11.3 km
2,78.5547,9.7155,125.00,182.00,153.73,164.48,0.5766,0,correlation 0.58 <= 0.7
2,78.5004,9.7396,123.00,125.00,151.94,163.09,0.8954,0,centroids differ by 11.2 km
2,78.5633,9.7680,123.00,171.00,153.61,164.27,0.6456,0,correlation 0.65 <= 0.7
2,78.3540,6.7118,195.00,183.00,166.74,174.02,0.4696,0,correlation 0.47 <= 0.7
2,78.3568,6.7264,195.00,181.00,166.96,173.70,0.4993,0,correlation 0.50 <= 0.7
2,78.3291,6.6348,189.00,198.00,164.84,176.68,0.3499,0,correlation 0.35 <= 0.7
2,78.3297,6.6000,187.00,197.00,164.98,176.53,0.3674,0,correlation 0.37 <= 0.7
2,78.3959,6.6178,137.00,143.00,167.65,165.21,0.7846,0,centroids differ by 2.4 km
2,78.4029,6.6114,137.00,143.00,167.32,163.64,0.7780,0,centroids differ by 3.7 km
2,78.3524,6.7124,194.00,183.00,166.59,174.24,0.4518,0,correlation 0.45 <= 0.7
2,78.4050,6.6315,141.00,143.00,167.08,163.31,0.7836,0,centroids differ by 3.8 km
2,78.3309,6.6350,188.00,197.00,164.98,176.50,0.3542,0,correlation 0.35 <= 0.7
2,78.3471,6.7200,189.00,191.00,166.08,174.95,0.3962,0,correlation 0.40 <= 0.7
2,78.3931,6.6877,135.00,143.00,167.26,166.29,0.8108,1,
2,78.4122,6.6166,141.00,143.00,166.90,161.64,0.7403,0,centroids differ by 5.3 km
2,78.3634,6.6522,197.00,181.00,167.66,172.26,0.5746,0,correlation 0.57 <= 0.7
2,78.3916,6.6516,195.00,142.00,167.62,166.35,0.7923,0,centroids differ by 1.3 km
2,78.3490,6.6576,191.00,185.00,166.39,174.44,0.4327,0,correlation 0.43 <= 0.7
2,78.3612,6.5886,199.00,183.00,167.63,172.22,0.5447,0,correlation 0.54 <= 0.7
2,78.3566,6.7016,195.00,183.00,166.99,173.63,0.4994,0,correlation 0.50 <= 0.7
2,78.3994,6.6632,139.00,143.00,167.10,164.74,0.8066,0,centroids differ by 2.4 km
2,78.4110,6.6546,141.00,141.00,166.66,162.14,0.7681,0,centroids differ by 4.5 km
2,78.4212,6.6556,131.00,141.00,166.56,159.88,0.6823,0,correlation 0.68 <= 0.7
2,78.4057,6.5928,141.00,143.00,167.33,162.92,0.7605,0,centroids differ by 4.4 km
2,78.3418,6.5903,191.00,187.00,165.93,175.09,0.4116,0,correlation 0.41 <= 0.7
2,78.3769,6.6524,195.00,147.00,168.12,169.59,0.7086,0,centroids differ by 1.5 km
2,78.3694,6.6064,197.00,183.00,168.17,170.78,0.6249,0,correlation 0.62 <= 0.7
2,78.4023,6.7013,139.00,141.00,166.65,164.36,0.8178,0,centroids differ by 2.3 km
2,78.3289,6.6732,187.00,199.00,164.71,176.79,0.3320,0,correlation 0.33 <= 0.7
2,78.3314,6.6004,185.00,197.00,165.11,176.35,0.3721,0,correlation 0.37 <= 0.7
2,78.3327,6.6752,189.00,197.00,165.02,176.42,0.3415,0,correlation 0.34 <= 0.7
2,78.3472,6.6857,189.00,183.00,166.17,174.80,0.4079,0,correlation 0.41 <= 0.7
2,78.4196,6.6309,133.00,141.00,166.71,160.09,0.6846,0,correlation 0.68 <= 0.7
2,78.3829,6.6608,195.00,145.00,167.95,168.36,0.7543,1,
2,78.4152,6.6834,131.00,141.00,166.36,161.38,0.7529,0,centroids differ by 5.0 km
2,78.3514,6.6219,193.00,185.00,166.67,173.98,0.4604,0,correlation 0.46 <= 0.7
2,78.3747,6.6839,195.00,181.00,167.96,170.34,0.6970,0,correlation 0.70 <= 0.7
2,78.4248,6.6115,133.00,141.00,166.91,158.89,0.6195,0,correlation 0.62 <= 0.7
2,78.3634,6.6452,197.00,181.00,167.68,172.21,0.5741,0,correlation 0.57 <= 0.7
2,78.4888,7.5963,139.00,113.00,163.45,155.25,0.2560,0,correlation 0.26 <= 0.7
2,78.4738,7.5994,109.00,115.00,162.41,157.91,0.4449,0,correlation 0.44 <= 0.7
2,78.4152,7.6317,123.00,159.00,161.01,170.21,0.5158,0,correlation 0.52 <= 0.7
2,78.4338,7.5946,127.00,149.00,162.09,167.07,0.6755,0,correlation 0.68 <= 0.7
2,78.4265,7.7031,123.00,153.00,161.08,169.26,0.5227,0,correlation 0.52 <= 0.7
2,78.4671,7.6822,117.00,113.00,161.56,161.02,0.5025,0,correlation 0.50 <= 0.7
2,78.4277,7.6218,125.00,147.00,161.78,168.41,0.6149,0,correlation 0.61 <= 0.7
2,78.4109,7.6745,123.00,249.00,160.40,170.90,0.4414,0,correlation 0.44 <= 0.7
2,78.4507,7.7021,169.00,144.00,161.07,165.29,0.5897,0,correlation 0.59 <= 0.7
2,78.4225,7.6297,125.00,155.00,161.51,169.24,0.5747,0,correlation 0.57 <= 0.7
2,78.4840,7.7010,137.00,111.00,162.54,157.57,0.2836,0,correlation 0.28 <= 0.7
2,78.4333,7.7174,131.00,143.00,160.97,168.46,0.5299,0,correlation 0.53 <= 0.7
2,78.3946,7.6262,115.16,249.00,159.36,172.29,0.2968,0,correlation 0.30 <= 0.7
2,78.4563,7.6241,173.00,117.00,161.78,162.61,0.6121,0,correlation 0.61 <= 0.7
2,78.4886,7.6679,139.00,113.00,163.16,156.27,0.2235,0,correlation 0.22 <= 0.7
2,78.4002,7.6015,112.00,161.00,159.81,171.72,0.3625,0,correlation 0.36 <= 0.7
2,78.4324,7.5859,125.00,149.00,162.16,167.23,0.6777,0,correlation 0.68 <= 0.7
2,78.4892,7.6898,139.00,111.00,163.17,156.50,0.1956,0,correlation 0.20 <= 0.7
2,78.4294,7.6707,125.00,145.00,161.40,168.61,0.5699,0,correlation 0.57 <= 0.7
2,78.4835,7.6026,138.00,115.00,162.94,156.15,0.3336,0,correlation 0.33 <= 0.7
2,78.4793,7.6116,138.00,115.00,162.60,157.01,0.3848,0,correlation 0.38 <= 0.7
2,78.4185,7.5826,125.00,157.00,161.55,169.45,0.5837,0,correlation 0.58 <= 0.7
2,78.4464,7.6874,127.00,145.00,161.18,165.92,0.6067,0,correlation 0.61 <= 0.7
2,78.3966,7.6878,110.00,249.00,159.07,172.20,0.2780,0,correlation 0.28 <= 0.7
2,78.4603,7.6385,175.00,115.00,161.73,161.89,0.5749,0,correlation 0.57 <= 0.7
2,78.4283,7.5967,125.00,149.00,161.99,168.06,0.6448,0,correlation 0.64 <= 0.7
2,78.4172,7.5884,123.00,157.00,161.41,169.68,0.5672,0,correlation 0.57 <= 0.7
2,78.4860,7.7209,139.00,111.00,162.68,157.56,0.2356,0,correlation 0.24 <= 0.7
2,78.4737,7.6447,111.00,113.00,162.10,158.68,0.4431,0,correlation 0.44 <= 0.7
2,78.4906,7.6763,139.00,111.00,163.38,156.10,0.1769,0,correlation 0.18 <= 0.7
2,78.4269,7.7004,123.00,153.00,161.11,169.19,0.5268,0,correlation 0.53 <= 0.7
2,78.4267,7.6019,125.00,149.00,161.91,168.37,0.6295,0,correlation 0.63 <= 0.7
2,78.4038,7.6453,112.00,249.00,159.88,171.50,0.3772,0,correlation 0.38 <= 0.7
2,78.3939,7.6373,111.00,249.00,159.25,172.36,0.2847,0,correlation 0.28 <= 0.7
2,78.4276,7.6131,125.00,147.00,161.84,168.34,0.6234,0,correlation 0.62 <= 0.7
2,78.4409,7.5846,129.00,148.00,162.17,165.52,0.7012,0,centroids differ by 3.4 km
2,78.8756,10.8812,151.00,133.00,166.67,164.10,0.3201,0,correlation 0.32 <= 0.7
2,78.8095,10.8510,133.00,249.00,160.51,177.14,-0.2577,0,correlation -0.26 <= 0.7
2,78.8470,10.7644,140.00,249.00,163.59,168.13,0.2451,0,correlation 0.25 <= 0.7
2,78.8998,10.7691,155.00,151.00,168.34,165.47,0.6366,0,correlation 0.64 <= 0.7
2,78.8530,10.7345,139.00,191.00,164.01,167.62,0.4099,0,correlation 0.41 <= 0.7
2,78.9082,10.8028,157.00,136.00,169.16,165.04,0.0722,0,correlation 0.07 <= 0.7
2,78.9075,10.8142,157.00,133.00,169.14,165.00,-0.0184,0,correlation -0.02 <= 0.7
2,78.8738,10.7757,145.00,141.00,166.10,164.65,0.7589,0,centroids differ by 1.5 km
2,78.8439,10.8357,141.00,249.00,163.60,168.01,0.2533,0,correlation 0.25 <= 0.7
2,78.8144,10.7450,133.00,249.00,160.67,174.98,-0.2439,0,correlation -0.24 <= 0.7
2,78.8991,10.7739,155.00,151.00,168.30,165.43,0.6201,0,correlation 0.62 <= 0.7
2,78.8221,10.7625,135.00,249.00,161.32,172.46,-0.1786,0,correlation -0.18 <= 0.7
2,78.8845,10.8159,153.00,143.00,167.19,164.75,0.6498,0,correlation 0.65 <= 0.7
2,78.9015,10.7509,155.00,155.00,168.42,165.62,0.7136,0,centroids differ by 2.8 km
2,78.9023,10.7422,155.00,155.00,168.45,165.69,0.7511,0,centroids differ by 2.8 km
2,78.8396,10.8334,139.00,249.00,163.19,169.23,0.0411,0,correlation 0.04 <= 0.7
2,78.8178,10.7717,133.00,249.00,160.98,173.67,-0.1975,0,correlation -0.20 <= 0.7
2,78.8306,10.7340,135.00,249.00,161.97,170.25,-0.1392,0,correlation -0.14 <= 0.7
2,78.8982,10.8595,155.00,128.00,168.54,164.93,0.0340,0,correlation 0.03 <= 0.7
2,78.8890,10.7998,153.00,145.00,167.52,165.00,0.6776,0,correlation 0.68 <= 0.7
2,78.8713,10.7662,145.00,141.00,165.84,164.95,0.7815,1,
2,78.8813,10.8348,149.00,139.00,167.00,164.52,0.5679,0,correlation 0.57 <= 0.7
2,78.8170,10.7675,133.00,249.00,160.90,173.97,-0.2048,0,correlation -0.20 <= 0.7
2,78.8703,10.7448,145.00,143.00,165.65,165.56,0.8392,1,
2,78.8807,10.7573,145.00,145.00,166.64,164.87,0.8115,0,centroids differ by 1.8 km
2,78.8089,10.7591,133.00,249.00,160.29,177.13,-0.2785,0,correlation -0.28 <= 0.7
2,78.8319,10.7356,135.00,249.00,162.09,169.95,-0.1389,0,correlation -0.14 <= 0.7
2,78.8903,10.7453,147.00,151.00,167.42,165.46,0.8481,0,centroids differ by 2.0 km
2,78.8548,10.8427,143.00,129.00,164.62,165.62,0.5629,0,correlation 0.56 <= 0.7
2,78.8529,10.8741,141.00,125.00,164.59,165.22,0.3573,0,correlation 0.36 <= 0.7
2,78.8678,10.8342,143.00,133.00,165.77,164.01,0.4650,0,correlation 0.47 <= 0.7
2,78.8528,10.8809,141.00,125.00,164.60,165.08,0.3053,0,correlation 0.31 <= 0.7
2,78.9046,10.8078,155.00,135.00,168.88,165.12,0.1999,0,correlation 0.20 <= 0.7
2,78.8243,10.7795,135.00,249.00,161.56,172.15,-0.1567,0,correlation -0.16 <= 0.7
2,78.8563,10.7740,143.00,185.00,164.50,166.66,0.6550,0,correlation 0.65 <= 0.7
2,78.9004,10.7977,155.00,135.00,168.49,165.27,0.4130,0,correlation 0.41 <= 0.7
2,78.4088,6.8738,129.00,137.00,165.07,164.27,0.8346,1,
2,78.3933,6.7848,135.00,141.00,166.49,167.11,0.8309,1,
2,78.3158,6.7529,181.00,201.00,163.22,178.01,0.2212,0,correlation 0.22 <= 0.7
2,78.3725,6.8364,191.00,177.00,167.14,171.90,0.6765,0,correlation 0.68 <= 0.7
2,78.3481,6.8418,188.00,189.00,165.91,175.24,0.3757,0,correlation 0.38 <= 0.7
2,78.4144,6.8551,129.00,137.00,165.18,162.77,0.8120,0,centroids differ by 2.4 km
2,78.3471,6.8368,189.00,189.00,165.83,175.34,0.3666,0,correlation 0.37 <= 0.7
2,78.3827,6.8663,191.00,175.00,166.52,170.22,0.7644,0,centroids differ by 3.7 km
2,78.4053,6.8115,131.00,139.00,165.64,164.52,0.8362,0,centroids differ by 1.1 km
2,78.3267,6.7559,185.00,195.00,164.31,177.09,0.2910,0,correlation 0.29 <= 0.7
2,78.3930,6.7527,137.00,141.00,166.77,166.88,0.8275,1,
2,78.3995,6.8406,137.00,139.00,165.67,166.17,0.8423,1,
2,78.3654,6.8613,191.00,177.00,167.01,173.11,0.5922,0,correlation 0.59 <= 0.7
2,78.3158,6.8394,179.00,199.00,163.04,177.99,0.2008,0,correlation 0.20 <= 0.7
2,78.3655,6.8916,191.00,175.00,166.86,173.24,0.5879,0,correlation 0.59 <= 0.7
2,78.3478,6.7969,190.00,189.00,165.99,175.12,0.3822,0,correlation 0.38 <= 0.7
2,78.3701,6.8579,191.00,177.00,167.04,172.39,0.6483,0,correlation 0.65 <= 0.7
2,78.4144,6.8338,129.00,137.00,165.32,162.61,0.8077,0,centroids differ by 2.7 km
2,78.3209,6.7470,181.00,195.00,163.81,177.57,0.2664,0,correlation 0.27 <= 0.7
2,78.4085,6.7510,139.00,139.00,166.00,163.32,0.8153,0,centroids differ by 2.7 km
2,78.3180,6.7991,181.00,199.00,163.37,177.86,0.2301,0,correlation 0.23 <= 0.7
2,78.3758,6.8945,191.00,175.00,166.67,171.69,0.6985,0,correlation 0.70 <= 0.7
2,78.3256,6.7978,183.00,193.00,164.10,177.23,0.2710,0,correlation 0.27 <= 0.7
2,78.4114,6.8657,129.00,137.00,165.10,163.56,0.8258,0,centroids differ by 1.5 km
2,78.3415,6.7512,189.00,193.00,165.52,175.69,0.3430,0,correlation 0.34 <= 0.7
2,78.3743,6.7553,193.00,179.00,167.57,171.00,0.7033,0,centroids differ by 3.4 km
2,78.3712,6.7791,193.00,179.00,167.46,171.76,0.6694,0,correlation 0.67 <= 0.7
2,78.3233,6.7983,181.00,193.00,163.90,177.42,0.2628,0,correlation 0.26 <= 0.7
2,78.3735,6.7542,193.00,177.00,167.59,171.14,0.6953,0,correlation 0.70 <= 0.7
2,78.3699,6.8539,191.00,177.00,167.07,172.40,0.6465,0,correlation 0.65 <= 0.7
2,78.3874,6.8647,133.00,174.00,166.22,169.23,0.7951,0,centroids differ by 3.0 km
2,78.3816,6.7552,193.00,179.00,167.39,169.48,0.7698,0,centroids differ by 2.1 km
2,78.3692,6.7520,193.00,180.00,167.57,171.93,0.6467,0,correlation 0.65 <= 0.7
2,78.3322,6.8423,185.00,191.00,164.50,176.73,0.2702,0,correlation 0.27 <= 0.7
2,78.3704,6.8392,191.00,177.00,167.15,172.25,0.6536,0,correlation 0.65 <= 0.7
2,78.4082,6.8741,129.00,137.00,165.08,164.41,0.8362,1,
2,78.4060,6.6523,141.00,141.00,166.87,163.22,0.7901,0,centroids differ by 3.6 km
2,78.4194,6.7364,131.00,139.00,166.04,160.77,0.7422,0,centroids differ by 5.3 km
2,78.3845,6.7196,193.00,145.00,167.50,168.52,0.7845,0,centroids differ by 1.0 km
2,78.3995,6.6669,139.00,143.00,167.07,164.75,0.8081,0,centroids differ by 2.3 km
2,78.3856,6.6916,195.00,143.00,167.64,168.01,0.7830,1,
2,78.3737,6.7121,195.00,180.00,167.81,170.77,0.6930,0,correlation 0.69 <= 0.7
2,78.4280,6.6616,123.00,141.00,166.76,158.48,0.6136,0,correlation 0.61 <= 0.7
2,78.3566,6.6326,196.00,185.00,167.13,173.27,0.5051,0,correlation 0.51 <= 0.7
2,78.4106,6.6440,141.00,141.00,166.74,162.16,0.7651,0,centroids differ by 4.6 km
2,78.3961,6.6811,135.00,140.00,167.14,165.57,0.8124,0,centroids differ by 1.6 km
2,78.4381,6.7459,124.84,137.00,167.12,156.93,0.5429,0,correlation 0.54 <= 0.7
2,78.4130,6.6954,141.00,141.00,166.31,161.93,0.7739,0,centroids differ by 4.4 km
2,78.3667,6.6585,197.00,182.15,167.85,171.70,0.6110,0,correlation 0.61 <= 0.7
2,78.3781,6.7566,193.00,178.00,167.50,170.24,0.7392,0,centroids differ by 2.7 km
2,78.4054,6.7384,139.00,141.00,166.22,163.92,0.8224,0,centroids differ by 2.3 km
2,78.4148,6.6195,141.00,143.00,166.82,161.10,0.7223,0,centroids differ by 5.7 km
2,78.3567,6.6653,195.00,183.00,167.08,173.41,0.5053,0,correlation 0.51 <= 0.7
2,78.3918,6.6155,197.00,142.00,167.87,166.05,0.7733,0,centroids differ by 1.8 km
2,78.3961,6.6102,137.00,143.00,167.70,165.12,0.7808,0,centroids differ by 2.6 km
2,78.4307,6.6074,127.00,141.00,167.17,157.72,0.5571,0,correlation 0.56 <= 0.7
2,78.4039,6.7342,139.00,141.00,166.32,164.24,0.8246,0,centroids differ by 2.1 km
2,78.3578,6.7002,195.00,183.00,167.10,173.44,0.5132,0,correlation 0.51 <= 0.7
2,78.3830,6.6798,195.00,145.00,167.82,168.48,0.7636,1,
2,78.4348,6.6581,125.00,139.00,167.19,157.14,0.5408,0,correlation 0.54 <= 0.7
2,78.3412,6.6954,189.00,193.00,165.63,175.56,0.3622,0,correlation 0.36 <= 0.7
2,78.4370,6.7459,124.48,137.00,167.02,157.14,0.5563,0,correlation 0.56 <= 0.7
2,78.4241,6.6266,131.00,141.00,166.80,159.11,0.6355,0,correlation 0.64 <= 0.7
2,78.4072,6.7339,139.00,141.00,166.19,163.50,0.8158,0,centroids differ by 2.7 km
2,78.3625,6.6798,197.00,183.00,167.53,172.60,0.5667,0,correlation 0.57 <= 0.7
2,78.4223,6.6124,133.00,143.00,166.86,159.41,0.6470,0,correlation 0.65 <= 0.7
2,78.3828,6.6157,197.00,145.00,168.23,168.02,0.7310,1,
2,78.4251,6.7490,124.00,139.00,166.15,159.61,0.6934,0,correlation 0.69 <= 0.7
2,78.3823,6.7350,193.00,145.00,167.49,169.15,0.7734,0,centroids differ by 1.7 km
2,78.3593,6.7479,195.00,181.00,167.11,173.45,0.5282,0,correlation 0.53 <= 0.7
2,78.3837,6.6298,195.00,145.00,168.12,167.92,0.7444,1,
2,78.4387,6.7533,124.93,137.00,167.15,156.84,0.5377,0,correlation 0.54 <= 0.7
2,78.7001,11.3069,115.00,249.00,153.01,167.33,-0.3038,0,correlation -0.30 <= 0.7
2,78.7243,11.3249,119.00,111.00,154.70,164.72,0.7023,0,centroids differ by 10.0 km
2,78.7277,11.3080,119.00,147.00,154.94,164.43,0.7306,0,NYA peak not clear against upper and lower means
2,78.7692,11.3822,127.00,249.00,158.95,174.35,-0.1365,0,correlation -0.14 <= 0.7
2,78.7011,11.3072,115.00,249.00,153.08,167.15,-0.3158,0,correlation -0.32 <= 0.7
2,78.6887,11.4113,113.00,249.00,152.28,169.33,-0.6842,0,correlation -0.68 <= 0.7
2,78.7521,11.3221,123.00,249.00,157.14,167.53,0.0355,0,correlation 0.04 <= 0.7
2,78.7819,11.2785,131.00,249.00,159.68,179.91,-0.2035,0,correlation -0.20 <= 0.7
2,78.7569,11.3631,124.11,209.00,157.77,168.53,0.0125,0,correlation 0.01 <= 0.7
2,78.7078,11.2947,117.00,227.00,153.55,165.97,-0.6415,0,correlation -0.64 <= 0.7
2,78.7721,11.2987,129.00,249.00,158.89,176.11,-0.1140,0,correlation -0.11 <= 0.7
2,78.7760,11.4176,127.00,249.00,159.81,177.96,-0.1598,0,correlation -0.16 <= 0.7
2,78.7374,11.2732,121.00,129.00,155.68,165.00,0.7746,0,centroids differ by 9.3 km
2,78.7480,11.3214,121.00,249.00,156.77,166.56,0.1090,0,correlation 0.11 <= 0.7
2,78.7460,11.3206,121.00,249.00,156.59,166.17,0.1652,0,correlation 0.17 <= 0.7
2,78.7566,11.3885,127.00,197.00,157.85,168.12,0.0402,0,correlation 0.04 <= 0.7
2,78.7365,11.3655,119.00,109.00,155.90,164.47,0.5959,0,correlation 0.60 <= 0.7
2,78.7069,11.3623,117.00,249.00,153.46,166.74,-0.4127,0,correlation -0.41 <= 0.7
2,78.7871,11.3154,131.00,249.00,160.34,180.65,-0.2292,0,correlation -0.23 <= 0.7
2,78.7290,11.4125,119.00,87.00,155.38,164.49,0.4630,0,correlation 0.46 <= 0.7
2,78.7234,11.3077,119.00,115.00,154.59,164.76,0.7134,0,centroids differ by 10.2 km
2,78.7175,11.2842,117.00,191.00,154.18,165.21,-0.6767,0,correlation -0.68 <= 0.7
2,78.7511,11.3160,123.00,249.00,157.03,167.33,0.0517,0,correlation 0.05 <= 0.7
2,78.7883,11.3392,129.00,249.00,160.58,181.01,-0.2450,0,correlation -0.24 <= 0.7
2,78.6967,11.2876,115.00,249.00,152.78,167.67,-0.3284,0,correlation -0.33 <= 0.7
2,78.7506,11.3492,121.00,239.00,157.10,166.82,0.0694,0,correlation 0.07 <= 0.7
2,78.7346,11.3764,119.00,113.00,155.76,164.29,0.5221,0,correlation 0.52 <= 0.7
2,78.7706,11.3342,129.00,249.00,158.88,175.25,-0.1109,0,correlation -0.11 <= 0.7
2,78.7005,11.3293,115.00,249.00,153.05,167.60,-0.2842,0,correlation -0.28 <= 0.7
2,78.7062,11.3494,117.00,249.00,153.42,166.74,-0.4119,0,correlation -0.41 <= 0.7
2,78.7322,11.3123,119.00,135.00,155.34,164.38,0.7850,0,centroids differ by 9.0 km
2,78.7882,11.3332,129.00,249.00,160.54,180.94,-0.2414,0,correlation -0.24 <= 0.7
2,78.7172,11.3098,117.00,187.00,154.13,165.32,-0.7591,0,correlation -0.76 <= 0.7
2,78.7842,11.3459,129.00,249.00,160.21,180.39,-0.2100,0,correlation -0.21 <= 0.7
2,78.7297,11.2932,119.00,145.00,155.08,164.36,0.7263,0,centroids differ by 9.3 km
2,78.7230,11.3927,119.00,151.00,154.78,165.11,0.0277,0,correlation 0.03 <= 0.7
2,78.6441,9.8086,145.00,175.00,154.96,179.24,-0.0628,0,correlation -0.06 <= 0.7
2,78.5995,9.9112,135.00,126.57,153.15,165.12,0.6670,0,correlation 0.67 <= 0.7
2,78.5700,9.7709,125.00,171.00,153.76,164.45,0.6296,0,correlation 0.63 <= 0.7
2,78.5663,9.8540,131.00,170.00,153.07,163.50,0.7077,0,centroids differ by 10.4 km
2,78.5768,9.8524,121.00,133.00,153.34,163.82,0.7085,0,centroids differ by 10.5 km
2,78.5670,9.7674,123.00,171.00,153.69,164.38,0.6355,0,correlation 0.64 <= 0.7
2,78.6429,9.8940,145.00,175.00,154.26,176.81,0.0670,0,correlation 0.07 <= 0.7
2,78.5804,9.8885,131.00,161.00,153.17,163.58,0.7341,0,centroids differ by 10.4 km
2,78.5634,9.9096,121.00,165.00,152.59,163.03,0.7373,0,centroids differ by 10.4 km
2,78.5851,9.8451,133.00,131.00,153.61,164.49,0.6846,0,correlation 0.68 <= 0.7
2,78.6350,9.8425,143.00,167.00,154.51,176.67,0.0545,0,correlation 0.05 <= 0.7
2,78.6192,9.7682,142.00,165.00,154.66,174.71,0.0269,0,correlation 0.03 <= 0.7
2,78.5815,9.8513,121.00,133.00,153.48,164.11,0.7064,0,centroids differ by 10.6 km
2,78.6065,9.8492,135.00,147.00,153.77,168.10,0.3240,0,correlation 0.32 <= 0.7
2,78.6144,9.8216,139.00,149.00,154.15,171.42,0.1613,0,correlation 0.16 <= 0.7
2,78.5605,9.7985,123.00,175.00,153.32,163.92,0.6800,0,correlation 0.68 <= 0.7
2,78.5552,9.8653,121.00,121.00,152.70,163.34,0.7423,0,centroids differ by 10.6 km
2,78.5841,9.8219,121.00,133.00,153.76,164.75,0.6430,0,correlation 0.64 <= 0.7
2,78.5930,9.8462,133.00,131.00,153.71,165.41,0.5825,0,correlation 0.58 <= 0.7
2,78.5979,9.8231,135.00,151.00,153.95,166.73,0.3985,0,correlation 0.40 <= 0.7
2,78.5873,9.7904,133.00,135.00,154.07,165.62,0.4963,0,correlation 0.50 <= 0.7
2,78.6255,9.7732,143.00,165.00,154.79,176.34,0.0022,0,correlation 0.00 <= 0.7
2,78.5917,9.7710,135.00,139.00,154.32,166.65,0.3395,0,correlation 0.34 <= 0.7
2,78.5615,9.9115,121.00,117.00,152.53,163.02,0.7431,0,centroids differ by 10.5 km
2,78.6012,9.8632,135.00,147.00,153.60,166.49,0.4652,0,correlation 0.47 <= 0.7
2,78.5538,9.8722,121.00,120.00,152.62,163.29,0.7549,0,centroids differ by 10.7 km
2,78.6237,9.8665,141.00,157.00,154.05,173.00,0.1698,0,correlation 0.17 <= 0.7
2,78.6254,9.8940,141.00,153.00,153.89,172.63,0.2052,0,correlation 0.21 <= 0.7
2,78.6005,9.8177,135.00,149.00,154.01,167.42,0.3324,0,correlation 0.33 <= 0.7
2,78.6215,9.8780,141.00,145.00,153.90,171.89,0.2109,0,correlation 0.21 <= 0.7
2,78.6121,9.8569,139.00,147.00,153.83,169.51,0.2669,0,correlation 0.27 <= 0.7
2,78.6170,9.8738,141.00,145.00,153.82,170.55,0.2471,0,correlation 0.25 <= 0.7
2,78.6060,9.8796,136.00,145.00,153.52,167.15,0.4241,0,correlation 0.42 <= 0.7
2,78.6060,9.8950,135.00,143.00,153.40,166.76,0.4738,0,correlation 0.47 <= 0.7
2,78.6151,9.8134,139.00,151.00,154.23,171.92,0.1383,0,correlation 0.14 <= 0.7
2,78.6058,9.8890,135.00,143.00,153.44,166.87,0.4578,0,correlation 0.46 <= 0.7
2,78.4462,9.8212,124.00,193.00,149.64,173.63,-0.2393,0,correlation -0.24 <= 0.7
2,78.4447,9.7736,127.00,197.00,150.01,173.40,-0.2023,0,correlation -0.20 <= 0.7
2,78.4526,9.8277,123.00,191.00,149.79,172.70,-0.1627,0,correlation -0.16 <= 0.7
2,78.5187,9.7719,125.00,137.00,152.27,163.35,0.8643,0,centroids differ by 11.1 km
2,78.4674,9.8007,123.00,129.00,150.50,169.25,0.1068,0,correlation 0.11 <= 0.7
2,78.4532,9.7626,125.00,145.00,150.34,171.70,-0.0639,0,correlation -0.06 <= 0.7
2,78.5191,9.7433,125.00,145.00,152.47,163.64,0.8393,0,centroids differ by 11.2 km
2,78.5007,9.6974,128.00,137.00,152.24,163.13,0.9065,0,centroids differ by 10.9 km
2,78.4625,9.7588,123.00,131.00,150.66,169.54,0.0946,0,correlation 0.09 <= 0.7
2,78.5058,9.7224,125.00,122.65,152.22,163.14,0.8915,0,centroids differ by 10.9 km
2,78.5209,9.7590,125.00,137.00,152.42,163.59,0.8463,0,centroids differ by 11.2 km
2,78.4571,9.8378,123.00,207.00,149.86,172.09,-0.1122,0,correlation -0.11 <= 0.7
2,78.4675,9.8041,123.00,129.00,150.48,169.30,0.1016,0,correlation 0.10 <= 0.7
2,78.5288,9.7644,123.00,157.00,152.60,163.91,0.8061,0,centroids differ by 11.3 km
2,78.5207,9.7162,125.00,147.00,152.70,163.96,0.7864,0,centroids differ by 11.3 km
2,78.4831,9.7896,125.00,130.00,151.09,165.47,0.5726,0,correlation 0.57 <= 0.7
2,78.5323,9.7079,121.00,129.00,153.07,164.31,0.7230,0,centroids differ by 11.2 km
2,78.4715,9.8411,123.00,127.00,150.35,169.11,0.1091,0,correlation 0.11 <= 0.7
2,78.4911,9.7147,125.00,105.00,151.86,163.42,0.9319,0,centroids differ by 11.6 km
2,78.4976,9.7779,123.00,125.00,151.59,163.37,0.8958,0,centroids differ by 11.8 km
2,78.4440,9.8178,124.00,195.00,149.61,173.93,-0.2617,0,correlation -0.26 <= 0.7
2,78.5138,9.7062,125.00,141.00,152.56,163.67,0.8338,0,centroids differ by 11.1 km
2,78.4781,9.7920,125.00,130.00,150.93,166.55,0.3796,0,correlation 0.38 <= 0.7
2,78.4825,9.7675,125.00,129.00,151.24,165.19,0.6430,0,correlation 0.64 <= 0.7
2,78.4380,9.7796,127.00,199.00,149.78,174.46,-0.2902,0,correlation -0.29 <= 0.7
2,78.4611,9.7652,123.00,131.00,150.57,170.00,0.0588,0,correlation 0.06 <= 0.7
2,78.5246,9.8031,121.00,133.00,152.22,163.39,0.8595,0,centroids differ by 11.2 km
2,78.4478,9.6997,126.00,137.00,150.70,171.73,-0.0458,0,correlation -0.05 <= 0.7
2,78.4977,9.7429,123.00,125.00,151.84,163.19,0.9032,0,centroids differ by 11.4 km
2,78.4970,9.7861,123.00,125.00,151.50,163.47,0.8986,0,centroids differ by 12.0 km
2,78.5306,9.7004,123.00,129.00,153.07,164.34,0.7206,0,centroids differ by 11.3 km
2,78.4889,9.7136,127.00,129.00,151.82,163.58,0.9306,0,centroids differ by 11.8 km
2,78.4658,9.8144,123.00,129.00,150.34,169.90,0.0567,0,correlation 0.06 <= 0.7
2,78.5096,9.7671,123.00,133.00,152.02,163.05,0.8725,0,NYA peak not clear against upper and lower means
2,78.4858,9.7743,125.00,129.00,151.28,164.74,0.7406,0,centroids differ by 13.5 km
2,78.5063,9.7617,125.00,123.00,151.97,163.04,0.8737,0,centroids differ by 11.1 km
2,78.3403,7.1974,183.00,185.00,164.32,176.15,0.2612,0,correlation 0.26 <= 0.7
2,78.3390,7.1543,182.00,185.00,164.32,176.24,0.2526,0,correlation 0.25 <= 0.7
2,78.3848,7.1775,129.00,173.00,163.69,171.81,0.6114,0,correlation 0.61 <= 0.7
2,78.4168,7.2759,117.00,160.00,162.91,166.79,0.7829,0,centroids differ by 3.9 km
2,78.3838,7.1397,131.00,173.00,164.10,171.77,0.6321,0,correlation 0.63 <= 0.7
2,78.4189,7.2570,130.00,159.00,163.19,166.08,0.8077,0,centroids differ by 2.9 km
2,78.3997,7.1999,133.00,163.00,162.69,169.54,0.6673,0,correlation 0.67 <= 0.7
2,78.4026,7.1934,133.00,163.00,162.72,168.95,0.6941,0,correlation 0.69 <= 0.7
2,78.3598,7.2596,183.00,181.00,164.76,174.75,0.4583,0,correlation 0.46 <= 0.7
2,78.3359,7.2454,180.00,185.00,163.80,176.43,0.2103,0,correlation 0.21 <= 0.7
2,78.3627,7.2571,183.00,181.00,164.67,174.51,0.4797,0,correlation 0.48 <= 0.7
2,78.3373,7.2352,180.27,185.00,163.94,176.34,0.2242,0,correlation 0.22 <= 0.7
2,78.3799,7.2064,127.00,175.00,163.79,172.59,0.5751,0,correlation 0.58 <= 0.7
2,78.3753,7.2235,127.00,175.00,164.02,173.20,0.5498,0,correlation 0.55 <= 0.7
2,78.4045,7.1798,122.43,164.00,162.83,168.44,0.7186,0,centroids differ by 5.6 km
2,78.4018,7.2062,133.00,163.00,162.63,169.20,0.6784,0,correlation 0.68 <= 0.7
2,78.3356,7.2637,180.00,185.00,163.71,176.44,0.2041,0,correlation 0.20 <= 0.7
2,78.3730,7.2305,183.00,175.00,164.15,173.45,0.5391,0,correlation 0.54 <= 0.7
2,78.4303,7.2293,129.00,127.00,164.38,162.84,0.8042,0,centroids differ by 1.5 km
2,78.3350,7.2441,180.00,185.00,163.71,176.50,0.2019,0,correlation 0.20 <= 0.7
2,78.3856,7.2040,131.00,173.00,163.36,171.81,0.5952,0,correlation 0.60 <= 0.7
2,78.3766,7.2700,127.00,173.00,163.46,173.17,0.5242,0,correlation 0.52 <= 0.7
2,78.4087,7.2419,117.00,161.00,162.52,168.17,0.7157,0,centroids differ by 5.7 km
2,78.3668,7.2177,183.00,177.00,164.74,174.05,0.5195,0,correlation 0.52 <= 0.7
2,78.3961,7.2761,123.00,159.00,162.11,170.68,0.5809,0,correlation 0.58 <= 0.7
2,78.3702,7.2569,183.00,175.00,164.15,173.80,0.5150,0,correlation 0.52 <= 0.7
2,78.3944,7.2556,123.00,169.00,162.34,170.82,0.5884,0,correlation 0.59 <= 0.7
2,78.3648,7.1638,185.00,179.00,165.25,174.16,0.5242,0,correlation 0.52 <= 0.7
2,78.3665,7.1392,185.00,179.00,165.35,173.95,0.5431,0,correlation 0.54 <= 0.7
2,78.3956,7.1886,133.00,165.00,162.92,170.18,0.6513,0,correlation 0.65 <= 0.7
2,78.4053,7.2061,123.00,163.00,162.65,168.53,0.7075,0,centroids differ by 5.9 km
2,78.3732,7.2633,183.00,175.00,163.83,173.51,0.5212,0,correlation 0.52 <= 0.7
2,78.3660,7.2359,183.00,175.00,164.65,174.17,0.5073,0,correlation 0.51 <= 0.7
2,78.3817,7.1311,131.00,175.00,164.35,172.04,0.6278,0,correlation 0.63 <= 0.7
2,78.3675,7.1817,183.00,177.00,164.98,173.93,0.5362,0,correlation 0.54 <= 0.7
2,78.3489,7.2184,185.00,183.00,164.91,175.53,0.3615,0,correlation 0.36 <= 0.7
2,78.3694,6.8891,191.00,175.00,166.87,172.66,0.6342,0,correlation 0.63 <= 0.7
2,78.3940,6.8861,133.00,139.00,165.61,167.92,0.8226,0,centroids differ by 2.3 km
2,78.3404,6.8361,187.00,191.00,165.22,176.01,0.3128,0,correlation 0.31 <= 0.7
2,78.3498,6.8148,191.00,189.00,166.13,174.95,0.4000,0,correlation 0.40 <= 0.7
2,78.3567,6.7608,195.00,181.00,166.87,173.86,0.4940,0,correlation 0.49 <= 0.7
2,78.3631,6.8385,193.00,177.00,167.03,173.35,0.5654,0,correlation 0.57 <= 0.7
2,78.4141,6.7657,131.00,139.00,165.79,162.16,0.7924,0,centroids differ by 3.6 km
2,78.4268,6.8105,122.00,137.00,165.93,159.66,0.7069,0,centroids differ by 6.3 km
2,78.3298,6.7514,187.00,195.00,164.56,176.82,0.2995,0,correlation 0.30 <= 0.7
2,78.3691,6.7623,193.00,180.00,167.53,172.01,0.6460,0,correlation 0.65 <= 0.7
2,78.3718,6.7677,193.00,179.75,167.52,171.57,0.6762,0,correlation 0.68 <= 0.7
2,78.3846,6.7421,193.00,143.00,167.33,168.70,0.7899,0,centroids differ by 1.4 km
2,78.3902,6.8137,133.00,141.00,166.45,168.11,0.8206,0,centroids differ by 1.7 km
2,78.4276,6.7981,122.87,137.00,166.05,159.39,0.6920,0,correlation 0.69 <= 0.7
2,78.3465,6.8289,189.00,190.00,165.80,175.37,0.3635,0,correlation 0.36 <= 0.7
2,78.3550,6.8765,191.00,187.00,166.44,174.55,0.4545,0,correlation 0.45 <= 0.7
2,78.3400,6.7780,187.00,193.00,165.32,175.92,0.3253,0,correlation 0.33 <= 0.7
2,78.3717,6.8358,191.00,177.00,167.16,172.03,0.6680,0,correlation 0.67 <= 0.7
2,78.3489,6.7915,190.00,189.00,166.10,174.98,0.3951,0,correlation 0.40 <= 0.7
2,78.4084,6.8397,129.00,136.00,165.34,164.05,0.8325,0,centroids differ by 1.3 km
2,78.3635,6.7877,193.00,179.00,167.25,173.05,0.5767,0,correlation 0.58 <= 0.7
2,78.3328,6.8012,187.00,193.00,164.66,176.63,0.2867,0,correlation 0.29 <= 0.7
2,78.3951,6.8583,133.00,139.00,165.78,167.39,0.8329,0,centroids differ by 1.6 km
2,78.3771,6.8152,191.00,175.00,167.16,170.93,0.7280,0,centroids differ by 3.8 km
2,78.3707,6.7569,193.00,180.00,167.57,171.68,0.6648,0,correlation 0.66 <= 0.7
2,78.4021,6.7816,139.00,138.00,166.03,165.03,0.8377,0,centroids differ by 1.0 km
2,78.4272,6.8835,122.00,135.00,165.60,160.11,0.7358,0,centroids differ by 5.5 km
2,78.4176,6.7410,131.00,139.00,165.98,161.19,0.7589,0,centroids differ by 4.8 km
2,78.3537,6.7527,193.00,181.00,166.63,174.23,0.4579,0,correlation 0.46 <= 0.7
2,78.4260,6.7457,125.00,139.00,166.21,159.40,0.6822,0,correlation 0.68 <= 0.7
2,78.3369,6.8308,187.00,191.00,164.91,176.31,0.2913,0,correlation 0.29 <= 0.7
2,78.3366,6.7989,187.00,193.00,164.98,176.29,0.3025,0,correlation 0.30 <= 0.7
2,78.3331,6.8053,187.00,193.00,164.67,176.61,0.2863,0,correlation 0.29 <= 0.7
2,78.4210,6.8495,123.00,137.00,165.42,161.23,0.7733,0,centroids differ by 4.2 km
2,78.3324,6.7675,187.00,193.00,164.71,176.62,0.2977,0,correlation 0.30 <= 0.7
2,78.3473,6.8171,189.00,189.00,165.90,175.25,0.3726,0,correlation 0.37 <= 0.7
2,78.4468,7.5078,129.00,121.00,162.80,162.87,0.7072,1,
2,78.4971,7.4989,141.00,115.00,164.63,153.00,0.1489,0,correlation 0.15 <= 0.7
2,78.4313,7.4591,127.00,152.00,163.12,165.85,0.7708,0,centroids differ by 2.7 km
2,78.4988,7.4768,143.00,115.00,164.90,152.58,0.1275,0,correlation 0.13 <= 0.7
2,78.5086,7.5767,147.00,113.00,166.06,152.79,-0.1908,0,correlation -0.19 <= 0.7
2,78.4848,7.5241,140.00,115.00,163.45,154.93,0.3318,0,correlation 0.33 <= 0.7
2,78.4477,7.5834,129.00,147.00,162.12,163.94,0.6852,0,correlation 0.69 <= 0.7
2,78.5003,7.5419,141.00,113.00,164.90,153.14,0.0553,0,correlation 0.06 <= 0.7
2,78.4226,7.5747,125.00,149.00,161.89,168.78,0.6262,0,correlation 0.63 <= 0.7
2,78.4760,7.5848,111.00,115.00,162.60,157.22,0.4228,0,correlation 0.42 <= 0.7
2,78.4174,7.5471,125.00,157.00,161.64,169.36,0.6005,0,correlation 0.60 <= 0.7
2,78.5113,7.4637,145.00,113.00,166.55,151.68,-0.1423,0,correlation -0.14 <= 0.7
2,78.4116,7.5524,128.00,159.00,161.08,170.21,0.5323,0,correlation 0.53 <= 0.7
2,78.4835,7.5203,140.00,117.00,163.39,155.10,0.3488,0,correlation 0.35 <= 0.7
2,78.4813,7.5748,139.00,115.00,162.94,156.12,0.3669,0,correlation 0.37 <= 0.7
2,78.4115,7.5342,125.00,159.00,161.16,170.10,0.5441,0,correlation 0.54 <= 0.7
2,78.4640,7.5629,119.31,115.00,162.40,159.54,0.5428,0,correlation 0.54 <= 0.7
2,78.4721,7.4769,119.00,117.00,163.23,156.51,0.4578,0,correlation 0.46 <= 0.7
2,78.4130,7.5553,123.00,159.00,161.20,170.03,0.5476,0,correlation 0.55 <= 0.7
2,78.4121,7.5360,125.00,159.00,161.21,170.04,0.5495,0,correlation 0.55 <= 0.7
2,78.4287,7.4927,127.00,153.00,162.76,166.83,0.7400,0,centroids differ by 4.1 km
2,78.4632,7.4766,175.00,119.00,163.08,158.32,0.5398,0,correlation 0.54 <= 0.7
2,78.4559,7.5720,173.00,117.00,162.22,161.74,0.6253,0,correlation 0.63 <= 0.7
2,78.5075,7.5029,144.31,113.00,165.95,152.14,-0.0874,0,correlation -0.09 <= 0.7
2,78.4763,7.4988,111.00,117.00,163.19,156.01,0.4231,0,correlation 0.42 <= 0.7
2,78.4611,7.5842,176.59,115.00,162.18,160.65,0.5731,0,correlation 0.57 <= 0.7
2,78.5077,7.5205,148.00,113.00,165.96,152.28,-0.1098,0,correlation -0.11 <= 0.7
2,78.4151,7.5178,125.00,159.00,161.59,169.47,0.5982,0,correlation 0.60 <= 0.7
2,78.4260,7.5296,125.00,151.00,162.37,167.77,0.6927,0,correlation 0.69 <= 0.7
2,78.4600,7.5483,175.00,116.00,162.45,160.27,0.5835,0,correlation 0.58 <= 0.7
2,78.4305,7.5010,127.00,152.00,162.78,166.57,0.7421,0,centroids differ by 3.8 km
2,78.4678,7.4659,181.00,119.00,163.24,157.20,0.4933,0,correlation 0.49 <= 0.7
2,78.4813,7.5830,138.00,115.00,162.89,156.24,0.3661,0,correlation 0.37 <= 0.7
2,78.4351,7.5881,133.00,149.00,162.15,166.77,0.6865,0,correlation 0.69 <= 0.7
2,78.4285,7.4683,127.00,153.00,162.91,166.57,0.7566,0,centroids differ by 3.7 km
2,78.4858,7.5008,140.00,117.00,163.64,154.51,0.3226,0,correlation 0.32 <= 0.7
2,78.5736,10.7883,109.00,129.00,146.21,163.84,0.6060,0,correlation 0.61 <= 0.7
2,78.5682,10.7851,107.00,131.00,146.07,164.54,0.4656,0,correlation 0.47 <= 0.7
2,78.6200,10.8734,119.00,91.00,147.71,157.48,0.6909,0,correlation 0.69 <= 0.7
2,78.6077,10.8151,115.00,103.00,147.24,158.47,0.6920,0,correlation 0.69 <= 0.7
2,78.6365,10.8504,121.00,80.00,148.83,158.92,0.6660,0,correlation 0.67 <= 0.7
2,78.6221,10.8070,121.00,80.00,148.01,158.49,0.7200,0,NYA peak not clear against upper and lower means
2,78.5911,10.8354,113.00,99.00,146.54,161.02,0.6501,0,correlation 0.65 <= 0.7
2,78.6319,10.8955,119.00,89.00,148.43,158.30,0.7375,0,NYA peak not clear against upper and lower means
2,78.5764,10.8900,109.00,121.00,145.68,163.68,0.6300,0,correlation 0.63 <= 0.7
2,78.5662,10.8062,106.33,131.00,145.86,164.86,0.3749,0,correlation 0.37 <= 0.7
2,78.5694,10.8102,109.00,129.00,145.94,164.52,0.4771,0,correlation 0.48 <= 0.7
2,78.6245,10.8395,121.00,95.00,148.08,158.29,0.7260,0,NYA peak not clear against upper and lower means
2,78.5463,10.8918,103.00,123.00,144.71,163.86,0.5762,0,correlation 0.58 <= 0.7
2,78.5836,10.7929,111.00,105.00,146.52,162.22,0.6660,0,correlation 0.67 <= 0.7
2,78.6137,10.8265,119.00,95.00,147.48,158.03,0.6849,0,correlation 0.68 <= 0.7
2,78.6238,10.8226,121.00,80.00,148.08,158.44,0.7288,0,NYA peak not clear against upper and lower means
2,78.5914,10.7638,125.00,100.04,146.96,160.80,0.7000,0,centroids differ by 13.8 km
2,78.5612,10.7792,105.00,135.00,145.89,165.21,0.2139,0,correlation 0.21 <= 0.7
2,78.6449,10.7532,123.00,88.00,149.61,159.60,0.4229,0,correlation 0.42 <= 0.7
2,78.5882,10.8894,111.00,117.00,146.11,161.89,0.6422,0,correlation 0.64 <= 0.7
2,78.6122,10.7849,119.00,99.00,147.59,158.51,0.6756,0,correlation 0.68 <= 0.7
2,78.6333,10.7674,123.00,80.00,148.84,158.05,0.5890,0,correlation 0.59 <= 0.7
2,78.5538,10.8032,123.00,133.00,145.53,165.37,0.0952,0,correlation 0.10 <= 0.7
2,78.6206,10.7812,119.00,80.00,148.01,158.61,0.7100,0,NYA peak not clear against upper and lower means
2,78.6343,10.8057,121.00,80.00,148.81,158.46,0.6233,0,correlation 0.62 <= 0.7
2,78.5632,10.8021,105.00,131.00,145.80,165.10,0.2816,0,correlation 0.28 <= 0.7
2,78.6066,10.7907,115.00,105.00,147.33,158.73,0.6875,0,correlation 0.69 <= 0.7
2,78.6308,10.7647,121.00,80.00,148.68,158.01,0.6179,0,correlation 0.62 <= 0.7
2,78.6073,10.7621,115.00,101.00,147.53,158.90,0.6694,0,correlation 0.67 <= 0.7
2,78.5689,10.7989,107.00,131.00,146.00,164.53,0.4732,0,correlation 0.47 <= 0.7
2,78.6451,10.7783,122.00,83.00,149.56,159.55,0.4151,0,correlation 0.42 <= 0.7
2,78.5491,10.7934,121.00,135.00,145.55,165.45,0.0189,0,correlation 0.02 <= 0.7
2,78.5758,10.8546,109.00,123.00,145.87,163.87,0.5995,0,correlation 0.60 <= 0.7
2,78.6399,10.7602,123.00,82.00,149.27,158.71,0.5059,0,correlation 0.51 <= 0.7
2,78.5519,10.8339,104.00,131.00,145.26,164.93,0.1919,0,correlation 0.19 <= 0.7
2,78.5781,10.8966,111.00,119.00,145.71,163.46,0.6464,0,correlation 0.65 <= 0.7
2,78.5426,10.1685,125.00,101.00,150.20,163.11,0.3866,0,correlation 0.39 <= 0.7
2,78.4995,10.1929,113.00,163.00,148.78,168.70,0.0551,0,correlation 0.06 <= 0.7
2,78.5425,10.2179,115.00,99.00,149.83,163.32,0.4816,0,correlation 0.48 <= 0.7
2,78.5501,10.2224,125.00,97.00,150.01,162.98,0.3245,0,correlation 0.32 <= 0.7
2,78.5495,10.2104,125.00,99.00,150.07,162.96,0.3286,0,correlation 0.33 <= 0.7
2,78.4995,10.1560,113.00,159.00,149.03,168.32,0.1019,0,correlation 0.10 <= 0.7
2,78.5530,10.1751,125.00,80.00,150.40,162.54,0.4337,0,correlation 0.43 <= 0.7
2,78.5625,10.1234,127.00,127.65,150.99,161.87,0.7725,0,NYA peak not clear against upper and lower means
2,78.4966,10.2241,111.00,163.00,148.49,169.42,-0.0115,0,correlation -0.01 <= 0.7
2,78.5298,10.1203,117.00,107.00,150.21,163.55,0.6298,0,correlation 0.63 <= 0.7
2,78.5432,10.1765,125.00,101.00,150.15,163.11,0.3839,0,correlation 0.38 <= 0.7
2,78.5110,10.2323,113.00,151.00,148.89,167.28,0.1351,0,correlation 0.14 <= 0.7
2,78.4933,10.2090,111.00,165.00,148.50,169.79,-0.0288,0,correlation -0.03 <= 0.7
2,78.5068,10.2374,111.00,155.00,148.71,168.00,0.0800,0,correlation 0.08 <= 0.7
2,78.5501,10.1590,115.00,99.00,150.43,162.64,0.4298,0,correlation 0.43 <= 0.7
2,78.5222,10.1864,115.00,103.00,149.56,164.94,0.4674,0,correlation 0.47 <= 0.7
2,78.5045,10.1180,113.00,119.00,149.44,166.89,0.2187,0,correlation 0.22 <= 0.7
2,78.5343,10.1868,115.00,103.00,149.85,163.68,0.6287,0,correlation 0.63 <= 0.7
2,78.5670,10.1761,127.00,121.00,150.57,161.55,0.7321,0,NYA peak not clear against upper and lower means
2,78.5459,10.1998,115.00,99.00,150.05,163.08,0.3615,0,correlation 0.36 <= 0.7
2,78.5226,10.2310,115.00,111.00,149.26,165.38,0.3309,0,correlation 0.33 <= 0.7
2,78.5048,10.1975,113.00,155.00,148.90,167.90,0.1090,0,correlation 0.11 <= 0.7
2,78.4840,10.1218,117.00,173.00,148.82,170.48,-0.0422,0,correlation -0.04 <= 0.7
2,78.5703,10.1254,129.00,129.00,151.04,161.60,0.7665,0,centroids differ by 10.6 km
2,78.5011,10.1752,113.00,157.00,148.94,168.26,0.0965,0,correlation 0.10 <= 0.7
2,78.5345,10.2245,115.00,101.00,149.60,163.91,0.6310,0,correlation 0.63 <= 0.7
2,78.5763,10.1838,129.00,123.00,150.55,161.06,0.7441,0,NYA peak not clear against upper and lower means
2,78.5309,10.2439,115.00,99.00,149.38,164.42,0.5391,0,correlation 0.54 <= 0.7
2,78.5508,10.1328,117.00,83.00,150.63,162.45,0.5344,0,correlation 0.53 <= 0.7
2,78.4858,10.1476,117.00,171.00,148.71,170.40,-0.0462,0,correlation -0.05 <= 0.7
2,78.5481,10.1430,117.00,83.00,150.50,162.68,0.4427,0,correlation 0.44 <= 0.7
2,78.5143,10.2431,113.00,149.00,148.93,166.86,0.1608,0,correlation 0.16 <= 0.7
2,78.5661,10.2226,127.00,101.00,150.15,161.72,0.5975,0,correlation 0.60 <= 0.7
2,78.5019,10.2312,111.00,161.00,148.60,168.68,0.0358,0,correlation 0.04 <= 0.7
2,78.4940,10.1519,115.00,167.00,148.91,169.16,0.0427,0,correlation 0.04 <= 0.7
2,78.5220,10.1174,117.00,107.00,149.99,164.23,0.7411,0,centroids differ by 14.2 km
2,78.4657,7.2175,135.00,125.00,165.23,154.81,0.4474,0,correlation 0.45 <= 0.7
2,78.3990,7.1932,133.00,163.00,162.76,169.62,0.6679,0,correlation 0.67 <= 0.7
2,78.4262,7.1907,129.00,129.00,164.19,163.41,0.8245,1,
2,78.4554,7.2230,139.00,125.00,165.26,156.80,0.5392,0,correlation 0.54 <= 0.7
2,78.4273,7.1276,131.00,128.00,164.56,162.33,0.8063,0,centroids differ by 2.2 km
2,78.3866,7.2246,131.00,171.00,163.09,171.79,0.5834,0,correlation 0.58 <= 0.7
2,78.4580,7.2237,133.00,125.00,165.23,156.30,0.5172,0,correlation 0.52 <= 0.7
2,78.4036,7.2038,123.00,163.00,162.65,168.84,0.6947,0,correlation 0.69 <= 0.7
2,78.4470,7.2133,131.00,125.00,165.33,158.54,0.6181,0,correlation 0.62 <= 0.7
2,78.4051,7.1919,123.00,163.00,162.75,168.44,0.7155,0,centroids differ by 5.7 km
2,78.4312,7.2527,129.00,127.00,164.34,162.92,0.8009,0,centroids differ by 1.4 km
2,78.4330,7.2088,129.00,126.00,164.70,161.89,0.7759,0,centroids differ by 2.8 km
2,78.3991,7.1211,125.00,166.00,163.36,169.01,0.7218,0,centroids differ by 5.6 km
2,78.4063,7.2651,115.00,161.00,162.27,168.85,0.6747,0,correlation 0.67 <= 0.7
2,78.4721,7.2224,121.00,123.00,165.22,153.79,0.3981,0,correlation 0.40 <= 0.7
2,78.3963,7.1323,133.00,165.00,163.38,169.67,0.6968,0,correlation 0.70 <= 0.7
2,78.3989,7.1945,133.00,163.00,162.75,169.64,0.6664,0,correlation 0.67 <= 0.7
2,78.4312,7.2415,129.00,127.00,164.39,162.79,0.7999,0,centroids differ by 1.6 km
2,78.4112,7.1905,119.00,162.00,162.97,167.07,0.7720,0,centroids differ by 4.1 km
2,78.4339,7.1691,131.00,127.00,164.98,161.16,0.7544,0,centroids differ by 3.8 km
2,78.4754,7.2674,181.00,123.00,164.90,153.67,0.3893,0,correlation 0.39 <= 0.7
2,78.4614,7.1632,135.00,127.00,165.71,155.14,0.4586,0,correlation 0.46 <= 0.7
2,78.3923,7.2046,125.00,163.00,162.92,170.83,0.6213,0,correlation 0.62 <= 0.7
2,78.4700,7.1379,137.00,125.00,165.89,153.55,0.3841,0,correlation 0.38 <= 0.7
2,78.4052,7.1697,122.96,164.00,162.91,168.20,0.7311,0,centroids differ by 5.3 km
2,78.4221,7.1882,118.39,129.00,163.80,164.43,0.8334,1,
2,78.4468,7.2477,131.00,125.00,165.06,158.94,0.6326,0,correlation 0.63 <= 0.7
2,78.4568,7.1777,133.00,127.00,165.63,156.12,0.5072,0,correlation 0.51 <= 0.7
2,78.4485,7.2311,131.00,125.00,165.21,158.37,0.6082,0,correlation 0.61 <= 0.7
2,78.4239,7.2348,129.00,129.00,163.78,164.57,0.8312,1,
2,78.4642,7.2163,135.00,125.00,165.25,155.08,0.4604,0,correlation 0.46 <= 0.7
2,78.4530,7.2587,133.00,125.00,164.96,157.67,0.5770,0,correlation 0.58 <= 0.7
2,78.4072,7.2269,117.00,162.00,162.55,168.34,0.7097,0,centroids differ by 5.8 km
2,78.4763,7.1915,183.00,123.00,165.50,152.97,0.3630,0,correlation 0.36 <= 0.7
2,78.4452,7.2060,131.00,125.00,165.34,158.88,0.6356,0,correlation 0.64 <= 0.7
2,78.4695,7.2257,135.00,123.00,165.18,154.25,0.4202,0,correlation 0.42 <= 0.7
2,78.4109,6.5643,141.00,143.00,167.34,161.64,0.7173,0,centroids differ by 5.7 km
2,78.4382,6.5346,126.00,143.00,167.97,156.27,0.4669,0,correlation 0.47 <= 0.7
2,78.4343,6.5455,125.66,143.00,167.67,156.92,0.5017,0,correlation 0.50 <= 0.7
2,78.3698,6.5556,199.00,149.00,168.34,170.31,0.6048,0,correlation 0.60 <= 0.7
2,78.4283,6.5753,130.97,143.00,167.23,158.04,0.5635,0,correlation 0.56 <= 0.7
2,78.3996,6.5389,137.00,145.00,168.03,163.95,0.7369,0,centroids differ by 4.1 km
2,78.3612,6.5313,199.00,187.00,167.74,171.82,0.5330,0,correlation 0.53 <= 0.7
2,78.4298,6.6074,127.00,141.00,167.13,157.88,0.5654,0,correlation 0.57 <= 0.7
2,78.4393,6.5635,126.00,141.00,167.93,156.15,0.4681,0,correlation 0.47 <= 0.7
2,78.4070,6.5681,141.00,143.00,167.46,162.49,0.7406,0,centroids differ by 5.0 km
2,78.3959,6.6011,137.00,145.00,167.77,165.10,0.7755,0,centroids differ by 2.7 km
2,78.3456,6.5503,193.00,189.00,166.33,174.44,0.4443,0,correlation 0.44 <= 0.7
2,78.3885,6.5860,197.00,144.00,168.22,166.56,0.7424,0,centroids differ by 1.7 km
2,78.3667,6.6032,197.00,183.00,168.02,171.29,0.5989,0,correlation 0.60 <= 0.7
2,78.4324,6.5752,126.00,141.00,167.42,157.30,0.5274,0,correlation 0.53 <= 0.7
2,78.4076,6.5741,141.00,143.00,167.40,162.41,0.7420,0,centroids differ by 5.0 km
2,78.3563,6.5592,197.00,185.00,167.23,172.87,0.5042,0,correlation 0.50 <= 0.7
2,78.3946,6.6057,137.00,145.00,167.80,165.41,0.7755,0,centroids differ by 2.4 km
2,78.4333,6.5941,127.00,141.00,167.38,157.19,0.5277,0,correlation 0.53 <= 0.7
2,78.3887,6.5010,199.00,147.00,168.74,166.04,0.6806,0,correlation 0.68 <= 0.7
2,78.3522,6.6161,193.00,185.00,166.75,173.84,0.4674,0,correlation 0.47 <= 0.7
2,78.3828,6.5228,199.00,147.00,168.73,167.37,0.6658,0,correlation 0.67 <= 0.7
2,78.3699,6.4848,201.00,151.00,168.54,169.80,0.5610,0,correlation 0.56 <= 0.7
2,78.3521,6.5841,194.00,187.00,166.81,173.69,0.4732,0,correlation 0.47 <= 0.7
2,78.4090,6.5443,141.00,145.00,167.55,161.93,0.7148,0,centroids differ by 5.6 km
2,78.4312,6.5064,127.00,143.00,167.72,157.34,0.5096,0,correlation 0.51 <= 0.7
2,78.4423,6.5648,127.00,141.00,168.18,155.71,0.4413,0,correlation 0.44 <= 0.7
2,78.3516,6.5936,193.93,187.00,166.74,173.82,0.4673,0,correlation 0.47 <= 0.7
2,78.4142,6.5470,143.00,145.00,167.36,160.82,0.6818,0,correlation 0.68 <= 0.7
2,78.4075,6.5615,141.00,145.00,167.49,162.35,0.7342,0,centroids differ by 5.1 km
2,78.3877,6.5396,197.00,147.00,168.53,166.46,0.7062,0,centroids differ by 2.1 km
2,78.3982,6.6223,136.76,143.00,167.48,164.73,0.7881,0,centroids differ by 2.8 km
2,78.3853,6.4955,199.00,146.00,168.84,166.72,0.6576,0,correlation 0.66 <= 0.7
2,78.4345,6.5109,129.00,143.00,167.85,156.82,0.4878,0,correlation 0.49 <= 0.7
2,78.4083,6.5574,141.00,145.00,167.49,162.15,0.7276,0,centroids differ by 5.3 km
2,78.4052,6.5420,141.00,145.00,167.74,162.74,0.7302,0,centroids differ by 5.0 km
2,78.5412,9.8505,122.00,119.00,152.41,163.44,0.8173,0,centroids differ by 11.0 km
2,78.5081,9.9224,121.00,117.00,150.94,163.65,0.8467,0,centroids differ by 12.7 km
2,78.5420,9.9051,121.00,143.87,152.06,163.08,0.8447,0,centroids differ by 11.0 km
2,78.5138,9.8339,123.00,119.00,151.72,162.97,0.8094,0,NYA peak not clear against upper and lower means
2,78.4753,9.8276,125.00,125.00,150.57,167.91,0.2078,0,correlation 0.21 <= 0.7
2,78.5461,9.8332,121.00,121.00,152.69,163.54,0.7713,0,centroids differ by 10.8 km
2,78.4802,9.9307,121.00,133.00,149.96,168.79,0.1137,0,correlation 0.11 <= 0.7
2,78.4701,9.9383,123.00,179.00,149.61,170.94,-0.0372,0,correlation -0.04 <= 0.7
2,78.5445,9.8076,121.00,123.00,152.81,163.72,0.7615,0,centroids differ by 10.9 km
2,78.5096,9.9423,121.00,117.00,150.83,163.69,0.8427,0,centroids differ by 12.9 km
2,78.5160,9.8659,122.00,117.00,151.56,162.94,0.7756,0,NYA peak not clear against upper and lower means
2,78.4717,9.9174,123.00,199.00,149.80,170.37,0.0080,0,correlation 0.01 <= 0.7
2,78.4959,9.8723,121.00,123.00,150.90,164.59,0.7552,0,centroids differ by 13.7 km
2,78.5301,9.8700,119.00,129.00,151.91,163.05,0.8581,0,centroids differ by 11.1 km
2,78.5376,9.9469,119.00,117.00,151.66,162.72,0.8292,0,NYA peak not clear against upper and lower means
2,78.4849,9.8199,123.00,128.00,150.91,165.67,0.5193,0,correlation 0.52 <= 0.7
2,78.5229,9.9248,118.00,113.00,151.32,162.84,0.7120,0,NYA peak not clear against upper and lower means
2,78.5352,9.9478,119.00,119.00,151.57,162.69,0.8049,0,NYA peak not clear against upper and lower means
2,78.4916,9.8958,121.00,123.00,150.59,165.72,0.4832,0,correlation 0.48 <= 0.7
2,78.4984,9.9047,121.00,122.00,150.75,164.66,0.7374,0,centroids differ by 13.9 km
2,78.5072,9.8429,121.00,99.00,151.45,163.16,0.8157,0,centroids differ by 11.7 km
2,78.5452,9.9441,119.00,145.77,151.88,162.87,0.8477,0,centroids differ by 11.0 km
2,78.4762,9.8271,125.00,125.00,150.60,167.70,0.2287,0,correlation 0.23 <= 0.7
2,78.4681,9.8098,123.00,129.00,150.46,169.26,0.1032,0,correlation 0.10 <= 0.7
2,78.5533,9.8359,121.00,123.00,152.87,163.55,0.7309,0,centroids differ by 10.7 km
2,78.4723,9.9286,123.00,197.00,149.75,170.41,0.0038,0,correlation 0.00 <= 0.7
2,78.5412,9.8663,121.00,149.00,152.30,163.33,0.8275,0,centroids differ by 11.0 km
2,78.4834,9.8321,123.00,129.00,150.77,166.19,0.4178,0,correlation 0.42 <= 0.7
2,78.5287,9.8951,117.00,121.00,151.70,162.86,0.8274,0,NYA peak not clear against upper and lower means
2,78.5484,9.8358,121.00,121.00,152.75,163.53,0.7588,0,centroids differ by 10.8 km
2,78.4667,9.8714,123.00,205.00,149.96,170.72,-0.0100,0,correlation -0.01 <= 0.7
2,78.5360,9.8288,119.00,153.00,152.37,163.55,0.8285,0,centroids differ by 11.2 km
2,78.4894,9.8437,121.00,126.00,150.86,165.23,0.6046,0,correlation 0.60 <= 0.7
2,78.5348,9.8282,119.00,147.00,152.34,163.53,0.8343,0,centroids differ by 11.2 km
2,78.4717,9.8913,123.00,137.00,149.98,169.99,0.0387,0,correlation 0.04 <= 0.7
2,78.5205,9.8321,119.00,127.00,151.91,163.02,0.8510,0,centroids differ by 11.1 km
2,78.5006,7.1714,146.00,119.00,166.28,151.13,0.2173,0,correlation 0.22 <= 0.7
2,78.4903,7.0728,125.00,123.00,166.58,151.49,0.2719,0,correlation 0.27 <= 0.7
2,78.4482,7.1643,131.00,127.00,165.71,157.77,0.5851,0,correlation 0.59 <= 0.7
2,78.4821,7.1366,186.84,123.00,165.99,152.04,0.3181,0,correlation 0.32 <= 0.7
2,78.4537,7.1764,134.00,127.00,165.66,156.72,0.5345,0,correlation 0.53 <= 0.7
2,78.4776,7.0891,123.00,125.00,166.30,152.36,0.3271,0,correlation 0.33 <= 0.7
2,78.4956,7.0578,117.00,121.00,166.80,151.39,0.2496,0,correlation 0.25 <= 0.7
2,78.4648,7.1591,136.00,125.00,165.73,154.51,0.4284,0,correlation 0.43 <= 0.7
2,78.4942,7.1431,125.00,121.00,166.19,151.30,0.2600,0,correlation 0.26 <= 0.7
2,78.4182,7.0887,121.00,131.00,163.96,164.18,0.8323,1,
2,78.4788,7.1581,183.00,125.00,165.78,152.44,0.3384,0,correlation 0.34 <= 0.7
2,78.4382,7.0456,133.00,131.00,165.91,158.93,0.6659,0,correlation 0.67 <= 0.7
2,78.4690,7.1768,135.00,125.00,165.57,153.95,0.4048,0,correlation 0.40 <= 0.7
2,78.4386,7.1307,131.00,129.00,165.50,159.61,0.6881,0,correlation 0.69 <= 0.7
2,78.4178,7.1372,118.00,131.00,163.67,164.86,0.8297,0,centroids differ by 1.2 km
2,78.4930,7.1781,117.00,121.00,165.92,151.35,0.2677,0,correlation 0.27 <= 0.7
2,78.4123,7.1737,118.00,163.00,163.13,166.63,0.7897,0,centroids differ by 3.5 km
2,78.4843,7.1650,121.00,123.00,165.81,151.89,0.3117,0,correlation 0.31 <= 0.7
2,78.4082,7.1691,121.97,164.00,162.99,167.54,0.7575,0,centroids differ by 4.6 km
2,78.5005,7.1533,146.00,119.00,166.38,151.15,0.2199,0,correlation 0.22 <= 0.7
2,78.4460,7.0925,133.00,129.00,166.13,157.61,0.5830,0,correlation 0.58 <= 0.7
2,78.4547,7.1048,133.00,129.00,166.22,155.95,0.4906,0,correlation 0.49 <= 0.7
2,78.4861,7.1314,190.00,123.00,166.08,151.70,0.2977,0,correlation 0.30 <= 0.7
2,78.4496,7.1786,133.00,127.00,165.62,157.61,0.5761,0,correlation 0.58 <= 0.7
2,78.4132,7.1530,118.00,163.00,163.30,166.20,0.8034,0,centroids differ by 2.9 km
2,78.4556,7.0530,135.00,129.00,166.64,155.45,0.4533,0,correlation 0.45 <= 0.7
2,78.4936,7.1299,125.00,121.00,166.26,151.32,0.2622,0,correlation 0.26 <= 0.7
2,78.4512,7.1323,133.00,127.00,165.98,156.87,0.5414,0,correlation 0.54 <= 0.7
2,78.4074,7.0463,124.54,135.00,163.83,166.39,0.8132,0,centroids differ by 2.6 km
2,78.4531,7.0441,133.00,129.00,166.67,155.87,0.4762,0,correlation 0.48 <= 0.7
2,78.4613,7.1155,135.00,127.00,166.12,154.81,0.4346,0,correlation 0.43 <= 0.7
2,78.4824,7.0770,188.00,125.00,166.44,151.91,0.3018,0,correlation 0.30 <= 0.7
2,78.4619,7.1418,135.00,127.00,165.89,154.90,0.4442,0,correlation 0.44 <= 0.7
2,78.4944,7.1685,117.00,121.00,166.03,151.29,0.2598,0,correlation 0.26 <= 0.7
2,78.4202,7.1432,118.00,131.00,163.84,164.35,0.8333,1,
2,78.4760,7.1052,137.00,125.00,166.16,152.59,0.3407,0,correlation 0.34 <= 0.7
2,78.8436,11.6365,147.00,249.00,166.82,166.32,-0.4376,0,correlation -0.44 <= 0.7
2,78.9321,11.7086,171.00,201.00,174.12,166.55,0.5712,0,correlation 0.57 <= 0.7
2,78.8491,11.7023,153.00,249.00,167.70,166.41,-0.2951,0,correlation -0.30 <= 0.7
2,78.8958,11.6484,165.00,151.00,171.13,166.94,0.7321,0,centroids differ by 4.2 km
2,78.9108,11.7092,167.00,177.00,172.63,166.32,0.8063,0,centroids differ by 6.3 km
2,78.8799,11.7010,163.00,143.00,170.14,166.10,0.3646,0,correlation 0.36 <= 0.7
2,78.8919,11.7516,163.00,159.00,171.30,165.61,0.5886,0,correlation 0.59 <= 0.7
2,78.8363,11.6607,147.00,249.00,166.28,167.02,-0.4016,0,correlation -0.40 <= 0.7
2,78.8583,11.6857,155.00,249.00,168.46,166.20,-0.1402,0,correlation -0.14 <= 0.7
2,78.8840,11.7107,163.00,147.00,170.48,165.96,0.4869,0,correlation 0.49 <= 0.7
2,78.9022,11.7316,165.00,169.00,172.06,165.81,0.8015,0,centroids differ by 6.3 km
2,78.8700,11.7406,160.00,133.00,169.54,165.90,-0.1264,0,correlation -0.13 <= 0.7
2,78.9267,11.6914,169.00,195.00,173.73,166.67,0.6995,0,correlation 0.70 <= 0.7
2,78.9117,11.7313,167.00,179.00,172.79,165.95,0.7623,0,centroids differ by 6.8 km
2,78.8753,11.7494,161.00,139.00,169.94,165.76,0.0074,0,correlation 0.01 <= 0.7
2,78.8662,11.7701,159.00,249.00,169.31,166.02,-0.3923,0,correlation -0.39 <= 0.7
2,78.8379,11.6515,147.00,249.00,166.36,166.83,-0.4188,0,correlation -0.42 <= 0.7
2,78.9000,11.7470,165.00,167.00,171.96,165.63,0.7348,0,centroids differ by 6.3 km
2,78.8596,11.7239,155.00,249.00,168.72,166.22,-0.2166,0,correlation -0.22 <= 0.7
2,78.9270,11.6470,169.00,193.00,173.59,167.33,0.7554,0,centroids differ by 6.3 km
2,78.8831,11.7405,163.00,149.00,170.53,165.71,0.3853,0,correlation 0.39 <= 0.7
2,78.8706,11.6477,157.00,129.00,169.35,166.12,0.2547,0,correlation 0.25 <= 0.7
2,78.8475,11.6564,155.00,249.00,167.31,166.38,-0.3794,0,correlation -0.38 <= 0.7
2,78.9275,11.7553,171.00,197.00,173.92,165.85,0.5046,0,correlation 0.50 <= 0.7
2,78.8820,11.7059,163.00,145.00,170.31,166.03,0.4188,0,correlation 0.42 <= 0.7
2,78.9006,11.7228,165.00,167.00,171.87,165.91,0.8174,0,centroids differ by 6.0 km
2,78.8757,11.7383,161.00,139.00,169.94,165.81,0.1034,0,correlation 0.10 <= 0.7
2,78.8800,11.7409,163.00,145.00,170.28,165.74,0.2596,0,correlation 0.26 <= 0.7
2,78.8397,11.7188,153.00,249.00,166.91,166.75,-0.3329,0,correlation -0.33 <= 0.7
2,78.9326,11.7705,181.00,199.00,174.29,165.73,0.3565,0,correlation 0.36 <= 0.7
2,78.8586,11.7772,158.00,249.00,168.79,166.42,-0.4206,0,correlation -0.42 <= 0.7
2,78.9291,11.7587,171.00,199.00,174.04,165.83,0.4664,0,correlation 0.47 <= 0.7
2,78.9025,11.6943,165.00,167.00,171.86,166.49,0.7960,0,centroids differ by 5.4 km
2,78.9171,11.7470,167.00,187.00,173.25,165.78,0.6760,0,correlation 0.68 <= 0.7
2,78.9071,11.7547,165.00,175.00,172.56,165.56,0.7233,0,centroids differ by 7.0 km
2,78.8913,11.7720,163.00,157.00,171.36,165.61,0.4387,0,correlation 0.44 <= 0.7
2,78.5642,11.0977,107.00,115.00,144.12,163.84,0.6598,0,correlation 0.66 <= 0.7
2,78.6272,11.0113,117.00,83.00,147.88,156.18,0.7113,0,NYA peak not clear against upper and lower means
2,78.5823,11.1050,111.00,113.00,144.78,160.88,0.6659,0,correlation 0.67 <= 0.7
2,78.5979,11.0615,115.00,99.00,145.83,159.54,0.7018,0,centroids differ by 13.7 km
2,78.5527,11.0231,105.00,129.00,144.08,163.82,0.8312,0,centroids differ by 19.7 km
2,78.6076,11.1023,115.00,93.00,146.41,157.81,0.6864,0,correlation 0.69 <= 0.7
2,78.5853,11.1190,113.00,111.00,144.91,160.48,0.6533,0,correlation 0.65 <= 0.7
2,78.5937,11.0689,115.00,99.00,145.53,159.99,0.7073,0,centroids differ by 14.5 km
2,78.5749,11.0854,109.00,117.00,144.55,161.73,0.6994,0,correlation 0.70 <= 0.7
2,78.5851,11.0462,111.00,129.00,145.15,161.17,0.7203,0,centroids differ by 16.0 km
2,78.6067,11.0593,115.00,99.00,146.41,158.37,0.6937,0,correlation 0.69 <= 0.7
2,78.5783,11.0990,109.00,115.00,144.61,161.36,0.6759,0,correlation 0.68 <= 0.7
2,78.6199,11.0254,117.00,80.00,147.38,156.49,0.7198,0,NYA peak not clear against upper and lower means
2,78.6177,11.1319,115.00,89.00,146.98,156.40,0.6948,0,correlation 0.69 <= 0.7
2,78.5788,11.1220,111.00,113.00,144.56,161.42,0.6474,0,correlation 0.65 <= 0.7
2,78.6307,11.0134,117.00,83.00,148.10,156.28,0.6976,0,correlation 0.70 <= 0.7
2,78.5899,11.0108,111.00,105.00,145.53,161.14,0.7174,0,centroids differ by 15.6 km
2,78.5367,11.0104,101.00,131.00,143.69,167.01,-0.0934,0,correlation -0.09 <= 0.7
2,78.5456,11.0055,102.02,131.00,143.97,164.57,0.6236,0,correlation 0.62 <= 0.7
2,78.6080,11.0131,117.00,101.00,146.58,158.23,0.6897,0,correlation 0.69 <= 0.7
2,78.6194,11.0979,115.00,91.00,147.17,156.47,0.7148,0,NYA peak not clear against upper and lower means
2,78.5403,11.1360,113.00,211.00,143.02,173.43,-0.6992,0,correlation -0.70 <= 0.7
2,78.5699,11.0570,109.00,101.00,144.54,162.19,0.7435,0,centroids differ by 17.7 km
2,78.5380,11.1134,115.00,213.00,143.08,172.87,-0.6718,0,correlation -0.67 <= 0.7
2,78.6288,11.0499,117.00,83.80,147.88,155.96,0.7292,0,NYA peak not clear against upper and lower means
2,78.6234,11.0238,117.00,80.00,147.61,156.22,0.7255,0,NYA peak not clear against upper and lower means
2,78.5951,11.0536,115.00,101.00,145.65,160.01,0.7082,0,centroids differ by 14.4 km
2,78.5536,11.1278,116.00,197.00,143.57,168.91,-0.3759,0,correlation -0.38 <= 0.7
2,78.5885,11.0271,111.00,105.00,145.40,161.10,0.7223,0,centroids differ by 15.7 km
2,78.6337,11.1055,118.00,80.00,148.10,155.82,0.7301,0,NYA peak not clear against upper and lower means
2,78.5984,11.0529,115.00,99.00,145.88,159.58,0.7019,0,centroids differ by 13.7 km
2,78.5558,11.0484,105.00,123.00,144.06,163.96,0.7838,0,centroids differ by 19.9 km
2,78.5856,11.0593,111.00,129.00,145.11,160.97,0.7142,0,centroids differ by 15.9 km
2,78.5854,11.0810,111.00,97.00,145.02,160.75,0.6970,0,correlation 0.70 <= 0.7
2,78.5506,11.0638,115.00,121.00,143.80,165.92,0.1339,0,correlation 0.13 <= 0.7
2,78.5707,11.1088,115.00,113.00,144.27,162.70,0.6859,0,correlation 0.69 <= 0.7
2,78.4143,6.3204,145.00,149.00,168.92,159.74,0.5118,0,correlation 0.51 <= 0.7
2,78.4381,6.3593,131.00,143.00,168.75,156.26,0.4233,0,correlation 0.42 <= 0.7
2,78.3971,6.3774,201.00,149.00,169.21,163.61,0.5873,0,correlation 0.59 <= 0.7
2,78.4174,6.3346,145.00,149.00,168.72,159.22,0.5132,0,correlation 0.51 <= 0.7
2,78.4412,6.4150,128.00,143.00,168.68,155.90,0.4168,0,correlation 0.42 <= 0.7
2,78.4174,6.4041,145.00,147.00,168.27,159.44,0.5557,0,correlation 0.56 <= 0.7
2,78.4084,6.3237,140.50,149.00,169.10,160.88,0.5247,0,correlation 0.52 <= 0.7
2,78.4516,6.3503,143.00,139.00,169.71,155.18,0.3538,0,correlation 0.35 <= 0.7
2,78.4262,6.2895,147.00,147.00,168.84,157.70,0.4636,0,correlation 0.46 <= 0.7
2,78.4324,6.2693,137.00,147.00,169.00,156.90,0.4319,0,correlation 0.43 <= 0.7
2,78.4289,6.3832,135.00,147.00,168.32,157.44,0.4831,0,correlation 0.48 <= 0.7
2,78.4251,6.3672,137.00,147.00,168.38,158.01,0.4992,0,correlation 0.50 <= 0.7
2,78.4317,6.3654,135.00,145.00,168.47,157.01,0.4598,0,correlation 0.46 <= 0.7
2,78.3824,6.3341,203.00,151.00,169.54,166.54,0.4823,0,correlation 0.48 <= 0.7
2,78.4490,6.3748,143.00,141.00,169.41,155.30,0.3692,0,correlation 0.37 <= 0.7
2,78.4639,6.4121,141.00,136.00,170.50,154.33,0.2705,0,correlation 0.27 <= 0.7
2,78.4193,6.3115,145.00,149.00,168.83,158.85,0.4960,0,correlation 0.50 <= 0.7
2,78.4366,6.3655,129.00,143.00,168.65,156.41,0.4318,0,correlation 0.43 <= 0.7
2,78.4113,6.3781,143.00,149.00,168.63,160.52,0.5655,0,correlation 0.57 <= 0.7
2,78.4015,6.3366,141.00,151.00,169.30,162.41,0.5460,0,correlation 0.55 <= 0.7
2,78.4257,6.3635,137.00,147.00,168.40,157.90,0.4943,0,correlation 0.49 <= 0.7
2,78.3895,6.2901,203.00,153.00,169.79,164.82,0.4568,0,correlation 0.46 <= 0.7
2,78.4322,6.3374,137.00,145.00,168.63,156.93,0.4494,0,correlation 0.45 <= 0.7
2,78.4541,6.3722,141.00,139.00,169.87,154.97,0.3389,0,correlation 0.34 <= 0.7
2,78.4449,6.3206,131.00,143.00,169.28,155.70,0.3854,0,correlation 0.39 <= 0.7
2,78.4168,6.3761,145.00,147.00,168.47,159.45,0.5404,0,correlation 0.54 <= 0.7
2,78.4157,6.3864,145.00,147.00,168.43,159.68,0.5521,0,correlation 0.55 <= 0.7
2,78.4520,6.3321,144.00,139.00,169.80,155.20,0.3520,0,correlation 0.35 <= 0.7
2,78.4394,6.3855,127.60,143.00,168.69,156.10,0.4208,0,correlation 0.42 <= 0.7
2,78.4644,6.3935,143.00,136.00,170.60,154.34,0.2672,0,correlation 0.27 <= 0.7
2,78.4118,6.3988,143.00,147.00,168.48,160.53,0.5813,0,correlation 0.58 <= 0.7
2,78.3783,6.2782,205.00,153.00,169.55,167.12,0.4074,0,correlation 0.41 <= 0.7
2,78.4493,6.3358,127.00,141.00,169.56,155.36,0.3656,0,correlation 0.37 <= 0.7
2,78.4017,6.2808,203.00,151.00,169.60,162.07,0.4786,0,correlation 0.48 <= 0.7
2,78.4622,6.3249,143.00,139.00,170.68,154.65,0.2867,0,correlation 0.29 <= 0.7
2,78.3774,6.4050,201.00,151.00,169.15,167.85,0.5334,0,correlation 0.53 <= 0.7
