iteration,footpoint_lat,footpoint_lon,peak_lyr_km,peak_nya_km,centroid_lyr_km,centroid_nya_km,corr,accepted,reason
2,78.6316,12.5672,123.00,103.00,158.48,159.69,0.4633,0,correlation 0.46 <= 0.7
2,78.6462,12.5298,123.00,87.00,159.65,159.08,0.1499,0,correlation 0.15 <= 0.7
2,78.6277,12.5652,123.00,107.00,158.14,159.86,0.5892,0,correlation 0.59 <= 0.7
2,78.6472,12.5658,123.00,85.00,159.82,159.08,0.0859,0,correlation 0.09 <= 0.7
2,78.5738,12.6033,113.00,173.00,153.23,164.13,0.4315,0,correlation 0.43 <= 0.7
2,78.5981,12.5151,115.00,147.00,155.26,161.43,0.8383,0,centroids differ by 6.2 km
2,78.5823,12.6288,111.00,167.00,154.17,163.31,0.6650,0,correlation 0.67 <= 0.7
2,78.6253,12.5663,120.00,113.00,157.93,160.01,0.6651,0,correlation 0.67 <= 0.7
2,78.5670,12.5309,113.00,177.00,152.02,165.48,-0.1075,0,correlation -0.11 <= 0.7
2,78.6077,12.6092,117.00,131.00,156.44,161.27,0.9006,0,centroids differ by 4.8 km
2,78.5872,12.5884,113.00,159.00,154.48,162.72,0.7598,0,centroids differ by 8.2 km
2,78.6116,12.5135,117.00,139.00,156.51,160.31,0.8481,0,centroids differ by 3.8 km
2,78.6307,12.6575,117.00,103.00,158.65,159.93,0.4348,0,correlation 0.43 <= 0.7
2,78.5973,12.5187,115.00,147.00,155.19,161.53,0.8355,0,centroids differ by 6.3 km
2,78.6127,12.6405,119.00,125.00,156.99,161.10,0.9097,0,centroids differ by 4.1 km
2,78.6535,12.5296,127.00,80.00,160.28,159.13,0.0507,0,correlation 0.05 <= 0.7
2,78.6327,12.6394,120.83,101.00,158.77,159.83,0.3827,0,correlation 0.38 <= 0.7
2,78.6502,12.5554,121.00,80.00,160.05,159.08,0.0612,0,correlation 0.06 <= 0.7
2,78.6136,12.5873,120.00,125.00,156.91,160.80,0.8787,0,centroids differ by 3.9 km
2,78.6386,12.5205,125.00,97.00,158.97,159.20,0.3153,0,correlation 0.32 <= 0.7
2,78.6056,12.5138,115.00,141.00,155.96,160.77,0.8589,0,centroids differ by 4.8 km
2,78.6202,12.6229,121.00,115.00,157.60,160.55,0.7816,0,centroids differ by 2.9 km
2,78.6086,12.6083,117.00,129.00,156.51,161.22,0.9022,0,centroids differ by 4.7 km
2,78.5829,12.5999,113.00,163.00,154.13,163.15,0.6864,0,correlation 0.69 <= 0.7
2,78.6555,12.5658,127.00,80.00,160.53,159.53,0.0388,0,correlation 0.04 <= 0.7
2,78.6129,12.6255,119.00,125.00,156.97,161.04,0.9035,0,centroids differ by 4.1 km
2,78.5934,12.6097,113.00,159.00,155.13,162.27,0.8172,0,centroids differ by 7.1 km
2,78.6584,12.6442,123.63,83.00,161.12,161.28,-0.0127,0,correlation -0.01 <= 0.7
2,78.5850,12.6452,111.00,167.00,154.47,163.16,0.6809,0,correlation 0.68 <= 0.7
2,78.5820,12.6210,111.00,165.00,154.12,163.30,0.6664,0,correlation 0.67 <= 0.7
2,78.6591,12.6549,121.00,82.00,161.23,161.62,-0.0448,0,correlation -0.04 <= 0.7
2,78.6463,12.6377,125.00,87.00,159.96,159.50,0.1060,0,correlation 0.11 <= 0.7
2,78.5663,12.5665,113.00,177.00,152.13,165.35,-0.0556,0,correlation -0.06 <= 0.7
2,78.6634,12.5787,127.00,80.00,161.30,161.10,0.0094,0,correlation 0.01 <= 0.7
2,78.5986,12.6561,115.00,167.00,155.74,162.10,0.8659,0,centroids differ by 6.4 km
2,78.6454,12.5537,123.00,89.00,159.64,159.14,0.1320,0,correlation 0.13 <= 0.7
2,78.3064,1.7734,100.00,163.00,174.94,167.71,-0.0578,0,correlation -0.06 <= 0.7
2,78.2833,1.7775,117.00,167.00,174.79,168.51,-0.7790,0,correlation -0.78 <= 0.7
2,78.3795,1.8502,146.00,139.00,170.89,164.74,0.6599,0,correlation 0.66 <= 0.7
2,78.3073,1.7557,100.00,163.00,174.95,167.66,-0.0232,0,correlation -0.02 <= 0.7
2,78.3350,1.8335,169.00,149.00,174.23,166.82,0.7494,0,centroids differ by 7.4 km
2,78.3088,1.8587,202.61,163.00,174.87,167.63,0.0937,0,correlation 0.09 <= 0.7
2,78.3108,1.8025,201.00,162.00,174.90,167.55,0.1561,0,correlation 0.16 <= 0.7
2,78.3183,1.8586,175.00,157.00,174.74,167.30,0.4662,0,correlation 0.47 <= 0.7
2,78.3308,1.7972,169.00,151.00,174.43,166.92,0.6975,0,correlation 0.70 <= 0.7
2,78.2983,1.8652,100.00,163.00,174.89,167.99,-0.3818,0,correlation -0.38 <= 0.7
2,78.3038,1.8325,100.00,163.00,174.92,167.81,-0.1527,0,correlation -0.15 <= 0.7
2,78.3520,1.8576,153.00,141.00,173.29,166.07,0.8018,0,centroids differ by 7.2 km
2,78.3670,1.8945,149.00,141.00,171.96,165.46,0.7661,0,centroids differ by 6.5 km
2,78.2959,1.8698,100.00,163.00,174.88,168.06,-0.4669,0,correlation -0.47 <= 0.7
2,78.3328,1.7543,171.00,151.00,174.41,166.81,0.6977,0,correlation 0.70 <= 0.7
2,78.3618,1.8571,151.81,141.00,172.54,165.59,0.7854,0,centroids differ by 6.9 km
2,78.3396,1.7557,169.00,151.00,174.16,166.48,0.7513,0,centroids differ by 7.7 km
2,78.3621,1.8139,152.00,141.00,172.62,165.46,0.7786,0,centroids differ by 7.2 km
2,78.3431,1.8812,153.00,149.00,173.79,166.55,0.8015,0,centroids differ by 7.2 km
2,78.3614,1.8062,152.00,141.00,172.69,165.47,0.7792,0,centroids differ by 7.2 km
2,78.3326,1.7897,169.00,151.00,174.38,166.86,0.7123,0,centroids differ by 7.5 km
2,78.3486,1.8402,153.00,143.00,173.56,166.20,0.7994,0,centroids differ by 7.4 km
2,78.3447,1.8194,153.00,147.00,173.82,166.35,0.7896,0,centroids differ by 7.5 km
2,78.3175,1.7507,177.00,169.00,174.84,167.30,0.3894,0,correlation 0.39 <= 0.7
2,78.3133,1.8635,175.00,161.00,174.82,167.47,0.2913,0,correlation 0.29 <= 0.7
2,78.3103,1.7964,201.00,162.00,174.91,167.57,0.1309,0,correlation 0.13 <= 0.7
2,78.3443,1.7907,153.00,143.00,173.88,166.30,0.7827,0,centroids differ by 7.6 km
2,78.3359,1.8781,167.00,149.00,174.12,166.82,0.7744,0,centroids differ by 7.3 km
2,78.3732,1.8077,145.00,139.00,171.64,164.88,0.7148,0,centroids differ by 6.8 km
2,78.3404,1.8370,167.00,149.00,173.99,166.61,0.7815,0,centroids differ by 7.4 km
2,78.2893,1.8749,115.00,165.00,174.84,168.22,-0.6536,0,correlation -0.65 <= 0.7
2,78.3599,1.8651,153.00,141.00,172.68,165.70,0.7912,0,centroids differ by 7.0 km
2,78.3235,1.8401,174.29,167.00,174.61,167.14,0.6006,0,correlation 0.60 <= 0.7
2,78.3021,1.8159,100.00,163.00,174.92,167.87,-0.2351,0,correlation -0.24 <= 0.7
2,78.3612,1.8674,152.00,141.00,172.56,165.65,0.7881,0,centroids differ by 6.9 km
2,78.2879,1.8014,117.00,165.00,174.85,168.36,-0.6977,0,correlation -0.70 <= 0.7
2,78.4604,7.8817,127.00,115.00,155.30,160.72,0.7714,0,centroids differ by 5.4 km
2,78.4422,7.7913,127.00,118.00,155.79,162.15,0.8173,0,centroids differ by 6.4 km
2,78.5147,7.7799,135.00,80.00,158.12,160.44,0.7200,0,NYA peak not clear against upper and lower means
2,78.4914,7.8555,131.00,111.00,156.43,159.90,0.6755,0,correlation 0.68 <= 0.7
2,78.4906,7.7735,130.00,113.00,156.61,160.33,0.6881,0,correlation 0.69 <= 0.7
2,78.4779,7.7743,127.00,117.00,156.15,160.39,0.7087,0,centroids differ by 4.2 km
2,78.5007,7.7412,133.00,115.00,157.26,160.47,0.6950,0,correlation 0.70 <= 0.7
2,78.4987,7.8632,131.00,109.00,156.85,159.94,0.6733,0,correlation 0.67 <= 0.7
2,78.4724,7.7543,129.00,119.00,156.08,160.61,0.7196,0,centroids differ by 4.5 km
2,78.5019,7.7364,133.00,115.00,157.35,160.50,0.6975,0,correlation 0.70 <= 0.7
2,78.4924,7.8131,131.00,111.00,156.59,160.15,0.6836,0,correlation 0.68 <= 0.7
2,78.4495,7.7480,129.00,119.00,155.99,161.80,0.7781,0,centroids differ by 5.8 km
2,78.4545,7.7936,129.00,115.00,155.73,161.35,0.7732,0,centroids differ by 5.6 km
2,78.4822,7.8275,127.00,115.00,156.10,160.08,0.7004,0,centroids differ by 4.0 km
2,78.4856,7.7532,129.00,113.00,156.47,160.43,0.6888,0,correlation 0.69 <= 0.7
2,78.5056,7.7678,133.00,139.00,157.52,160.37,0.7003,0,centroids differ by 2.8 km
2,78.5216,7.7987,135.00,80.00,158.53,160.46,0.7324,0,NYA peak not clear against upper and lower means
2,78.4543,7.7978,129.00,115.00,155.70,161.35,0.7750,0,centroids differ by 5.6 km
2,78.4839,7.7412,129.00,113.00,156.46,160.50,0.6906,0,correlation 0.69 <= 0.7
2,78.4986,7.8159,131.00,111.00,156.95,160.16,0.6827,0,correlation 0.68 <= 0.7
2,78.4723,7.8021,127.00,117.00,155.88,160.36,0.7172,0,centroids differ by 4.5 km
2,78.4925,7.8442,131.00,111.00,156.52,159.98,0.6770,0,correlation 0.68 <= 0.7
2,78.4810,7.8846,127.00,115.00,155.86,159.83,0.7015,0,centroids differ by 4.0 km
2,78.4698,7.7741,129.00,117.00,155.94,160.58,0.7218,0,centroids differ by 4.6 km
2,78.5289,7.8688,134.98,113.00,158.95,160.20,0.7512,0,centroids differ by 1.3 km
2,78.4697,7.7734,129.00,119.00,155.94,160.59,0.7219,0,centroids differ by 4.6 km
2,78.4843,7.8104,129.00,109.00,156.23,160.14,0.6920,0,correlation 0.69 <= 0.7
2,78.4742,7.8745,127.00,115.00,155.66,160.02,0.7149,0,centroids differ by 4.4 km
2,78.4494,7.7646,129.00,117.00,155.90,161.76,0.7843,0,centroids differ by 5.9 km
2,78.4715,7.8263,127.00,117.00,155.76,160.28,0.7193,0,centroids differ by 4.5 km
2,78.4855,7.7713,129.00,113.00,156.41,160.32,0.6878,0,correlation 0.69 <= 0.7
2,78.5344,7.8380,141.00,80.00,159.40,160.23,0.7551,0,NYA peak not clear against upper and lower means
2,78.4480,7.7780,129.00,117.00,155.83,161.81,0.7923,0,centroids differ by 6.0 km
2,78.4889,7.8447,129.00,111.00,156.32,159.95,0.6807,0,correlation 0.68 <= 0.7
2,78.4690,7.7979,129.00,117.00,155.82,160.49,0.7263,0,centroids differ by 4.7 km
2,78.4634,7.7600,129.00,119.00,155.92,160.90,0.7363,0,centroids differ by 5.0 km
2,78.4444,7.6464,131.00,123.00,156.54,162.48,0.7620,0,centroids differ by 5.9 km
2,78.3941,7.6366,123.00,147.00,152.83,165.69,0.5167,0,correlation 0.52 <= 0.7
2,78.4765,7.7302,129.00,116.04,156.27,160.64,0.7090,0,centroids differ by 4.4 km
2,78.4481,7.6994,129.00,121.00,156.25,162.06,0.7680,0,centroids differ by 5.8 km
2,78.3900,7.6458,121.00,147.00,152.10,165.98,0.4185,0,correlation 0.42 <= 0.7
2,78.4202,7.7130,127.00,132.00,155.69,163.80,0.7990,0,centroids differ by 8.1 km
2,78.4440,7.7019,129.00,119.00,156.27,162.31,0.7803,0,centroids differ by 6.0 km
2,78.4699,7.7521,129.00,119.00,156.04,160.69,0.7229,0,centroids differ by 4.7 km
2,78.4380,7.6417,131.00,121.00,156.55,162.90,0.7814,0,centroids differ by 6.3 km
2,78.3997,7.6830,123.00,145.00,153.80,165.26,0.6270,0,correlation 0.63 <= 0.7
2,78.4260,7.6871,129.00,125.00,156.04,163.45,0.8138,0,centroids differ by 7.4 km
2,78.4053,7.6316,125.00,137.00,154.52,164.97,0.6969,0,correlation 0.70 <= 0.7
2,78.4334,7.7543,129.00,121.00,156.00,162.79,0.8271,0,centroids differ by 6.8 km
2,78.4260,7.7655,129.00,133.00,155.79,163.28,0.8192,0,centroids differ by 7.5 km
2,78.3921,7.6225,123.00,147.00,152.43,165.84,0.4684,0,correlation 0.47 <= 0.7
2,78.4231,7.6433,129.00,125.00,156.03,163.77,0.8045,0,centroids differ by 7.7 km
2,78.4418,7.6986,129.00,117.00,156.31,162.47,0.7877,0,centroids differ by 6.2 km
2,78.4077,7.7283,125.00,133.00,154.72,164.66,0.7239,0,centroids differ by 9.9 km
2,78.3915,7.6846,121.00,147.00,152.46,165.87,0.4559,0,correlation 0.46 <= 0.7
2,78.3850,7.6949,119.00,147.00,151.25,166.30,0.2889,0,correlation 0.29 <= 0.7
2,78.3989,7.7337,123.00,143.00,153.69,165.32,0.6085,0,correlation 0.61 <= 0.7
2,78.4658,7.6944,131.00,121.00,156.26,161.10,0.7246,0,centroids differ by 4.8 km
2,78.4177,7.6291,127.00,127.00,155.71,164.14,0.7870,0,centroids differ by 8.4 km
2,78.4551,7.6255,131.00,123.00,156.61,161.88,0.7276,0,centroids differ by 5.3 km
2,78.4289,7.7279,129.00,123.00,156.01,163.15,0.8224,0,centroids differ by 7.1 km
2,78.4663,7.7414,129.00,119.00,156.03,160.85,0.7264,0,centroids differ by 4.8 km
2,78.4771,7.7131,129.00,116.00,156.36,160.72,0.7048,0,centroids differ by 4.4 km
2,78.3874,7.6386,121.00,147.00,151.58,166.17,0.3488,0,correlation 0.35 <= 0.7
2,78.4163,7.6654,127.00,135.00,155.54,164.17,0.7805,0,centroids differ by 8.6 km
2,78.4714,7.7600,129.00,119.00,156.03,160.61,0.7204,0,centroids differ by 4.6 km
2,78.4532,7.6912,131.00,121.00,156.27,161.75,0.7526,0,centroids differ by 5.5 km
2,78.4543,7.6697,131.00,121.00,156.38,161.75,0.7421,0,centroids differ by 5.4 km
2,78.3922,7.6693,123.00,147.00,152.56,165.82,0.4736,0,correlation 0.47 <= 0.7
2,78.4265,7.6399,131.00,125.00,156.22,163.60,0.8060,0,centroids differ by 7.4 km
2,78.3937,7.7709,121.00,145.00,152.99,165.67,0.5118,0,correlation 0.51 <= 0.7
2,78.4021,7.7463,123.00,143.00,154.12,165.06,0.6601,0,correlation 0.66 <= 0.7
2,78.8719,10.8141,171.00,135.00,172.83,167.62,0.3637,0,correlation 0.36 <= 0.7
2,78.8831,10.7124,175.00,149.00,173.27,167.68,0.6029,0,correlation 0.60 <= 0.7
2,78.9231,10.8373,182.00,238.00,174.22,168.63,0.6808,0,correlation 0.68 <= 0.7
2,78.8883,10.8013,171.00,205.00,173.41,168.63,0.8441,0,centroids differ by 4.8 km
2,78.8329,10.8576,167.00,249.00,170.82,168.43,0.4788,0,correlation 0.48 <= 0.7
2,78.9017,10.8296,177.00,243.00,173.78,169.58,0.7955,0,NYA peak not clear against upper and lower means
2,78.8561,10.7392,171.00,137.00,172.00,168.39,0.5379,0,correlation 0.54 <= 0.7
2,78.9078,10.7354,173.00,249.00,173.95,168.95,0.7264,0,NYA peak not clear against upper and lower means
2,78.8355,10.7415,163.00,249.00,171.01,168.34,0.5898,0,correlation 0.59 <= 0.7
2,78.8363,10.7851,171.00,249.00,171.03,168.46,0.5999,0,correlation 0.60 <= 0.7
2,78.9028,10.8356,177.00,243.00,173.81,169.61,0.7920,0,NYA peak not clear against upper and lower means
2,78.9264,10.8141,182.00,243.00,174.28,168.55,0.6458,0,correlation 0.65 <= 0.7
2,78.9232,10.8403,182.00,237.00,174.22,168.63,0.6824,0,correlation 0.68 <= 0.7
2,78.8942,10.8154,171.00,207.00,173.58,169.04,0.8578,0,NYA peak not clear against upper and lower means
2,78.8661,10.8007,171.00,135.00,172.57,167.47,0.2144,0,correlation 0.21 <= 0.7
2,78.9226,10.8399,182.00,237.00,174.21,168.65,0.6857,0,correlation 0.69 <= 0.7
2,78.8779,10.8105,171.00,137.00,173.06,168.00,0.5907,0,correlation 0.59 <= 0.7
2,78.8769,10.7732,173.00,141.00,173.03,167.55,0.4675,0,correlation 0.47 <= 0.7
2,78.9174,10.7151,176.18,249.00,174.12,168.96,0.6146,0,correlation 0.61 <= 0.7
2,78.8938,10.7143,173.00,151.00,173.63,168.44,0.8374,0,centroids differ by 5.2 km
2,78.9170,10.7945,179.00,249.00,174.14,169.13,0.6681,0,correlation 0.67 <= 0.7
2,78.9037,10.8576,177.00,243.00,173.85,169.52,0.7975,0,NYA peak not clear against upper and lower means
2,78.8415,10.7378,171.00,249.00,171.33,168.61,0.6568,0,correlation 0.66 <= 0.7
2,78.8551,10.7514,171.00,135.00,171.97,168.37,0.5127,0,correlation 0.51 <= 0.7
2,78.8354,10.7393,163.00,249.00,171.00,168.34,0.5892,0,correlation 0.59 <= 0.7
2,78.8769,10.8003,171.00,139.00,173.02,167.78,0.5163,0,correlation 0.52 <= 0.7
2,78.8660,10.7872,173.00,137.00,172.56,167.52,0.2465,0,correlation 0.25 <= 0.7
2,78.8864,10.8242,171.00,201.00,173.33,168.70,0.8507,0,centroids differ by 4.6 km
2,78.8324,10.8147,169.00,249.00,170.82,168.30,0.5544,0,correlation 0.55 <= 0.7
2,78.9126,10.7485,173.00,249.00,174.04,169.17,0.6744,0,correlation 0.67 <= 0.7
2,78.9066,10.8423,177.00,249.00,173.93,169.46,0.7726,0,NYA peak not clear against upper and lower means
2,78.8415,10.7870,171.00,249.00,171.29,168.66,0.6058,0,correlation 0.61 <= 0.7
2,78.8482,10.8520,169.00,125.00,171.69,168.31,0.2809,0,correlation 0.28 <= 0.7
2,78.9283,10.7217,181.00,249.00,174.30,168.77,0.5439,0,correlation 0.54 <= 0.7
2,78.9112,10.8156,177.00,249.00,174.03,169.35,0.7272,0,NYA peak not clear against upper and lower means
2,78.8946,10.7218,173.00,151.00,173.64,168.53,0.8438,0,centroids differ by 5.1 km
2,78.8308,10.7813,163.00,249.00,170.75,168.24,0.5791,0,correlation 0.58 <= 0.7
2,78.7879,10.7709,156.55,143.00,168.53,165.07,0.4783,0,correlation 0.48 <= 0.7
2,78.8113,10.7567,163.00,153.00,169.72,166.79,0.6946,0,correlation 0.69 <= 0.7
2,78.7661,10.7310,151.00,197.00,166.90,165.23,0.4795,0,correlation 0.48 <= 0.7
2,78.8655,10.7933,171.00,135.00,172.54,167.51,0.2315,0,correlation 0.23 <= 0.7
2,78.7792,10.7117,153.00,80.00,168.07,164.55,0.3251,0,correlation 0.33 <= 0.7
2,78.7992,10.7919,161.00,143.00,169.05,165.00,0.3051,0,correlation 0.31 <= 0.7
2,78.8641,10.7901,173.00,135.00,172.48,167.61,0.2498,0,correlation 0.25 <= 0.7
2,78.8575,10.7806,171.00,135.00,172.12,168.07,0.3914,0,correlation 0.39 <= 0.7
2,78.8034,10.6723,160.42,159.00,169.60,164.97,0.5192,0,correlation 0.52 <= 0.7
2,78.8125,10.6848,163.00,161.00,169.99,166.63,0.7627,0,centroids differ by 3.4 km
2,78.7696,10.8063,151.00,183.00,167.36,164.38,0.5847,0,correlation 0.58 <= 0.7
2,78.8594,10.7208,173.00,141.00,172.16,168.35,0.5728,0,correlation 0.57 <= 0.7
2,78.8356,10.7161,177.00,249.00,171.04,168.38,0.5914,0,correlation 0.59 <= 0.7
2,78.8616,10.7787,171.00,137.00,172.34,167.86,0.3232,0,correlation 0.32 <= 0.7
2,78.7983,10.6855,159.00,155.00,169.32,164.76,0.4565,0,correlation 0.46 <= 0.7
2,78.8378,10.7889,171.00,249.00,171.11,168.54,0.6056,0,correlation 0.61 <= 0.7
2,78.7824,10.6634,155.00,83.00,168.28,164.69,0.1398,0,correlation 0.14 <= 0.7
2,78.7812,10.6629,155.00,83.00,168.16,164.71,0.1708,0,correlation 0.17 <= 0.7
2,78.8571,10.7811,171.00,135.00,172.10,168.09,0.3960,0,correlation 0.40 <= 0.7
2,78.8351,10.7113,177.00,199.00,171.02,168.39,0.5933,0,correlation 0.59 <= 0.7
2,78.7742,10.7373,153.00,80.00,167.69,164.56,0.4834,0,correlation 0.48 <= 0.7
2,78.7841,10.6710,155.00,80.00,168.44,164.76,0.0783,0,correlation 0.08 <= 0.7
2,78.8479,10.6654,169.11,173.00,171.68,168.67,0.6934,0,correlation 0.69 <= 0.7
2,78.8572,10.7682,171.00,135.00,172.09,168.16,0.4427,0,correlation 0.44 <= 0.7
2,78.7856,10.6822,155.00,80.00,168.57,164.85,0.0335,0,correlation 0.03 <= 0.7
2,78.8541,10.7741,171.00,133.00,171.94,168.27,0.4549,0,correlation 0.45 <= 0.7
2,78.8303,10.7186,177.00,197.00,170.75,168.25,0.6338,0,correlation 0.63 <= 0.7
2,78.8234,10.8007,161.00,181.00,170.34,168.03,0.6215,0,correlation 0.62 <= 0.7
2,78.8600,10.7973,171.00,135.00,172.28,167.87,0.2801,0,correlation 0.28 <= 0.7
2,78.8131,10.7561,163.00,153.00,169.82,166.90,0.7004,0,centroids differ by 2.9 km
2,78.8004,10.7740,161.00,145.00,169.15,165.13,0.3920,0,correlation 0.39 <= 0.7
2,78.8432,10.8035,169.00,249.00,171.37,168.60,0.5175,0,correlation 0.52 <= 0.7
2,78.7673,10.7101,151.00,201.00,166.94,165.21,0.4561,0,correlation 0.46 <= 0.7
2,78.8473,10.7650,171.00,249.00,171.58,168.65,0.5670,0,correlation 0.57 <= 0.7
2,78.8210,10.6903,165.00,165.00,170.33,167.28,0.7358,0,centroids differ by 3.1 km
2,78.8440,8.5189,179.00,197.00,174.15,168.86,0.8670,0,centroids differ by 5.3 km
2,78.8599,8.4878,181.00,227.00,174.74,168.83,0.7187,0,NYA peak not clear against upper and lower means
2,78.8262,8.4716,182.00,123.00,173.16,167.12,0.7614,0,centroids differ by 6.0 km
2,78.8208,8.4826,181.00,123.00,172.82,166.48,0.6848,0,correlation 0.68 <= 0.7
2,78.8489,8.4495,181.00,201.00,174.43,169.06,0.8431,0,NYA peak not clear against upper and lower means
2,78.8751,8.4734,183.00,249.00,175.16,168.16,0.5350,0,correlation 0.54 <= 0.7
2,78.7915,8.5307,177.00,119.00,170.95,162.69,0.0960,0,correlation 0.10 <= 0.7
2,78.8429,8.4841,181.00,199.00,174.12,168.67,0.8789,0,centroids differ by 5.4 km
2,78.8602,8.4950,181.00,227.00,174.73,168.82,0.7122,0,NYA peak not clear against upper and lower means
2,78.8667,8.4893,181.00,249.00,174.92,168.50,0.6340,0,correlation 0.63 <= 0.7
2,78.8082,8.4622,181.00,173.00,171.98,164.89,0.5592,0,correlation 0.56 <= 0.7
2,78.8611,8.4380,183.00,231.00,174.91,168.79,0.7163,0,NYA peak not clear against upper and lower means
2,78.8651,8.4162,183.00,247.00,175.06,168.57,0.6807,0,correlation 0.68 <= 0.7
2,78.8303,8.5392,179.00,195.00,173.44,167.48,0.8376,0,centroids differ by 6.0 km
2,78.8423,8.4695,181.00,199.00,174.09,168.57,0.8850,0,centroids differ by 5.5 km
2,78.7996,8.5317,179.00,169.00,171.46,163.48,0.2895,0,correlation 0.29 <= 0.7
2,78.8714,8.5530,183.00,249.00,174.85,168.64,0.5167,0,correlation 0.52 <= 0.7
2,78.8414,8.4537,181.00,201.00,174.04,168.44,0.8888,0,centroids differ by 5.6 km
2,78.8554,8.5313,181.00,225.00,174.51,168.95,0.7651,0,NYA peak not clear against upper and lower means
2,78.8191,8.4752,181.00,123.00,172.70,166.29,0.6759,0,correlation 0.68 <= 0.7
2,78.8518,8.5332,181.00,197.00,174.40,169.07,0.8029,0,NYA peak not clear against upper and lower means
2,78.8772,8.4850,183.00,249.00,175.18,168.15,0.5023,0,correlation 0.50 <= 0.7
2,78.7874,8.4357,179.00,121.00,170.73,162.49,0.0143,0,correlation 0.01 <= 0.7
2,78.8451,8.5378,179.00,195.00,174.17,168.94,0.8560,0,centroids differ by 5.2 km
2,78.8608,8.5393,181.00,219.00,174.63,168.82,0.6855,0,correlation 0.69 <= 0.7
2,78.8765,8.4740,183.00,249.00,175.19,168.11,0.5183,0,correlation 0.52 <= 0.7
2,78.7967,8.4531,179.00,121.00,171.24,163.27,0.2423,0,correlation 0.24 <= 0.7
2,78.7958,8.4420,179.00,121.00,171.19,163.23,0.2260,0,correlation 0.23 <= 0.7
2,78.8836,8.4924,183.00,249.00,175.30,167.88,0.3874,0,correlation 0.39 <= 0.7
2,78.8028,8.4820,179.00,171.00,171.64,164.04,0.4095,0,correlation 0.41 <= 0.7
2,78.7992,8.4840,179.00,171.00,171.41,163.50,0.3041,0,correlation 0.30 <= 0.7
2,78.8351,8.4729,179.00,199.00,173.69,167.89,0.8821,0,centroids differ by 5.8 km
2,78.8604,8.4443,183.00,231.00,174.87,168.82,0.7241,0,NYA peak not clear against upper and lower means
2,78.8440,8.4337,181.00,201.00,174.17,168.70,0.8793,0,centroids differ by 5.5 km
2,78.8184,8.4444,183.00,125.00,172.62,166.26,0.6772,0,correlation 0.68 <= 0.7
2,78.8092,8.5162,181.00,171.00,172.07,164.99,0.5670,0,correlation 0.57 <= 0.7
2,78.4241,4.1474,129.00,125.00,158.54,164.72,0.6011,0,correlation 0.60 <= 0.7
2,78.3707,4.2325,121.00,127.00,154.60,164.64,0.5695,0,correlation 0.57 <= 0.7
2,78.4222,4.1730,129.00,123.00,158.24,164.61,0.6009,0,correlation 0.60 <= 0.7
2,78.3630,4.1432,121.00,129.00,156.83,164.88,0.5972,0,correlation 0.60 <= 0.7
2,78.3672,4.1476,121.00,129.00,156.24,164.66,0.5983,0,correlation 0.60 <= 0.7
2,78.3442,4.2280,121.00,129.00,158.35,166.66,0.4670,0,correlation 0.47 <= 0.7
2,78.3485,4.2689,120.06,130.00,157.53,166.40,0.4690,0,correlation 0.47 <= 0.7
2,78.4185,4.1459,129.00,125.00,157.76,164.56,0.6079,0,correlation 0.61 <= 0.7
2,78.3666,4.1772,121.00,129.00,156.18,164.73,0.5888,0,correlation 0.59 <= 0.7
2,78.3531,4.1874,119.00,131.00,157.24,165.71,0.5486,0,correlation 0.55 <= 0.7
2,78.4209,4.2074,129.00,123.00,158.02,164.50,0.5982,0,correlation 0.60 <= 0.7
2,78.4188,4.2080,129.00,123.00,157.72,164.43,0.6007,0,correlation 0.60 <= 0.7
2,78.3415,4.2352,125.00,129.00,158.70,166.98,0.4352,0,correlation 0.44 <= 0.7
2,78.3853,4.1530,123.00,131.00,154.65,164.04,0.5735,0,correlation 0.57 <= 0.7
2,78.3620,4.1653,121.00,129.00,156.87,164.98,0.5879,0,correlation 0.59 <= 0.7
2,78.4214,4.1932,129.00,123.00,158.11,164.55,0.5995,0,correlation 0.60 <= 0.7
2,78.4227,4.1567,129.00,125.00,158.33,164.66,0.6023,0,correlation 0.60 <= 0.7
2,78.3400,4.2561,125.00,129.00,158.83,167.22,0.4033,0,correlation 0.40 <= 0.7
2,78.3356,4.2395,125.00,133.00,159.48,167.58,0.3719,0,correlation 0.37 <= 0.7
2,78.4173,4.1465,128.00,125.00,157.59,164.52,0.6077,0,correlation 0.61 <= 0.7
2,78.3514,4.2660,119.99,130.00,157.12,166.10,0.4925,0,correlation 0.49 <= 0.7
2,78.3508,4.1479,119.00,131.00,158.62,165.80,0.5608,0,correlation 0.56 <= 0.7
2,78.3884,4.2459,123.00,131.00,153.53,164.08,0.5461,0,correlation 0.55 <= 0.7
2,78.4101,4.1601,125.00,125.00,156.52,164.24,0.5956,0,correlation 0.60 <= 0.7
2,78.3277,4.2605,137.00,137.00,160.30,168.34,0.2498,0,correlation 0.25 <= 0.7
2,78.3718,4.2821,119.00,127.00,154.23,164.67,0.5518,0,correlation 0.55 <= 0.7
2,78.4170,4.1701,127.00,125.00,157.51,164.46,0.6058,0,correlation 0.61 <= 0.7
2,78.3979,4.1917,123.00,129.00,154.97,163.92,0.5622,0,correlation 0.56 <= 0.7
2,78.4145,4.1604,125.00,125.00,157.16,164.40,0.6043,0,correlation 0.60 <= 0.7
2,78.4153,4.1507,125.00,125.00,157.28,164.45,0.6058,0,correlation 0.61 <= 0.7
2,78.3742,4.2204,121.00,127.00,154.28,164.48,0.5709,0,correlation 0.57 <= 0.7
2,78.4098,4.2609,123.00,125.00,156.37,164.00,0.5919,0,correlation 0.59 <= 0.7
2,78.4191,4.2438,127.00,123.00,157.72,164.35,0.5967,0,correlation 0.60 <= 0.7
2,78.3792,4.2071,121.00,129.00,154.73,164.28,0.5713,0,correlation 0.57 <= 0.7
2,78.3591,4.1988,121.00,129.00,156.30,165.25,0.5664,0,correlation 0.57 <= 0.7
2,78.3714,4.2394,121.00,127.00,154.48,164.61,0.5673,0,correlation 0.57 <= 0.7
2,78.7666,10.4325,149.00,84.00,166.40,165.27,-0.1199,0,correlation -0.12 <= 0.7
2,78.8126,10.4459,161.00,189.00,170.43,166.59,0.4842,0,correlation 0.48 <= 0.7
2,78.7903,10.3692,157.00,85.00,168.25,163.48,-0.3642,0,correlation -0.36 <= 0.7
2,78.8200,10.5136,161.00,187.00,170.82,167.79,0.6363,0,correlation 0.64 <= 0.7
2,78.8579,10.4777,171.00,243.00,172.33,169.07,0.6018,0,correlation 0.60 <= 0.7
2,78.8018,10.4369,159.00,103.00,169.39,165.16,0.1236,0,correlation 0.12 <= 0.7
2,78.8265,10.4130,163.00,201.00,171.37,168.84,0.5666,0,correlation 0.57 <= 0.7
2,78.8284,10.4525,163.00,197.00,171.36,168.79,0.5731,0,correlation 0.57 <= 0.7
2,78.8049,10.4619,159.00,185.00,169.77,165.87,0.4415,0,correlation 0.44 <= 0.7
2,78.7645,10.4662,150.45,80.00,166.26,165.65,-0.0555,0,correlation -0.06 <= 0.7
2,78.8503,10.4569,171.00,243.00,172.12,169.36,0.5412,0,correlation 0.54 <= 0.7
2,78.7791,10.4294,155.00,80.00,167.40,164.11,-0.3639,0,correlation -0.36 <= 0.7
2,78.7603,10.5065,149.71,80.00,165.94,166.34,0.0419,0,correlation 0.04 <= 0.7
2,78.7740,10.4519,155.00,80.00,167.01,164.72,-0.2192,0,correlation -0.22 <= 0.7
2,78.8297,10.4404,163.00,199.00,171.45,168.91,0.5575,0,correlation 0.56 <= 0.7
2,78.8568,10.4334,185.00,249.00,172.39,169.27,0.5718,0,correlation 0.57 <= 0.7
2,78.8121,10.4668,161.00,187.00,170.43,166.43,0.4882,0,correlation 0.49 <= 0.7
2,78.8550,10.4348,185.00,249.00,172.33,169.32,0.5574,0,correlation 0.56 <= 0.7
2,78.8389,10.3815,165.00,209.00,172.00,169.29,0.5331,0,correlation 0.53 <= 0.7
2,78.8106,10.4061,161.00,195.00,170.12,166.79,0.4915,0,correlation 0.49 <= 0.7
2,78.8188,10.3728,161.00,201.00,170.77,167.66,0.5099,0,correlation 0.51 <= 0.7
2,78.8388,10.4679,169.00,239.00,171.72,169.27,0.5689,0,correlation 0.57 <= 0.7
2,78.8344,10.4834,169.00,195.00,171.51,168.96,0.5746,0,correlation 0.57 <= 0.7
2,78.8182,10.4688,161.00,187.00,170.82,167.61,0.5943,0,correlation 0.59 <= 0.7
2,78.7954,10.5090,157.00,97.00,169.03,164.73,-0.1369,0,correlation -0.14 <= 0.7
2,78.7951,10.4071,159.00,95.00,168.72,164.04,-0.1532,0,correlation -0.15 <= 0.7
2,78.8262,10.4372,163.00,199.00,171.30,168.74,0.5790,0,correlation 0.58 <= 0.7
2,78.8077,10.4872,159.00,183.00,170.11,166.08,0.5220,0,correlation 0.52 <= 0.7
2,78.8432,10.5093,169.00,233.00,171.71,169.28,0.5570,0,correlation 0.56 <= 0.7
2,78.8050,10.4322,159.00,189.00,169.67,165.80,0.3797,0,correlation 0.38 <= 0.7
2,78.7626,10.4187,147.00,85.00,166.08,165.60,-0.1974,0,correlation -0.20 <= 0.7
2,78.7863,10.4803,157.00,80.00,168.10,164.32,-0.2167,0,correlation -0.22 <= 0.7
2,78.8309,10.4440,165.79,199.00,171.50,168.92,0.5480,0,correlation 0.55 <= 0.7
2,78.8275,10.4466,163.00,197.00,171.33,168.78,0.5776,0,correlation 0.58 <= 0.7
2,78.8545,10.5009,183.00,239.00,172.15,169.06,0.5761,0,correlation 0.58 <= 0.7
2,78.7920,10.4352,157.00,83.00,168.51,164.07,-0.1718,0,correlation -0.17 <= 0.7
2,78.7769,8.4165,173.00,109.00,170.17,161.06,-0.2702,0,correlation -0.27 <= 0.7
2,78.8071,8.4524,181.00,173.00,171.90,164.77,0.5415,0,correlation 0.54 <= 0.7
2,78.8519,8.3847,183.00,205.00,174.58,169.08,0.8263,0,NYA peak not clear against upper and lower means
2,78.8105,8.4378,181.00,175.00,172.11,165.29,0.6138,0,correlation 0.61 <= 0.7
2,78.7743,8.4924,171.00,93.00,170.04,160.55,-0.2812,0,correlation -0.28 <= 0.7
2,78.7844,8.4668,179.00,121.00,170.58,162.15,-0.0633,0,correlation -0.06 <= 0.7
2,78.7816,8.4039,173.00,101.00,170.42,161.84,-0.1721,0,correlation -0.17 <= 0.7
2,78.8274,8.4400,183.00,125.00,173.21,167.29,0.7747,0,centroids differ by 5.9 km
2,78.7721,8.4187,173.00,109.00,169.93,160.28,-0.3309,0,correlation -0.33 <= 0.7
2,78.8208,8.4876,181.00,123.00,172.83,166.48,0.6840,0,correlation 0.68 <= 0.7
2,78.7904,8.4887,179.00,119.00,170.88,162.64,0.0840,0,correlation 0.08 <= 0.7
2,78.7647,8.4250,171.00,109.00,169.54,159.27,-0.3982,0,correlation -0.40 <= 0.7
2,78.7989,8.4257,179.00,123.00,171.36,163.62,0.3127,0,correlation 0.31 <= 0.7
2,78.7887,8.5021,177.00,119.00,170.79,162.51,0.0463,0,correlation 0.05 <= 0.7
2,78.7967,8.4646,179.00,121.00,171.24,163.24,0.2392,0,correlation 0.24 <= 0.7
2,78.8361,8.4075,181.00,203.00,173.72,168.02,0.8814,0,centroids differ by 5.7 km
2,78.8450,8.4525,181.00,201.00,174.23,168.83,0.8717,0,centroids differ by 5.4 km
2,78.7989,8.4950,179.00,169.00,171.40,163.46,0.2946,0,correlation 0.29 <= 0.7
2,78.7981,8.5125,179.00,119.00,171.36,163.32,0.2631,0,correlation 0.26 <= 0.7
2,78.8331,8.4180,181.00,203.00,173.55,167.84,0.8496,0,centroids differ by 5.7 km
2,78.8586,8.4065,183.00,233.00,174.88,168.94,0.7564,0,NYA peak not clear against upper and lower means
2,78.7637,8.4517,171.00,119.00,169.48,159.08,-0.3922,0,correlation -0.39 <= 0.7
2,78.7678,8.4611,171.00,107.00,169.69,159.52,-0.3679,0,correlation -0.37 <= 0.7
2,78.8336,8.3745,184.00,205.00,173.54,167.95,0.8500,0,centroids differ by 5.6 km
2,78.7976,8.4065,179.00,123.00,171.27,163.52,0.2742,0,correlation 0.27 <= 0.7
2,78.8142,8.3954,183.00,179.00,172.30,165.89,0.6822,0,correlation 0.68 <= 0.7
2,78.8037,8.4245,181.00,175.00,171.65,164.30,0.4517,0,correlation 0.45 <= 0.7
2,78.8215,8.4444,183.00,125.00,172.83,166.62,0.6924,0,correlation 0.69 <= 0.7
2,78.7890,8.4590,179.00,121.00,170.82,162.57,0.0547,0,correlation 0.05 <= 0.7
2,78.8257,8.4464,183.00,125.00,173.11,167.09,0.7532,0,centroids differ by 6.0 km
2,78.8065,8.4159,181.00,175.00,171.83,164.77,0.5370,0,correlation 0.54 <= 0.7
2,78.8540,8.3832,183.00,205.00,174.68,169.09,0.8098,0,NYA peak not clear against upper and lower means
2,78.8172,8.4962,181.00,123.00,172.60,166.02,0.6594,0,correlation 0.66 <= 0.7
2,78.7662,8.4619,171.00,107.00,169.60,159.29,-0.3832,0,correlation -0.38 <= 0.7
2,78.7972,8.4265,179.00,123.00,171.26,163.43,0.2651,0,correlation 0.27 <= 0.7
2,78.8321,8.4537,181.00,199.00,173.52,167.72,0.8503,0,centroids differ by 5.8 km
2,78.4387,4.5634,137.00,117.00,159.12,164.30,0.3523,0,correlation 0.35 <= 0.7
2,78.4081,4.5513,121.00,125.00,154.24,164.06,0.5496,0,correlation 0.55 <= 0.7
2,78.3781,4.6587,117.00,123.00,151.31,165.63,0.3589,0,correlation 0.36 <= 0.7
2,78.4412,4.6532,137.00,117.00,158.63,164.14,0.2816,0,correlation 0.28 <= 0.7
2,78.4185,4.6124,125.00,123.00,155.62,163.93,0.5192,0,correlation 0.52 <= 0.7
2,78.4130,4.5669,125.00,123.00,154.95,163.98,0.5466,0,correlation 0.55 <= 0.7
2,78.4016,4.5453,121.00,123.00,153.31,164.20,0.5313,0,correlation 0.53 <= 0.7
2,78.3665,4.5851,117.00,123.00,152.51,166.17,0.3409,0,correlation 0.34 <= 0.7
2,78.4069,4.5873,121.00,123.00,154.02,164.17,0.5403,0,correlation 0.54 <= 0.7
2,78.3748,4.5419,117.00,127.00,151.95,165.34,0.4244,0,correlation 0.42 <= 0.7
2,78.3998,4.5554,121.00,121.00,153.03,164.28,0.5203,0,correlation 0.52 <= 0.7
2,78.3943,4.5621,119.00,121.00,152.33,164.49,0.4873,0,correlation 0.49 <= 0.7
2,78.3943,4.5291,121.00,123.00,152.39,164.39,0.4965,0,correlation 0.50 <= 0.7
2,78.4072,4.6054,122.00,123.00,154.05,164.22,0.5366,0,correlation 0.54 <= 0.7
2,78.3609,4.5444,117.00,123.00,153.43,166.49,0.3311,0,correlation 0.33 <= 0.7
2,78.3985,4.5581,119.00,121.00,152.85,164.34,0.5121,0,correlation 0.51 <= 0.7
2,78.4418,4.5667,139.00,117.00,159.57,164.42,0.3030,0,correlation 0.30 <= 0.7
2,78.3777,4.5451,119.00,123.00,151.77,165.18,0.4303,0,correlation 0.43 <= 0.7
2,78.3842,4.5362,119.00,123.00,151.73,164.82,0.4512,0,correlation 0.45 <= 0.7
2,78.3592,4.5228,117.00,125.00,153.80,166.55,0.3368,0,correlation 0.34 <= 0.7
2,78.3539,4.6361,115.00,129.00,153.95,167.55,0.1487,0,correlation 0.15 <= 0.7
2,78.4490,4.5488,147.00,117.00,160.70,164.76,0.1878,0,correlation 0.19 <= 0.7
2,78.4277,4.5419,129.00,119.00,157.70,163.98,0.4802,0,correlation 0.48 <= 0.7
2,78.4076,4.5292,121.00,125.00,154.97,164.04,0.5524,0,correlation 0.55 <= 0.7
2,78.4257,4.6122,127.00,121.00,156.57,163.86,0.4758,0,correlation 0.48 <= 0.7
2,78.3960,4.6486,119.00,121.00,152.42,164.66,0.4767,0,correlation 0.48 <= 0.7
2,78.4296,4.5188,129.00,119.00,157.98,164.07,0.4734,0,correlation 0.47 <= 0.7
2,78.4092,4.5199,121.00,125.00,155.22,164.00,0.5550,0,correlation 0.56 <= 0.7
2,78.4046,4.6286,119.00,121.00,153.64,164.34,0.5251,0,correlation 0.53 <= 0.7
2,78.4273,4.5488,129.00,119.00,157.63,163.96,0.4810,0,correlation 0.48 <= 0.7
2,78.4083,4.5984,122.00,123.00,154.23,164.17,0.5399,0,correlation 0.54 <= 0.7
2,78.4514,4.6477,145.00,115.00,160.25,164.60,0.0961,0,correlation 0.10 <= 0.7
2,78.3531,4.5664,117.00,129.00,154.46,167.34,0.2243,0,correlation 0.22 <= 0.7
2,78.3822,4.5705,119.00,123.00,151.59,165.04,0.4291,0,correlation 0.43 <= 0.7
2,78.3836,4.6407,117.00,123.00,151.39,165.21,0.4002,0,correlation 0.40 <= 0.7
2,78.3581,4.5804,117.00,127.00,153.63,166.94,0.2668,0,correlation 0.27 <= 0.7
2,78.5370,11.5651,109.00,133.00,148.23,167.41,0.1377,0,correlation 0.14 <= 0.7
2,78.5643,11.5267,113.00,117.00,149.63,162.93,0.7694,0,centroids differ by 13.3 km
2,78.5375,11.4810,109.00,135.00,148.86,167.37,0.1932,0,correlation 0.19 <= 0.7
2,78.5549,11.4929,111.00,123.00,149.20,164.60,0.6235,0,correlation 0.62 <= 0.7
2,78.5108,11.6003,105.00,157.00,147.93,170.55,-0.3765,0,correlation -0.38 <= 0.7
2,78.5087,11.5883,105.00,159.00,148.08,170.82,-0.4108,0,correlation -0.41 <= 0.7
2,78.5282,11.4935,109.00,139.00,148.78,168.63,-0.0278,0,correlation -0.03 <= 0.7
2,78.5315,11.4797,109.00,137.00,148.89,168.23,0.0447,0,correlation 0.04 <= 0.7
2,78.5137,11.5044,109.00,147.00,148.82,170.20,-0.3039,0,correlation -0.30 <= 0.7
2,78.5787,11.5675,115.00,105.00,150.60,160.31,0.7572,0,centroids differ by 9.7 km
2,78.5455,11.5092,111.00,129.00,148.78,166.15,0.3844,0,correlation 0.38 <= 0.7
2,78.5137,11.5130,107.00,147.00,148.74,170.19,-0.3061,0,correlation -0.31 <= 0.7
2,78.5467,11.5099,111.00,127.00,148.82,165.98,0.4140,0,correlation 0.41 <= 0.7
2,78.5173,11.4709,109.00,147.00,149.10,169.89,-0.2408,0,correlation -0.24 <= 0.7
2,78.5679,11.5963,113.00,111.00,149.76,162.35,0.7393,0,centroids differ by 12.6 km
2,78.5227,11.5118,109.00,141.00,148.64,169.27,-0.1436,0,correlation -0.14 <= 0.7
2,78.5718,11.4761,113.00,115.00,150.21,161.66,0.8136,0,centroids differ by 11.4 km
2,78.5530,11.5091,111.00,123.00,149.05,164.93,0.5749,0,correlation 0.57 <= 0.7
2,78.5161,11.5249,107.00,145.00,148.59,169.93,-0.2690,0,correlation -0.27 <= 0.7
2,78.5211,11.5492,107.00,145.00,148.30,169.44,-0.1977,0,correlation -0.20 <= 0.7
2,78.5841,11.4776,115.00,107.00,151.04,159.39,0.7799,0,centroids differ by 8.3 km
2,78.5935,11.5330,115.00,99.00,151.92,157.61,0.6838,0,correlation 0.68 <= 0.7
2,78.5255,11.4730,109.00,141.00,148.98,168.98,-0.0858,0,correlation -0.09 <= 0.7
2,78.5742,11.4942,113.00,113.00,150.34,161.13,0.8084,0,centroids differ by 10.8 km
2,78.5890,11.5260,115.00,103.00,151.46,158.35,0.7084,0,centroids differ by 6.9 km
2,78.5612,11.5426,111.00,117.00,149.39,163.50,0.7161,0,centroids differ by 14.1 km
2,78.5242,11.5196,109.00,141.00,148.55,169.10,-0.1177,0,correlation -0.12 <= 0.7
2,78.5984,11.5690,115.00,95.00,152.55,156.95,0.6670,0,correlation 0.67 <= 0.7
2,78.5354,11.5130,109.00,133.00,148.58,167.64,0.1333,0,correlation 0.13 <= 0.7
2,78.5812,11.5067,115.00,107.00,150.82,159.76,0.7716,0,centroids differ by 8.9 km
2,78.5741,11.5857,113.00,107.00,150.23,161.17,0.7576,0,centroids differ by 10.9 km
2,78.5601,11.6015,111.00,117.00,149.24,163.80,0.6390,0,correlation 0.64 <= 0.7
2,78.5447,11.5478,109.00,127.00,148.53,166.26,0.3421,0,correlation 0.34 <= 0.7
2,78.5219,11.5019,109.00,143.00,148.74,169.34,-0.1541,0,correlation -0.15 <= 0.7
2,78.5955,11.4839,117.00,99.00,152.02,157.36,0.7056,0,centroids differ by 5.3 km
2,78.5103,11.5980,105.00,157.00,147.96,170.62,-0.3846,0,correlation -0.38 <= 0.7
2,78.6046,8.0964,143.00,124.79,161.72,157.90,0.5860,0,correlation 0.59 <= 0.7
2,78.5280,8.1053,145.00,127.00,159.08,158.99,0.6855,0,correlation 0.69 <= 0.7
2,78.6002,7.9852,145.00,128.76,161.28,158.40,0.6767,0,correlation 0.68 <= 0.7
2,78.5264,8.0800,145.00,127.00,158.87,159.07,0.6905,0,correlation 0.69 <= 0.7
2,78.5690,8.1137,151.00,129.00,160.19,158.70,0.7926,0,centroids differ by 1.5 km
2,78.5754,7.9916,153.00,133.00,160.57,158.86,0.8157,0,centroids differ by 1.7 km
2,78.6029,8.1112,141.00,124.03,161.59,157.89,0.5970,0,correlation 0.60 <= 0.7
2,78.5223,8.0997,139.00,105.00,158.43,158.99,0.6706,0,correlation 0.67 <= 0.7
2,78.5558,8.0533,147.00,131.00,160.79,159.30,0.7883,0,centroids differ by 1.5 km
2,78.5620,8.0695,155.00,131.00,160.63,159.06,0.8038,0,centroids differ by 1.6 km
2,78.6154,8.0485,145.00,123.00,162.52,157.90,0.4801,0,correlation 0.48 <= 0.7
2,78.5910,7.9857,137.00,131.00,160.71,158.55,0.7476,0,centroids differ by 2.2 km
2,78.5215,8.0585,137.00,105.00,158.32,159.13,0.6814,0,correlation 0.68 <= 0.7
2,78.6027,8.1166,141.00,123.21,161.58,157.89,0.5976,0,correlation 0.60 <= 0.7
2,78.5228,8.1288,145.00,103.00,158.52,158.88,0.6579,0,correlation 0.66 <= 0.7
2,78.5863,8.0110,135.00,129.00,160.50,158.54,0.7791,0,centroids differ by 2.0 km
2,78.5232,8.0211,131.77,129.00,158.47,159.36,0.7028,1,
2,78.5409,8.0137,145.00,107.00,160.20,159.57,0.7421,1,
2,78.5230,8.0197,131.70,129.00,158.44,159.36,0.7025,0,NYA peak not clear against upper and lower means
2,78.5974,7.9964,145.00,128.00,161.07,158.42,0.6999,0,correlation 0.70 <= 0.7
2,78.6059,8.1334,143.00,123.00,161.85,157.73,0.5492,0,correlation 0.55 <= 0.7
2,78.5830,8.0103,135.00,130.00,160.45,158.63,0.7983,0,centroids differ by 1.8 km
2,78.5538,8.0427,149.00,133.00,160.82,159.37,0.7810,0,centroids differ by 1.4 km
2,78.5394,8.0653,146.30,107.00,160.16,159.36,0.7270,1,
2,78.5179,7.9988,132.00,107.00,157.98,159.41,0.6850,0,correlation 0.68 <= 0.7
2,78.6053,8.0930,143.00,125.00,161.77,157.89,0.5797,0,correlation 0.58 <= 0.7
2,78.5357,7.9946,147.00,109.00,159.71,159.67,0.7433,1,
2,78.6147,8.0872,145.00,124.00,162.47,157.68,0.4712,0,correlation 0.47 <= 0.7
2,78.5382,8.0276,145.00,107.00,159.99,159.53,0.7364,1,
2,78.5511,8.0805,149.00,151.00,160.72,159.33,0.7590,0,NYA peak not clear against upper and lower means
2,78.5716,8.0523,147.51,131.00,160.41,158.78,0.7928,0,centroids differ by 1.6 km
2,78.6012,8.0352,143.00,126.99,161.39,158.19,0.6517,0,correlation 0.65 <= 0.7
2,78.5781,8.0720,133.00,129.00,160.23,158.55,0.8059,0,centroids differ by 1.7 km
2,78.6070,7.9853,145.00,128.23,161.83,158.25,0.6108,0,correlation 0.61 <= 0.7
2,78.5710,8.0823,157.00,129.00,160.29,158.70,0.7853,0,centroids differ by 1.6 km
2,78.5414,8.0670,147.00,107.00,160.31,159.35,0.7279,1,
2,78.5734,11.0043,119.00,129.00,153.08,162.76,0.7556,0,centroids differ by 9.7 km
2,78.6286,11.0654,125.00,105.00,155.02,153.47,0.5207,0,correlation 0.52 <= 0.7
2,78.6360,11.0799,127.00,99.00,155.53,152.84,0.3919,0,correlation 0.39 <= 0.7
2,78.5774,11.0635,119.00,123.00,152.70,161.59,0.8314,0,centroids differ by 8.9 km
2,78.6260,11.0740,125.00,103.00,154.81,153.72,0.5576,0,correlation 0.56 <= 0.7
2,78.6352,10.9589,127.00,103.00,155.70,153.74,0.4657,0,correlation 0.47 <= 0.7
2,78.5939,11.0596,121.00,115.00,153.04,158.56,0.8955,0,centroids differ by 5.5 km
2,78.6328,11.0141,127.00,99.00,155.42,153.44,0.4877,0,correlation 0.49 <= 0.7
2,78.5598,11.0752,119.00,131.00,152.40,165.06,0.5340,0,correlation 0.53 <= 0.7
2,78.6022,10.9569,123.00,121.00,153.94,157.72,0.8888,0,centroids differ by 3.8 km
2,78.5828,10.9950,121.00,123.00,153.28,161.01,0.8648,0,centroids differ by 7.7 km
2,78.5930,10.9458,123.00,133.00,153.82,159.47,0.9055,0,centroids differ by 5.6 km
2,78.6523,11.0515,129.00,89.00,156.90,153.11,0.1429,0,correlation 0.14 <= 0.7
2,78.6361,10.9725,127.00,103.00,155.74,153.57,0.4428,0,correlation 0.44 <= 0.7
2,78.6379,11.0500,127.00,95.00,155.72,152.89,0.3787,0,correlation 0.38 <= 0.7
2,78.5664,11.0942,117.00,127.00,152.33,163.65,0.6876,0,correlation 0.69 <= 0.7
2,78.5894,11.0378,121.00,117.00,153.08,159.49,0.8999,0,centroids differ by 6.4 km
2,78.5719,11.0759,119.00,125.00,152.53,162.60,0.7692,0,centroids differ by 10.1 km
2,78.6433,11.0539,127.00,93.00,156.14,152.75,0.2862,0,correlation 0.29 <= 0.7
2,78.5839,10.9451,121.00,125.00,153.67,161.21,0.8564,0,centroids differ by 7.5 km
2,78.5647,11.0486,119.00,129.00,152.65,164.19,0.6249,0,correlation 0.62 <= 0.7
2,78.6306,10.9993,125.00,101.00,155.29,153.73,0.5351,0,correlation 0.54 <= 0.7
2,78.6274,10.9488,125.00,107.00,155.18,154.38,0.6126,0,correlation 0.61 <= 0.7
2,78.5566,11.0326,121.00,135.00,152.65,165.83,0.4367,0,correlation 0.44 <= 0.7
2,78.6111,10.9743,123.00,117.00,154.15,156.13,0.8208,0,centroids differ by 2.0 km
2,78.5640,11.0306,121.00,131.00,152.77,164.43,0.5967,0,correlation 0.60 <= 0.7
2,78.5916,10.9882,121.00,119.00,153.47,159.49,0.9039,0,centroids differ by 6.0 km
2,78.5563,11.0574,119.00,133.00,152.48,165.78,0.4443,0,correlation 0.44 <= 0.7
2,78.6356,10.9808,127.00,103.00,155.69,153.51,0.4472,0,correlation 0.45 <= 0.7
2,78.6151,11.0728,123.00,113.00,154.04,155.26,0.7334,0,NYA peak not clear against upper and lower means
2,78.5644,10.9843,121.00,133.00,153.09,164.65,0.5723,0,correlation 0.57 <= 0.7
2,78.5734,11.0493,119.00,125.00,152.75,162.50,0.7737,0,centroids differ by 9.7 km
2,78.6422,11.0379,127.00,95.00,156.08,152.86,0.3102,0,correlation 0.31 <= 0.7
2,78.5845,11.0028,121.00,123.00,153.25,160.65,0.8783,0,centroids differ by 7.4 km
2,78.5665,10.9924,121.00,133.00,153.07,164.19,0.6215,0,correlation 0.62 <= 0.7
2,78.6252,11.0408,125.00,107.00,154.82,153.97,0.5950,0,correlation 0.59 <= 0.7
2,78.4656,8.1096,123.00,109.00,154.53,160.16,0.7729,0,centroids differ by 5.6 km
2,78.4545,8.0113,125.00,113.00,154.62,160.82,0.8203,0,centroids differ by 6.2 km
2,78.4799,7.9924,127.00,111.00,155.47,159.43,0.7057,0,centroids differ by 4.0 km
2,78.4981,8.0379,129.00,109.00,156.51,159.07,0.6414,0,correlation 0.64 <= 0.7
2,78.4566,8.0715,123.00,113.00,154.39,160.70,0.8109,0,centroids differ by 6.3 km
2,78.4702,8.0663,123.00,108.99,154.84,159.87,0.7492,0,centroids differ by 5.0 km
2,78.4721,8.0591,125.00,111.00,154.94,159.76,0.7401,0,centroids differ by 4.8 km
2,78.4607,8.1072,123.00,111.00,154.37,160.44,0.7946,0,centroids differ by 6.1 km
2,78.4394,8.1220,123.00,129.00,154.03,162.11,0.8479,0,centroids differ by 8.1 km
2,78.4316,8.1208,123.00,129.00,154.11,162.80,0.8476,0,centroids differ by 8.7 km
2,78.4675,8.1284,123.00,109.00,154.54,160.05,0.7615,0,centroids differ by 5.5 km
2,78.4372,7.9952,125.00,123.00,154.71,162.21,0.8347,0,centroids differ by 7.5 km
2,78.4238,8.0857,123.00,133.00,154.41,163.41,0.8295,0,centroids differ by 9.0 km
2,78.4407,8.0327,125.00,123.00,154.48,161.94,0.8362,0,centroids differ by 7.5 km
2,78.4775,8.0633,127.00,109.00,155.17,159.49,0.7165,0,centroids differ by 4.3 km
2,78.5020,8.1103,129.00,107.00,156.66,158.89,0.6178,0,correlation 0.62 <= 0.7
2,78.4198,8.1039,123.00,131.00,154.34,163.77,0.8073,0,centroids differ by 9.4 km
2,78.4520,8.0295,125.00,113.00,154.51,161.02,0.8267,0,centroids differ by 6.5 km
2,78.4929,8.0541,129.00,109.00,156.13,159.03,0.6504,0,correlation 0.65 <= 0.7
2,78.4279,8.1041,123.00,131.00,154.25,163.09,0.8401,0,centroids differ by 8.8 km
2,78.4768,8.0787,125.00,109.00,155.10,159.52,0.7171,0,centroids differ by 4.4 km
2,78.4128,8.0566,125.00,133.00,154.39,164.29,0.7588,0,centroids differ by 9.9 km
2,78.4858,8.1039,127.00,107.00,155.58,159.13,0.6697,0,correlation 0.67 <= 0.7
2,78.4835,7.9929,129.00,111.00,155.66,159.31,0.6884,0,correlation 0.69 <= 0.7
2,78.4407,8.0099,125.00,123.00,154.60,161.93,0.8367,0,centroids differ by 7.3 km
2,78.4559,8.0643,123.00,113.00,154.41,160.75,0.8136,0,centroids differ by 6.3 km
2,78.5023,8.0012,131.00,105.00,156.85,159.24,0.6393,0,correlation 0.64 <= 0.7
2,78.4287,8.0069,125.00,133.00,154.76,162.90,0.8338,0,centroids differ by 8.1 km
2,78.4771,8.0468,125.00,107.00,155.19,159.51,0.7189,0,centroids differ by 4.3 km
2,78.4495,8.0232,125.00,123.00,154.52,161.21,0.8311,0,centroids differ by 6.7 km
2,78.4515,8.0358,125.00,123.00,154.47,161.06,0.8272,0,centroids differ by 6.6 km
2,78.4720,8.0665,125.00,111.00,154.91,159.77,0.7404,0,centroids differ by 4.9 km
2,78.4166,8.1278,123.00,131.00,154.21,164.02,0.7838,0,centroids differ by 9.8 km
2,78.4724,7.9926,125.00,111.00,155.18,159.77,0.7383,0,centroids differ by 4.6 km
2,78.4584,8.0431,125.00,113.00,154.55,160.58,0.8070,0,centroids differ by 6.0 km
2,78.4467,8.0694,125.00,121.00,154.28,161.49,0.8331,0,centroids differ by 7.2 km
2,78.7520,6.5340,203.00,189.00,170.71,164.25,0.1258,0,correlation 0.13 <= 0.7
2,78.7077,6.4341,173.00,211.00,168.31,165.21,0.2431,0,correlation 0.24 <= 0.7
2,78.6877,6.5292,171.00,207.00,167.22,163.77,-0.1236,0,correlation -0.12 <= 0.7
2,78.7476,6.5236,201.00,189.00,170.56,164.65,0.2474,0,correlation 0.25 <= 0.7
2,78.7648,6.4513,205.00,173.00,171.09,162.92,-0.2361,0,correlation -0.24 <= 0.7
2,78.7278,6.4775,175.00,211.00,169.54,165.53,0.6694,0,correlation 0.67 <= 0.7
2,78.7034,6.5081,171.00,207.00,168.09,165.02,0.1823,0,correlation 0.18 <= 0.7
2,78.7027,6.4701,171.00,209.00,168.04,164.97,0.1705,0,correlation 0.17 <= 0.7
2,78.7644,6.4371,205.00,175.00,171.11,162.99,-0.2185,0,correlation -0.22 <= 0.7
2,78.7348,6.4025,177.00,193.00,169.89,165.46,0.6388,0,correlation 0.64 <= 0.7
2,78.7152,6.5249,173.00,207.00,168.81,165.45,0.3761,0,correlation 0.38 <= 0.7
2,78.7374,6.5421,201.00,187.00,170.09,165.33,0.5366,0,correlation 0.54 <= 0.7
2,78.7294,6.3962,177.00,189.00,169.57,165.54,0.6967,0,correlation 0.70 <= 0.7
2,78.7004,6.4433,171.00,211.00,167.91,164.86,0.1264,0,correlation 0.13 <= 0.7
2,78.6942,6.4594,171.00,209.00,167.57,164.46,0.0270,0,correlation 0.03 <= 0.7
2,78.6871,6.4719,163.00,209.00,167.21,163.76,-0.1230,0,correlation -0.12 <= 0.7
2,78.7645,6.5187,203.00,171.00,171.00,162.91,-0.2507,0,correlation -0.25 <= 0.7
2,78.7063,6.4454,171.00,211.00,168.24,165.15,0.2239,0,correlation 0.22 <= 0.7
2,78.6914,6.5068,171.00,207.00,167.42,164.17,-0.0240,0,correlation -0.02 <= 0.7
2,78.6927,6.4851,171.00,209.00,167.49,164.34,0.0037,0,correlation 0.00 <= 0.7
2,78.6975,6.4162,173.00,211.00,167.75,164.69,0.0752,0,correlation 0.08 <= 0.7
2,78.6866,6.4589,163.00,211.00,167.20,163.72,-0.1299,0,correlation -0.13 <= 0.7
2,78.7032,6.3963,173.00,213.00,168.05,165.02,0.1714,0,correlation 0.17 <= 0.7
2,78.7208,6.5238,173.00,207.00,169.16,165.54,0.5211,0,correlation 0.52 <= 0.7
2,78.7080,6.5334,171.00,207.00,168.37,165.22,0.2572,0,correlation 0.26 <= 0.7
2,78.6856,6.4647,163.00,80.00,167.15,163.62,-0.1566,0,correlation -0.16 <= 0.7
2,78.7422,6.5158,201.00,189.00,170.32,165.07,0.4032,0,correlation 0.40 <= 0.7
2,78.7172,6.4340,175.00,211.00,168.85,165.49,0.4450,0,correlation 0.44 <= 0.7
2,78.7156,6.4958,173.00,209.00,168.81,165.44,0.4000,0,correlation 0.40 <= 0.7
2,78.7492,6.4708,203.00,191.00,170.64,164.59,0.2362,0,correlation 0.24 <= 0.7
2,78.7525,6.5338,203.00,189.00,170.72,164.21,0.1135,0,correlation 0.11 <= 0.7
2,78.7762,6.5220,175.00,111.00,171.10,161.98,-0.4528,0,correlation -0.45 <= 0.7
2,78.6939,6.5335,171.00,207.00,167.56,164.42,0.0274,0,correlation 0.03 <= 0.7
2,78.7770,6.4433,177.00,113.00,171.24,161.98,-0.4273,0,correlation -0.43 <= 0.7
2,78.7413,6.4479,203.00,191.00,170.26,165.18,0.4566,0,correlation 0.46 <= 0.7
2,78.7218,6.4217,175.00,213.00,169.13,165.54,0.5759,0,correlation 0.58 <= 0.7
2,78.5051,7.2427,137.00,87.00,158.86,161.63,0.5172,0,correlation 0.52 <= 0.7
2,78.4892,7.2264,137.00,89.00,158.64,162.49,0.6237,0,correlation 0.62 <= 0.7
2,78.5004,7.2049,137.00,89.00,158.89,161.90,0.5094,0,correlation 0.51 <= 0.7
2,78.4665,7.2146,137.00,159.00,158.64,163.72,0.6025,0,correlation 0.60 <= 0.7
2,78.4657,7.2840,137.00,129.00,158.30,163.50,0.6267,0,correlation 0.63 <= 0.7
2,78.5076,7.2532,135.00,87.00,158.90,161.53,0.5173,0,correlation 0.52 <= 0.7
2,78.5185,7.2604,139.00,161.00,159.35,161.28,0.5053,0,correlation 0.51 <= 0.7
2,78.5266,7.1888,141.00,163.00,160.00,160.87,0.4453,0,correlation 0.45 <= 0.7
2,78.4333,7.2453,133.00,135.00,157.54,164.80,0.6640,0,correlation 0.66 <= 0.7
2,78.5082,7.2799,135.00,87.00,158.83,161.49,0.5357,0,correlation 0.54 <= 0.7
2,78.4821,7.2608,137.00,91.00,158.44,162.81,0.6650,0,correlation 0.66 <= 0.7
2,78.4839,7.3238,135.00,155.00,158.15,162.53,0.6820,0,correlation 0.68 <= 0.7
2,78.5272,7.3095,141.00,159.00,159.85,161.02,0.5319,0,correlation 0.53 <= 0.7
2,78.4954,7.1864,137.00,89.00,158.88,162.17,0.5267,0,correlation 0.53 <= 0.7
2,78.4866,7.2621,137.00,89.00,158.45,162.57,0.6604,0,correlation 0.66 <= 0.7
2,78.5053,7.2670,135.00,87.00,158.79,161.60,0.5372,0,correlation 0.54 <= 0.7
2,78.4689,7.2256,137.00,159.00,158.58,163.56,0.6131,0,correlation 0.61 <= 0.7
2,78.4422,7.2136,137.00,130.00,158.12,164.59,0.6270,0,correlation 0.63 <= 0.7
2,78.4313,7.2271,133.00,135.00,157.42,164.95,0.6629,0,correlation 0.66 <= 0.7
2,78.4990,7.2974,135.00,87.00,158.51,161.81,0.6004,0,correlation 0.60 <= 0.7
2,78.4776,7.1951,139.00,93.00,158.75,163.25,0.6381,0,correlation 0.64 <= 0.7
2,78.4871,7.2368,137.00,89.00,158.58,162.60,0.6443,0,correlation 0.64 <= 0.7
2,78.5089,7.2057,137.00,83.00,159.10,161.57,0.4822,0,correlation 0.48 <= 0.7
2,78.5186,7.2848,139.00,80.00,159.31,161.25,0.5259,0,correlation 0.53 <= 0.7
2,78.5030,7.3156,135.00,87.00,158.55,161.61,0.5864,0,correlation 0.59 <= 0.7
2,78.4318,7.1870,133.00,135.00,157.53,165.13,0.6448,0,correlation 0.64 <= 0.7
2,78.4928,7.3161,135.00,89.00,158.30,162.13,0.6635,0,correlation 0.66 <= 0.7
2,78.4372,7.2541,133.00,133.00,157.77,164.62,0.6582,0,correlation 0.66 <= 0.7
2,78.4451,7.2815,137.00,127.88,158.03,164.16,0.6489,0,correlation 0.65 <= 0.7
2,78.5103,7.2349,137.00,83.00,159.04,161.47,0.5003,0,correlation 0.50 <= 0.7
2,78.4651,7.1860,137.00,131.00,158.77,163.90,0.5876,0,correlation 0.59 <= 0.7
2,78.5044,7.2236,137.00,87.00,158.91,161.69,0.5039,0,correlation 0.50 <= 0.7
2,78.5209,7.2458,141.00,161.00,159.53,161.21,0.4877,0,correlation 0.49 <= 0.7
2,78.4490,7.3065,137.00,127.00,158.06,163.88,0.6495,0,correlation 0.65 <= 0.7
2,78.4759,7.3013,137.00,155.00,158.23,162.94,0.6548,0,correlation 0.65 <= 0.7
2,78.4955,7.1851,137.00,89.00,158.88,162.16,0.5238,0,correlation 0.52 <= 0.7
2,78.5896,11.0574,121.00,117.00,152.94,159.31,0.8984,0,centroids differ by 6.4 km
2,78.6103,10.9673,123.00,119.00,154.16,156.29,0.8310,0,centroids differ by 2.1 km
2,78.5994,11.0716,121.00,111.00,153.17,157.60,0.8735,0,centroids differ by 4.4 km
2,78.5832,11.0562,119.00,121.00,152.82,160.51,0.8775,0,centroids differ by 7.7 km
2,78.6221,10.9873,125.00,111.00,154.71,154.68,0.6845,0,correlation 0.68 <= 0.7
2,78.5569,11.0613,119.00,133.00,152.47,165.66,0.4605,0,correlation 0.46 <= 0.7
2,78.5665,10.9897,121.00,133.00,153.09,164.21,0.6202,0,correlation 0.62 <= 0.7
2,78.5947,10.9743,121.00,129.00,153.63,159.00,0.9055,0,centroids differ by 5.4 km
2,78.5528,11.0513,119.00,135.00,152.47,166.48,0.3487,0,correlation 0.35 <= 0.7
2,78.5821,11.0153,121.00,123.00,153.12,160.98,0.8655,0,centroids differ by 7.9 km
2,78.5943,10.9302,123.00,133.00,153.96,159.35,0.9081,0,centroids differ by 5.4 km
2,78.6253,11.0551,125.00,105.00,154.80,153.87,0.5819,0,correlation 0.58 <= 0.7
2,78.6178,11.0730,123.00,111.00,154.23,154.87,0.6949,0,correlation 0.69 <= 0.7
2,78.5482,10.9416,119.00,145.00,152.98,167.78,0.1500,0,correlation 0.15 <= 0.7
2,78.6066,11.0447,121.00,117.00,153.62,156.61,0.8375,0,centroids differ by 3.0 km
2,78.5617,10.9836,121.00,135.00,153.03,165.16,0.5123,0,correlation 0.51 <= 0.7
2,78.6069,10.9322,123.00,123.00,154.24,157.12,0.8726,0,centroids differ by 2.9 km
2,78.5459,10.9678,119.00,145.00,152.79,168.01,0.1179,0,correlation 0.12 <= 0.7
2,78.6096,10.9611,123.00,119.00,154.16,156.44,0.8401,0,centroids differ by 2.3 km
2,78.6051,11.0680,121.00,107.00,153.45,156.76,0.8411,0,centroids differ by 3.3 km
2,78.5499,10.9331,121.00,145.00,153.05,167.56,0.1835,0,correlation 0.18 <= 0.7
2,78.5940,10.9865,121.00,117.00,153.53,159.05,0.9053,0,centroids differ by 5.5 km
2,78.6194,10.9862,123.00,113.00,154.55,154.98,0.7210,0,NYA peak not clear against upper and lower means
2,78.6063,11.0217,123.00,121.00,153.70,156.72,0.8471,0,centroids differ by 3.0 km
2,78.6058,11.0026,123.00,121.00,153.78,156.87,0.8561,0,centroids differ by 3.1 km
2,78.5357,11.0572,117.00,145.00,152.12,169.55,-0.1287,0,correlation -0.13 <= 0.7
2,78.5424,10.9352,118.00,147.00,152.89,168.75,0.0049,0,correlation 0.00 <= 0.7
2,78.6202,10.9703,123.00,113.00,154.65,155.02,0.7225,0,NYA peak not clear against upper and lower means
2,78.5643,10.9576,121.00,135.00,153.25,164.84,0.5507,0,correlation 0.55 <= 0.7
2,78.5316,11.0088,116.00,149.00,152.32,170.30,-0.2245,0,correlation -0.22 <= 0.7
2,78.5902,11.0512,121.00,117.00,153.00,159.24,0.8997,0,centroids differ by 6.2 km
2,78.6036,11.0340,123.00,109.00,153.53,157.13,0.8630,0,centroids differ by 3.6 km
2,78.5633,10.9660,121.00,135.00,153.18,164.98,0.5346,0,correlation 0.53 <= 0.7
2,78.6053,10.9584,123.00,119.00,154.02,157.16,0.8715,0,centroids differ by 3.1 km
2,78.6177,11.0303,123.00,109.00,154.32,154.93,0.7129,0,NYA peak not clear against upper and lower means
2,78.5528,10.9508,121.00,141.00,153.02,166.95,0.2719,0,correlation 0.27 <= 0.7
2,78.6400,10.8523,129.00,109.00,156.27,155.19,0.4688,0,correlation 0.47 <= 0.7
2,78.6495,10.8147,131.00,109.00,157.02,156.96,0.3855,0,correlation 0.39 <= 0.7
2,78.6446,10.7802,129.00,113.00,156.74,156.95,0.4946,0,correlation 0.49 <= 0.7
2,78.5995,10.8881,123.00,129.00,154.36,158.73,0.9144,0,centroids differ by 4.4 km
2,78.6674,10.8192,133.00,80.00,158.30,160.97,0.2071,0,correlation 0.21 <= 0.7
2,78.6693,10.7521,133.00,80.00,158.57,162.15,0.1387,0,correlation 0.14 <= 0.7
2,78.6460,10.8803,129.00,107.00,156.65,155.05,0.3511,0,correlation 0.35 <= 0.7
2,78.5881,10.8406,123.00,137.00,154.46,161.19,0.8724,0,centroids differ by 6.7 km
2,78.5884,10.8843,123.00,133.00,154.17,160.78,0.8829,0,centroids differ by 6.6 km
2,78.5847,10.8243,125.00,139.00,154.50,161.98,0.8286,0,centroids differ by 7.5 km
2,78.6526,10.7526,131.00,91.00,157.35,158.90,0.4150,0,correlation 0.42 <= 0.7
2,78.6238,10.7992,127.00,117.00,155.60,156.48,0.7636,1,
2,78.6604,10.7614,133.00,80.00,157.91,160.19,0.2977,0,correlation 0.30 <= 0.7
2,78.5982,10.7765,125.00,131.00,155.11,160.28,0.9134,0,centroids differ by 5.2 km
2,78.5719,10.8942,123.00,133.00,153.78,163.94,0.6392,0,correlation 0.64 <= 0.7
2,78.6575,10.7948,131.00,80.00,157.64,159.11,0.3195,0,correlation 0.32 <= 0.7
2,78.6517,10.8736,131.00,105.00,157.07,155.90,0.2772,0,correlation 0.28 <= 0.7
2,78.6353,10.8228,127.00,113.00,156.03,155.61,0.5761,0,correlation 0.58 <= 0.7
2,78.6110,10.8838,125.00,117.00,154.67,157.06,0.8663,0,centroids differ by 2.4 km
2,78.6043,10.8421,125.00,123.00,154.80,158.54,0.9138,0,centroids differ by 3.7 km
2,78.5766,10.8590,125.00,147.00,154.09,163.31,0.7059,0,centroids differ by 9.2 km
2,78.6407,10.8174,127.00,113.00,156.40,155.87,0.5029,0,correlation 0.50 <= 0.7
2,78.6429,10.8222,129.00,113.00,156.53,155.92,0.4648,0,correlation 0.46 <= 0.7
2,78.6010,10.8053,125.00,127.00,154.99,159.50,0.9210,0,centroids differ by 4.5 km
2,78.6388,10.8192,127.00,113.00,156.26,155.75,0.5292,0,correlation 0.53 <= 0.7
2,78.5772,10.8185,125.00,143.00,154.34,163.49,0.7011,0,centroids differ by 9.1 km
2,78.6589,10.7920,131.00,80.00,157.75,159.47,0.3071,0,correlation 0.31 <= 0.7
2,78.6300,10.8101,127.00,115.00,155.80,155.92,0.6685,0,correlation 0.67 <= 0.7
2,78.5816,10.8770,123.00,143.00,154.09,162.18,0.8007,0,centroids differ by 8.1 km
2,78.5714,10.8539,125.00,135.00,154.00,164.38,0.5929,0,correlation 0.59 <= 0.7
2,78.6115,10.7782,127.00,127.00,155.40,158.21,0.8904,0,centroids differ by 2.8 km
2,78.6700,10.8171,133.00,80.00,158.51,161.64,0.1591,0,correlation 0.16 <= 0.7
2,78.5838,10.8014,125.00,143.00,154.62,162.37,0.8049,0,centroids differ by 7.7 km
2,78.5953,10.8749,123.00,131.00,154.37,159.58,0.9155,0,centroids differ by 5.2 km
2,78.6001,10.8489,125.00,133.00,154.66,159.12,0.9206,0,centroids differ by 4.5 km
2,78.6636,10.8167,133.00,80.00,158.02,160.11,0.2495,0,correlation 0.25 <= 0.7
2,78.4079,4.0341,125.00,127.00,156.37,164.52,0.5880,0,correlation 0.59 <= 0.7
2,78.4342,4.1367,133.00,123.00,159.90,164.97,0.5500,0,correlation 0.55 <= 0.7
2,78.3606,4.1335,121.00,129.00,157.23,165.01,0.5968,0,correlation 0.60 <= 0.7
2,78.3931,4.1558,123.00,131.00,154.72,163.92,0.5623,0,correlation 0.56 <= 0.7
2,78.4133,4.0579,125.00,125.00,157.10,164.63,0.6035,0,correlation 0.60 <= 0.7
2,78.3736,4.0360,123.00,133.00,156.00,164.21,0.6263,0,correlation 0.63 <= 0.7
2,78.3638,4.1105,121.00,129.00,156.88,164.78,0.6087,0,correlation 0.61 <= 0.7
2,78.3849,4.1706,123.00,131.00,154.60,164.07,0.5704,0,correlation 0.57 <= 0.7
2,78.4231,4.1291,129.00,125.00,158.43,164.74,0.6059,0,correlation 0.61 <= 0.7
2,78.3661,4.1306,121.00,129.00,156.48,164.69,0.6036,0,correlation 0.60 <= 0.7
2,78.3965,4.0455,125.00,131.00,155.19,164.08,0.5738,0,correlation 0.57 <= 0.7
2,78.4382,4.1460,133.00,123.00,160.40,165.06,0.5076,0,correlation 0.51 <= 0.7
2,78.3960,4.1208,123.00,131.00,154.97,163.96,0.5662,0,correlation 0.57 <= 0.7
2,78.4229,4.0821,129.00,125.00,158.47,164.83,0.6118,0,correlation 0.61 <= 0.7
2,78.3808,4.1468,121.00,131.00,154.87,164.15,0.5842,0,correlation 0.58 <= 0.7
2,78.3974,4.0617,125.00,129.00,155.21,164.07,0.5727,0,correlation 0.57 <= 0.7
2,78.3419,4.0603,127.00,134.00,160.28,166.29,0.5587,0,correlation 0.56 <= 0.7
2,78.3668,4.1470,121.00,129.00,156.30,164.68,0.5984,0,correlation 0.60 <= 0.7
2,78.3770,4.1534,121.00,129.00,155.13,164.27,0.5900,0,correlation 0.59 <= 0.7
2,78.3589,4.1087,121.00,131.00,157.59,165.09,0.6020,0,correlation 0.60 <= 0.7
2,78.3844,4.0463,123.00,133.00,155.09,163.98,0.6004,0,correlation 0.60 <= 0.7
2,78.4309,4.0869,131.00,125.00,159.54,164.98,0.5814,0,correlation 0.58 <= 0.7
2,78.3628,4.0271,123.00,131.00,157.43,164.71,0.6324,0,correlation 0.63 <= 0.7
2,78.3430,4.1537,126.00,132.00,159.74,166.47,0.5116,0,correlation 0.51 <= 0.7
2,78.3520,4.0645,122.30,131.00,158.82,165.51,0.6011,0,correlation 0.60 <= 0.7
2,78.3654,4.0597,121.00,131.00,156.91,164.61,0.6239,0,correlation 0.62 <= 0.7
2,78.4343,4.0412,131.00,125.00,160.06,165.14,0.5556,0,correlation 0.56 <= 0.7
2,78.3773,4.1421,121.00,129.00,155.15,164.25,0.5926,0,correlation 0.59 <= 0.7
2,78.4163,4.0529,127.00,125.00,157.55,164.72,0.6096,0,correlation 0.61 <= 0.7
2,78.3453,4.1432,119.00,132.00,159.45,166.24,0.5324,0,correlation 0.53 <= 0.7
2,78.3462,4.1180,119.00,135.00,159.42,166.09,0.5519,0,correlation 0.55 <= 0.7
2,78.4167,4.0361,127.00,127.00,157.64,164.77,0.6116,0,correlation 0.61 <= 0.7
2,78.4161,4.0953,125.00,125.00,157.47,164.61,0.6088,0,correlation 0.61 <= 0.7
2,78.3640,4.1732,121.00,129.00,156.55,164.86,0.5881,0,correlation 0.59 <= 0.7
2,78.3815,4.0957,123.00,133.00,155.04,164.07,0.5957,0,correlation 0.60 <= 0.7
2,78.4234,4.0532,131.00,125.00,158.58,164.88,0.6148,0,correlation 0.61 <= 0.7
2,78.7598,11.1775,161.00,115.00,166.22,163.54,-0.3869,0,correlation -0.39 <= 0.7
2,78.7669,11.2701,155.00,109.00,166.82,162.47,-0.0932,0,correlation -0.09 <= 0.7
2,78.7392,11.2386,147.00,163.00,164.78,164.42,0.7481,1,
2,78.7021,11.1607,139.00,80.00,161.82,163.96,0.6002,0,correlation 0.60 <= 0.7
2,78.7747,11.2437,155.00,80.00,167.34,161.89,-0.1627,0,correlation -0.16 <= 0.7
2,78.7157,11.2658,142.00,125.00,163.15,164.24,0.6377,0,correlation 0.64 <= 0.7
2,78.7033,11.2565,137.00,80.00,162.20,162.73,0.1508,0,correlation 0.15 <= 0.7
2,78.7846,11.1751,157.00,91.00,167.96,162.99,0.0810,0,correlation 0.08 <= 0.7
2,78.6920,11.1423,137.00,80.00,160.77,161.45,0.0659,0,correlation 0.07 <= 0.7
2,78.7257,11.1382,143.00,185.00,163.96,167.01,0.4188,0,correlation 0.42 <= 0.7
2,78.7166,11.1318,141.00,183.00,163.21,166.66,0.5077,0,correlation 0.51 <= 0.7
2,78.7806,11.2035,157.00,87.00,167.72,162.27,-0.0587,0,correlation -0.06 <= 0.7
2,78.7874,11.2284,157.00,169.00,168.28,163.44,0.1742,0,correlation 0.17 <= 0.7
2,78.7356,11.1242,146.00,195.00,164.64,166.63,0.4308,0,correlation 0.43 <= 0.7
2,78.7097,11.2679,139.00,127.00,162.71,163.53,0.3739,0,correlation 0.37 <= 0.7
2,78.6981,11.2445,137.00,80.00,161.68,161.84,0.0033,0,correlation 0.00 <= 0.7
2,78.7417,11.2538,147.00,159.00,164.96,164.10,0.5726,0,correlation 0.57 <= 0.7
2,78.7230,11.1415,141.00,183.00,163.75,166.78,0.4538,0,correlation 0.45 <= 0.7
2,78.7227,11.2509,145.00,151.00,163.65,165.08,0.8020,0,centroids differ by 1.4 km
2,78.7205,11.2410,142.69,155.00,163.50,165.15,0.7650,0,centroids differ by 1.7 km
2,78.7318,11.2112,147.00,167.00,164.30,165.80,0.6904,0,correlation 0.69 <= 0.7
2,78.7384,11.2306,147.00,165.00,164.73,164.59,0.7910,1,
2,78.7533,11.2077,149.00,109.00,165.77,163.71,0.0823,0,correlation 0.08 <= 0.7
2,78.7075,11.2693,139.00,125.00,162.55,163.24,0.2717,0,correlation 0.27 <= 0.7
2,78.7314,11.1803,147.00,175.00,164.31,166.33,0.5680,0,correlation 0.57 <= 0.7
2,78.7609,11.2265,149.00,107.00,166.32,163.39,-0.2866,0,correlation -0.29 <= 0.7
2,78.7822,11.1790,157.00,89.00,167.79,162.49,-0.0125,0,correlation -0.01 <= 0.7
2,78.7364,11.1860,147.00,177.00,164.64,165.49,0.7247,1,
2,78.7556,11.1263,151.00,125.00,165.95,164.12,-0.1344,0,correlation -0.13 <= 0.7
2,78.7129,11.2661,139.00,127.00,162.94,163.90,0.5140,0,correlation 0.51 <= 0.7
2,78.7751,11.2240,157.00,83.00,167.35,161.80,-0.1469,0,correlation -0.15 <= 0.7
2,78.7218,11.1285,141.00,187.00,163.65,166.92,0.4207,0,correlation 0.42 <= 0.7
2,78.7070,11.2522,139.00,131.00,162.51,163.37,0.3781,0,correlation 0.38 <= 0.7
2,78.7415,11.2637,147.00,157.00,164.94,164.05,0.5347,0,correlation 0.53 <= 0.7
2,78.7420,11.1913,149.00,177.00,164.99,164.62,0.7135,1,
2,78.7483,11.2222,149.00,105.00,165.41,163.90,0.2956,0,correlation 0.30 <= 0.7
2,78.7522,12.1253,145.00,80.00,167.45,164.98,0.5593,0,correlation 0.56 <= 0.7
2,78.7591,12.0380,147.00,127.00,167.73,164.83,-0.0275,0,correlation -0.03 <= 0.7
2,78.7632,12.0119,147.00,91.00,167.99,164.78,-0.4658,0,correlation -0.47 <= 0.7
2,78.7882,12.0843,149.00,125.00,170.05,166.40,0.4794,0,correlation 0.48 <= 0.7
2,78.7304,12.0091,143.00,80.00,165.63,162.70,-0.4256,0,correlation -0.43 <= 0.7
2,78.7490,12.1419,143.00,85.00,167.24,164.92,0.5215,0,correlation 0.52 <= 0.7
2,78.8016,12.1526,151.00,161.00,171.26,167.92,0.8668,0,centroids differ by 3.3 km
2,78.7664,12.0610,147.00,117.00,168.39,165.01,0.3376,0,correlation 0.34 <= 0.7
2,78.7075,12.0284,137.00,80.00,163.78,162.18,-0.1780,0,correlation -0.18 <= 0.7
2,78.7269,12.0801,139.00,80.00,165.44,161.68,-0.2727,0,correlation -0.27 <= 0.7
2,78.7858,12.0840,149.00,119.00,169.89,166.06,0.4319,0,correlation 0.43 <= 0.7
2,78.7343,12.0691,143.00,80.00,165.98,162.89,-0.2424,0,correlation -0.24 <= 0.7
2,78.7479,12.1307,143.00,80.00,167.11,164.81,0.6134,0,correlation 0.61 <= 0.7
2,78.7211,12.0399,141.00,80.00,164.98,162.24,-0.2335,0,correlation -0.23 <= 0.7
2,78.7513,12.0705,145.00,139.00,167.22,164.64,0.5151,0,correlation 0.52 <= 0.7
2,78.7971,12.1162,151.00,147.00,170.79,167.48,0.7917,0,centroids differ by 3.3 km
2,78.7866,12.0902,149.00,123.00,169.96,166.16,0.4552,0,correlation 0.46 <= 0.7
2,78.7310,12.1114,135.00,83.00,165.79,162.68,-0.1086,0,correlation -0.11 <= 0.7
2,78.7854,12.0600,149.00,115.00,169.80,165.97,0.3525,0,correlation 0.35 <= 0.7
2,78.7996,12.0174,151.00,141.00,170.64,167.95,0.7390,0,centroids differ by 2.7 km
2,78.7086,12.1338,139.00,80.00,164.12,161.88,-0.1243,0,correlation -0.12 <= 0.7
2,78.7165,12.0240,139.97,80.00,164.57,162.72,-0.1700,0,correlation -0.17 <= 0.7
2,78.7336,12.0780,143.00,80.00,165.94,162.87,-0.2100,0,correlation -0.21 <= 0.7
2,78.7261,12.0921,139.00,83.00,165.40,161.65,-0.2419,0,correlation -0.24 <= 0.7
2,78.7750,12.0281,149.00,91.00,168.96,164.98,0.1979,0,correlation 0.20 <= 0.7
2,78.7599,12.0787,147.00,147.00,167.92,164.92,0.7332,0,centroids differ by 3.0 km
2,78.7772,12.0601,149.00,99.00,169.23,165.16,0.4347,0,correlation 0.43 <= 0.7
2,78.7250,12.0352,139.00,80.00,165.26,162.13,-0.3031,0,correlation -0.30 <= 0.7
2,78.7979,12.1047,151.00,147.00,170.81,167.62,0.7968,0,centroids differ by 3.2 km
2,78.7532,12.0280,139.00,113.00,167.29,164.68,-0.3626,0,correlation -0.36 <= 0.7
2,78.7839,12.1185,149.00,161.00,169.86,165.55,0.6423,0,correlation 0.64 <= 0.7
2,78.7072,12.1079,139.00,80.00,163.98,162.13,-0.1814,0,correlation -0.18 <= 0.7
2,78.7196,12.1013,141.00,80.00,164.93,161.88,-0.1754,0,correlation -0.18 <= 0.7
2,78.7732,12.1406,147.00,80.00,169.14,164.89,0.1350,0,correlation 0.13 <= 0.7
2,78.7553,12.1342,145.00,83.00,167.73,165.03,0.3870,0,correlation 0.39 <= 0.7
2,78.7202,12.0383,141.00,80.00,164.91,162.32,-0.2192,0,correlation -0.22 <= 0.7
2,78.4046,1.9671,145.00,129.00,168.47,164.32,0.4114,0,correlation 0.41 <= 0.7
2,78.3278,2.0135,168.00,155.00,173.24,167.04,0.7204,0,centroids differ by 6.2 km
2,78.3237,2.0327,179.00,158.00,173.36,167.16,0.6485,0,correlation 0.65 <= 0.7
2,78.3803,2.0101,143.00,137.00,170.27,165.27,0.6490,0,correlation 0.65 <= 0.7
2,78.3268,2.0823,167.00,157.00,173.19,167.08,0.7174,0,centroids differ by 6.1 km
2,78.3322,2.0537,167.00,165.00,173.02,166.93,0.7850,0,centroids differ by 6.1 km
2,78.3928,1.9454,145.00,131.00,169.33,164.59,0.5111,0,correlation 0.51 <= 0.7
2,78.3935,1.9773,145.00,129.00,169.15,164.66,0.4991,0,correlation 0.50 <= 0.7
2,78.3179,2.0419,173.00,159.00,173.52,167.34,0.4858,0,correlation 0.49 <= 0.7
2,78.3327,2.0144,167.00,165.00,173.06,166.91,0.7807,0,centroids differ by 6.2 km
2,78.3402,1.9662,167.00,147.00,173.79,166.74,0.8184,0,centroids differ by 7.1 km
2,78.3677,2.0738,147.00,137.00,170.52,165.90,0.7596,0,centroids differ by 4.6 km
2,78.3586,2.0675,151.00,143.00,171.37,166.24,0.8023,0,centroids differ by 5.1 km
2,78.3326,2.0768,165.00,153.00,172.97,166.92,0.7931,0,centroids differ by 6.1 km
2,78.3597,2.0774,150.00,143.00,171.24,166.22,0.7980,0,centroids differ by 5.0 km
2,78.3220,2.0438,175.83,159.00,173.40,167.21,0.6094,0,correlation 0.61 <= 0.7
2,78.3666,2.0113,141.00,139.00,171.66,165.78,0.7696,0,centroids differ by 5.9 km
2,78.4015,2.0693,145.00,129.00,168.24,164.68,0.4023,0,correlation 0.40 <= 0.7
2,78.3173,1.9509,175.00,161.00,173.62,167.35,0.4446,0,correlation 0.44 <= 0.7
2,78.3326,2.0168,167.00,165.00,173.06,166.91,0.7799,0,centroids differ by 6.1 km
2,78.3596,2.0338,151.00,139.00,171.38,166.13,0.7978,0,centroids differ by 5.2 km
2,78.3183,1.9606,175.00,159.00,173.59,167.32,0.4811,0,correlation 0.48 <= 0.7
2,78.4144,1.9493,147.00,127.00,168.36,163.97,0.3961,0,correlation 0.40 <= 0.7
2,78.3491,1.9427,153.00,147.00,173.31,166.39,0.8185,0,centroids differ by 6.9 km
2,78.3840,1.9467,145.00,137.00,170.12,164.91,0.6039,0,correlation 0.60 <= 0.7
2,78.3253,1.9814,169.00,155.00,173.37,167.10,0.6670,0,correlation 0.67 <= 0.7
2,78.3574,2.0159,151.00,147.00,171.61,166.18,0.8058,0,centroids differ by 5.4 km
2,78.3933,1.9445,145.00,131.00,169.29,164.57,0.5064,0,correlation 0.51 <= 0.7
2,78.3899,2.0375,143.00,137.00,169.23,164.99,0.5257,0,correlation 0.53 <= 0.7
2,78.3439,1.9446,153.00,147.00,173.62,166.61,0.8197,0,centroids differ by 7.0 km
2,78.3675,2.0099,141.00,139.00,171.57,165.74,0.7648,0,centroids differ by 5.8 km
2,78.4005,2.0253,145.00,129.00,168.46,164.59,0.4235,0,correlation 0.42 <= 0.7
2,78.3355,2.0177,167.00,163.00,172.93,166.84,0.8032,0,centroids differ by 6.1 km
2,78.4158,2.0766,145.00,127.00,167.99,164.28,0.3101,0,correlation 0.31 <= 0.7
2,78.3459,2.0832,151.00,145.00,172.28,166.64,0.8373,0,centroids differ by 5.6 km
2,78.3998,1.9885,145.00,129.00,168.64,164.51,0.4401,0,correlation 0.44 <= 0.7
2,78.4221,3.9452,131.00,127.00,159.32,165.05,0.6179,0,correlation 0.62 <= 0.7
2,78.4394,3.8242,137.00,117.00,161.87,165.75,0.4052,0,correlation 0.41 <= 0.7
2,78.4759,3.8964,157.00,109.00,167.09,166.11,-0.5095,0,correlation -0.51 <= 0.7
2,78.3791,3.8779,125.00,135.00,156.98,164.08,0.6473,0,correlation 0.65 <= 0.7
2,78.4332,3.8498,133.00,123.00,161.01,165.50,0.5241,0,correlation 0.52 <= 0.7
2,78.4010,3.9013,127.00,129.00,156.62,164.66,0.5691,0,correlation 0.57 <= 0.7
2,78.3946,3.9377,125.00,129.00,156.19,164.29,0.5822,0,correlation 0.58 <= 0.7
2,78.4235,3.9183,131.00,127.00,159.56,165.13,0.6136,0,correlation 0.61 <= 0.7
2,78.4689,3.9147,155.00,109.00,165.93,166.12,-0.3843,0,correlation -0.38 <= 0.7
2,78.4627,3.9333,155.00,111.00,164.91,166.06,-0.2117,0,correlation -0.21 <= 0.7
2,78.4068,3.9654,127.00,127.00,157.11,164.66,0.5831,0,correlation 0.58 <= 0.7
2,78.3819,3.9691,123.00,135.00,155.56,164.00,0.6229,0,correlation 0.62 <= 0.7
2,78.4790,3.8886,159.00,109.00,167.61,166.08,-0.5488,0,correlation -0.55 <= 0.7
2,78.4534,3.9438,145.00,115.00,163.51,165.88,0.1099,0,correlation 0.11 <= 0.7
2,78.4354,3.8970,133.00,131.00,161.22,165.47,0.5113,0,correlation 0.51 <= 0.7
2,78.4341,3.8422,133.00,123.00,161.14,165.54,0.5087,0,correlation 0.51 <= 0.7
2,78.4334,3.8856,133.00,123.00,160.97,165.43,0.5352,0,correlation 0.54 <= 0.7
2,78.4254,3.8798,133.00,127.00,159.88,165.24,0.6018,0,correlation 0.60 <= 0.7
2,78.4403,3.8969,135.00,129.00,161.86,165.61,0.4271,0,correlation 0.43 <= 0.7
2,78.4384,3.8465,135.00,131.00,161.70,165.66,0.4383,0,correlation 0.44 <= 0.7
2,78.3962,3.8344,127.00,131.00,156.54,164.68,0.5752,0,correlation 0.58 <= 0.7
2,78.4218,3.9007,130.00,127.00,159.34,165.13,0.6142,0,correlation 0.61 <= 0.7
2,78.4287,3.9227,131.00,125.00,160.27,165.22,0.5902,0,correlation 0.59 <= 0.7
2,78.3966,3.9086,127.00,129.00,156.34,164.46,0.5761,0,correlation 0.58 <= 0.7
2,78.4403,3.8670,137.00,117.00,161.91,165.68,0.4117,0,correlation 0.41 <= 0.7
2,78.3985,3.8661,127.00,129.00,156.55,164.68,0.5701,0,correlation 0.57 <= 0.7
2,78.4024,3.8597,127.00,129.00,156.84,164.82,0.5669,0,correlation 0.57 <= 0.7
2,78.4589,3.9307,147.00,111.00,164.34,166.02,-0.0903,0,correlation -0.09 <= 0.7
2,78.4760,3.8347,159.00,109.00,167.16,166.09,-0.5364,0,correlation -0.54 <= 0.7
2,78.4413,3.9362,135.00,129.00,161.91,165.56,0.4259,0,correlation 0.43 <= 0.7
2,78.3914,3.9320,125.00,131.00,156.15,164.19,0.5941,0,correlation 0.59 <= 0.7
2,78.4173,3.8865,127.00,129.00,158.71,165.09,0.6108,0,correlation 0.61 <= 0.7
2,78.4229,3.8771,130.00,127.00,159.52,165.19,0.6088,0,correlation 0.61 <= 0.7
2,78.4129,3.8574,127.00,129.00,158.09,165.06,0.5954,0,correlation 0.60 <= 0.7
2,78.3988,3.9581,125.00,129.00,156.34,164.39,0.5730,0,correlation 0.57 <= 0.7
2,78.4321,3.8828,133.00,123.00,160.81,165.40,0.5490,0,correlation 0.55 <= 0.7
2,78.3221,2.2726,168.46,157.00,172.08,167.14,0.6124,0,correlation 0.61 <= 0.7
2,78.3590,2.2537,148.00,143.00,170.80,166.49,0.8010,0,centroids differ by 4.3 km
2,78.4151,2.2088,145.00,125.00,166.79,164.67,0.2373,0,correlation 0.24 <= 0.7
2,78.4076,2.2771,143.00,125.00,166.50,165.10,0.2652,0,correlation 0.27 <= 0.7
2,78.4177,2.1862,145.00,125.00,166.97,164.51,0.2354,0,correlation 0.24 <= 0.7
2,78.3541,2.2880,149.00,143.00,170.26,166.53,0.8246,0,centroids differ by 3.7 km
2,78.3949,2.3160,141.00,133.00,166.96,165.71,0.4127,0,correlation 0.41 <= 0.7
2,78.3346,2.2442,163.00,155.00,171.60,166.90,0.8138,0,centroids differ by 4.7 km
2,78.3406,2.2496,149.00,151.00,171.29,166.77,0.8452,0,centroids differ by 4.5 km
2,78.3476,2.3076,147.00,149.00,170.72,166.62,0.8465,0,centroids differ by 4.1 km
2,78.3492,2.2490,149.00,159.00,171.67,166.60,0.8434,0,centroids differ by 5.1 km
2,78.3960,2.2008,143.00,133.00,167.33,165.31,0.4198,0,correlation 0.42 <= 0.7
2,78.3950,2.2498,141.00,133.00,167.22,165.51,0.4217,0,correlation 0.42 <= 0.7
2,78.4109,2.2411,143.00,125.00,166.61,164.89,0.2523,0,correlation 0.25 <= 0.7
2,78.3200,2.2698,173.00,157.00,172.15,167.17,0.5577,0,correlation 0.56 <= 0.7
2,78.3372,2.2500,163.00,154.00,171.47,166.84,0.8319,0,centroids differ by 4.6 km
2,78.4127,2.3082,143.00,125.00,166.41,165.03,0.2030,0,correlation 0.20 <= 0.7
2,78.3736,2.2646,141.95,135.00,169.24,166.16,0.7007,0,centroids differ by 3.1 km
2,78.3295,2.2537,165.00,155.00,171.82,166.99,0.7564,0,centroids differ by 4.8 km
2,78.3903,2.2178,143.00,135.00,167.73,165.57,0.4939,0,correlation 0.49 <= 0.7
2,78.4162,2.3271,143.00,125.00,166.47,164.97,0.1608,0,correlation 0.16 <= 0.7
2,78.3873,2.3199,141.00,133.00,167.59,165.94,0.5255,0,correlation 0.53 <= 0.7
2,78.3382,2.2100,163.00,153.00,172.48,166.82,0.8437,0,centroids differ by 5.7 km
2,78.3988,2.2684,141.00,133.00,166.88,165.42,0.3677,0,correlation 0.37 <= 0.7
2,78.3594,2.1860,148.00,143.00,170.95,166.43,0.7976,0,centroids differ by 4.5 km
2,78.4115,2.2810,143.00,125.00,166.48,164.98,0.2275,0,correlation 0.23 <= 0.7
2,78.3227,2.2385,167.00,157.00,172.10,167.15,0.6271,0,correlation 0.63 <= 0.7
2,78.4073,2.2136,143.00,127.00,166.73,164.93,0.2969,0,correlation 0.30 <= 0.7
2,78.3947,2.2865,141.00,133.00,167.09,165.64,0.4193,0,correlation 0.42 <= 0.7
2,78.4053,2.2984,143.00,133.00,166.47,165.26,0.2812,0,correlation 0.28 <= 0.7
2,78.4053,2.1945,143.00,127.00,166.86,164.94,0.3213,0,correlation 0.32 <= 0.7
2,78.3223,2.2654,168.39,157.00,172.08,167.14,0.6186,0,correlation 0.62 <= 0.7
2,78.3365,2.2219,163.00,153.00,172.55,166.87,0.8371,0,centroids differ by 5.7 km
2,78.3689,2.2399,141.17,143.00,169.84,166.25,0.7407,0,centroids differ by 3.6 km
2,78.3738,2.2819,141.79,135.00,169.16,166.19,0.6996,0,correlation 0.70 <= 0.7
2,78.3513,2.2101,149.00,143.00,171.60,166.56,0.8350,0,centroids differ by 5.0 km
2,78.5328,11.5951,107.00,141.00,147.93,168.11,0.0152,0,correlation 0.02 <= 0.7
2,78.5398,11.5996,109.00,137.00,148.12,167.10,0.1759,0,correlation 0.18 <= 0.7
2,78.5948,11.6806,113.00,97.00,152.51,158.15,0.7071,0,NYA peak not clear against upper and lower means
2,78.5111,11.6150,105.00,155.00,147.78,170.43,-0.3723,0,correlation -0.37 <= 0.7
2,78.5854,11.6604,113.00,105.00,151.50,159.60,0.7211,0,centroids differ by 8.1 km
2,78.5110,11.6472,105.00,155.00,147.47,170.31,-0.3890,0,correlation -0.39 <= 0.7
2,78.5222,11.6891,105.00,127.00,147.10,169.03,-0.2112,0,correlation -0.21 <= 0.7
2,78.5146,11.6956,105.00,143.00,147.00,169.83,-0.3273,0,correlation -0.33 <= 0.7
2,78.5414,11.6028,109.00,135.00,148.16,166.86,0.2160,0,correlation 0.22 <= 0.7
2,78.5375,11.6710,107.00,135.00,147.70,167.11,0.1484,0,correlation 0.15 <= 0.7
2,78.5712,11.6590,113.00,115.00,150.04,161.87,0.7385,0,centroids differ by 11.8 km
2,78.5677,11.6856,111.00,115.00,149.78,162.45,0.7367,0,centroids differ by 12.7 km
2,78.5655,11.6363,111.00,119.00,149.57,162.91,0.6999,0,correlation 0.70 <= 0.7
2,78.5689,11.5960,113.00,111.00,149.84,162.15,0.7448,0,centroids differ by 12.3 km
2,78.5838,11.7255,113.00,91.00,151.54,160.27,0.6899,0,correlation 0.69 <= 0.7
2,78.6050,11.6232,115.00,89.00,153.37,156.34,0.6971,0,correlation 0.70 <= 0.7
2,78.5107,11.6629,105.00,153.00,147.32,170.32,-0.3961,0,correlation -0.40 <= 0.7
2,78.5995,11.6657,115.00,95.00,152.94,157.49,0.7244,0,NYA peak not clear against upper and lower means
2,78.5633,11.6503,111.00,119.00,149.40,163.19,0.6887,0,correlation 0.69 <= 0.7
2,78.5419,11.6335,107.00,135.00,148.07,166.58,0.2766,0,correlation 0.28 <= 0.7
2,78.5289,11.6566,107.00,143.00,147.46,168.27,-0.0579,0,correlation -0.06 <= 0.7
2,78.5495,11.6307,109.00,129.00,148.49,165.51,0.4378,0,correlation 0.44 <= 0.7
2,78.5052,11.7000,103.00,149.00,147.02,170.69,-0.4448,0,correlation -0.44 <= 0.7
2,78.5867,11.7257,113.00,89.00,151.84,159.81,0.6955,0,correlation 0.70 <= 0.7
2,78.5418,11.6997,107.00,115.00,147.87,166.58,0.2288,0,correlation 0.23 <= 0.7
2,78.5760,11.6124,113.00,107.00,150.40,160.99,0.7450,0,centroids differ by 10.6 km
2,78.5586,11.6796,111.00,121.00,149.03,163.94,0.6344,0,correlation 0.63 <= 0.7
2,78.5987,11.5946,115.00,93.00,152.66,157.06,0.6794,0,correlation 0.68 <= 0.7
2,78.5488,11.6324,109.00,129.00,148.44,165.61,0.4255,0,correlation 0.43 <= 0.7
2,78.5726,11.6200,113.00,109.00,150.12,161.63,0.7456,0,centroids differ by 11.5 km
2,78.5889,11.7183,113.00,99.00,152.06,159.36,0.7107,0,NYA peak not clear against upper and lower means
2,78.5916,11.6544,113.00,95.00,152.11,158.62,0.7163,0,centroids differ by 6.5 km
2,78.5734,11.6894,111.00,111.00,150.34,161.54,0.7512,0,centroids differ by 11.2 km
2,78.5933,11.6342,115.00,95.00,152.23,158.19,0.7075,0,centroids differ by 6.0 km
2,78.5900,11.6571,113.00,101.00,151.96,158.88,0.7176,0,centroids differ by 6.9 km
2,78.5737,11.6578,113.00,113.00,150.28,161.47,0.7408,0,centroids differ by 11.2 km
2,78.5090,7.5358,135.00,83.00,158.24,161.10,0.6855,0,correlation 0.69 <= 0.7
2,78.4483,7.5308,133.00,125.00,157.12,162.70,0.7165,0,centroids differ by 5.6 km
2,78.4934,7.5760,131.00,145.00,157.37,161.21,0.6994,0,correlation 0.70 <= 0.7
2,78.5231,7.6499,137.00,80.00,158.98,160.71,0.6819,0,correlation 0.68 <= 0.7
2,78.5303,7.6114,137.00,80.00,159.51,160.63,0.6948,0,correlation 0.69 <= 0.7
2,78.5144,7.5719,137.00,80.00,158.52,160.93,0.6724,0,correlation 0.67 <= 0.7
2,78.4712,7.5384,133.00,119.00,157.05,161.88,0.6905,0,correlation 0.69 <= 0.7
2,78.4703,7.5656,133.00,119.00,156.91,161.71,0.6963,0,correlation 0.70 <= 0.7
2,78.5375,7.5787,139.00,149.00,160.01,160.59,0.7207,1,
2,78.5174,7.6386,137.00,80.00,158.61,160.80,0.6922,0,correlation 0.69 <= 0.7
2,78.5316,7.5885,137.00,80.00,159.64,160.66,0.7001,0,NYA peak not clear against upper and lower means
2,78.4947,7.5257,131.00,147.00,157.59,161.42,0.7095,0,centroids differ by 3.8 km
2,78.4659,7.6105,131.00,121.00,156.67,161.57,0.7172,0,centroids differ by 4.9 km
2,78.5100,7.5834,135.00,83.00,158.21,161.00,0.7008,0,NYA peak not clear against upper and lower means
2,78.4976,7.5781,133.00,145.00,157.51,161.16,0.7124,0,centroids differ by 3.7 km
2,78.4466,7.5300,133.00,125.00,157.12,162.79,0.7206,0,centroids differ by 5.7 km
2,78.4800,7.6479,131.00,117.00,156.69,161.07,0.6941,0,correlation 0.69 <= 0.7
2,78.4545,7.5393,131.00,125.00,157.04,162.39,0.7099,0,centroids differ by 5.3 km
2,78.5395,7.6568,138.00,147.00,159.97,160.45,0.7658,1,
2,78.4708,7.6225,131.00,117.69,156.64,161.35,0.7063,0,centroids differ by 4.7 km
2,78.5396,7.6427,138.28,147.00,160.00,160.47,0.7585,1,
2,78.4642,7.5834,133.00,123.00,156.81,161.78,0.7143,0,centroids differ by 5.0 km
2,78.4994,7.6074,133.00,145.00,157.51,161.02,0.7142,0,centroids differ by 3.5 km
2,78.5371,7.5983,138.00,149.00,159.94,160.57,0.7323,1,
2,78.4762,7.5228,133.00,119.00,157.17,161.87,0.6891,0,correlation 0.69 <= 0.7
2,78.5428,7.5496,140.00,149.00,160.38,160.51,0.7164,1,
2,78.5159,7.6265,135.00,80.00,158.53,160.84,0.6928,0,correlation 0.69 <= 0.7
2,78.5272,7.5685,137.00,80.00,159.41,160.72,0.6673,0,correlation 0.67 <= 0.7
2,78.4858,7.5129,133.00,147.00,157.37,161.64,0.6893,0,correlation 0.69 <= 0.7
2,78.4770,7.5425,133.00,119.00,157.08,161.74,0.6896,0,correlation 0.69 <= 0.7
2,78.4508,7.5454,131.00,125.00,157.04,162.50,0.7140,0,centroids differ by 5.5 km
2,78.4965,7.5490,131.00,147.00,157.57,161.31,0.7129,0,centroids differ by 3.7 km
2,78.5280,7.6404,137.00,80.00,159.31,160.63,0.6842,0,correlation 0.68 <= 0.7
2,78.5298,7.6363,137.00,80.00,159.43,160.60,0.6929,0,correlation 0.69 <= 0.7
2,78.5435,7.6345,141.00,147.00,160.27,160.42,0.7600,1,
2,78.4610,7.5475,133.00,123.00,156.99,162.10,0.7094,0,centroids differ by 5.1 km
2,78.5163,7.5098,137.00,83.00,158.77,160.98,0.6336,0,correlation 0.63 <= 0.7
2,78.5482,7.5955,145.00,147.00,160.66,160.35,0.7634,1,
2,78.5727,7.5597,159.00,80.00,162.16,159.78,0.7213,0,NYA peak not clear against upper and lower means
2,78.4987,7.5176,133.00,85.00,157.75,161.38,0.7137,0,centroids differ by 3.6 km
2,78.5052,7.5787,135.00,83.00,157.91,161.09,0.7149,0,centroids differ by 3.2 km
2,78.5338,7.5826,139.00,149.00,159.78,160.64,0.7122,1,
2,78.5278,7.6315,137.00,80.00,159.32,160.64,0.6815,0,correlation 0.68 <= 0.7
2,78.4962,7.5339,131.00,147.00,157.61,161.38,0.7119,0,centroids differ by 3.8 km
2,78.5574,7.5398,155.00,80.00,161.37,160.12,0.7853,0,NYA peak not clear against upper and lower means
2,78.5077,7.6176,135.00,83.00,157.98,160.96,0.7165,0,centroids differ by 3.0 km
2,78.5470,7.5936,141.00,147.00,160.57,160.38,0.7564,1,
2,78.5572,7.6193,153.00,147.00,161.24,160.13,0.8010,0,centroids differ by 1.1 km
2,78.5595,7.6136,153.00,147.00,161.39,160.08,0.8010,0,centroids differ by 1.3 km
2,78.5884,7.6090,163.00,141.41,162.20,159.67,0.6778,0,correlation 0.68 <= 0.7
2,78.5879,7.5645,155.00,80.00,162.40,159.72,0.6639,0,correlation 0.66 <= 0.7
2,78.5751,7.4981,157.00,80.00,162.40,159.83,0.6907,0,correlation 0.69 <= 0.7
2,78.5138,7.5694,137.00,83.00,158.49,160.95,0.6738,0,correlation 0.67 <= 0.7
2,78.5557,7.6102,153.00,147.00,161.15,160.18,0.7990,1,
2,78.5821,7.5409,159.00,80.00,162.46,159.76,0.6703,0,correlation 0.67 <= 0.7
2,78.5871,7.5995,155.00,142.06,162.25,159.69,0.6756,0,correlation 0.68 <= 0.7
2,78.5631,7.5626,155.00,145.00,161.69,159.95,0.7783,0,centroids differ by 1.7 km
2,78.5875,7.5045,158.00,80.00,162.65,159.83,0.6518,0,correlation 0.65 <= 0.7
2,78.5216,7.6109,137.00,80.00,158.96,160.77,0.6651,0,correlation 0.67 <= 0.7
2,78.5451,7.5987,141.00,147.00,160.44,160.43,0.7461,1,
2,78.5342,7.5621,139.00,149.00,159.85,160.67,0.7048,1,
2,78.5405,7.6172,141.00,147.00,160.11,160.50,0.7496,1,
2,78.5143,7.5513,137.00,83.00,158.55,160.96,0.6629,0,correlation 0.66 <= 0.7
2,78.5527,7.5594,155.00,149.00,161.02,160.25,0.7821,1,
2,78.4901,7.5989,131.00,119.00,157.17,161.18,0.6941,0,correlation 0.69 <= 0.7
2,78.5299,7.5365,139.00,80.00,159.65,160.75,0.6754,0,correlation 0.68 <= 0.7
2,78.5859,7.5744,156.00,80.00,162.36,159.73,0.6716,0,correlation 0.67 <= 0.7
2,78.5184,7.5216,137.00,83.00,158.90,160.93,0.6345,0,correlation 0.63 <= 0.7
2,78.4959,7.6415,132.00,143.00,157.25,160.91,0.7019,0,centroids differ by 3.7 km
2,78.5488,7.5352,140.62,149.00,160.80,160.35,0.7573,1,
2,78.5777,7.5783,159.00,143.00,162.27,159.76,0.6990,0,correlation 0.70 <= 0.7
2,78.4905,7.6234,131.00,119.00,157.09,161.07,0.6939,0,correlation 0.69 <= 0.7
2,78.4087,8.9598,109.00,129.00,149.76,166.74,0.1299,0,correlation 0.13 <= 0.7
2,78.4373,8.9110,113.00,117.00,150.83,165.12,0.5346,0,correlation 0.53 <= 0.7
2,78.4292,8.8328,111.00,121.32,150.69,165.05,0.5833,0,correlation 0.58 <= 0.7
2,78.4338,8.8314,113.00,119.00,150.85,164.70,0.6340,0,correlation 0.63 <= 0.7
2,78.4883,8.9161,130.00,103.00,155.57,161.28,0.3614,0,correlation 0.36 <= 0.7
2,78.4208,8.9565,109.00,125.00,149.96,166.21,0.2811,0,correlation 0.28 <= 0.7
2,78.4400,8.9584,113.00,119.00,150.94,165.35,0.4614,0,correlation 0.46 <= 0.7
2,78.4106,8.9296,111.00,127.00,149.92,166.51,0.1938,0,correlation 0.19 <= 0.7
2,78.4353,8.8915,113.00,117.00,150.75,165.10,0.5496,0,correlation 0.55 <= 0.7
2,78.4582,8.8691,117.00,111.00,152.47,163.07,0.6648,0,correlation 0.66 <= 0.7
2,78.4397,8.9251,113.00,117.13,150.98,165.08,0.5310,0,correlation 0.53 <= 0.7
2,78.4486,8.8341,115.00,115.00,151.78,163.53,0.7185,0,centroids differ by 11.8 km
2,78.4804,8.8989,127.00,103.00,154.59,161.69,0.4458,0,correlation 0.45 <= 0.7
2,78.4574,8.8161,117.00,113.00,152.49,162.79,0.7228,0,centroids differ by 10.3 km
2,78.3992,8.8317,113.00,133.00,150.58,166.56,0.1764,0,correlation 0.18 <= 0.7
2,78.4535,8.8795,115.00,113.00,152.10,163.49,0.6654,0,correlation 0.67 <= 0.7
2,78.4839,8.9562,129.00,101.00,155.16,161.84,0.3674,0,correlation 0.37 <= 0.7
2,78.4814,8.8796,131.00,103.00,154.67,161.52,0.4495,0,correlation 0.45 <= 0.7
2,78.4695,8.8681,117.00,107.00,153.36,162.26,0.5888,0,correlation 0.59 <= 0.7
2,78.4634,8.8401,117.00,111.00,152.90,162.52,0.6670,0,correlation 0.67 <= 0.7
2,78.4428,8.8986,115.00,115.00,151.26,164.55,0.6098,0,correlation 0.61 <= 0.7
2,78.4193,8.8799,111.00,125.00,150.25,165.88,0.3826,0,correlation 0.38 <= 0.7
2,78.4735,8.9476,127.00,107.00,153.85,162.54,0.4544,0,correlation 0.45 <= 0.7
2,78.3999,8.8271,113.00,131.00,150.59,166.51,0.1914,0,correlation 0.19 <= 0.7
2,78.4297,8.8856,111.00,123.00,150.52,165.40,0.5015,0,correlation 0.50 <= 0.7
2,78.4876,8.9062,129.00,103.00,155.48,161.27,0.3719,0,correlation 0.37 <= 0.7
2,78.4005,8.8354,113.00,131.00,150.53,166.52,0.1880,0,correlation 0.19 <= 0.7
2,78.4876,8.8284,131.00,105.00,155.32,160.92,0.4123,0,correlation 0.41 <= 0.7
2,78.4150,8.9276,111.00,127.00,149.97,166.30,0.2574,0,correlation 0.26 <= 0.7
2,78.4871,8.9184,129.00,101.00,155.45,161.36,0.3698,0,correlation 0.37 <= 0.7
2,78.4158,8.8555,111.00,127.00,150.32,165.91,0.3706,0,correlation 0.37 <= 0.7
2,78.4489,8.9288,115.00,113.00,151.69,164.31,0.5883,0,correlation 0.59 <= 0.7
2,78.4184,8.9129,111.00,125.00,150.09,166.08,0.3237,0,correlation 0.32 <= 0.7
2,78.4864,8.8646,131.00,103.00,155.25,161.14,0.4050,0,correlation 0.41 <= 0.7
2,78.4135,8.9274,111.00,127.00,149.95,166.37,0.2368,0,correlation 0.24 <= 0.7
2,78.4046,8.9154,111.00,129.00,150.01,166.68,0.1419,0,correlation 0.14 <= 0.7
2,78.4513,8.6733,117.00,113.00,152.24,162.47,0.8342,0,centroids differ by 10.2 km
2,78.4678,8.6278,121.00,113.00,153.53,161.26,0.7249,0,centroids differ by 7.7 km
2,78.4899,8.5781,122.72,103.00,155.19,159.88,0.4687,0,correlation 0.47 <= 0.7
2,78.4540,8.6843,117.00,113.00,152.42,162.34,0.8216,0,centroids differ by 9.9 km
2,78.5135,8.6958,137.00,91.00,157.60,159.17,0.3649,0,correlation 0.36 <= 0.7
2,78.4965,8.6642,135.00,101.00,156.04,159.86,0.3789,0,correlation 0.38 <= 0.7
2,78.4469,8.5822,117.00,115.00,152.22,162.39,0.8677,0,centroids differ by 10.2 km
2,78.4277,8.6498,115.00,123.00,151.42,163.91,0.7489,0,centroids differ by 12.5 km
2,78.5151,8.6362,136.32,93.00,157.84,159.02,0.3846,0,correlation 0.38 <= 0.7
2,78.4471,8.6647,117.00,117.00,152.01,162.72,0.8386,0,centroids differ by 10.7 km
2,78.4796,8.5758,121.00,105.00,154.40,160.39,0.5759,0,correlation 0.58 <= 0.7
2,78.4609,8.6125,119.00,113.00,153.04,161.63,0.7959,0,centroids differ by 8.6 km
2,78.4795,8.6471,121.00,111.00,154.30,160.65,0.5773,0,correlation 0.58 <= 0.7
2,78.5159,8.6106,136.87,93.00,157.96,158.98,0.3929,0,correlation 0.39 <= 0.7
2,78.4588,8.6847,119.00,111.00,152.79,162.03,0.7945,0,centroids differ by 9.2 km
2,78.4489,8.5861,117.00,115.00,152.31,162.28,0.8651,0,centroids differ by 10.0 km
2,78.5088,8.5747,135.00,95.00,157.35,159.12,0.4023,0,correlation 0.40 <= 0.7
2,78.4349,8.6683,113.00,121.00,151.50,163.53,0.7866,0,centroids differ by 12.0 km
2,78.4863,8.5906,122.00,103.00,154.87,160.10,0.4901,0,correlation 0.49 <= 0.7
2,78.4634,8.6026,119.00,113.00,153.23,161.45,0.7766,0,centroids differ by 8.2 km
2,78.4257,8.5964,115.00,125.00,151.65,163.81,0.7575,0,centroids differ by 12.2 km
2,78.4507,8.6439,117.00,113.00,152.26,162.38,0.8460,0,centroids differ by 10.1 km
2,78.4280,8.6447,115.00,123.00,151.45,163.86,0.7544,0,centroids differ by 12.4 km
2,78.4259,8.5760,117.00,125.00,151.75,163.72,0.7692,0,centroids differ by 12.0 km
2,78.5140,8.6073,136.89,92.00,157.83,159.03,0.3891,0,correlation 0.39 <= 0.7
2,78.4388,8.5841,115.00,119.00,151.94,162.94,0.8488,0,centroids differ by 11.0 km
2,78.4263,8.6459,115.00,123.00,151.41,163.98,0.7405,0,centroids differ by 12.6 km
2,78.4352,8.6196,115.00,121.00,151.69,163.30,0.8152,0,centroids differ by 11.6 km
2,78.5139,8.6598,137.00,93.00,157.71,159.08,0.3763,0,correlation 0.38 <= 0.7
2,78.4918,8.7065,133.00,107.00,155.57,160.28,0.3963,0,correlation 0.40 <= 0.7
2,78.4335,8.6853,113.00,121.00,151.40,163.69,0.7707,0,centroids differ by 12.3 km
2,78.4349,8.6171,115.00,121.00,151.69,163.31,0.8147,0,centroids differ by 11.6 km
2,78.4992,8.6747,133.00,101.00,156.39,159.77,0.3627,0,correlation 0.36 <= 0.7
2,78.4302,8.6058,115.00,123.00,151.65,163.55,0.7891,0,centroids differ by 11.9 km
2,78.4952,8.6796,133.00,101.00,155.92,159.98,0.3765,0,correlation 0.38 <= 0.7
2,78.4604,8.7036,119.00,111.00,152.88,162.01,0.7751,0,centroids differ by 9.1 km
2,78.3515,1.9700,151.00,147.00,173.08,166.34,0.8196,0,centroids differ by 6.7 km
2,78.3430,1.8897,153.00,149.00,173.78,166.57,0.8032,0,centroids differ by 7.2 km
2,78.4165,1.9646,147.00,127.00,168.35,163.94,0.3820,0,correlation 0.38 <= 0.7
2,78.3946,1.9470,145.00,129.00,169.17,164.54,0.4941,0,correlation 0.49 <= 0.7
2,78.3365,1.9840,167.00,147.00,172.95,166.82,0.7995,0,centroids differ by 6.1 km
2,78.3387,1.8803,167.00,149.00,174.00,166.73,0.7884,0,centroids differ by 7.3 km
2,78.4155,1.9845,147.00,127.00,168.27,164.04,0.3708,0,correlation 0.37 <= 0.7
2,78.3635,1.9322,149.00,139.00,172.18,165.71,0.7814,0,centroids differ by 6.5 km
2,78.3205,1.9442,175.00,157.00,173.55,167.25,0.5401,0,correlation 0.54 <= 0.7
2,78.3440,1.9172,153.00,147.00,173.67,166.58,0.8117,0,centroids differ by 7.1 km
2,78.3759,2.0136,143.00,139.00,170.72,165.44,0.7010,0,centroids differ by 5.3 km
2,78.4006,1.9561,145.00,129.00,168.71,164.40,0.4428,0,correlation 0.44 <= 0.7
2,78.3465,1.9318,153.00,147.00,173.50,166.49,0.8175,0,centroids differ by 7.0 km
2,78.4151,1.9860,147.00,127.00,168.26,164.05,0.3703,0,correlation 0.37 <= 0.7
2,78.3801,1.9151,145.00,139.00,170.62,164.95,0.6520,0,correlation 0.65 <= 0.7
2,78.3590,1.9872,151.00,139.00,172.43,166.04,0.7989,0,centroids differ by 6.4 km
2,78.4164,1.8686,147.00,126.00,168.65,163.63,0.4411,0,correlation 0.44 <= 0.7
2,78.3915,2.0107,145.00,129.00,169.20,164.84,0.5127,0,correlation 0.51 <= 0.7
2,78.4187,1.9542,147.00,125.00,168.47,163.82,0.3830,0,correlation 0.38 <= 0.7
2,78.3929,1.8900,145.00,131.00,169.51,164.42,0.5192,0,correlation 0.52 <= 0.7
2,78.3301,1.9942,167.00,165.00,173.19,166.97,0.7472,0,centroids differ by 6.2 km
2,78.3243,1.9502,171.00,167.00,173.44,167.13,0.6368,0,correlation 0.64 <= 0.7
2,78.4108,1.9140,147.00,129.00,168.48,163.98,0.4215,0,correlation 0.42 <= 0.7
2,78.4138,1.8687,147.00,127.00,168.62,163.75,0.4460,0,correlation 0.45 <= 0.7
2,78.3807,2.0138,143.00,137.00,170.22,165.27,0.6444,0,correlation 0.64 <= 0.7
2,78.3328,2.0116,167.00,165.00,173.06,166.91,0.7802,0,centroids differ by 6.2 km
2,78.3925,1.9992,145.00,129.00,169.16,164.77,0.5055,0,correlation 0.51 <= 0.7
2,78.3551,1.9431,153.00,141.00,172.87,166.12,0.8062,0,centroids differ by 6.8 km
2,78.3623,2.0059,145.00,139.00,172.08,165.94,0.7873,0,centroids differ by 6.1 km
2,78.3681,2.0145,141.00,139.00,171.49,165.73,0.7612,0,centroids differ by 5.8 km
2,78.3817,1.9568,145.00,137.00,170.32,165.04,0.6333,0,correlation 0.63 <= 0.7
2,78.3767,1.8893,146.00,139.00,171.04,165.01,0.6907,0,correlation 0.69 <= 0.7
2,78.3717,1.9084,143.00,139.00,171.48,165.30,0.7373,0,centroids differ by 6.2 km
2,78.3986,1.9327,145.00,129.00,168.92,164.39,0.4639,0,correlation 0.46 <= 0.7
2,78.3672,1.9990,145.00,139.00,171.63,165.73,0.7670,0,centroids differ by 5.9 km
2,78.3253,2.0031,169.00,155.00,173.34,167.12,0.6730,0,correlation 0.67 <= 0.7
2,78.5650,11.1629,117.00,123.00,151.77,163.98,0.6493,0,correlation 0.65 <= 0.7
2,78.6155,11.1476,123.00,99.00,153.93,155.01,0.6892,0,correlation 0.69 <= 0.7
2,78.5461,11.1821,117.00,141.00,151.47,167.32,0.2088,0,correlation 0.21 <= 0.7
2,78.5873,11.2412,117.00,107.00,151.83,159.36,0.8672,0,centroids differ by 7.5 km
2,78.5727,11.2236,117.00,125.00,151.37,162.38,0.8048,0,centroids differ by 11.0 km
2,78.5518,11.2034,115.00,137.00,151.32,166.30,0.3606,0,correlation 0.36 <= 0.7
2,78.5724,11.2290,117.00,125.00,151.32,162.45,0.8012,0,centroids differ by 11.1 km
2,78.5559,11.2361,115.00,131.00,151.07,165.47,0.4797,0,correlation 0.48 <= 0.7
2,78.5863,11.2351,117.00,109.00,151.80,159.55,0.8706,0,centroids differ by 7.7 km
2,78.6118,11.2407,121.00,95.00,153.46,155.08,0.6791,0,correlation 0.68 <= 0.7
2,78.6002,11.2414,119.00,101.00,152.67,156.70,0.7761,0,centroids differ by 4.0 km
2,78.6036,11.1537,121.00,105.00,153.08,156.47,0.7953,0,centroids differ by 3.4 km
2,78.6154,11.2106,123.00,95.00,153.79,154.79,0.6509,0,correlation 0.65 <= 0.7
2,78.5841,11.2755,117.00,115.00,151.53,160.04,0.8662,0,centroids differ by 8.5 km
2,78.5713,11.2553,117.00,123.00,151.11,162.63,0.7920,0,centroids differ by 11.5 km
2,78.5351,11.2955,113.00,145.00,150.52,168.68,0.0051,0,correlation 0.01 <= 0.7
2,78.6225,11.1573,123.00,93.00,154.38,154.16,0.5860,0,correlation 0.59 <= 0.7
2,78.6154,11.2019,123.00,97.00,153.81,154.81,0.6543,0,correlation 0.65 <= 0.7
2,78.5748,11.1712,117.00,117.00,151.80,161.85,0.8294,0,centroids differ by 10.0 km
2,78.5448,11.2887,113.00,139.00,150.58,167.21,0.2249,0,correlation 0.22 <= 0.7
2,78.6001,11.2115,119.00,103.00,152.71,156.68,0.7874,0,centroids differ by 4.0 km
2,78.5835,11.2758,117.00,115.00,151.49,160.17,0.8661,0,centroids differ by 8.7 km
2,78.5504,11.2853,113.00,133.00,150.64,166.26,0.3654,0,correlation 0.37 <= 0.7
2,78.5547,11.1785,115.00,137.00,151.55,165.90,0.4145,0,correlation 0.41 <= 0.7
2,78.6291,11.1682,125.00,99.00,154.88,153.43,0.4603,0,correlation 0.46 <= 0.7
2,78.5997,11.2701,119.00,99.00,152.57,157.04,0.7873,0,centroids differ by 4.5 km
2,78.6108,11.1635,121.00,101.00,153.56,155.48,0.7255,0,NYA peak not clear against upper and lower means
2,78.5629,11.2349,115.00,129.00,151.13,164.23,0.6388,0,correlation 0.64 <= 0.7
2,78.5982,11.1727,119.00,107.00,152.68,157.14,0.8235,0,centroids differ by 4.5 km
2,78.5738,11.1647,117.00,119.00,151.84,162.06,0.8164,0,centroids differ by 10.2 km
2,78.5498,11.2913,113.00,134.00,150.59,166.36,0.3503,0,correlation 0.35 <= 0.7
2,78.6192,11.2105,123.00,93.00,154.06,154.37,0.5989,0,correlation 0.60 <= 0.7
2,78.5798,11.2175,117.00,113.00,151.63,160.88,0.8658,0,centroids differ by 9.3 km
2,78.5641,11.1873,117.00,130.00,151.56,164.14,0.6396,0,correlation 0.64 <= 0.7
2,78.6124,11.2592,121.00,93.00,153.47,154.97,0.6627,0,correlation 0.66 <= 0.7
2,78.5462,11.2277,115.00,137.00,151.09,167.08,0.2423,0,correlation 0.24 <= 0.7
2,78.6216,6.9208,168.00,137.00,165.22,162.42,0.4955,0,correlation 0.50 <= 0.7
2,78.5795,6.9013,153.00,87.00,163.89,161.28,0.5516,0,correlation 0.55 <= 0.7
2,78.6268,6.8584,169.00,151.00,165.45,162.68,0.5284,0,correlation 0.53 <= 0.7
2,78.6058,6.8895,169.00,123.70,165.14,162.42,0.5699,0,correlation 0.57 <= 0.7
2,78.6016,6.7925,169.00,125.65,165.24,162.71,0.6088,0,correlation 0.61 <= 0.7
2,78.6229,6.8664,170.00,153.00,165.44,162.57,0.5008,0,correlation 0.50 <= 0.7
2,78.6382,6.7754,180.00,139.00,165.70,163.23,0.5593,0,correlation 0.56 <= 0.7
2,78.6409,6.9029,173.00,137.00,165.19,162.97,0.5803,0,correlation 0.58 <= 0.7
2,78.6765,6.9156,163.00,85.00,166.61,162.82,-0.3120,0,correlation -0.31 <= 0.7
2,78.6393,6.8657,167.00,137.00,165.32,163.02,0.5835,0,correlation 0.58 <= 0.7
2,78.6118,6.8002,173.00,129.00,165.56,162.78,0.5310,0,correlation 0.53 <= 0.7
2,78.5958,6.8752,167.00,123.00,164.81,162.22,0.5757,0,correlation 0.58 <= 0.7
2,78.6145,6.8730,171.00,127.00,165.38,162.56,0.5113,0,correlation 0.51 <= 0.7
2,78.5931,6.7975,169.00,125.00,164.83,162.46,0.6002,0,correlation 0.60 <= 0.7
2,78.6313,6.8652,178.00,147.00,165.38,162.78,0.5652,0,correlation 0.57 <= 0.7
2,78.6419,6.8411,153.00,137.00,165.42,163.12,0.5440,0,correlation 0.54 <= 0.7
2,78.5876,6.8035,155.00,127.00,164.53,162.26,0.5918,0,correlation 0.59 <= 0.7
2,78.6301,6.7752,171.00,153.00,165.78,163.05,0.5620,0,correlation 0.56 <= 0.7
2,78.6656,6.8446,157.00,87.00,165.89,162.50,-0.1836,0,correlation -0.18 <= 0.7
2,78.6565,6.9065,155.00,117.00,165.41,162.62,0.1197,0,correlation 0.12 <= 0.7
2,78.6278,6.9130,177.00,151.00,165.21,162.55,0.5342,0,correlation 0.53 <= 0.7
2,78.6124,6.8101,173.00,129.00,165.54,162.75,0.5265,0,correlation 0.53 <= 0.7
2,78.5802,6.7906,152.00,80.00,164.15,161.86,0.5622,0,correlation 0.56 <= 0.7
2,78.5839,6.9240,159.00,87.00,164.09,161.47,0.5596,0,correlation 0.56 <= 0.7
2,78.6293,6.9013,177.00,149.00,165.24,162.62,0.5489,0,correlation 0.55 <= 0.7
2,78.6408,6.9108,173.00,137.00,165.16,162.95,0.5819,0,correlation 0.58 <= 0.7
2,78.6130,6.8425,173.00,141.00,165.46,162.64,0.5179,0,correlation 0.52 <= 0.7
2,78.6666,6.8276,157.00,87.00,165.96,162.51,-0.2150,0,correlation -0.21 <= 0.7
2,78.5916,6.8247,169.00,125.00,164.70,162.31,0.5904,0,correlation 0.59 <= 0.7
2,78.6497,6.8654,153.00,137.00,165.40,162.89,0.3428,0,correlation 0.34 <= 0.7
2,78.6484,6.8192,175.00,119.00,165.53,162.95,0.3376,0,correlation 0.34 <= 0.7
2,78.6056,6.8000,167.00,129.00,165.37,162.76,0.5833,0,correlation 0.58 <= 0.7
2,78.6751,6.8447,165.00,87.00,166.46,162.80,-0.3166,0,correlation -0.32 <= 0.7
2,78.6475,6.8959,153.00,137.00,165.27,162.94,0.4367,0,correlation 0.44 <= 0.7
2,78.6406,6.8935,173.00,137.00,165.22,162.99,0.5802,0,correlation 0.58 <= 0.7
2,78.5931,6.8709,167.00,125.00,164.69,162.17,0.5727,0,correlation 0.57 <= 0.7
2,78.5958,7.5500,165.00,141.00,162.40,159.80,0.6470,0,correlation 0.65 <= 0.7
2,78.5828,7.6099,155.00,145.00,162.22,159.69,0.6885,0,correlation 0.69 <= 0.7
2,78.6059,7.6431,141.00,137.00,162.05,159.69,0.6440,0,correlation 0.64 <= 0.7
2,78.6038,7.5534,141.00,141.00,162.36,159.91,0.6330,0,correlation 0.63 <= 0.7
2,78.6079,7.5629,161.00,138.00,162.35,159.97,0.6250,0,correlation 0.62 <= 0.7
2,78.5567,7.6585,153.00,145.00,161.16,160.12,0.8030,0,centroids differ by 1.0 km
2,78.6089,7.6475,141.00,137.00,162.10,159.73,0.6322,0,correlation 0.63 <= 0.7
2,78.5299,7.6648,137.00,80.00,159.36,160.58,0.7023,0,NYA peak not clear against upper and lower means
2,78.5736,7.6131,157.00,141.00,162.07,159.74,0.7306,0,centroids differ by 2.3 km
2,78.5470,7.6483,147.00,145.00,160.49,160.32,0.7610,1,
2,78.5722,7.5217,157.00,80.00,162.22,159.81,0.7113,0,NYA peak not clear against upper and lower means
2,78.6026,7.6101,141.00,139.00,162.12,159.76,0.6520,0,correlation 0.65 <= 0.7
2,78.5258,7.5858,137.00,80.00,159.29,160.74,0.6638,0,correlation 0.66 <= 0.7
2,78.6014,7.5749,141.00,139.00,162.26,159.80,0.6421,0,correlation 0.64 <= 0.7
2,78.5190,7.5229,137.00,83.00,158.94,160.92,0.6336,0,correlation 0.63 <= 0.7
2,78.5781,7.6690,154.00,139.00,161.97,159.66,0.7268,0,centroids differ by 2.3 km
2,78.5372,7.6053,138.00,149.00,159.93,160.56,0.7370,1,
2,78.5232,7.5739,137.00,80.00,159.15,160.80,0.6545,0,correlation 0.65 <= 0.7
2,78.5210,7.6589,137.00,80.00,158.82,160.71,0.6876,0,correlation 0.69 <= 0.7
2,78.5224,7.5962,137.00,80.00,159.05,160.78,0.6606,0,correlation 0.66 <= 0.7
2,78.5241,7.6411,137.00,80.00,159.07,160.70,0.6767,0,correlation 0.68 <= 0.7
2,78.6008,7.6604,159.00,137.00,161.92,159.61,0.6722,0,correlation 0.67 <= 0.7
2,78.6060,7.6269,141.00,137.00,162.11,159.75,0.6424,0,correlation 0.64 <= 0.7
2,78.5719,7.5787,159.00,145.00,162.08,159.77,0.7318,0,centroids differ by 2.3 km
2,78.5587,7.6465,153.00,145.00,161.30,160.09,0.8056,0,centroids differ by 1.2 km
2,78.5303,7.5588,139.00,80.00,159.63,160.71,0.6826,0,correlation 0.68 <= 0.7
2,78.5148,7.5764,137.00,80.00,158.54,160.91,0.6724,0,correlation 0.67 <= 0.7
2,78.5186,7.5263,137.00,83.00,158.90,160.92,0.6362,0,correlation 0.64 <= 0.7
2,78.5396,7.5726,139.00,149.00,160.14,160.56,0.7213,1,
2,78.6074,7.5839,141.00,139.00,162.27,159.88,0.6278,0,correlation 0.63 <= 0.7
2,78.5672,7.5452,156.00,147.00,161.93,159.84,0.7496,0,centroids differ by 2.1 km
2,78.5501,7.6212,151.00,147.00,160.75,160.30,0.7765,1,
2,78.6003,7.5480,167.00,141.00,162.38,159.87,0.6391,0,correlation 0.64 <= 0.7
2,78.5690,7.6633,157.00,142.00,161.80,159.82,0.7761,0,centroids differ by 2.0 km
2,78.5330,7.5418,139.00,151.00,159.83,160.71,0.6911,0,correlation 0.69 <= 0.7
2,78.5830,7.6396,155.00,140.98,162.11,159.69,0.6986,0,correlation 0.70 <= 0.7
2,78.5348,7.6465,137.00,80.00,159.69,160.52,0.7352,0,NYA peak not clear against upper and lower means
2,78.5417,7.6359,141.00,147.00,160.15,160.44,0.7581,1,
2,78.6113,7.6138,161.00,136.00,162.25,159.88,0.6173,0,correlation 0.62 <= 0.7
2,78.5205,7.7140,135.00,80.00,158.65,160.66,0.7121,0,NYA peak not clear against upper and lower means
2,78.5798,7.6253,155.00,141.00,162.15,159.70,0.7044,0,centroids differ by 2.4 km
2,78.5774,7.6177,157.00,141.00,162.13,159.72,0.7125,0,centroids differ by 2.4 km
2,78.6097,7.7330,141.00,135.00,161.98,159.45,0.6291,0,correlation 0.63 <= 0.7
2,78.6071,7.7562,141.00,133.00,161.82,159.35,0.6553,0,correlation 0.66 <= 0.7
2,78.5389,7.7533,145.00,80.00,159.79,160.30,0.7763,0,NYA peak not clear against upper and lower means
2,78.5702,7.7245,155.00,140.00,161.69,159.73,0.7845,0,centroids differ by 2.0 km
2,78.5787,7.6221,157.00,141.00,162.14,159.71,0.7077,0,centroids differ by 2.4 km
2,78.5351,7.6669,137.00,80.00,159.66,160.49,0.7409,0,NYA peak not clear against upper and lower means
2,78.6003,7.6957,139.00,135.00,161.79,159.51,0.6854,0,correlation 0.69 <= 0.7
2,78.5621,7.6871,151.00,145.00,161.43,159.97,0.8051,0,centroids differ by 1.5 km
2,78.5333,7.7021,136.00,80.00,159.47,160.47,0.7309,0,NYA peak not clear against upper and lower means
2,78.5192,7.6519,137.00,80.00,158.71,160.75,0.6906,0,correlation 0.69 <= 0.7
2,78.5434,7.6785,147.00,145.00,160.20,160.35,0.7778,1,
2,78.6005,7.7419,139.00,135.00,161.64,159.34,0.6938,0,correlation 0.69 <= 0.7
2,78.5438,7.6697,147.00,145.00,160.24,160.36,0.7745,1,
2,78.5910,7.7277,153.33,137.01,161.65,159.44,0.7104,0,centroids differ by 2.2 km
2,78.5319,7.6530,137.00,80.00,159.50,160.55,0.7105,0,NYA peak not clear against upper and lower means
2,78.5973,7.6407,160.00,137.00,161.98,159.62,0.6791,0,correlation 0.68 <= 0.7
2,78.5458,7.7277,151.00,143.00,160.33,160.22,0.7945,1,
2,78.5591,7.6606,153.00,145.00,161.30,160.08,0.8065,0,centroids differ by 1.2 km
2,78.5356,7.7566,136.97,80.00,159.55,160.36,0.7536,0,NYA peak not clear against upper and lower means
2,78.5520,7.6740,153.00,145.00,160.82,160.19,0.7809,1,
2,78.6019,7.7354,139.00,135.00,161.69,159.37,0.6862,0,correlation 0.69 <= 0.7
2,78.6092,7.6731,141.00,137.00,162.05,159.66,0.6329,0,correlation 0.63 <= 0.7
2,78.5217,7.6130,137.00,80.00,158.97,160.76,0.6655,0,correlation 0.67 <= 0.7
2,78.5635,7.6379,154.56,145.00,161.58,159.97,0.7942,0,centroids differ by 1.6 km
2,78.5881,7.6142,163.00,139.00,162.18,159.67,0.6798,0,correlation 0.68 <= 0.7
2,78.5546,7.6325,153.00,147.00,161.06,160.19,0.7983,1,
2,78.5983,7.6887,139.00,138.88,161.80,159.52,0.6908,0,correlation 0.69 <= 0.7
2,78.5679,7.6745,157.00,142.00,161.73,159.86,0.7855,0,centroids differ by 1.9 km
2,78.5852,7.6234,155.00,141.00,162.16,159.67,0.6867,0,correlation 0.69 <= 0.7
2,78.5831,7.7250,161.00,137.00,161.74,159.55,0.7297,0,centroids differ by 2.2 km
2,78.3609,3.3832,129.32,139.00,162.31,164.67,0.7742,0,centroids differ by 2.4 km
2,78.3713,3.3297,129.00,139.00,162.02,165.10,0.7355,0,centroids differ by 3.1 km
2,78.3226,3.3724,151.00,143.00,166.11,165.70,0.6071,0,correlation 0.61 <= 0.7
2,78.3734,3.4004,129.00,137.00,160.63,165.00,0.7186,0,centroids differ by 4.4 km
2,78.3057,3.4383,177.60,143.00,166.90,166.98,0.2118,0,correlation 0.21 <= 0.7
2,78.3639,3.4388,127.00,139.00,161.67,164.60,0.7599,0,centroids differ by 2.9 km
2,78.2926,3.4314,88.00,146.00,167.25,167.82,-0.1916,0,correlation -0.19 <= 0.7
2,78.3245,3.3108,151.00,145.00,166.12,165.46,0.6451,0,correlation 0.65 <= 0.7
2,78.3006,3.3477,88.00,145.00,167.17,167.05,0.0481,0,correlation 0.05 <= 0.7
2,78.3640,3.3578,130.00,139.00,162.84,164.82,0.7672,0,centroids differ by 2.0 km
2,78.3540,3.4358,129.00,143.00,162.98,164.49,0.7811,0,centroids differ by 1.5 km
2,78.3365,3.2996,137.00,147.00,166.25,164.87,0.7792,0,centroids differ by 1.4 km
2,78.3903,3.3426,131.00,137.00,160.05,165.57,0.6111,0,correlation 0.61 <= 0.7
2,78.3782,3.3962,129.00,137.00,160.11,165.16,0.6930,0,correlation 0.69 <= 0.7
2,78.3514,3.3426,135.00,143.00,164.53,164.61,0.8002,1,
2,78.3813,3.3589,129.00,137.00,160.74,165.32,0.6758,0,correlation 0.68 <= 0.7
2,78.3128,3.3538,159.00,143.00,166.72,166.28,0.4041,0,correlation 0.40 <= 0.7
2,78.3664,3.3236,130.00,139.00,162.66,164.98,0.7591,0,centroids differ by 2.3 km
2,78.3201,3.3801,151.00,143.00,166.26,165.88,0.5628,0,correlation 0.56 <= 0.7
2,78.3257,3.3126,151.00,145.00,166.03,165.39,0.6623,0,correlation 0.66 <= 0.7
2,78.3387,3.3684,135.00,147.00,164.90,164.85,0.7738,1,
2,78.3437,3.3299,137.00,145.00,165.46,164.68,0.8005,1,
2,78.3707,3.3234,129.00,139.00,162.13,165.10,0.7391,0,centroids differ by 3.0 km
2,78.3752,3.4166,129.00,137.00,160.36,165.02,0.7084,0,centroids differ by 4.7 km
2,78.3378,3.4222,135.00,145.00,164.83,164.96,0.7597,1,
2,78.3622,3.3488,129.92,139.00,163.12,164.79,0.7747,0,centroids differ by 1.7 km
2,78.3755,3.3228,129.00,139.00,161.54,165.24,0.7126,0,centroids differ by 3.7 km
2,78.3779,3.4002,129.00,137.00,160.13,165.14,0.6945,0,correlation 0.69 <= 0.7
2,78.3690,3.3094,129.00,139.00,162.39,165.09,0.7470,0,centroids differ by 2.7 km
2,78.3080,3.3380,177.00,145.00,166.96,166.54,0.2742,0,correlation 0.27 <= 0.7
2,78.3398,3.3398,137.00,147.00,164.89,164.79,0.7841,1,
2,78.3852,3.3170,131.00,139.00,160.56,165.50,0.6500,0,correlation 0.65 <= 0.7
2,78.3112,3.3853,155.00,143.00,166.75,166.46,0.3637,0,correlation 0.36 <= 0.7
2,78.3562,3.4238,127.00,143.00,162.75,164.50,0.7804,0,centroids differ by 1.8 km
2,78.3785,3.4253,129.00,137.00,159.94,165.10,0.6893,0,correlation 0.69 <= 0.7
2,78.3530,3.4170,129.00,143.00,163.18,164.51,0.7853,0,centroids differ by 1.3 km
2,78.8067,11.6581,157.00,241.00,170.10,166.29,0.4245,0,correlation 0.42 <= 0.7
2,78.8648,11.6344,165.00,249.00,173.18,169.90,0.7335,0,NYA peak not clear against upper and lower means
2,78.8073,11.6308,155.00,249.00,170.10,166.47,0.5753,0,correlation 0.58 <= 0.7
2,78.8031,11.6477,157.00,245.00,169.88,166.29,0.6031,0,correlation 0.60 <= 0.7
2,78.8121,11.6383,159.00,249.00,170.37,166.57,0.4598,0,correlation 0.46 <= 0.7
2,78.8150,11.6037,159.00,213.00,170.48,167.02,0.5138,0,correlation 0.51 <= 0.7
2,78.8044,11.5977,157.00,189.00,169.91,166.54,0.8752,0,centroids differ by 3.4 km
2,78.8053,11.6136,157.00,187.00,169.97,166.54,0.7616,0,centroids differ by 3.4 km
2,78.8770,11.5837,167.00,249.00,173.50,169.98,0.7932,0,NYA peak not clear against upper and lower means
2,78.8579,11.6171,165.00,241.00,172.88,169.75,0.7502,0,NYA peak not clear against upper and lower means
2,78.8462,11.6749,163.00,221.00,172.47,168.86,0.7981,0,centroids differ by 3.6 km
2,78.8143,11.6737,151.00,249.00,170.57,166.34,0.4686,0,correlation 0.47 <= 0.7
2,78.8192,11.6393,159.00,249.00,170.77,166.80,0.5368,0,correlation 0.54 <= 0.7
2,78.7990,11.5872,157.00,171.00,169.62,166.16,0.8873,0,centroids differ by 3.5 km
2,78.8416,11.6429,163.00,207.00,172.10,168.19,0.7775,0,centroids differ by 3.9 km
2,78.8296,11.6657,161.00,181.00,171.47,167.01,0.6998,0,correlation 0.70 <= 0.7
2,78.7994,11.6204,157.00,171.00,169.65,166.34,0.8178,0,centroids differ by 3.3 km
2,78.8527,11.5979,165.00,227.00,172.55,169.39,0.7792,0,centroids differ by 3.2 km
2,78.8931,11.6364,169.00,249.00,174.04,169.43,0.7393,0,NYA peak not clear against upper and lower means
2,78.8483,11.5500,165.00,211.00,172.13,169.18,0.7763,0,NYA peak not clear against upper and lower means
2,78.8037,11.5984,157.00,189.00,169.87,166.50,0.8913,0,centroids differ by 3.4 km
2,78.8187,11.6220,159.00,249.00,170.70,166.94,0.5223,0,correlation 0.52 <= 0.7
2,78.8920,11.6941,169.00,249.00,174.20,169.25,0.7110,0,NYA peak not clear against upper and lower means
2,78.8800,11.6717,167.00,249.00,173.70,169.53,0.6757,0,correlation 0.68 <= 0.7
2,78.8196,11.6334,159.00,249.00,170.78,166.87,0.5372,0,correlation 0.54 <= 0.7
2,78.8737,11.6647,167.00,249.00,173.49,169.72,0.6889,0,correlation 0.69 <= 0.7
2,78.8245,11.6187,153.00,231.00,171.02,167.29,0.5582,0,correlation 0.56 <= 0.7
2,78.8046,11.5808,157.00,191.00,169.91,166.56,0.9162,0,centroids differ by 3.3 km
2,78.8854,11.6008,168.00,249.00,173.73,169.96,0.7592,0,NYA peak not clear against upper and lower means
2,78.8638,11.6204,165.00,249.00,173.12,169.91,0.7445,0,NYA peak not clear against upper and lower means
2,78.8517,11.6849,163.00,235.00,172.76,169.48,0.7762,0,NYA peak not clear against upper and lower means
2,78.8577,11.6203,165.00,241.00,172.87,169.74,0.7486,0,NYA peak not clear against upper and lower means
2,78.8235,11.5692,161.00,239.00,170.89,167.96,0.5109,0,correlation 0.51 <= 0.7
2,78.8333,11.6383,161.00,187.00,171.59,167.47,0.6976,0,correlation 0.70 <= 0.7
2,78.8794,11.6763,167.00,249.00,173.69,169.54,0.6736,0,correlation 0.67 <= 0.7
2,78.8734,11.5820,167.00,249.00,173.39,169.96,0.7926,0,NYA peak not clear against upper and lower means
2,78.8006,8.0308,181.00,137.00,171.22,164.84,0.2769,0,correlation 0.28 <= 0.7
2,78.7773,8.1530,177.00,80.00,170.19,161.46,-0.4419,0,correlation -0.44 <= 0.7
2,78.8245,8.0336,189.00,141.00,172.49,167.95,0.6009,0,correlation 0.60 <= 0.7
2,78.8376,8.1691,187.00,217.00,173.54,168.65,0.7949,0,centroids differ by 4.9 km
2,78.7611,8.1566,177.00,129.00,169.52,159.92,-0.4436,0,correlation -0.44 <= 0.7
2,78.7635,8.1416,177.00,131.00,169.61,160.01,-0.4705,0,correlation -0.47 <= 0.7
2,78.8303,8.1624,187.00,135.00,173.02,168.26,0.7036,0,centroids differ by 4.8 km
2,78.7660,8.1469,177.00,117.00,169.72,160.14,-0.4862,0,correlation -0.49 <= 0.7
2,78.7679,8.0904,179.00,119.00,169.81,160.38,-0.5030,0,correlation -0.50 <= 0.7
2,78.7572,8.0439,177.00,133.00,169.49,160.35,-0.4077,0,correlation -0.41 <= 0.7
2,78.7863,8.0276,179.00,82.00,170.60,162.85,-0.3707,0,correlation -0.37 <= 0.7
2,78.8102,8.1256,179.00,191.00,171.76,166.10,0.6402,0,correlation 0.64 <= 0.7
2,78.8440,8.1399,189.00,219.00,173.91,168.70,0.8110,0,centroids differ by 5.2 km
2,78.8395,8.1530,189.00,219.00,173.64,168.73,0.7995,0,centroids differ by 4.9 km
2,78.7887,8.0354,179.00,137.00,170.70,163.24,-0.2895,0,correlation -0.29 <= 0.7
2,78.8488,8.1214,189.00,221.00,174.20,168.82,0.7950,0,NYA peak not clear against upper and lower means
2,78.7855,8.0530,179.00,82.00,170.55,162.76,-0.3676,0,correlation -0.37 <= 0.7
2,78.8190,8.1033,187.00,195.00,172.25,167.27,0.6594,0,correlation 0.66 <= 0.7
2,78.7906,8.1157,177.00,133.00,170.77,163.45,-0.1331,0,correlation -0.13 <= 0.7
2,78.8559,8.1260,190.00,221.00,174.67,169.04,0.7873,0,NYA peak not clear against upper and lower means
2,78.8062,8.1032,179.00,191.00,171.52,165.54,0.5503,0,correlation 0.55 <= 0.7
2,78.7707,8.0999,177.00,119.00,169.93,160.65,-0.4957,0,correlation -0.50 <= 0.7
2,78.8246,8.0636,187.00,139.00,172.53,167.93,0.6140,0,correlation 0.61 <= 0.7
2,78.7951,8.0631,179.00,135.00,170.98,164.08,-0.0032,0,correlation -0.00 <= 0.7
2,78.8251,8.0911,187.00,139.00,172.59,167.90,0.6255,0,correlation 0.63 <= 0.7
2,78.8496,8.0449,191.00,225.00,174.10,168.94,0.7454,0,NYA peak not clear against upper and lower means
2,78.8428,8.1679,189.00,217.00,173.88,168.67,0.8259,0,centroids differ by 5.2 km
2,78.7775,8.0478,179.00,82.00,170.21,161.50,-0.4970,0,correlation -0.50 <= 0.7
2,78.8404,8.1286,189.00,219.00,173.65,168.79,0.7921,0,centroids differ by 4.9 km
2,78.7562,8.0878,175.00,131.00,169.40,160.20,-0.3768,0,correlation -0.38 <= 0.7
2,78.7774,8.1366,177.00,80.00,170.20,161.49,-0.4504,0,correlation -0.45 <= 0.7
2,78.7683,8.0261,178.00,121.00,169.84,160.55,-0.5285,0,correlation -0.53 <= 0.7
2,78.7789,8.0442,179.00,82.00,170.27,161.70,-0.4902,0,correlation -0.49 <= 0.7
2,78.8255,8.0995,187.00,137.00,172.62,167.92,0.6283,0,correlation 0.63 <= 0.7
2,78.7813,8.1211,177.00,80.00,170.37,162.08,-0.4117,0,correlation -0.41 <= 0.7
2,78.7630,8.1545,177.00,117.00,169.59,159.97,-0.4645,0,correlation -0.46 <= 0.7
2,78.3054,2.1421,98.00,159.00,173.62,167.55,-0.0133,0,correlation -0.01 <= 0.7
2,78.3646,2.2164,139.00,143.00,170.35,166.33,0.7702,0,centroids differ by 4.0 km
2,78.3112,2.2555,193.00,157.00,172.39,167.30,0.2428,0,correlation 0.24 <= 0.7
2,78.3513,2.1931,149.00,143.00,171.64,166.57,0.8335,0,centroids differ by 5.1 km
2,78.3057,2.2079,96.00,159.00,172.50,167.44,-0.0035,0,correlation -0.00 <= 0.7
2,78.3351,2.1760,165.00,153.00,172.70,166.88,0.8258,0,centroids differ by 5.8 km
2,78.2871,2.1826,113.00,161.00,172.53,167.70,-0.6487,0,correlation -0.65 <= 0.7
2,78.3014,2.2726,96.00,159.00,172.47,167.35,-0.1686,0,correlation -0.17 <= 0.7
2,78.3083,2.2387,96.00,159.00,172.45,167.36,0.1218,0,correlation 0.12 <= 0.7
2,78.3140,2.2403,171.00,157.00,172.35,167.29,0.3516,0,correlation 0.35 <= 0.7
2,78.3817,2.2592,141.00,135.00,168.41,165.94,0.6081,0,correlation 0.61 <= 0.7
2,78.3656,2.1440,143.00,137.00,170.49,166.15,0.7651,0,centroids differ by 4.3 km
2,78.3281,2.1822,165.00,157.00,173.01,167.06,0.7499,0,centroids differ by 6.0 km
2,78.2935,2.2550,96.00,159.00,172.51,167.46,-0.4704,0,correlation -0.47 <= 0.7
2,78.3561,2.1609,149.00,143.00,171.33,166.47,0.8131,0,centroids differ by 4.9 km
2,78.3794,2.1953,141.00,135.00,168.88,165.83,0.6441,0,correlation 0.64 <= 0.7
2,78.3397,2.1691,163.00,151.00,172.48,166.77,0.8447,0,centroids differ by 5.7 km
2,78.3722,2.1699,141.00,137.00,169.73,165.99,0.7179,0,centroids differ by 3.7 km
2,78.3676,2.1387,141.00,137.00,170.31,166.07,0.7528,0,centroids differ by 4.2 km
2,78.3443,2.1647,149.00,161.00,172.21,166.67,0.8472,0,centroids differ by 5.5 km
2,78.2918,2.2297,113.00,159.00,172.53,167.55,-0.5243,0,correlation -0.52 <= 0.7
2,78.3640,2.2373,145.00,143.00,170.34,166.37,0.7738,0,centroids differ by 4.0 km
2,78.3625,2.1622,143.00,143.00,170.74,166.30,0.7823,0,centroids differ by 4.4 km
2,78.2934,2.1659,96.00,161.00,172.56,167.68,-0.4972,0,correlation -0.50 <= 0.7
2,78.3551,2.2149,149.00,143.00,171.27,166.52,0.8191,0,centroids differ by 4.7 km
2,78.3566,2.1588,149.00,143.00,171.29,166.46,0.8109,0,centroids differ by 4.8 km
2,78.3684,2.2600,139.00,143.00,169.82,166.30,0.7457,0,centroids differ by 3.5 km
2,78.3275,2.2854,165.00,155.00,171.86,167.02,0.7276,0,centroids differ by 4.8 km
2,78.3312,2.1580,165.00,156.00,172.91,166.98,0.7902,0,centroids differ by 5.9 km
2,78.3276,2.1818,166.00,157.00,173.03,167.07,0.7422,0,centroids differ by 6.0 km
2,78.2952,2.2599,96.00,159.00,172.50,167.44,-0.4129,0,correlation -0.41 <= 0.7
2,78.3303,2.2627,163.00,155.00,171.77,166.97,0.7680,0,centroids differ by 4.8 km
2,78.2928,2.2162,113.00,161.00,172.54,167.57,-0.5008,0,correlation -0.50 <= 0.7
2,78.3726,2.2039,143.00,137.00,169.57,166.05,0.7106,0,centroids differ by 3.5 km
2,78.3651,2.2762,145.00,141.00,170.11,166.41,0.7666,0,centroids differ by 3.7 km
2,78.3341,2.1770,165.00,153.00,172.75,166.91,0.8188,0,centroids differ by 5.8 km
2,78.3680,3.7403,125.00,139.00,158.92,164.22,0.6997,0,correlation 0.70 <= 0.7
2,78.3304,3.6867,145.00,139.00,163.76,166.06,0.6277,0,correlation 0.63 <= 0.7
2,78.3486,3.6357,132.00,141.00,161.98,164.81,0.7342,0,centroids differ by 2.8 km
2,78.3612,3.6672,126.00,141.00,160.17,164.36,0.7255,0,centroids differ by 4.2 km
2,78.3588,3.7320,125.96,139.00,160.21,164.51,0.7105,0,centroids differ by 4.3 km
2,78.3771,3.6781,127.00,135.00,158.12,164.40,0.6824,0,correlation 0.68 <= 0.7
2,78.3983,3.7578,127.00,131.00,156.85,164.95,0.5675,0,correlation 0.57 <= 0.7
2,78.3314,3.6240,133.00,139.00,163.84,165.81,0.6556,0,correlation 0.66 <= 0.7
2,78.3517,3.7474,123.00,137.00,161.12,164.89,0.7049,0,centroids differ by 3.8 km
2,78.3065,3.7074,151.00,139.00,165.34,167.87,0.1824,0,correlation 0.18 <= 0.7
2,78.2995,3.7325,86.00,143.00,165.57,168.49,-0.0100,0,correlation -0.01 <= 0.7
2,78.3942,3.6471,129.00,133.00,157.93,165.09,0.5844,0,correlation 0.58 <= 0.7
2,78.3393,3.7309,131.00,137.00,162.74,165.61,0.6795,0,correlation 0.68 <= 0.7
2,78.3445,3.7307,131.00,137.00,162.13,165.28,0.6974,0,correlation 0.70 <= 0.7
2,78.3659,3.6217,127.00,139.00,160.57,164.30,0.7265,0,centroids differ by 3.7 km
2,78.3527,3.7407,123.00,137.00,161.01,164.82,0.7081,0,centroids differ by 3.8 km
2,78.3362,3.6804,133.00,137.00,163.24,165.66,0.6778,0,correlation 0.68 <= 0.7
2,78.3127,3.6838,154.01,141.90,165.05,167.31,0.3422,0,correlation 0.34 <= 0.7
2,78.3235,3.7122,145.00,139.00,164.24,166.63,0.5364,0,correlation 0.54 <= 0.7
2,78.3366,3.7259,131.00,137.00,163.05,165.77,0.6652,0,correlation 0.67 <= 0.7
2,78.3439,3.7335,131.00,137.00,162.20,165.33,0.6951,0,correlation 0.70 <= 0.7
2,78.3986,3.7634,127.00,131.00,156.84,164.95,0.5668,0,correlation 0.57 <= 0.7
2,78.3372,3.7548,131.00,137.00,162.90,165.81,0.6599,0,correlation 0.66 <= 0.7
2,78.3405,3.7610,131.00,137.00,162.50,165.61,0.6755,0,correlation 0.68 <= 0.7
2,78.3943,3.7628,127.00,131.00,156.74,164.81,0.5830,0,correlation 0.58 <= 0.7
2,78.3623,3.7179,126.00,139.00,159.78,164.35,0.7119,0,centroids differ by 4.6 km
2,78.3431,3.7270,131.00,137.00,162.32,165.36,0.6950,0,correlation 0.70 <= 0.7
2,78.3860,3.7376,127.00,133.00,157.07,164.56,0.6309,0,correlation 0.63 <= 0.7
2,78.3719,3.7560,125.00,137.00,158.35,164.18,0.6882,0,correlation 0.69 <= 0.7
2,78.3176,3.6956,147.00,143.00,164.72,167.00,0.4419,0,correlation 0.44 <= 0.7
2,78.3315,3.6264,133.00,139.00,163.83,165.81,0.6558,0,correlation 0.66 <= 0.7
2,78.3106,3.6324,155.00,142.00,165.27,167.27,0.3045,0,correlation 0.30 <= 0.7
2,78.3150,3.6926,150.28,142.00,164.89,167.17,0.3921,0,correlation 0.39 <= 0.7
2,78.3780,3.7326,125.00,135.00,157.77,164.29,0.6737,0,correlation 0.67 <= 0.7
2,78.3480,3.6825,131.00,139.00,161.87,164.95,0.7196,0,centroids differ by 3.1 km
2,78.3946,3.6646,129.00,133.00,157.87,165.06,0.5830,0,correlation 0.58 <= 0.7
2,78.8589,10.7039,173.00,141.00,172.14,168.48,0.6132,0,correlation 0.61 <= 0.7
2,78.8661,10.6618,173.00,147.00,172.48,168.43,0.7146,0,centroids differ by 4.1 km
2,78.8622,10.5816,175.00,187.00,172.40,168.85,0.7305,0,NYA peak not clear against upper and lower means
2,78.8870,10.6329,177.00,159.00,173.39,167.95,0.7336,0,centroids differ by 5.4 km
2,78.9061,10.6312,177.00,163.00,173.98,168.58,0.8871,0,centroids differ by 5.4 km
2,78.8419,10.6840,165.00,249.00,171.38,168.50,0.6197,0,correlation 0.62 <= 0.7
2,78.8126,10.5753,161.99,173.00,170.31,166.41,0.6785,0,correlation 0.68 <= 0.7
2,78.8559,10.6493,175.00,177.00,172.06,168.73,0.7107,0,centroids differ by 3.3 km
2,78.8653,10.6422,175.00,149.00,172.46,168.59,0.7431,0,centroids differ by 3.9 km
2,78.8494,10.5949,181.00,221.00,171.82,168.69,0.6175,0,correlation 0.62 <= 0.7
2,78.8871,10.6822,175.00,153.00,173.40,167.89,0.6994,0,correlation 0.70 <= 0.7
2,78.8805,10.6733,175.00,151.00,173.16,167.68,0.5943,0,correlation 0.59 <= 0.7
2,78.8630,10.5863,175.00,187.00,172.42,168.82,0.7444,0,centroids differ by 3.6 km
2,78.8739,10.5973,175.00,157.00,172.84,168.55,0.8519,0,centroids differ by 4.3 km
2,78.8923,10.5991,179.00,163.00,173.58,168.17,0.8198,0,centroids differ by 5.4 km
2,78.8971,10.5937,179.00,165.00,173.74,168.20,0.8759,0,centroids differ by 5.5 km
2,78.9037,10.6758,175.00,225.00,173.90,168.70,0.8555,0,NYA peak not clear against upper and lower means
2,78.8607,10.6798,173.00,143.00,172.23,168.52,0.6608,0,correlation 0.66 <= 0.7
2,78.8263,10.6146,167.00,175.00,170.78,167.80,0.6907,0,correlation 0.69 <= 0.7
2,78.8460,10.7090,173.00,167.00,171.56,168.72,0.6931,0,correlation 0.69 <= 0.7
2,78.8563,10.6844,173.00,173.00,172.04,168.64,0.6575,0,correlation 0.66 <= 0.7
2,78.8152,10.5677,162.42,179.00,170.45,166.91,0.6940,0,correlation 0.69 <= 0.7
2,78.8359,10.5700,167.00,221.00,171.27,168.77,0.5986,0,correlation 0.60 <= 0.7
2,78.8473,10.6196,167.00,249.00,171.69,168.61,0.6205,0,correlation 0.62 <= 0.7
2,78.8962,10.5777,179.00,167.00,173.71,168.25,0.8644,0,centroids differ by 5.5 km
2,78.8751,10.5780,177.00,159.00,172.89,168.64,0.8773,0,centroids differ by 4.3 km
2,78.8408,10.5667,181.00,223.00,171.46,168.96,0.5702,0,correlation 0.57 <= 0.7
2,78.8563,10.6247,175.00,181.00,172.09,168.80,0.7180,0,centroids differ by 3.3 km
2,78.8398,10.5767,181.00,221.00,171.40,168.89,0.5778,0,correlation 0.58 <= 0.7
2,78.8374,10.6112,167.00,215.00,171.24,168.69,0.5966,0,correlation 0.60 <= 0.7
2,78.8731,10.5870,177.00,157.00,172.82,168.65,0.8595,0,centroids differ by 4.2 km
2,78.8696,10.5899,177.00,155.00,172.69,168.74,0.8281,0,centroids differ by 3.9 km
2,78.8360,10.6808,165.00,205.00,171.08,168.45,0.5936,0,correlation 0.59 <= 0.7
2,78.8710,10.5967,177.00,155.00,172.73,168.66,0.8376,0,centroids differ by 4.1 km
2,78.8653,10.5779,177.00,189.00,172.52,168.82,0.7713,0,centroids differ by 3.7 km
2,78.8613,10.6006,175.00,185.00,172.34,168.80,0.7337,0,centroids differ by 3.5 km
2,78.5612,7.8110,153.00,139.00,161.24,159.74,0.7906,0,centroids differ by 1.5 km
2,78.5567,7.9162,151.00,137.00,160.98,159.56,0.7841,0,centroids differ by 1.4 km
2,78.5935,7.8897,137.00,135.00,161.04,158.91,0.7316,0,centroids differ by 2.1 km
2,78.6155,7.9308,145.00,127.00,162.50,158.62,0.5159,0,correlation 0.52 <= 0.7
2,78.5895,7.8288,137.00,137.00,161.22,159.19,0.7390,0,centroids differ by 2.0 km
2,78.6176,7.8409,147.00,129.00,162.62,159.09,0.5056,0,correlation 0.51 <= 0.7
2,78.5827,7.8349,151.58,134.00,161.23,159.23,0.7627,0,centroids differ by 2.0 km
2,78.5452,7.8667,149.00,139.00,160.31,159.95,0.7964,1,
2,78.6368,7.8720,149.00,98.00,164.02,158.96,0.2396,0,correlation 0.24 <= 0.7
2,78.6057,7.8164,139.00,131.00,161.68,159.08,0.6677,0,correlation 0.67 <= 0.7
2,78.6280,7.8451,149.00,99.00,163.41,159.12,0.3510,0,correlation 0.35 <= 0.7
2,78.6013,7.8877,139.00,131.83,161.37,158.76,0.6902,0,correlation 0.69 <= 0.7
2,78.6252,7.8308,147.00,109.00,163.20,159.19,0.3930,0,correlation 0.39 <= 0.7
2,78.5589,7.9173,151.00,137.00,161.03,159.50,0.7749,0,centroids differ by 1.5 km
2,78.5831,7.8945,155.00,132.00,160.95,159.02,0.7759,0,centroids differ by 1.9 km
2,78.5916,7.8198,137.00,134.75,161.27,159.18,0.7295,0,centroids differ by 2.1 km
2,78.5519,7.8418,150.84,139.00,160.75,159.87,0.8025,1,
2,78.5900,7.8720,137.00,135.00,161.04,159.03,0.7446,0,centroids differ by 2.0 km
2,78.5659,7.8813,151.00,137.00,161.17,159.44,0.7919,0,centroids differ by 1.7 km
2,78.5452,7.8550,149.00,139.00,160.30,159.99,0.8001,1,
2,78.5793,7.8828,157.00,134.00,161.03,159.14,0.7901,0,centroids differ by 1.9 km
2,78.5653,7.9187,149.00,135.00,161.08,159.33,0.7819,0,centroids differ by 1.7 km
2,78.5565,7.8642,153.00,139.00,160.99,159.69,0.7766,0,centroids differ by 1.3 km
2,78.5898,7.8688,137.00,135.00,161.05,159.05,0.7451,0,centroids differ by 2.0 km
2,78.5439,7.8419,149.00,139.00,160.20,160.04,0.7972,1,
2,78.6334,7.8128,149.00,99.00,163.80,159.22,0.3026,0,correlation 0.30 <= 0.7
2,78.5873,7.8833,155.00,131.79,160.99,159.02,0.7562,0,centroids differ by 2.0 km
2,78.5468,7.9303,149.00,157.00,160.51,159.78,0.7870,1,
2,78.6321,7.9021,149.00,97.00,163.70,158.81,0.2818,0,correlation 0.28 <= 0.7
2,78.5927,7.8376,137.00,131.00,161.21,159.09,0.7277,0,centroids differ by 2.1 km
2,78.5636,7.9454,149.00,135.00,161.01,159.29,0.7742,0,centroids differ by 1.7 km
2,78.5989,7.8858,139.00,132.11,161.24,158.80,0.7039,0,centroids differ by 2.4 km
2,78.5943,7.9091,137.00,131.00,161.00,158.82,0.7293,0,centroids differ by 2.2 km
2,78.6071,7.8837,147.00,129.00,161.79,158.76,0.6407,0,correlation 0.64 <= 0.7
2,78.6029,7.9240,145.00,130.84,161.48,158.60,0.6710,0,correlation 0.67 <= 0.7
2,78.6304,7.8644,149.00,99.00,163.58,159.01,0.3162,0,correlation 0.32 <= 0.7
2,78.5699,6.8079,151.00,80.00,163.56,160.99,0.4779,0,correlation 0.48 <= 0.7
2,78.5852,6.8253,155.00,89.00,164.36,162.03,0.5747,0,correlation 0.57 <= 0.7
2,78.6348,6.7621,171.00,141.00,165.79,163.23,0.5779,0,correlation 0.58 <= 0.7
2,78.6618,6.8488,155.00,80.00,165.71,162.50,-0.0922,0,correlation -0.09 <= 0.7
2,78.5969,6.8391,167.00,125.00,164.94,162.39,0.5959,0,correlation 0.60 <= 0.7
2,78.5972,6.7466,169.00,125.00,165.13,162.79,0.6308,0,correlation 0.63 <= 0.7
2,78.6070,6.7317,169.00,131.00,165.59,163.00,0.5702,0,correlation 0.57 <= 0.7
2,78.5745,6.8741,150.00,80.00,163.68,161.03,0.5185,0,correlation 0.52 <= 0.7
2,78.6472,6.8545,153.00,137.00,165.41,162.99,0.4199,0,correlation 0.42 <= 0.7
2,78.6428,6.7957,176.59,139.00,165.59,163.15,0.4902,0,correlation 0.49 <= 0.7
2,78.5744,6.7691,151.00,80.00,163.89,161.52,0.5231,0,correlation 0.52 <= 0.7
2,78.6266,6.8046,170.00,153.00,165.68,162.84,0.5370,0,correlation 0.54 <= 0.7
2,78.6514,6.8257,175.00,119.00,165.55,162.82,0.2280,0,correlation 0.23 <= 0.7
2,78.6487,6.8067,175.00,119.00,165.57,162.94,0.3110,0,correlation 0.31 <= 0.7
2,78.6423,6.7471,181.00,141.00,165.78,163.23,0.4610,0,correlation 0.46 <= 0.7
2,78.5776,6.7930,151.00,80.00,164.01,161.66,0.5435,0,correlation 0.54 <= 0.7
2,78.6606,6.8791,155.00,99.00,165.61,162.51,-0.0343,0,correlation -0.03 <= 0.7
2,78.6599,6.8244,155.00,80.00,165.71,162.54,-0.0561,0,correlation -0.06 <= 0.7
2,78.5869,6.7521,155.00,141.00,164.60,162.43,0.6056,0,correlation 0.61 <= 0.7
2,78.5723,6.7416,153.00,80.00,163.83,161.47,0.5047,0,correlation 0.50 <= 0.7
2,78.5642,6.7557,151.00,82.00,163.30,160.78,0.4263,0,correlation 0.43 <= 0.7
2,78.6453,6.7529,169.00,141.00,165.75,163.12,0.3751,0,correlation 0.38 <= 0.7
2,78.6231,6.8506,170.00,153.00,165.50,162.62,0.5041,0,correlation 0.50 <= 0.7
2,78.6156,6.8334,173.00,141.00,165.53,162.65,0.5033,0,correlation 0.50 <= 0.7
2,78.5815,6.8562,153.00,89.00,164.09,161.64,0.5584,0,correlation 0.56 <= 0.7
2,78.6089,6.7552,169.00,143.00,165.59,162.92,0.5536,0,correlation 0.55 <= 0.7
2,78.6455,6.8475,153.00,137.00,165.41,163.05,0.4664,0,correlation 0.47 <= 0.7
2,78.6518,6.8749,175.00,117.00,165.40,162.80,0.2739,0,correlation 0.27 <= 0.7
2,78.6422,6.7591,169.00,141.00,165.73,163.22,0.4769,0,correlation 0.48 <= 0.7
2,78.6486,6.8495,153.00,137.00,165.44,162.94,0.3632,0,correlation 0.36 <= 0.7
2,78.6361,6.7553,180.00,141.00,165.81,163.27,0.5697,0,correlation 0.57 <= 0.7
2,78.6607,6.8399,155.00,80.00,165.69,162.52,-0.0685,0,correlation -0.07 <= 0.7
2,78.5868,6.8039,155.00,139.00,164.49,162.21,0.5893,0,correlation 0.59 <= 0.7
2,78.6238,6.8418,170.00,153.00,165.54,162.67,0.5122,0,correlation 0.51 <= 0.7
2,78.5858,6.8688,161.00,88.00,164.31,161.87,0.5647,0,correlation 0.56 <= 0.7
2,78.5888,6.7360,155.00,127.00,164.72,162.58,0.6121,0,correlation 0.61 <= 0.7
2,78.3691,2.7682,136.56,143.00,166.23,165.97,0.7745,1,
2,78.3527,2.7521,143.00,147.00,168.17,166.01,0.8389,0,centroids differ by 2.2 km
2,78.3751,2.7510,135.00,151.00,165.60,166.02,0.7389,1,
2,78.3513,2.8062,143.00,147.00,167.25,165.92,0.8382,0,centroids differ by 1.3 km
2,78.3445,2.7837,143.00,149.00,168.86,165.94,0.8534,0,centroids differ by 2.9 km
2,78.3198,2.7978,162.00,153.00,169.38,165.75,0.5833,0,correlation 0.58 <= 0.7
2,78.3713,2.7130,135.00,143.00,166.19,166.06,0.7616,1,
2,78.3995,2.7225,137.00,129.00,163.55,166.25,0.3821,0,correlation 0.38 <= 0.7
2,78.3538,2.7471,143.00,147.00,168.06,166.02,0.8352,0,centroids differ by 2.0 km
2,78.4106,2.8212,137.00,127.00,163.23,166.16,0.1990,0,correlation 0.20 <= 0.7
2,78.3643,2.8094,133.00,145.00,166.66,165.91,0.7954,1,
2,78.3521,2.7211,143.00,149.00,168.32,166.06,0.8412,0,centroids differ by 2.3 km
2,78.3976,2.8303,137.00,133.00,163.24,166.24,0.4717,0,correlation 0.47 <= 0.7
2,78.3408,2.8240,143.00,147.00,168.13,165.81,0.8454,0,centroids differ by 2.3 km
2,78.3467,2.7976,143.00,147.00,167.70,165.91,0.8477,0,centroids differ by 1.8 km
2,78.4157,2.7423,139.00,127.00,163.74,166.02,0.0905,0,correlation 0.09 <= 0.7
2,78.3755,2.7881,135.00,151.00,165.40,165.97,0.7379,1,
2,78.3384,2.8289,155.00,149.00,168.28,165.78,0.8376,0,centroids differ by 2.5 km
2,78.4172,2.8151,139.00,127.00,163.70,166.06,0.0933,0,correlation 0.09 <= 0.7
2,78.3896,2.7407,137.00,135.00,164.13,166.27,0.5771,0,correlation 0.58 <= 0.7
2,78.3793,2.8360,135.00,149.00,164.77,165.94,0.7129,0,centroids differ by 1.2 km
2,78.3694,2.7946,136.01,145.00,166.10,165.94,0.7733,1,
2,78.3552,2.7636,143.00,147.00,167.86,165.98,0.8303,0,centroids differ by 1.9 km
2,78.3658,2.7913,135.88,145.00,166.54,165.93,0.7899,1,
2,78.3360,2.7941,155.00,149.00,168.52,165.85,0.8258,0,centroids differ by 2.7 km
2,78.3455,2.8223,143.00,147.00,167.75,165.85,0.8490,0,centroids differ by 1.9 km
2,78.3178,2.7951,165.11,153.00,169.47,165.77,0.5331,0,correlation 0.53 <= 0.7
2,78.3791,2.8142,135.00,149.00,164.87,165.97,0.7130,0,centroids differ by 1.1 km
2,78.3179,2.8216,163.00,153.00,169.43,165.71,0.5376,0,correlation 0.54 <= 0.7
2,78.4085,2.7133,139.00,127.00,163.49,166.13,0.2027,0,correlation 0.20 <= 0.7
2,78.3636,2.8520,133.00,145.00,165.73,165.85,0.7939,1,
2,78.3405,2.7316,143.00,149.00,169.32,166.04,0.8506,0,centroids differ by 3.3 km
2,78.3235,2.8151,158.00,151.00,169.19,165.70,0.6674,0,correlation 0.67 <= 0.7
2,78.3449,2.8558,141.00,147.00,167.70,165.76,0.8491,0,centroids differ by 1.9 km
2,78.3758,2.7943,135.00,151.00,165.34,165.96,0.7363,1,
2,78.3425,2.8087,143.00,149.00,168.03,165.86,0.8490,0,centroids differ by 2.2 km
2,78.3835,3.8321,125.00,135.00,156.82,164.21,0.6380,0,correlation 0.64 <= 0.7
2,78.3858,3.8783,125.00,133.00,156.49,164.16,0.6229,0,correlation 0.62 <= 0.7
2,78.3681,3.8466,125.00,137.00,158.38,164.25,0.6772,0,correlation 0.68 <= 0.7
2,78.3421,3.7948,131.00,135.00,162.19,165.59,0.6707,0,correlation 0.67 <= 0.7
2,78.3867,3.8955,125.00,133.00,156.38,164.15,0.6172,0,correlation 0.62 <= 0.7
2,78.3776,3.8088,125.00,137.00,157.45,164.15,0.6636,0,correlation 0.66 <= 0.7
2,78.3856,3.7707,125.00,133.00,156.95,164.45,0.6312,0,correlation 0.63 <= 0.7
2,78.3748,3.8729,125.00,137.00,157.45,164.10,0.6612,0,correlation 0.66 <= 0.7
2,78.4073,3.8728,127.00,129.00,157.33,164.92,0.5767,0,correlation 0.58 <= 0.7
2,78.4054,3.8412,127.00,129.00,157.16,164.93,0.5701,0,correlation 0.57 <= 0.7
2,78.3333,3.9006,129.00,137.00,161.88,166.50,0.5709,0,correlation 0.57 <= 0.7
2,78.3225,3.8328,143.00,138.00,164.02,167.11,0.4777,0,correlation 0.48 <= 0.7
2,78.3517,3.8343,125.00,135.00,160.75,165.07,0.6788,0,correlation 0.68 <= 0.7
2,78.3314,3.8051,131.00,137.00,163.31,166.35,0.5986,0,correlation 0.60 <= 0.7
2,78.4144,3.7671,129.00,129.00,158.44,165.26,0.5866,0,correlation 0.59 <= 0.7
2,78.3652,3.7927,125.00,139.00,159.04,164.31,0.6923,0,correlation 0.69 <= 0.7
2,78.3527,3.8813,124.48,133.00,160.39,165.11,0.6660,0,correlation 0.67 <= 0.7
2,78.3460,3.8547,129.00,135.00,161.45,165.49,0.6626,0,correlation 0.66 <= 0.7
2,78.4159,3.9021,127.00,129.00,158.47,165.03,0.6089,0,correlation 0.61 <= 0.7
2,78.4018,3.7739,127.00,131.00,157.00,165.00,0.5632,0,correlation 0.56 <= 0.7
2,78.4119,3.9021,127.00,129.00,157.88,164.95,0.5954,0,correlation 0.60 <= 0.7
2,78.3521,3.8297,125.00,135.00,160.71,165.03,0.6805,0,correlation 0.68 <= 0.7
2,78.3831,3.8751,125.00,135.00,156.67,164.12,0.6338,0,correlation 0.63 <= 0.7
2,78.4095,3.7732,129.00,131.00,157.77,165.18,0.5744,0,correlation 0.57 <= 0.7
2,78.3813,3.8899,125.00,135.00,156.74,164.08,0.6382,0,correlation 0.64 <= 0.7
2,78.3610,3.7548,126.00,139.00,159.79,164.44,0.7038,0,centroids differ by 4.6 km
2,78.3834,3.8576,125.00,135.00,156.72,164.15,0.6354,0,correlation 0.64 <= 0.7
2,78.3896,3.8060,127.00,131.00,156.63,164.50,0.6071,0,correlation 0.61 <= 0.7
2,78.3961,3.7976,127.00,131.00,156.64,164.78,0.5747,0,correlation 0.57 <= 0.7
2,78.3379,3.8694,131.00,135.00,162.42,166.07,0.6245,0,correlation 0.62 <= 0.7
2,78.3627,3.8606,123.00,137.00,159.06,164.47,0.6787,0,correlation 0.68 <= 0.7
2,78.3692,3.7972,125.00,137.00,158.49,164.20,0.6866,0,correlation 0.69 <= 0.7
2,78.3432,3.7720,131.00,135.00,162.13,165.47,0.6817,0,correlation 0.68 <= 0.7
2,78.3410,3.8448,131.00,135.00,162.14,165.79,0.6480,0,correlation 0.65 <= 0.7
2,78.3179,3.7682,145.00,140.00,164.52,167.22,0.4255,0,correlation 0.43 <= 0.7
2,78.3567,3.9030,124.00,133.00,159.72,164.89,0.6640,0,correlation 0.66 <= 0.7
2,78.5775,12.5660,113.00,167.00,153.37,163.77,0.4836,0,correlation 0.48 <= 0.7
2,78.5938,12.5696,113.00,153.00,155.03,162.04,0.8329,0,centroids differ by 7.0 km
2,78.6424,12.5602,123.00,91.00,159.40,159.25,0.1905,0,correlation 0.19 <= 0.7
2,78.6636,12.5707,127.00,80.00,161.28,161.02,0.0122,0,correlation 0.01 <= 0.7
2,78.5928,12.6064,113.00,159.00,155.06,162.30,0.8148,0,centroids differ by 7.2 km
2,78.6512,12.6037,123.00,83.00,160.27,159.50,0.0643,0,correlation 0.06 <= 0.7
2,78.6040,12.5941,117.00,155.00,156.05,161.40,0.8798,0,centroids differ by 5.4 km
2,78.5779,12.6668,111.00,173.00,153.88,163.86,0.5295,0,correlation 0.53 <= 0.7
2,78.5811,12.6788,111.00,175.00,154.20,163.66,0.5531,0,correlation 0.55 <= 0.7
2,78.6273,12.7033,119.00,105.00,158.46,160.02,0.5099,0,correlation 0.51 <= 0.7
2,78.6543,12.5577,121.00,80.00,160.42,159.34,0.0415,0,correlation 0.04 <= 0.7
2,78.6681,12.6965,127.00,80.00,162.21,162.88,-0.2362,0,correlation -0.24 <= 0.7
2,78.6526,12.6823,125.00,89.00,160.74,160.92,0.0173,0,correlation 0.02 <= 0.7
2,78.6334,12.6876,117.00,95.00,158.97,159.62,0.3193,0,correlation 0.32 <= 0.7
2,78.5880,12.6258,113.00,165.00,154.67,162.81,0.7472,0,centroids differ by 8.1 km
2,78.6025,12.5768,115.00,151.00,155.85,161.39,0.8740,0,centroids differ by 5.5 km
2,78.6233,12.6962,119.00,109.00,158.08,160.41,0.6579,0,correlation 0.66 <= 0.7
2,78.6229,12.6389,119.00,111.00,157.90,160.45,0.6965,0,correlation 0.70 <= 0.7
2,78.6229,12.6036,121.00,111.00,157.81,160.31,0.7141,0,centroids differ by 2.5 km
2,78.6486,12.5967,119.00,83.00,160.02,159.25,0.0737,0,correlation 0.07 <= 0.7
2,78.6192,12.6693,118.05,115.00,157.63,160.74,0.7893,0,centroids differ by 3.1 km
2,78.6204,12.6555,119.00,113.00,157.69,160.64,0.7640,0,centroids differ by 3.0 km
2,78.6712,12.6788,127.00,80.00,162.43,162.93,-0.1710,0,correlation -0.17 <= 0.7
2,78.5920,12.6359,113.00,165.00,155.06,162.50,0.7798,0,centroids differ by 7.4 km
2,78.6072,12.6565,119.00,131.00,156.53,161.52,0.9326,0,centroids differ by 5.0 km
2,78.5839,12.6136,111.00,163.00,154.27,163.11,0.7037,0,centroids differ by 8.8 km
2,78.6599,12.6657,123.76,80.00,161.35,161.94,-0.0972,0,correlation -0.10 <= 0.7
2,78.5940,12.6859,115.00,143.00,155.41,162.56,0.8093,0,centroids differ by 7.1 km
2,78.5785,12.6607,111.00,173.00,153.92,163.78,0.5540,0,correlation 0.55 <= 0.7
2,78.5773,12.6016,113.00,169.00,153.58,163.74,0.5487,0,correlation 0.55 <= 0.7
2,78.6019,12.6024,117.00,157.00,155.88,161.59,0.8727,0,centroids differ by 5.7 km
2,78.5892,12.6250,113.00,163.00,154.77,162.70,0.7610,0,centroids differ by 7.9 km
2,78.6494,12.6666,125.00,87.00,160.38,160.19,0.0796,0,correlation 0.08 <= 0.7
2,78.6042,12.6133,117.00,159.00,156.13,161.51,0.8892,0,centroids differ by 5.4 km
2,78.5790,12.6761,111.00,175.00,154.01,163.82,0.5259,0,correlation 0.53 <= 0.7
2,78.6693,12.6487,127.00,80.00,162.13,162.88,-0.2113,0,correlation -0.21 <= 0.7
2,78.7853,12.4761,157.00,133.00,171.22,165.36,0.2952,0,correlation 0.30 <= 0.7
2,78.8508,12.4756,168.00,249.00,174.70,168.54,0.8088,0,LYR peak not clear against upper and lower means
2,78.8150,12.5351,163.00,175.00,173.05,169.45,0.8954,0,centroids differ by 3.6 km
2,78.8132,12.5153,163.00,171.00,172.91,169.14,0.9163,0,centroids differ by 3.8 km
2,78.8103,12.5433,162.00,175.00,172.81,169.24,0.9050,0,centroids differ by 3.6 km
2,78.7915,12.6177,159.00,159.00,171.90,167.73,0.6471,0,correlation 0.65 <= 0.7
2,78.7999,12.6060,159.00,165.00,172.38,168.54,0.8041,0,centroids differ by 3.8 km
2,78.7714,12.5665,153.00,99.00,170.54,164.15,-0.5930,0,correlation -0.59 <= 0.7
2,78.7999,12.5373,161.00,167.00,172.24,168.01,0.8558,0,centroids differ by 4.2 km
2,78.7683,12.5931,153.00,85.00,170.39,163.92,-0.6616,0,correlation -0.66 <= 0.7
2,78.8061,12.6158,161.00,185.00,172.83,169.22,0.8473,0,centroids differ by 3.6 km
2,78.7699,12.5115,155.00,93.00,170.21,163.98,-0.5999,0,correlation -0.60 <= 0.7
2,78.7753,12.4786,157.00,119.00,170.49,164.16,-0.5152,0,correlation -0.52 <= 0.7
2,78.8323,12.6244,164.00,207.00,174.12,170.68,0.7499,0,LYR peak not clear against upper and lower means
2,78.8358,12.5106,166.00,203.00,174.13,169.48,0.8990,0,LYR peak not clear against upper and lower means
2,78.7718,12.5628,153.00,99.00,170.55,164.17,-0.5809,0,correlation -0.58 <= 0.7
2,78.7626,12.5907,153.00,85.00,169.93,163.83,-0.5454,0,correlation -0.55 <= 0.7
2,78.8389,12.5508,165.91,211.00,174.38,169.73,0.8738,0,LYR peak not clear against upper and lower means
2,78.7775,12.5829,155.00,109.00,171.01,164.83,-0.1673,0,correlation -0.17 <= 0.7
2,78.8493,12.6029,167.00,233.00,174.74,169.84,0.8436,0,LYR peak not clear against upper and lower means
2,78.8002,12.6062,159.00,165.00,172.40,168.57,0.8076,0,centroids differ by 3.8 km
2,78.7746,12.5665,153.00,107.00,170.77,164.42,-0.4364,0,correlation -0.44 <= 0.7
2,78.8028,12.5683,161.00,175.00,172.44,168.57,0.8687,0,centroids differ by 3.9 km
2,78.8071,12.5461,161.00,177.00,172.64,168.97,0.9046,0,centroids differ by 3.7 km
2,78.7953,12.5846,159.00,161.00,172.06,167.83,0.7385,0,centroids differ by 4.2 km
2,78.8319,12.5201,165.00,199.00,173.96,169.60,0.8736,0,NYA peak not clear against upper and lower means
2,78.7972,12.4915,159.00,157.00,172.05,167.30,0.8088,0,centroids differ by 4.8 km
2,78.7651,12.5894,153.00,85.00,170.13,163.77,-0.6086,0,correlation -0.61 <= 0.7
2,78.8463,12.5835,167.00,227.00,174.58,169.79,0.8610,0,LYR peak not clear against upper and lower means
2,78.8018,12.5884,160.00,161.00,172.43,168.60,0.8414,0,centroids differ by 3.8 km
2,78.8067,12.5601,161.00,179.00,172.64,169.00,0.8962,0,centroids differ by 3.6 km
2,78.8332,12.4944,166.00,197.00,173.92,169.38,0.8964,0,centroids differ by 4.5 km
2,78.8363,12.5080,166.00,203.00,174.14,169.46,0.9014,0,LYR peak not clear against upper and lower means
2,78.8468,12.5561,167.00,223.00,174.60,169.56,0.8939,0,LYR peak not clear against upper and lower means
2,78.7696,12.5381,155.00,95.00,170.29,163.97,-0.5864,0,correlation -0.59 <= 0.7
2,78.8248,12.5638,164.00,191.00,173.74,170.11,0.8237,0,LYR peak not clear against upper and lower means
2,78.5480,8.3337,149.00,119.00,159.49,158.12,0.7185,0,NYA peak not clear against upper and lower means
2,78.5266,8.3882,143.00,93.00,159.04,158.44,0.5467,0,correlation 0.55 <= 0.7
2,78.4893,8.3691,125.00,101.00,155.35,159.40,0.5688,0,correlation 0.57 <= 0.7
2,78.5152,8.3247,141.00,101.00,157.79,158.64,0.5421,0,correlation 0.54 <= 0.7
2,78.5749,8.3808,137.00,119.00,159.44,157.79,0.7471,0,centroids differ by 1.7 km
2,78.5774,8.3514,137.00,121.00,159.64,157.77,0.7356,0,centroids differ by 1.9 km
2,78.5644,8.3474,129.00,139.00,158.99,158.05,0.7811,0,NYA peak not clear against upper and lower means
2,78.4829,8.3915,125.00,103.00,154.92,159.70,0.5933,0,correlation 0.59 <= 0.7
2,78.4905,8.3240,125.00,103.00,155.51,159.25,0.5773,0,correlation 0.58 <= 0.7
2,78.5481,8.4015,147.00,97.00,158.98,157.86,0.7171,0,NYA peak not clear against upper and lower means
2,78.5717,8.4319,137.00,135.00,159.20,157.65,0.7332,0,NYA peak not clear against upper and lower means
2,78.5407,8.3661,141.00,117.00,159.48,158.08,0.6629,0,correlation 0.66 <= 0.7
2,78.5811,8.4241,137.00,119.00,160.01,157.43,0.6732,0,correlation 0.67 <= 0.7
2,78.5714,8.3448,131.00,121.00,159.20,158.00,0.7780,0,centroids differ by 1.2 km
2,78.5178,8.3852,139.00,99.00,158.20,158.62,0.5114,0,correlation 0.51 <= 0.7
2,78.5414,8.4046,147.00,95.00,159.21,158.00,0.6679,0,correlation 0.67 <= 0.7
2,78.5248,8.3776,143.00,93.00,158.89,158.48,0.5415,0,correlation 0.54 <= 0.7
2,78.5056,8.4321,139.00,99.00,156.79,158.95,0.4739,0,correlation 0.47 <= 0.7
2,78.5378,8.3631,141.00,97.00,159.52,158.18,0.6404,0,correlation 0.64 <= 0.7
2,78.5014,8.2974,127.00,101.00,156.31,158.86,0.5525,0,correlation 0.55 <= 0.7
2,78.5680,8.3310,147.00,139.00,159.11,158.11,0.7891,0,NYA peak not clear against upper and lower means
2,78.5327,8.2954,142.94,99.00,159.56,158.40,0.6261,0,correlation 0.63 <= 0.7
2,78.5446,8.4053,149.00,115.00,159.09,157.90,0.6930,0,correlation 0.69 <= 0.7
2,78.5128,8.4264,139.00,99.00,157.66,158.75,0.4720,0,correlation 0.47 <= 0.7
2,78.5794,8.4194,137.00,119.00,159.86,157.52,0.6929,0,correlation 0.69 <= 0.7
2,78.5502,8.2978,151.00,99.00,159.66,158.30,0.7357,0,NYA peak not clear against upper and lower means
2,78.5164,8.2941,141.00,101.00,157.89,158.61,0.5603,0,correlation 0.56 <= 0.7
2,78.5225,8.3862,140.81,99.00,158.69,158.53,0.5284,0,correlation 0.53 <= 0.7
2,78.5039,8.2953,129.00,103.00,156.52,158.78,0.5487,0,correlation 0.55 <= 0.7
2,78.5817,8.3059,139.00,121.00,159.98,157.73,0.6975,0,correlation 0.70 <= 0.7
2,78.4971,8.3220,127.00,101.00,155.95,159.03,0.5530,0,correlation 0.55 <= 0.7
2,78.5077,8.4029,139.00,99.00,157.00,158.86,0.4885,0,correlation 0.49 <= 0.7
2,78.5602,8.4321,145.00,95.00,158.57,157.64,0.7584,0,NYA peak not clear against upper and lower means
2,78.5671,8.3678,129.00,139.00,158.97,157.96,0.7757,0,NYA peak not clear against upper and lower means
2,78.5327,8.4096,141.00,95.00,159.26,158.29,0.5843,0,correlation 0.58 <= 0.7
2,78.4945,8.3481,125.00,101.00,155.73,159.15,0.5515,0,correlation 0.55 <= 0.7
2,78.8874,10.2609,191.00,235.00,173.82,168.96,0.5727,0,correlation 0.57 <= 0.7
2,78.8184,10.2708,163.00,213.00,170.41,168.00,0.4215,0,correlation 0.42 <= 0.7
2,78.8290,10.3436,163.00,211.00,171.55,169.06,0.5195,0,correlation 0.52 <= 0.7
2,78.8393,10.3640,165.00,211.00,172.07,169.26,0.5252,0,correlation 0.53 <= 0.7
2,78.7940,10.2465,156.99,93.00,168.41,163.00,-0.5783,0,correlation -0.58 <= 0.7
2,78.8339,10.3514,165.00,211.00,171.87,169.27,0.5118,0,correlation 0.51 <= 0.7
2,78.8825,10.3500,175.00,223.00,173.48,169.08,0.6833,0,correlation 0.68 <= 0.7
2,78.8237,10.3503,163.00,205.00,171.14,168.42,0.5231,0,correlation 0.52 <= 0.7
2,78.8287,10.2956,165.00,213.00,171.42,169.06,0.4765,0,correlation 0.48 <= 0.7
2,78.8097,10.3233,161.00,205.00,169.79,166.08,0.2924,0,correlation 0.29 <= 0.7
2,78.8629,10.2885,175.00,227.00,173.13,169.34,0.6131,0,correlation 0.61 <= 0.7
2,78.8748,10.2526,177.00,233.00,173.55,168.99,0.6666,0,correlation 0.67 <= 0.7
2,78.8153,10.2575,163.00,215.00,170.12,167.24,0.3098,0,correlation 0.31 <= 0.7
2,78.8093,10.3010,161.00,113.00,169.71,165.75,0.1522,0,correlation 0.15 <= 0.7
2,78.8548,10.2419,169.00,233.00,173.03,169.63,0.5779,0,correlation 0.58 <= 0.7
2,78.8533,10.3186,173.00,223.00,172.73,169.58,0.5916,0,correlation 0.59 <= 0.7
2,78.8068,10.2661,161.00,115.00,169.44,164.71,-0.2099,0,correlation -0.21 <= 0.7
2,78.7999,10.2468,161.00,105.00,168.88,163.70,-0.4560,0,correlation -0.46 <= 0.7
2,78.8303,10.3001,165.00,217.00,171.58,169.22,0.4763,0,correlation 0.48 <= 0.7
2,78.8173,10.3102,163.00,207.00,170.42,167.67,0.4838,0,correlation 0.48 <= 0.7
2,78.8508,10.2774,167.00,227.00,172.78,169.56,0.5631,0,correlation 0.56 <= 0.7
2,78.8369,10.2653,165.00,223.00,172.04,169.50,0.4470,0,correlation 0.45 <= 0.7
2,78.7940,10.3418,159.00,87.00,168.50,163.54,-0.3299,0,correlation -0.33 <= 0.7
2,78.8353,10.2573,165.00,225.00,171.88,169.48,0.4347,0,correlation 0.43 <= 0.7
2,78.8535,10.3481,173.00,217.00,172.64,169.54,0.5892,0,correlation 0.59 <= 0.7
2,78.8229,10.2745,163.00,213.00,170.81,168.31,0.4373,0,correlation 0.44 <= 0.7
2,78.8698,10.2824,177.00,229.00,173.33,169.11,0.6557,0,correlation 0.66 <= 0.7
2,78.8569,10.3527,173.00,249.00,172.72,169.45,0.5855,0,correlation 0.59 <= 0.7
2,78.8858,10.2529,191.00,237.00,173.79,168.95,0.5786,0,correlation 0.58 <= 0.7
2,78.8813,10.3572,175.00,223.00,173.42,169.08,0.6804,0,correlation 0.68 <= 0.7
2,78.8400,10.2610,165.00,225.00,172.27,169.50,0.4390,0,correlation 0.44 <= 0.7
2,78.8223,10.2393,163.00,219.00,170.67,168.35,0.4025,0,correlation 0.40 <= 0.7
2,78.8190,10.2706,163.00,213.00,170.47,168.03,0.4385,0,correlation 0.44 <= 0.7
2,78.7969,10.2887,159.00,91.00,168.68,163.52,-0.4028,0,correlation -0.40 <= 0.7
2,78.8452,10.2625,167.00,227.00,172.59,169.41,0.4848,0,correlation 0.48 <= 0.7
2,78.8164,10.2345,163.00,217.00,170.17,167.41,0.2724,0,correlation 0.27 <= 0.7
2,78.4144,8.1178,123.00,131.00,154.23,164.18,0.7672,0,centroids differ by 10.0 km
2,78.3885,8.0203,119.00,137.00,152.50,165.88,0.4083,0,correlation 0.41 <= 0.7
2,78.4132,8.0467,125.00,135.00,154.44,164.25,0.7634,0,centroids differ by 9.8 km
2,78.4643,8.0459,123.00,110.00,154.71,160.22,0.7803,0,centroids differ by 5.5 km
2,78.4164,8.1289,123.00,131.00,154.21,164.04,0.7819,0,centroids differ by 9.8 km
2,78.4246,8.1355,123.00,131.00,154.14,163.41,0.8283,0,centroids differ by 9.3 km
2,78.3844,8.0362,117.00,141.00,151.94,166.11,0.3241,0,correlation 0.32 <= 0.7
2,78.4544,8.1252,123.00,119.00,154.12,160.94,0.8152,0,centroids differ by 6.8 km
2,78.4807,8.1160,127.00,105.00,155.24,159.35,0.6924,0,correlation 0.69 <= 0.7
2,78.4147,8.1170,123.00,131.00,154.23,164.16,0.7700,0,centroids differ by 9.9 km
2,78.3961,8.1013,119.00,134.00,153.34,165.39,0.5420,0,correlation 0.54 <= 0.7
2,78.3947,8.0879,119.00,135.00,153.23,165.48,0.5209,0,correlation 0.52 <= 0.7
2,78.4199,8.1209,123.00,131.00,154.26,163.78,0.8060,0,centroids differ by 9.5 km
2,78.4063,8.0967,123.00,133.00,154.03,164.75,0.6863,0,correlation 0.69 <= 0.7
2,78.4243,8.0852,123.00,131.00,154.40,163.37,0.8313,0,centroids differ by 9.0 km
2,78.3933,8.0196,119.00,135.00,153.08,165.59,0.5000,0,correlation 0.50 <= 0.7
2,78.4688,8.0653,123.00,111.00,154.80,159.95,0.7563,0,centroids differ by 5.2 km
2,78.4252,8.1312,123.00,131.00,154.15,163.35,0.8311,0,centroids differ by 9.2 km
2,78.4796,8.0433,127.00,109.00,155.33,159.39,0.7082,0,centroids differ by 4.1 km
2,78.4181,8.0025,125.00,135.00,154.73,163.81,0.8030,0,centroids differ by 9.1 km
2,78.4453,8.0132,125.00,121.00,154.56,161.55,0.8358,0,centroids differ by 7.0 km
2,78.4375,8.1398,123.00,129.00,153.95,162.29,0.8540,0,centroids differ by 8.3 km
2,78.3855,8.0603,117.00,141.00,152.14,166.03,0.3522,0,correlation 0.35 <= 0.7
2,78.4005,8.0269,121.00,135.00,153.76,165.13,0.6195,0,correlation 0.62 <= 0.7
2,78.4414,8.1348,123.00,127.00,153.96,161.96,0.8469,0,centroids differ by 8.0 km
2,78.4284,8.0895,123.00,131.00,154.32,163.02,0.8406,0,centroids differ by 8.7 km
2,78.3869,8.0006,119.00,137.00,152.26,165.98,0.3753,0,correlation 0.38 <= 0.7
2,78.4260,8.1293,123.00,131.00,154.15,163.28,0.8340,0,centroids differ by 9.1 km
2,78.4124,7.9988,125.00,135.00,154.54,164.27,0.7611,0,centroids differ by 9.7 km
2,78.3881,8.1419,117.00,139.00,152.52,165.81,0.4111,0,correlation 0.41 <= 0.7
2,78.4056,8.0943,121.00,133.00,154.00,164.79,0.6788,0,correlation 0.68 <= 0.7
2,78.4179,8.0474,125.00,133.00,154.56,163.87,0.8001,0,centroids differ by 9.3 km
2,78.4039,8.1084,121.00,131.00,153.87,164.89,0.6557,0,correlation 0.66 <= 0.7
2,78.4044,8.0743,121.00,133.00,153.97,164.87,0.6672,0,correlation 0.67 <= 0.7
2,78.4782,8.1113,127.00,109.00,155.10,159.47,0.7057,0,centroids differ by 4.4 km
2,78.3933,8.0256,119.00,135.00,153.08,165.59,0.4990,0,correlation 0.50 <= 0.7
2,78.5849,8.3448,137.00,121.00,160.29,157.52,0.6590,0,correlation 0.66 <= 0.7
2,78.5903,8.2976,139.00,121.00,160.70,157.63,0.6621,0,correlation 0.66 <= 0.7
2,78.6148,8.3071,141.00,118.00,162.39,156.89,0.3260,0,correlation 0.33 <= 0.7
2,78.5875,8.3667,137.00,119.00,160.52,157.39,0.6247,0,correlation 0.62 <= 0.7
2,78.5599,8.2733,129.00,143.00,159.49,158.42,0.7850,0,NYA peak not clear against upper and lower means
2,78.5800,8.2990,139.00,123.00,159.83,157.81,0.7200,0,centroids differ by 2.0 km
2,78.6253,8.3905,163.00,114.00,162.82,156.28,0.1822,0,correlation 0.18 <= 0.7
2,78.5840,8.2840,139.00,123.00,160.16,157.79,0.7068,0,centroids differ by 2.4 km
2,78.5922,8.2793,139.00,123.00,160.85,157.66,0.6545,0,correlation 0.65 <= 0.7
2,78.6104,8.3140,141.00,117.00,162.14,157.04,0.3682,0,correlation 0.37 <= 0.7
2,78.5446,8.2944,143.00,99.00,159.86,158.28,0.6959,0,correlation 0.70 <= 0.7
2,78.5914,8.3535,139.00,119.00,160.82,157.39,0.6129,0,correlation 0.61 <= 0.7
2,78.5667,8.3030,147.00,141.00,159.20,158.23,0.7973,0,NYA peak not clear against upper and lower means
2,78.5769,8.3202,139.00,123.00,159.59,157.88,0.7517,0,centroids differ by 1.7 km
2,78.5820,8.3594,137.00,121.00,160.05,157.55,0.6778,0,correlation 0.68 <= 0.7
2,78.5860,8.3647,137.00,119.00,160.40,157.42,0.6366,0,correlation 0.64 <= 0.7
2,78.5401,8.2732,145.00,121.00,159.95,158.38,0.6710,0,correlation 0.67 <= 0.7
2,78.5373,8.2825,145.00,99.00,159.82,158.36,0.6538,0,correlation 0.65 <= 0.7
2,78.6199,8.2849,163.00,117.85,162.71,156.79,0.2891,0,correlation 0.29 <= 0.7
2,78.6166,8.3624,161.00,116.00,162.40,156.67,0.2706,0,correlation 0.27 <= 0.7
2,78.5714,8.3256,131.00,123.00,159.23,158.05,0.7868,0,centroids differ by 1.2 km
2,78.6069,8.2806,141.00,117.65,161.94,157.26,0.4387,0,correlation 0.44 <= 0.7
2,78.6115,8.4087,161.00,113.64,162.04,156.68,0.2930,0,correlation 0.29 <= 0.7
2,78.5543,8.3531,143.00,100.00,159.10,158.05,0.7575,0,NYA peak not clear against upper and lower means
2,78.5710,8.3319,131.00,121.00,159.20,158.04,0.7847,0,centroids differ by 1.2 km
2,78.5799,8.2774,139.00,123.00,159.82,157.89,0.7311,0,centroids differ by 1.9 km
2,78.5526,8.4087,127.00,98.00,158.77,157.80,0.7445,0,NYA peak not clear against upper and lower means
2,78.5604,8.3813,129.00,97.00,158.80,157.88,0.7708,0,NYA peak not clear against upper and lower means
2,78.6171,8.2981,141.00,117.93,162.54,156.83,0.3085,0,correlation 0.31 <= 0.7
2,78.5789,8.3715,137.00,121.00,159.79,157.67,0.7167,0,centroids differ by 2.1 km
2,78.5369,8.3840,141.00,95.00,159.41,158.19,0.6312,0,correlation 0.63 <= 0.7
2,78.5424,8.2859,143.00,121.00,159.91,158.32,0.6833,0,correlation 0.68 <= 0.7
2,78.5378,8.3316,142.00,97.00,159.67,158.23,0.6456,0,correlation 0.65 <= 0.7
2,78.5485,8.2657,151.00,102.00,159.94,158.47,0.7259,0,centroids differ by 1.5 km
2,78.6187,8.2716,141.00,118.02,162.67,156.88,0.3108,0,correlation 0.31 <= 0.7
2,78.5692,8.2873,131.00,123.00,159.29,158.24,0.8015,0,centroids differ by 1.1 km
2,78.5729,6.3311,157.00,139.00,164.49,163.38,0.6891,0,correlation 0.69 <= 0.7
2,78.5940,6.3152,159.00,143.00,165.82,164.18,0.7241,0,centroids differ by 1.6 km
2,78.6058,6.3387,163.00,171.00,166.35,164.04,0.6478,0,correlation 0.65 <= 0.7
2,78.5828,6.4064,157.00,135.00,165.04,163.61,0.7375,0,centroids differ by 1.4 km
2,78.6269,6.3488,177.00,153.00,167.17,164.26,0.5096,0,correlation 0.51 <= 0.7
2,78.6179,6.4028,175.00,165.00,166.74,164.09,0.6217,0,correlation 0.62 <= 0.7
2,78.6632,6.4421,189.00,82.00,166.89,162.50,-0.3466,0,correlation -0.35 <= 0.7
2,78.6285,6.3545,177.00,151.00,167.19,164.20,0.4729,0,correlation 0.47 <= 0.7
2,78.6301,6.3604,175.00,151.00,167.21,164.14,0.4317,0,correlation 0.43 <= 0.7
2,78.6438,6.3663,181.00,82.30,167.37,163.01,-0.1430,0,correlation -0.14 <= 0.7
2,78.6214,6.4300,175.00,161.00,166.79,164.09,0.6145,0,correlation 0.61 <= 0.7
2,78.5722,6.3602,157.00,80.00,164.41,163.21,0.6729,0,correlation 0.67 <= 0.7
2,78.5865,6.4275,157.00,135.60,165.22,163.71,0.7425,0,centroids differ by 1.5 km
2,78.6326,6.4116,181.00,179.00,167.11,163.99,0.4035,0,correlation 0.40 <= 0.7
2,78.5929,6.3472,159.00,141.00,165.71,164.10,0.7319,0,centroids differ by 1.6 km
2,78.6568,6.3239,179.00,80.00,167.42,162.40,-0.3781,0,correlation -0.38 <= 0.7
2,78.6485,6.3551,181.00,82.00,167.39,162.68,-0.2654,0,correlation -0.27 <= 0.7
2,78.6068,6.4151,161.00,167.00,166.24,163.84,0.6196,0,correlation 0.62 <= 0.7
2,78.6380,6.3440,181.00,82.51,167.40,163.50,0.0407,0,correlation 0.04 <= 0.7
2,78.5915,6.3482,159.00,141.00,165.63,164.10,0.7438,0,centroids differ by 1.5 km
2,78.6423,6.3353,181.00,82.35,167.47,163.10,-0.1382,0,correlation -0.14 <= 0.7
2,78.5880,6.4503,157.00,135.50,165.26,163.70,0.7384,0,centroids differ by 1.6 km
2,78.6080,6.3214,163.00,169.00,166.49,164.12,0.6499,0,correlation 0.65 <= 0.7
2,78.6562,6.3674,177.00,80.00,167.25,162.42,-0.3482,0,correlation -0.35 <= 0.7
2,78.5929,6.4021,159.00,139.00,165.60,163.99,0.7345,0,centroids differ by 1.6 km
2,78.6097,6.4037,169.00,167.00,166.40,163.90,0.6230,0,correlation 0.62 <= 0.7
2,78.5769,6.3711,157.00,137.00,164.71,163.43,0.7112,0,centroids differ by 1.3 km
2,78.5849,6.4220,157.00,133.00,165.14,163.65,0.7394,0,centroids differ by 1.5 km
2,78.6210,6.3990,175.00,163.00,166.86,164.17,0.6151,0,correlation 0.62 <= 0.7
2,78.6509,6.4606,175.00,80.00,166.92,162.71,-0.2103,0,correlation -0.21 <= 0.7
2,78.6591,6.4294,175.00,82.00,166.96,162.46,-0.3334,0,correlation -0.33 <= 0.7
2,78.6617,6.4033,189.00,82.00,167.04,162.45,-0.3547,0,correlation -0.35 <= 0.7
2,78.6469,6.3568,181.00,82.07,167.39,162.77,-0.2344,0,correlation -0.23 <= 0.7
2,78.6463,6.3747,181.00,82.15,167.33,162.84,-0.2009,0,correlation -0.20 <= 0.7
2,78.6551,6.3180,180.00,80.00,167.47,162.41,-0.3735,0,correlation -0.37 <= 0.7
2,78.6335,6.3979,181.00,151.00,167.17,163.95,0.3567,0,correlation 0.36 <= 0.7
2,78.3767,4.3736,119.00,125.00,153.36,164.67,0.5161,0,correlation 0.52 <= 0.7
2,78.3446,4.3515,119.00,127.00,157.73,167.22,0.3606,0,correlation 0.36 <= 0.7
2,78.3699,4.3198,119.00,127.00,154.26,164.84,0.5353,0,correlation 0.54 <= 0.7
2,78.4203,4.4059,127.00,121.00,156.92,164.00,0.5662,0,correlation 0.57 <= 0.7
2,78.4123,4.3305,123.00,125.00,155.88,163.94,0.5885,0,correlation 0.59 <= 0.7
2,78.3443,4.3598,119.00,127.00,157.73,167.29,0.3502,0,correlation 0.35 <= 0.7
2,78.4178,4.2870,127.00,123.00,156.72,164.17,0.5937,0,correlation 0.59 <= 0.7
2,78.3307,4.2947,125.00,135.00,159.85,168.22,0.2556,0,correlation 0.26 <= 0.7
2,78.3613,4.3626,119.00,128.00,155.17,165.57,0.4879,0,correlation 0.49 <= 0.7
2,78.3948,4.3843,121.00,127.00,153.51,164.08,0.5291,0,correlation 0.53 <= 0.7
2,78.3392,4.2778,125.00,129.00,158.86,167.41,0.3761,0,correlation 0.38 <= 0.7
2,78.4218,4.3887,127.00,121.00,157.14,164.07,0.5652,0,correlation 0.57 <= 0.7
2,78.4095,4.2773,123.00,127.00,155.52,163.97,0.5894,0,correlation 0.59 <= 0.7
2,78.3320,4.3090,125.00,135.00,159.65,168.18,0.2563,0,correlation 0.26 <= 0.7
2,78.3823,4.2765,121.00,127.00,153.48,164.30,0.5450,0,correlation 0.55 <= 0.7
2,78.3527,4.3947,117.00,128.00,156.27,166.57,0.3986,0,correlation 0.40 <= 0.7
2,78.3555,4.3039,119.00,130.00,156.31,165.86,0.4926,0,correlation 0.49 <= 0.7
2,78.3336,4.3095,125.00,135.00,159.45,168.04,0.2783,0,correlation 0.28 <= 0.7
2,78.3731,4.4074,119.00,125.00,153.50,164.94,0.4980,0,correlation 0.50 <= 0.7
2,78.3423,4.2906,123.00,129.00,158.35,167.16,0.3937,0,correlation 0.39 <= 0.7
2,78.3903,4.3165,121.00,129.00,153.37,164.12,0.5318,0,correlation 0.53 <= 0.7
2,78.3372,4.3623,125.00,135.00,158.77,167.95,0.2673,0,correlation 0.27 <= 0.7
2,78.4165,4.2983,127.00,123.00,156.52,164.11,0.5934,0,correlation 0.59 <= 0.7
2,78.4284,4.3812,129.88,121.00,158.02,164.31,0.5327,0,correlation 0.53 <= 0.7
2,78.3879,4.3704,121.00,125.00,153.12,164.26,0.5168,0,correlation 0.52 <= 0.7
2,78.3836,4.3897,121.00,125.00,153.03,164.44,0.5099,0,correlation 0.51 <= 0.7
2,78.3485,4.3644,117.00,127.00,157.08,166.87,0.3877,0,correlation 0.39 <= 0.7
2,78.3853,4.2943,121.00,127.00,153.35,164.23,0.5368,0,correlation 0.54 <= 0.7
2,78.3738,4.3155,119.00,127.00,153.87,164.65,0.5403,0,correlation 0.54 <= 0.7
2,78.3731,4.2839,119.00,127.00,154.09,164.62,0.5516,0,correlation 0.55 <= 0.7
2,78.3342,4.3835,125.00,135.00,159.09,168.30,0.2041,0,correlation 0.20 <= 0.7
2,78.3692,4.4046,119.00,127.00,153.93,165.15,0.4929,0,correlation 0.49 <= 0.7
2,78.4107,4.4098,124.00,125.00,155.56,163.91,0.5734,0,correlation 0.57 <= 0.7
2,78.3847,4.4057,121.00,125.00,152.97,164.44,0.5042,0,correlation 0.50 <= 0.7
2,78.4081,4.3484,123.00,127.00,155.24,163.88,0.5785,0,correlation 0.58 <= 0.7
2,78.3467,4.3553,117.00,127.00,157.40,167.02,0.3784,0,correlation 0.38 <= 0.7
2,78.8591,9.1837,173.00,201.00,173.31,168.66,0.6292,0,correlation 0.63 <= 0.7
2,78.8564,9.1624,173.00,201.00,173.21,168.27,0.6387,0,correlation 0.64 <= 0.7
2,78.8305,9.1415,169.00,159.00,171.82,166.41,0.6887,0,correlation 0.69 <= 0.7
2,78.8569,9.1739,173.00,201.00,173.22,168.35,0.6407,0,correlation 0.64 <= 0.7
2,78.8420,9.2182,171.00,195.00,172.35,167.19,0.7003,0,centroids differ by 5.2 km
2,78.8008,9.1423,167.00,139.00,170.60,162.55,-0.0053,0,correlation -0.01 <= 0.7
2,78.8554,9.1742,173.00,201.00,173.14,168.20,0.6479,0,correlation 0.65 <= 0.7
2,78.8682,9.1946,175.00,201.00,173.70,169.46,0.5844,0,correlation 0.58 <= 0.7
2,78.8451,9.2515,171.00,193.00,172.49,167.46,0.6884,0,correlation 0.69 <= 0.7
2,78.8247,9.1751,167.00,157.00,171.45,165.57,0.5892,0,correlation 0.59 <= 0.7
2,78.8036,9.1228,167.00,141.00,170.77,162.87,0.0701,0,correlation 0.07 <= 0.7
2,78.8845,9.2028,175.00,199.00,174.30,167.73,0.3665,0,correlation 0.37 <= 0.7
2,78.8338,9.2560,169.00,175.00,171.83,166.59,0.6598,0,correlation 0.66 <= 0.7
2,78.8044,9.1354,167.00,139.00,170.74,162.89,0.0810,0,correlation 0.08 <= 0.7
2,78.8751,9.1236,177.00,207.00,174.12,169.32,0.4907,0,correlation 0.49 <= 0.7
2,78.8684,9.1798,175.00,201.00,173.73,169.45,0.5742,0,correlation 0.57 <= 0.7
2,78.8651,9.1593,175.00,203.00,173.63,169.28,0.5879,0,correlation 0.59 <= 0.7
2,78.7919,9.1692,165.00,135.00,170.19,161.31,-0.1896,0,correlation -0.19 <= 0.7
2,78.8792,9.2078,175.00,201.00,174.11,168.39,0.4631,0,correlation 0.46 <= 0.7
2,78.8099,9.2202,167.00,95.00,170.58,163.18,0.1721,0,correlation 0.17 <= 0.7
2,78.8842,9.2473,175.00,195.00,174.20,167.68,0.3968,0,correlation 0.40 <= 0.7
2,78.8749,9.1480,177.00,205.00,174.06,169.23,0.5022,0,correlation 0.50 <= 0.7
2,78.7878,9.2003,165.00,93.00,169.92,160.89,-0.2080,0,correlation -0.21 <= 0.7
2,78.7923,9.1263,167.00,137.00,170.40,161.47,-0.1656,0,correlation -0.17 <= 0.7
2,78.7872,9.2305,165.00,93.00,169.75,160.77,-0.2216,0,correlation -0.22 <= 0.7
2,78.7972,9.2321,165.00,133.00,170.07,161.84,-0.1245,0,correlation -0.12 <= 0.7
2,78.7873,9.1160,167.00,97.00,170.26,161.02,-0.1685,0,correlation -0.17 <= 0.7
2,78.7876,9.1692,165.00,95.00,170.06,160.91,-0.1942,0,correlation -0.19 <= 0.7
2,78.8405,9.2428,171.00,193.00,172.23,167.10,0.6963,0,correlation 0.70 <= 0.7
2,78.8596,9.1216,175.00,205.00,173.43,168.50,0.6021,0,correlation 0.60 <= 0.7
2,78.8671,9.1214,175.00,207.00,173.77,169.28,0.5523,0,correlation 0.55 <= 0.7
2,78.8107,9.2140,167.00,135.00,170.63,163.30,0.1931,0,correlation 0.19 <= 0.7
2,78.7856,9.2472,163.00,93.00,169.63,160.67,-0.2226,0,correlation -0.22 <= 0.7
2,78.8010,9.1295,167.00,139.00,170.66,162.62,0.0061,0,correlation 0.01 <= 0.7
2,78.8214,9.1448,167.00,159.00,171.32,164.98,0.5150,0,correlation 0.51 <= 0.7
2,78.7914,9.2317,165.00,131.00,169.88,161.12,-0.2186,0,correlation -0.22 <= 0.7
2,78.6272,7.1947,147.00,143.00,163.97,161.47,0.5566,0,correlation 0.56 <= 0.7
2,78.6089,7.2467,161.00,115.00,163.77,161.11,0.5358,0,correlation 0.54 <= 0.7
2,78.6602,7.2301,157.00,109.00,165.65,162.32,0.1720,0,correlation 0.17 <= 0.7
2,78.6757,7.2195,161.00,80.00,166.70,162.58,-0.2793,0,correlation -0.28 <= 0.7
2,78.6648,7.2710,159.00,107.00,165.98,162.27,0.0199,0,correlation 0.02 <= 0.7
2,78.6757,7.2885,159.00,88.42,166.70,162.55,-0.2764,0,correlation -0.28 <= 0.7
2,78.6351,7.2382,149.00,141.00,164.00,161.49,0.5578,0,correlation 0.56 <= 0.7
2,78.6464,7.2963,157.00,135.00,164.67,161.68,0.4619,0,correlation 0.46 <= 0.7
2,78.6777,7.2328,161.00,80.00,166.82,162.68,-0.3008,0,correlation -0.30 <= 0.7
2,78.6099,7.2073,161.00,115.00,163.96,161.24,0.5400,0,correlation 0.54 <= 0.7
2,78.6004,7.3137,161.00,80.00,163.48,160.65,0.5364,0,correlation 0.54 <= 0.7
2,78.6150,7.2297,171.00,113.00,163.81,161.25,0.5710,0,correlation 0.57 <= 0.7
2,78.6301,7.1881,169.00,143.00,164.04,161.55,0.5587,0,correlation 0.56 <= 0.7
2,78.6329,7.2978,147.00,139.00,163.80,161.17,0.5354,0,correlation 0.54 <= 0.7
2,78.6208,7.2235,147.00,117.00,163.82,161.33,0.5763,0,correlation 0.58 <= 0.7
2,78.6534,7.1994,159.00,127.00,165.15,162.39,0.3988,0,correlation 0.40 <= 0.7
2,78.6862,7.3117,185.00,88.67,167.30,163.18,-0.3016,0,correlation -0.30 <= 0.7
2,78.6245,7.2354,147.00,117.00,163.79,161.31,0.5691,0,correlation 0.57 <= 0.7
2,78.6861,7.2001,161.00,80.00,167.34,163.18,-0.2591,0,correlation -0.26 <= 0.7
2,78.6236,7.2887,147.00,115.00,163.59,161.14,0.5783,0,correlation 0.58 <= 0.7
2,78.6575,7.3195,157.00,123.00,165.49,162.14,0.2868,0,correlation 0.29 <= 0.7
2,78.5970,7.2743,163.00,80.00,163.64,160.60,0.5281,0,correlation 0.53 <= 0.7
2,78.6106,7.2272,171.00,115.00,163.85,161.19,0.5472,0,correlation 0.55 <= 0.7
2,78.6035,7.2136,163.00,127.00,163.94,161.09,0.5142,0,correlation 0.51 <= 0.7
2,78.6386,7.2602,149.00,139.00,164.13,161.52,0.5420,0,correlation 0.54 <= 0.7
2,78.6380,7.3010,149.00,139.00,164.07,161.33,0.5188,0,correlation 0.52 <= 0.7
2,78.6508,7.1828,159.00,129.00,164.94,162.38,0.4616,0,correlation 0.46 <= 0.7
2,78.6927,7.3054,185.00,89.00,167.67,163.47,-0.1840,0,correlation -0.18 <= 0.7
2,78.6364,7.2319,149.00,141.00,164.06,161.56,0.5596,0,correlation 0.56 <= 0.7
2,78.6120,7.1736,163.00,116.00,164.11,161.43,0.5522,0,correlation 0.55 <= 0.7
2,78.6927,7.2109,187.00,181.00,167.71,163.49,-0.1223,0,correlation -0.12 <= 0.7
2,78.6254,7.2165,147.00,117.00,163.87,161.38,0.5616,0,correlation 0.56 <= 0.7
2,78.6261,7.2495,147.00,117.00,163.76,161.27,0.5668,0,correlation 0.57 <= 0.7
2,78.6207,7.1842,161.00,119.00,163.99,161.49,0.5678,0,correlation 0.57 <= 0.7
2,78.6366,7.2259,149.00,141.00,164.08,161.59,0.5628,0,correlation 0.56 <= 0.7
2,78.6312,7.2498,147.00,117.00,163.87,161.33,0.5554,0,correlation 0.56 <= 0.7
2,78.5706,10.7842,125.00,147.00,154.32,165.01,0.5279,0,correlation 0.53 <= 0.7
2,78.6276,10.7194,129.00,125.00,156.23,157.46,0.7719,0,centroids differ by 1.2 km
2,78.6412,10.7108,131.00,121.00,156.80,158.06,0.6184,0,correlation 0.62 <= 0.7
2,78.5864,10.7003,127.00,141.00,155.21,163.09,0.7658,0,centroids differ by 7.9 km
2,78.6128,10.7685,127.00,125.00,155.49,158.14,0.8851,0,centroids differ by 2.6 km
2,78.5913,10.8060,125.00,141.00,154.76,161.03,0.8849,0,centroids differ by 6.3 km
2,78.6503,10.7306,129.00,93.00,157.24,158.90,0.4617,0,correlation 0.46 <= 0.7
2,78.6130,10.7973,127.00,125.00,155.30,157.74,0.8740,0,centroids differ by 2.4 km
2,78.6082,10.7008,127.00,131.00,155.83,159.60,0.9190,0,centroids differ by 3.8 km
2,78.6566,10.8174,131.00,109.00,157.54,158.46,0.3030,0,correlation 0.30 <= 0.7
2,78.6547,10.8126,131.00,109.00,157.40,158.13,0.3288,0,correlation 0.33 <= 0.7
2,78.5919,10.7467,127.00,135.00,155.14,161.67,0.8625,0,centroids differ by 6.5 km
2,78.6089,10.7157,127.00,131.00,155.75,159.32,0.9150,0,centroids differ by 3.6 km
2,78.5856,10.7379,127.00,147.00,155.01,162.84,0.7793,0,centroids differ by 7.8 km
2,78.6288,10.7999,127.00,115.00,155.80,156.12,0.6941,0,correlation 0.69 <= 0.7
2,78.5892,10.7498,127.00,143.00,155.04,162.11,0.8340,0,centroids differ by 7.1 km
2,78.5647,10.7345,125.00,153.00,154.42,166.40,0.3408,0,correlation 0.34 <= 0.7
2,78.5920,10.7048,129.00,139.00,155.38,162.05,0.8485,0,centroids differ by 6.7 km
2,78.5598,10.8219,123.00,143.00,153.84,166.73,0.2819,0,correlation 0.28 <= 0.7
2,78.5937,10.8074,125.00,139.00,154.80,160.65,0.9003,0,centroids differ by 5.9 km
2,78.5887,10.7399,127.00,137.00,155.08,162.30,0.8223,0,centroids differ by 7.2 km
2,78.6424,10.7733,129.00,115.00,156.62,156.84,0.5315,0,correlation 0.53 <= 0.7
2,78.5649,10.7064,123.00,155.00,154.59,166.51,0.3238,0,correlation 0.32 <= 0.7
2,78.5956,10.7594,125.00,133.00,155.15,160.90,0.8969,0,centroids differ by 5.8 km
2,78.6101,10.7601,127.00,129.00,155.50,158.63,0.9022,0,centroids differ by 3.1 km
2,78.6299,10.7436,129.00,123.00,156.15,156.96,0.7285,1,
2,78.6047,10.8237,125.00,125.00,154.94,158.68,0.9153,0,centroids differ by 3.7 km
2,78.6281,10.7283,129.00,123.00,156.19,157.28,0.7600,0,centroids differ by 1.1 km
2,78.6315,10.8041,127.00,115.00,155.89,155.96,0.6528,0,correlation 0.65 <= 0.7
2,78.6036,10.7467,127.00,133.00,155.42,159.76,0.9196,0,centroids differ by 4.3 km
2,78.6430,10.7084,131.00,121.00,156.88,158.31,0.5960,0,correlation 0.60 <= 0.7
2,78.5900,10.7200,127.00,137.00,155.23,162.27,0.8293,0,centroids differ by 7.0 km
2,78.6538,10.7589,131.00,80.00,157.43,159.00,0.3924,0,correlation 0.39 <= 0.7
2,78.5647,10.8207,123.00,139.00,153.97,165.87,0.4033,0,correlation 0.40 <= 0.7
2,78.6465,10.8035,129.00,111.00,156.82,156.71,0.4376,0,correlation 0.44 <= 0.7
2,78.6421,10.7827,129.00,115.00,156.57,156.61,0.5240,0,correlation 0.52 <= 0.7
2,78.4039,7.0306,129.00,141.00,153.34,166.68,0.4557,0,correlation 0.46 <= 0.7
2,78.3769,6.9756,109.00,145.00,147.84,167.79,-0.1667,0,correlation -0.17 <= 0.7
2,78.4441,6.9629,137.00,137.00,158.84,165.79,0.4676,0,correlation 0.47 <= 0.7
2,78.4071,7.0075,129.00,143.00,153.94,166.62,0.4894,0,correlation 0.49 <= 0.7
2,78.3872,7.0206,115.00,143.00,149.63,167.38,0.0750,0,correlation 0.08 <= 0.7
2,78.3821,6.9811,109.00,145.00,148.60,167.65,-0.0590,0,correlation -0.06 <= 0.7
2,78.4043,7.0121,129.00,141.00,153.37,166.71,0.4518,0,correlation 0.45 <= 0.7
2,78.4592,7.0245,141.00,167.00,159.38,164.77,0.4984,0,correlation 0.50 <= 0.7
2,78.4340,6.9084,137.00,139.00,158.05,166.42,0.4645,0,correlation 0.46 <= 0.7
2,78.4283,6.9788,135.00,135.00,157.41,166.19,0.5400,0,correlation 0.54 <= 0.7
2,78.4606,6.9356,143.00,97.00,159.72,164.94,0.4494,0,correlation 0.45 <= 0.7
2,78.3981,6.9063,119.00,145.00,151.70,167.23,0.2718,0,correlation 0.27 <= 0.7
2,78.4278,6.9723,135.00,135.00,157.34,166.24,0.5365,0,correlation 0.54 <= 0.7
2,78.3917,7.0177,115.00,143.00,150.56,167.22,0.1827,0,correlation 0.18 <= 0.7
2,78.3916,6.9979,115.00,143.00,150.50,167.27,0.1701,0,correlation 0.17 <= 0.7
2,78.4133,7.0343,131.00,141.00,155.21,166.35,0.5640,0,correlation 0.56 <= 0.7
2,78.4343,6.9219,137.00,137.00,158.07,166.35,0.4736,0,correlation 0.47 <= 0.7
2,78.4580,6.9550,141.00,169.00,159.56,165.07,0.4581,0,correlation 0.46 <= 0.7
2,78.3857,7.0201,115.00,143.00,149.34,167.43,0.0399,0,correlation 0.04 <= 0.7
2,78.4561,7.0414,141.00,165.00,159.22,164.88,0.5004,0,correlation 0.50 <= 0.7
2,78.3869,6.9766,115.00,143.00,149.48,167.50,0.0481,0,correlation 0.05 <= 0.7
2,78.3992,6.9551,120.00,143.00,152.10,167.04,0.3273,0,correlation 0.33 <= 0.7
2,78.3908,6.9948,115.00,143.00,150.31,167.31,0.1488,0,correlation 0.15 <= 0.7
2,78.4401,6.9580,137.00,137.00,158.56,165.98,0.4787,0,correlation 0.48 <= 0.7
2,78.4376,6.9836,137.00,135.00,158.31,165.95,0.5052,0,correlation 0.51 <= 0.7
2,78.4383,6.9889,137.00,135.00,158.36,165.90,0.5068,0,correlation 0.51 <= 0.7
2,78.4618,6.9984,141.00,167.00,159.54,164.71,0.4916,0,correlation 0.49 <= 0.7
2,78.4059,7.0106,129.00,141.00,153.69,166.65,0.4747,0,correlation 0.47 <= 0.7
2,78.4078,7.0287,129.00,141.00,154.12,166.53,0.5098,0,correlation 0.51 <= 0.7
2,78.4498,6.9737,139.00,167.00,159.16,165.46,0.4630,0,correlation 0.46 <= 0.7
2,78.4639,7.0120,141.00,97.00,159.53,164.55,0.5050,0,correlation 0.51 <= 0.7
2,78.4171,6.9522,133.00,143.00,155.73,166.63,0.5228,0,correlation 0.52 <= 0.7
2,78.4464,6.9272,139.00,139.00,159.07,165.79,0.4385,0,correlation 0.44 <= 0.7
2,78.4128,7.0017,131.00,143.00,155.06,166.49,0.5407,0,correlation 0.54 <= 0.7
2,78.4450,6.9427,139.00,139.00,158.94,165.82,0.4522,0,correlation 0.45 <= 0.7
2,78.4534,7.0240,141.00,165.00,159.18,165.08,0.4914,0,correlation 0.49 <= 0.7
2,78.4026,3.1160,135.00,129.00,161.34,166.08,0.4652,0,correlation 0.47 <= 0.7
2,78.3956,3.1846,133.00,135.00,160.43,165.85,0.5632,0,correlation 0.56 <= 0.7
2,78.4088,3.1081,135.00,129.00,161.56,166.26,0.3613,0,correlation 0.36 <= 0.7
2,78.3504,3.1937,137.00,143.00,165.19,164.93,0.8207,1,
2,78.3959,3.2097,133.00,135.00,160.32,165.84,0.5600,0,correlation 0.56 <= 0.7
2,78.3673,3.2340,131.00,141.00,162.95,165.22,0.7607,0,centroids differ by 2.3 km
2,78.4272,3.1744,135.00,121.00,163.54,166.26,0.0848,0,correlation 0.08 <= 0.7
2,78.4131,3.2385,135.00,127.00,160.81,166.22,0.3640,0,correlation 0.36 <= 0.7
2,78.3484,3.2419,137.00,145.00,165.24,164.76,0.8179,1,
2,78.3930,3.1141,133.00,145.00,161.60,165.85,0.5897,0,correlation 0.59 <= 0.7
2,78.3791,3.1890,131.00,141.00,161.72,165.56,0.6954,0,correlation 0.70 <= 0.7
2,78.3921,3.1310,133.00,145.00,161.58,165.83,0.5984,0,correlation 0.60 <= 0.7
2,78.4319,3.1481,138.00,121.00,164.28,166.17,-0.0083,0,correlation -0.01 <= 0.7
2,78.3969,3.1234,133.00,135.00,161.38,165.92,0.5463,0,correlation 0.55 <= 0.7
2,78.3595,3.1644,129.00,141.00,164.21,165.22,0.7958,0,centroids differ by 1.0 km
2,78.3439,3.1150,139.00,145.00,166.12,165.03,0.8304,0,centroids differ by 1.1 km
2,78.3584,3.1242,133.00,143.00,164.51,165.29,0.8026,1,
2,78.4359,3.1565,141.00,121.00,164.83,166.11,-0.0797,0,correlation -0.08 <= 0.7
2,78.4361,3.2200,139.00,121.00,164.00,166.19,-0.0416,0,correlation -0.04 <= 0.7
2,78.3905,3.0996,133.00,137.00,161.82,165.83,0.6148,0,correlation 0.61 <= 0.7
2,78.4247,3.2151,135.00,121.00,162.35,166.30,0.1628,0,correlation 0.16 <= 0.7
2,78.3527,3.2084,136.00,143.00,164.87,164.94,0.8155,1,
2,78.3502,3.1529,139.00,143.00,165.36,165.04,0.8246,1,
2,78.3467,3.1823,137.00,143.00,165.63,164.89,0.8257,1,
2,78.3562,3.1278,133.00,143.00,164.75,165.24,0.8094,1,
2,78.3569,3.1511,135.00,143.00,164.58,165.20,0.8060,1,
2,78.4081,3.1010,135.00,129.00,161.54,166.25,0.3703,0,correlation 0.37 <= 0.7
2,78.3649,3.1765,131.93,141.00,163.49,165.30,0.7736,0,centroids differ by 1.8 km
2,78.3851,3.2389,131.00,139.00,160.89,165.59,0.6533,0,correlation 0.65 <= 0.7
2,78.4342,3.1878,138.00,121.00,164.54,166.18,-0.0354,0,correlation -0.04 <= 0.7
2,78.4362,3.0982,141.00,121.00,164.97,166.02,-0.1064,0,correlation -0.11 <= 0.7
2,78.4202,3.2144,135.00,127.00,161.70,166.31,0.2450,0,correlation 0.25 <= 0.7
2,78.4365,3.2204,139.00,121.00,164.05,166.19,-0.0478,0,correlation -0.05 <= 0.7
2,78.3889,3.1919,131.00,139.00,160.78,165.72,0.6259,0,correlation 0.63 <= 0.7
2,78.4049,3.1044,135.00,129.00,161.41,166.16,0.4245,0,correlation 0.42 <= 0.7
2,78.3943,3.1623,133.00,135.00,160.57,165.85,0.5763,0,correlation 0.58 <= 0.7
2,78.3356,1.6733,171.00,149.00,175.42,166.51,0.6945,0,correlation 0.69 <= 0.7
2,78.3216,1.6740,181.00,153.00,175.87,167.16,0.4811,0,correlation 0.48 <= 0.7
2,78.3755,1.8038,145.00,141.00,171.44,164.75,0.6962,0,correlation 0.70 <= 0.7
2,78.3269,1.7632,171.00,151.00,174.59,167.03,0.6244,0,correlation 0.62 <= 0.7
2,78.4036,1.7335,147.00,131.00,170.08,163.69,0.5150,0,correlation 0.52 <= 0.7
2,78.3306,1.6984,171.00,151.00,174.56,166.83,0.6396,0,correlation 0.64 <= 0.7
2,78.3724,1.7896,145.00,141.00,171.76,164.85,0.7189,0,centroids differ by 6.9 km
2,78.3443,1.7773,155.00,143.00,173.90,166.27,0.7791,0,centroids differ by 7.6 km
2,78.3547,1.7490,155.00,143.00,173.34,165.64,0.7865,0,centroids differ by 7.7 km
2,78.3398,1.8147,169.00,149.00,174.05,166.59,0.7736,0,centroids differ by 7.5 km
2,78.3855,1.7882,147.00,133.00,170.52,164.32,0.5944,0,correlation 0.59 <= 0.7
2,78.3974,1.8109,147.00,131.00,169.44,164.07,0.5005,0,correlation 0.50 <= 0.7
2,78.4041,1.7850,147.00,131.00,169.89,163.83,0.4882,0,correlation 0.49 <= 0.7
2,78.3912,1.7950,147.00,131.00,170.00,164.19,0.5423,0,correlation 0.54 <= 0.7
2,78.3270,1.7217,172.00,151.00,174.64,167.00,0.6009,0,correlation 0.60 <= 0.7
2,78.3626,1.7186,151.00,143.00,173.67,165.13,0.7673,0,centroids differ by 8.5 km
2,78.3291,1.7309,171.00,151.00,174.56,166.93,0.6402,0,correlation 0.64 <= 0.7
2,78.4039,1.7401,147.00,129.00,170.04,163.69,0.5120,0,correlation 0.51 <= 0.7
2,78.3710,1.7722,145.00,141.00,171.94,164.86,0.7285,0,centroids differ by 7.1 km
2,78.3701,1.8059,143.00,141.00,171.93,165.03,0.7391,0,centroids differ by 6.9 km
2,78.4052,1.7575,147.00,129.00,169.93,163.71,0.5036,0,correlation 0.50 <= 0.7
2,78.3985,1.7952,147.00,131.00,170.18,164.00,0.4962,0,correlation 0.50 <= 0.7
2,78.4036,1.7734,147.00,131.00,169.95,163.81,0.4951,0,correlation 0.50 <= 0.7
2,78.3188,1.7793,177.00,169.00,174.79,167.26,0.4472,0,correlation 0.45 <= 0.7
2,78.3632,1.6884,151.00,143.00,173.69,164.99,0.7577,0,centroids differ by 8.7 km
2,78.3791,1.7186,148.00,133.00,172.16,164.31,0.6472,0,correlation 0.65 <= 0.7
2,78.4012,1.7447,147.00,131.00,170.18,163.79,0.5110,0,correlation 0.51 <= 0.7
2,78.3270,1.8136,171.00,167.00,174.54,167.04,0.6526,0,correlation 0.65 <= 0.7
2,78.3212,1.7701,177.00,169.00,174.75,167.19,0.5082,0,correlation 0.51 <= 0.7
2,78.3867,1.7013,147.00,133.00,171.50,164.05,0.5739,0,correlation 0.57 <= 0.7
2,78.3262,1.8113,171.00,167.00,174.57,167.06,0.6372,0,correlation 0.64 <= 0.7
2,78.3245,1.6934,176.44,151.00,174.73,167.07,0.5413,0,correlation 0.54 <= 0.7
2,78.3895,1.7797,147.00,133.00,170.97,164.19,0.5533,0,correlation 0.55 <= 0.7
2,78.3394,1.7138,169.00,145.00,174.22,166.39,0.7345,0,centroids differ by 7.8 km
2,78.3795,1.8200,145.00,139.00,171.00,164.63,0.6607,0,correlation 0.66 <= 0.7
2,78.3252,1.7005,183.00,151.00,174.71,167.05,0.5599,0,correlation 0.56 <= 0.7
2,78.3737,1.3048,149.00,139.00,174.64,163.47,0.5325,0,correlation 0.53 <= 0.7
2,78.3476,1.2849,159.00,149.00,176.43,164.54,0.5904,0,correlation 0.59 <= 0.7
2,78.4310,1.2712,155.00,125.00,173.35,161.06,0.3581,0,correlation 0.36 <= 0.7
2,78.4395,1.2459,157.00,124.05,174.35,160.42,0.1836,0,correlation 0.18 <= 0.7
2,78.4425,1.3314,155.00,123.97,173.80,160.47,0.1001,0,correlation 0.10 <= 0.7
2,78.4286,1.2955,155.00,125.00,173.09,161.30,0.3935,0,correlation 0.39 <= 0.7
2,78.4250,1.2816,155.00,125.00,172.92,161.48,0.4312,0,correlation 0.43 <= 0.7
2,78.4180,1.3562,153.00,127.80,171.72,162.04,0.4950,0,correlation 0.49 <= 0.7
2,78.4201,1.2770,155.00,127.00,172.72,161.72,0.4758,0,correlation 0.48 <= 0.7
2,78.3595,1.3796,159.00,139.00,175.56,164.16,0.6293,0,correlation 0.63 <= 0.7
2,78.3880,1.2955,151.00,134.00,173.43,163.10,0.5430,0,correlation 0.54 <= 0.7
2,78.4167,1.2685,155.00,127.00,172.73,161.86,0.4948,0,correlation 0.49 <= 0.7
2,78.3929,1.2838,153.00,133.00,173.06,162.91,0.5435,0,correlation 0.54 <= 0.7
2,78.3449,1.3484,159.00,147.00,176.45,164.94,0.6293,0,correlation 0.63 <= 0.7
2,78.4004,1.3686,151.00,131.00,172.23,162.83,0.5536,0,correlation 0.55 <= 0.7
2,78.3443,1.3634,159.00,147.00,176.45,165.04,0.6379,0,correlation 0.64 <= 0.7
2,78.3991,1.3284,151.00,131.00,172.46,162.79,0.5478,0,correlation 0.55 <= 0.7
2,78.3528,1.3223,159.00,147.00,176.11,164.35,0.6134,0,correlation 0.61 <= 0.7
2,78.3552,1.2805,159.00,139.00,176.04,164.09,0.5735,0,correlation 0.57 <= 0.7
2,78.4194,1.2714,155.00,127.00,172.73,161.74,0.4795,0,correlation 0.48 <= 0.7
2,78.3688,1.2431,157.00,139.00,175.19,163.50,0.5153,0,correlation 0.52 <= 0.7
2,78.3814,1.3065,152.00,135.00,173.98,163.31,0.5353,0,correlation 0.54 <= 0.7
2,78.4057,1.3308,152.00,131.00,172.05,162.56,0.5469,0,correlation 0.55 <= 0.7
2,78.4317,1.2551,155.00,127.00,173.46,160.95,0.3471,0,correlation 0.35 <= 0.7
2,78.4296,1.2799,155.00,125.00,173.22,161.19,0.3779,0,correlation 0.38 <= 0.7
2,78.3441,1.2830,159.00,149.00,176.59,164.76,0.5787,0,correlation 0.58 <= 0.7
2,78.4026,1.3741,151.00,131.00,172.08,162.78,0.5528,0,correlation 0.55 <= 0.7
2,78.3902,1.3034,151.00,133.00,173.21,163.04,0.5452,0,correlation 0.55 <= 0.7
2,78.3882,1.2658,153.00,134.00,173.51,163.04,0.5380,0,correlation 0.54 <= 0.7
2,78.3597,1.3218,159.00,139.00,175.67,163.98,0.5903,0,correlation 0.59 <= 0.7
2,78.4067,1.3407,153.00,131.00,171.97,162.55,0.5452,0,correlation 0.55 <= 0.7
2,78.4190,1.3044,155.00,127.00,171.88,161.84,0.4843,0,correlation 0.48 <= 0.7
2,78.4264,1.2387,155.00,127.00,173.11,161.25,0.4150,0,correlation 0.41 <= 0.7
2,78.3640,1.3658,155.00,139.00,175.26,163.91,0.5977,0,correlation 0.60 <= 0.7
2,78.3667,1.3280,155.00,139.00,175.15,163.73,0.5613,0,correlation 0.56 <= 0.7
2,78.3749,1.3155,149.00,139.00,174.51,163.46,0.5353,0,correlation 0.54 <= 0.7
2,78.6395,7.0787,171.00,143.00,164.56,162.33,0.5869,0,correlation 0.59 <= 0.7
2,78.5687,7.0974,149.00,80.00,162.90,159.93,0.5588,0,correlation 0.56 <= 0.7
2,78.5623,7.1593,146.00,80.00,162.40,159.74,0.5600,0,correlation 0.56 <= 0.7
2,78.5646,7.0435,147.00,80.00,162.77,159.86,0.5160,0,correlation 0.52 <= 0.7
2,78.5926,7.1452,161.00,83.00,164.00,160.88,0.5313,0,correlation 0.53 <= 0.7
2,78.5738,7.0928,157.00,80.00,163.20,160.14,0.5678,0,correlation 0.57 <= 0.7
2,78.6001,7.0834,165.00,119.00,164.41,161.49,0.5182,0,correlation 0.52 <= 0.7
2,78.6150,7.1491,173.00,118.00,164.20,161.57,0.5567,0,correlation 0.56 <= 0.7
2,78.6138,7.0341,166.00,123.00,164.75,162.04,0.5310,0,correlation 0.53 <= 0.7
2,78.6376,7.0737,171.00,143.00,164.54,162.27,0.5854,0,correlation 0.59 <= 0.7
2,78.6382,7.1204,149.00,143.00,164.40,162.12,0.5878,0,correlation 0.59 <= 0.7
2,78.5762,7.1118,157.00,80.00,163.30,160.18,0.5728,0,correlation 0.57 <= 0.7
2,78.5936,7.0375,163.00,85.00,164.33,161.45,0.5333,0,correlation 0.53 <= 0.7
2,78.5844,7.1144,163.00,83.00,163.74,160.59,0.5639,0,correlation 0.56 <= 0.7
2,78.5740,7.1637,163.00,80.00,163.08,160.01,0.5959,0,correlation 0.60 <= 0.7
2,78.6012,7.1307,167.00,119.00,164.27,161.35,0.5130,0,correlation 0.51 <= 0.7
2,78.6362,7.0705,171.00,141.00,164.53,162.23,0.5823,0,correlation 0.58 <= 0.7
2,78.5747,7.0662,157.00,80.00,163.30,160.25,0.5591,0,correlation 0.56 <= 0.7
2,78.6112,7.0991,165.00,115.00,164.47,161.71,0.5423,0,correlation 0.54 <= 0.7
2,78.5746,7.1239,157.00,80.00,163.18,160.09,0.5795,0,correlation 0.58 <= 0.7
2,78.6257,7.1372,175.00,131.00,164.19,161.68,0.5453,0,correlation 0.55 <= 0.7
2,78.6288,7.0389,177.00,147.00,164.63,162.15,0.5436,0,correlation 0.54 <= 0.7
2,78.5999,7.1660,165.00,129.00,164.11,161.15,0.5082,0,correlation 0.51 <= 0.7
2,78.5554,7.1084,145.00,80.00,162.10,159.66,0.5062,0,correlation 0.51 <= 0.7
2,78.5602,7.0397,147.00,80.00,162.53,159.70,0.4841,0,correlation 0.48 <= 0.7
2,78.6115,7.1594,163.00,115.00,164.18,161.46,0.5474,0,correlation 0.55 <= 0.7
2,78.5555,7.1512,145.00,80.00,162.01,159.72,0.5409,0,correlation 0.54 <= 0.7
2,78.6374,7.1233,149.00,143.00,164.38,162.07,0.5862,0,correlation 0.59 <= 0.7
2,78.5662,7.0708,149.00,80.00,162.81,159.88,0.5359,0,correlation 0.54 <= 0.7
2,78.5891,7.1722,163.00,80.00,163.79,160.60,0.5491,0,correlation 0.55 <= 0.7
2,78.6357,7.0458,171.00,145.00,164.62,162.33,0.5814,0,correlation 0.58 <= 0.7
2,78.5867,7.0371,163.00,85.00,164.03,161.07,0.5561,0,correlation 0.56 <= 0.7
2,78.6060,7.0932,167.00,117.00,164.47,161.59,0.5258,0,correlation 0.53 <= 0.7
2,78.5702,7.1650,155.00,80.00,162.85,159.89,0.5908,0,correlation 0.59 <= 0.7
2,78.6314,7.1185,149.00,145.00,164.31,161.89,0.5647,0,correlation 0.56 <= 0.7
2,78.6340,7.0980,149.00,145.00,164.41,162.06,0.5748,0,correlation 0.57 <= 0.7
2,78.7827,9.3297,163.00,89.00,169.13,160.41,-0.2455,0,correlation -0.25 <= 0.7
2,78.8494,9.3480,171.00,187.00,172.56,168.33,0.7005,0,centroids differ by 4.2 km
2,78.8519,9.3314,171.00,189.00,172.72,168.62,0.6907,0,correlation 0.69 <= 0.7
2,78.8454,9.3017,171.00,191.00,172.44,167.61,0.6931,0,correlation 0.69 <= 0.7
2,78.8246,9.3162,169.00,149.00,171.23,165.51,0.5025,0,correlation 0.50 <= 0.7
2,78.7838,9.3059,163.00,91.00,169.28,160.49,-0.2397,0,correlation -0.24 <= 0.7
2,78.8590,9.3359,173.00,189.00,173.04,169.81,0.6677,0,correlation 0.67 <= 0.7
2,78.8280,9.4033,167.00,163.00,171.33,165.99,0.5231,0,correlation 0.52 <= 0.7
2,78.7846,9.3854,163.00,87.00,168.93,160.43,-0.2956,0,correlation -0.30 <= 0.7
2,78.8014,9.4333,163.00,123.00,169.68,161.77,-0.1558,0,correlation -0.16 <= 0.7
2,78.7888,9.3845,163.00,123.00,169.09,160.66,-0.2970,0,correlation -0.30 <= 0.7
2,78.7823,9.3734,161.00,87.00,168.91,160.39,-0.2680,0,correlation -0.27 <= 0.7
2,78.8652,9.3969,171.00,247.00,173.21,169.80,0.6540,0,correlation 0.65 <= 0.7
2,78.8501,9.3876,171.00,185.00,172.52,168.79,0.6998,0,correlation 0.70 <= 0.7
2,78.8297,9.3409,169.00,169.00,171.50,166.17,0.5761,0,correlation 0.58 <= 0.7
2,78.8314,9.3285,169.00,169.00,171.60,166.35,0.6076,0,correlation 0.61 <= 0.7
2,78.8588,9.3445,173.00,189.00,173.01,169.85,0.6690,0,correlation 0.67 <= 0.7
2,78.8588,9.3878,171.00,185.00,172.95,170.10,0.6693,0,correlation 0.67 <= 0.7
2,78.8341,9.4203,169.00,181.00,171.65,166.75,0.6266,0,correlation 0.63 <= 0.7
2,78.8449,9.3196,171.00,189.00,172.40,167.62,0.6952,0,correlation 0.70 <= 0.7
2,78.8603,9.3968,171.00,249.00,173.01,170.24,0.6602,0,correlation 0.66 <= 0.7
2,78.8004,9.3932,163.00,125.00,169.67,161.73,-0.1421,0,correlation -0.14 <= 0.7
2,78.8190,9.2991,167.00,149.00,170.94,164.46,0.3595,0,correlation 0.36 <= 0.7
2,78.8071,9.3271,163.00,91.00,170.18,162.55,0.0298,0,correlation 0.03 <= 0.7
2,78.8105,9.3805,165.00,145.00,170.31,162.91,0.0533,0,correlation 0.05 <= 0.7
2,78.8532,9.4043,171.00,183.00,172.65,169.56,0.6985,0,correlation 0.70 <= 0.7
2,78.8738,9.4043,171.00,249.00,173.56,168.72,0.6002,0,correlation 0.60 <= 0.7
2,78.8196,9.3695,167.00,145.00,170.87,164.58,0.3513,0,correlation 0.35 <= 0.7
2,78.8258,9.3147,169.00,149.00,171.30,165.68,0.5242,0,correlation 0.52 <= 0.7
2,78.8036,9.3803,163.00,89.00,169.89,162.01,-0.0776,0,correlation -0.08 <= 0.7
2,78.8226,9.3244,167.00,149.00,171.11,165.17,0.4574,0,correlation 0.46 <= 0.7
2,78.8172,9.3841,167.00,145.00,170.70,164.09,0.2648,0,correlation 0.26 <= 0.7
2,78.8340,9.3056,169.00,171.00,171.78,166.64,0.6493,0,correlation 0.65 <= 0.7
2,78.8489,9.3244,171.00,189.00,172.59,168.12,0.6958,0,correlation 0.70 <= 0.7
2,78.8025,9.3650,163.00,127.00,169.85,161.92,-0.0867,0,correlation -0.09 <= 0.7
2,78.8340,9.3129,169.00,171.00,171.78,166.64,0.6494,0,correlation 0.65 <= 0.7
2,78.3026,2.5249,94.00,159.00,171.19,166.60,-0.0462,0,correlation -0.05 <= 0.7
2,78.3763,2.4844,139.00,139.00,167.31,166.40,0.6867,0,correlation 0.69 <= 0.7
2,78.2897,2.4947,111.00,161.00,171.28,166.90,-0.4872,0,correlation -0.49 <= 0.7
2,78.3748,2.4868,139.00,139.00,167.48,166.41,0.7027,0,centroids differ by 1.1 km
2,78.3006,2.4870,94.00,159.00,171.24,166.72,-0.1402,0,correlation -0.14 <= 0.7
2,78.3591,2.5023,143.00,155.00,169.16,166.37,0.8124,0,centroids differ by 2.8 km
2,78.3216,2.3774,167.00,155.00,171.96,166.96,0.6094,0,correlation 0.61 <= 0.7
2,78.3098,2.5245,189.00,155.00,171.08,166.59,0.2367,0,correlation 0.24 <= 0.7
2,78.3818,2.3900,139.00,133.00,167.08,166.21,0.6035,0,correlation 0.60 <= 0.7
2,78.3088,2.5072,191.83,155.00,171.12,166.65,0.1935,0,correlation 0.19 <= 0.7
2,78.3364,2.4818,161.00,153.00,171.09,166.62,0.8346,0,centroids differ by 4.5 km
2,78.3573,2.5028,145.00,147.00,169.34,166.38,0.8205,0,centroids differ by 3.0 km
2,78.2916,2.4385,111.00,161.00,171.32,166.96,-0.4602,0,correlation -0.46 <= 0.7
2,78.3618,2.4884,143.00,155.00,168.91,166.38,0.7964,0,centroids differ by 2.5 km
2,78.2975,2.3928,96.00,157.00,172.40,167.04,-0.2852,0,correlation -0.29 <= 0.7
2,78.3640,2.4552,143.00,139.00,168.79,166.40,0.7809,0,centroids differ by 2.4 km
2,78.3799,2.3769,139.00,133.00,167.33,166.23,0.6295,0,correlation 0.63 <= 0.7
2,78.3326,2.3805,161.00,155.00,171.48,166.83,0.8005,0,centroids differ by 4.6 km
2,78.2875,2.4339,111.00,163.00,171.31,167.07,-0.5577,0,correlation -0.56 <= 0.7
2,78.2935,2.4287,94.00,161.00,171.32,166.96,-0.4117,0,correlation -0.41 <= 0.7
2,78.3294,2.4673,161.00,153.00,171.49,166.71,0.7676,0,centroids differ by 4.8 km
2,78.2902,2.4972,111.00,161.00,171.28,166.88,-0.4724,0,correlation -0.47 <= 0.7
2,78.3594,2.3883,145.61,157.00,169.49,166.46,0.8025,0,centroids differ by 3.0 km
2,78.3701,2.4225,140.17,139.00,168.24,166.43,0.7357,0,centroids differ by 1.8 km
2,78.3320,2.4147,161.00,153.00,171.45,166.79,0.7955,0,centroids differ by 4.7 km
2,78.2988,2.4057,96.00,157.00,172.38,166.99,-0.2277,0,correlation -0.23 <= 0.7
2,78.2963,2.4867,94.00,161.00,171.26,166.77,-0.2989,0,correlation -0.30 <= 0.7
2,78.3225,2.5053,165.74,153.00,170.72,166.63,0.6308,0,correlation 0.63 <= 0.7
2,78.2878,2.4338,111.00,163.00,171.32,167.06,-0.5515,0,correlation -0.55 <= 0.7
2,78.3339,2.3855,161.00,153.00,171.40,166.80,0.8133,0,centroids differ by 4.6 km
2,78.2874,2.4326,111.00,163.00,171.32,167.07,-0.5595,0,correlation -0.56 <= 0.7
2,78.3573,2.5083,145.00,147.00,169.32,166.37,0.8208,0,centroids differ by 2.9 km
2,78.3814,2.4922,139.00,139.00,166.72,166.35,0.6247,0,correlation 0.62 <= 0.7
2,78.3367,2.3875,161.00,153.00,171.24,166.76,0.8337,0,centroids differ by 4.5 km
2,78.3328,2.4876,161.00,153.00,171.28,166.64,0.8072,0,centroids differ by 4.6 km
2,78.3089,2.4543,94.00,155.00,171.17,166.82,0.1807,0,correlation 0.18 <= 0.7
2,78.3842,3.7295,127.00,133.00,157.23,164.52,0.6418,0,correlation 0.64 <= 0.7
2,78.3842,3.8014,125.00,133.00,156.91,164.31,0.6364,0,correlation 0.64 <= 0.7
2,78.3142,3.8280,148.31,137.00,163.60,167.76,0.3100,0,correlation 0.31 <= 0.7
2,78.3695,3.7544,125.00,139.00,158.66,164.20,0.6941,0,correlation 0.69 <= 0.7
2,78.3610,3.7024,126.00,139.00,160.03,164.38,0.7168,0,centroids differ by 4.3 km
2,78.3724,3.7272,125.00,137.00,158.43,164.21,0.6927,0,correlation 0.69 <= 0.7
2,78.3027,3.7784,171.00,145.00,165.37,168.42,0.0727,0,correlation 0.07 <= 0.7
2,78.3963,3.7052,127.00,133.00,156.96,165.02,0.5739,0,correlation 0.57 <= 0.7
2,78.3603,3.8060,123.00,139.00,159.66,164.53,0.6918,0,correlation 0.69 <= 0.7
2,78.3917,3.7038,127.00,133.00,156.97,164.89,0.5962,0,correlation 0.60 <= 0.7
2,78.3217,3.7379,145.00,140.00,164.32,166.85,0.5001,0,correlation 0.50 <= 0.7
2,78.3088,3.7511,151.00,137.00,165.14,167.88,0.2283,0,correlation 0.23 <= 0.7
2,78.3872,3.8280,125.00,131.00,156.64,164.34,0.6196,0,correlation 0.62 <= 0.7
2,78.3039,3.8328,149.00,141.00,164.15,168.54,0.0743,0,correlation 0.07 <= 0.7
2,78.3003,3.7473,173.90,139.00,165.52,168.48,0.0130,0,correlation 0.01 <= 0.7
2,78.3732,3.7697,125.00,137.00,158.13,164.17,0.6824,0,correlation 0.68 <= 0.7
2,78.3408,3.7658,131.00,135.00,162.45,165.61,0.6749,0,correlation 0.67 <= 0.7
2,78.3918,3.7609,127.00,131.00,156.75,164.73,0.5955,0,correlation 0.60 <= 0.7
2,78.3458,3.7469,131.00,137.00,161.90,165.24,0.6954,0,correlation 0.70 <= 0.7
2,78.3396,3.7904,131.00,135.00,162.50,165.74,0.6613,0,correlation 0.66 <= 0.7
2,78.3220,3.8495,143.00,138.00,162.98,167.20,0.4498,0,correlation 0.45 <= 0.7
2,78.3019,3.7605,173.43,139.00,165.43,168.42,0.0534,0,correlation 0.05 <= 0.7
2,78.3280,3.7947,143.00,137.00,163.65,166.57,0.5671,0,correlation 0.57 <= 0.7
2,78.3228,3.8473,143.00,138.00,162.92,167.13,0.4637,0,correlation 0.46 <= 0.7
2,78.3955,3.7350,127.00,131.00,156.85,164.93,0.5772,0,correlation 0.58 <= 0.7
2,78.3969,3.8406,127.00,131.00,156.54,164.69,0.5732,0,correlation 0.57 <= 0.7
2,78.3580,3.7081,125.98,141.00,160.44,164.51,0.7168,0,centroids differ by 4.1 km
2,78.3343,3.7548,131.00,137.00,163.20,166.00,0.6399,0,correlation 0.64 <= 0.7
2,78.3427,3.7418,131.00,137.00,162.31,165.42,0.6894,0,correlation 0.69 <= 0.7
2,78.3174,3.7244,147.00,140.00,164.66,167.11,0.4284,0,correlation 0.43 <= 0.7
2,78.3468,3.7687,131.00,135.00,161.68,165.23,0.6906,0,correlation 0.69 <= 0.7
2,78.3943,3.8214,127.00,131.00,156.53,164.64,0.5822,0,correlation 0.58 <= 0.7
2,78.3310,3.7720,131.00,137.00,163.45,166.27,0.6065,0,correlation 0.61 <= 0.7
2,78.3856,3.7184,127.00,133.00,157.18,164.61,0.6338,0,correlation 0.63 <= 0.7
2,78.3194,3.8189,145.00,137.00,164.29,167.29,0.4337,0,correlation 0.43 <= 0.7
2,78.3890,3.7217,127.00,133.00,156.98,164.74,0.6120,0,correlation 0.61 <= 0.7
2,78.3876,3.3432,131.00,137.00,160.24,165.51,0.6317,0,correlation 0.63 <= 0.7
2,78.4094,3.3358,133.00,131.00,160.25,165.97,0.4495,0,correlation 0.45 <= 0.7
2,78.3749,3.3528,129.00,139.00,161.48,165.15,0.7152,0,centroids differ by 3.7 km
2,78.3428,3.2678,137.00,147.00,165.77,164.71,0.8099,0,centroids differ by 1.1 km
2,78.3385,3.3738,135.00,147.00,164.90,164.87,0.7720,1,
2,78.3529,3.4007,133.00,143.00,163.25,164.53,0.7883,0,centroids differ by 1.3 km
2,78.3922,3.4079,131.00,137.00,159.70,165.50,0.5977,0,correlation 0.60 <= 0.7
2,78.3847,3.2707,131.00,139.00,160.80,165.55,0.6544,0,correlation 0.65 <= 0.7
2,78.4079,3.2724,133.00,141.00,160.29,166.03,0.4402,0,correlation 0.44 <= 0.7
2,78.3411,3.3538,137.00,147.00,164.72,164.76,0.7868,1,
2,78.3262,3.3169,151.00,145.00,165.98,165.37,0.6698,0,correlation 0.67 <= 0.7
2,78.3641,3.2885,131.00,141.00,163.11,165.01,0.7711,0,centroids differ by 1.9 km
2,78.4095,3.3544,133.00,131.00,160.21,165.94,0.4552,0,correlation 0.46 <= 0.7
2,78.3844,3.3452,129.00,137.00,160.51,165.44,0.6540,0,correlation 0.65 <= 0.7
2,78.3363,3.3051,137.00,147.00,166.26,164.89,0.7770,0,centroids differ by 1.4 km
2,78.3713,3.3293,129.00,139.00,162.03,165.10,0.7358,0,centroids differ by 3.1 km
2,78.3566,3.3766,127.00,141.00,162.87,164.60,0.7861,0,centroids differ by 1.7 km
2,78.3477,3.4033,135.00,145.00,163.86,164.58,0.7889,1,
2,78.4018,3.4015,131.00,135.00,159.64,165.73,0.5219,0,correlation 0.52 <= 0.7
2,78.3888,3.3969,129.00,137.00,159.93,165.45,0.6220,0,correlation 0.62 <= 0.7
2,78.3190,3.3326,153.00,143.00,166.42,165.84,0.5469,0,correlation 0.55 <= 0.7
2,78.3609,3.2836,131.00,141.00,163.56,164.93,0.7850,0,centroids differ by 1.4 km
2,78.3765,3.3426,129.00,139.00,161.33,165.22,0.7061,0,centroids differ by 3.9 km
2,78.3490,3.3682,135.00,145.00,163.85,164.58,0.7955,1,
2,78.3381,3.2961,137.00,147.00,166.12,164.81,0.7883,0,centroids differ by 1.3 km
2,78.3746,3.4080,129.00,137.00,160.45,165.02,0.7115,0,centroids differ by 4.6 km
2,78.3637,3.3420,130.00,139.00,162.94,164.85,0.7697,0,centroids differ by 1.9 km
2,78.3883,3.3242,131.00,137.00,160.27,165.55,0.6273,0,correlation 0.63 <= 0.7
2,78.3729,3.4109,129.00,137.00,160.65,164.96,0.7207,0,centroids differ by 4.3 km
2,78.3384,3.3030,137.00,147.00,166.07,164.81,0.7880,0,centroids differ by 1.3 km
2,78.3877,3.3970,129.00,137.00,160.00,165.43,0.6300,0,correlation 0.63 <= 0.7
2,78.3373,3.3139,137.00,147.00,166.14,164.86,0.7811,0,centroids differ by 1.3 km
2,78.3546,3.3579,133.00,143.00,163.20,164.61,0.7929,0,centroids differ by 1.4 km
2,78.3701,3.3010,129.00,139.00,162.29,165.14,0.7425,0,centroids differ by 2.8 km
2,78.3694,3.4022,129.00,139.00,161.12,164.87,0.7400,0,centroids differ by 3.7 km
2,78.3275,3.3390,149.00,145.00,165.85,165.34,0.6830,0,correlation 0.68 <= 0.7
2,78.3462,1.9858,151.00,147.00,172.46,166.58,0.8224,0,centroids differ by 5.9 km
2,78.3354,1.9533,167.00,147.00,174.04,166.84,0.7951,0,centroids differ by 7.2 km
2,78.3193,2.0321,173.00,159.00,173.49,167.29,0.5320,0,correlation 0.53 <= 0.7
2,78.3184,1.9018,175.00,157.00,174.69,167.30,0.4897,0,correlation 0.49 <= 0.7
2,78.3535,1.9748,151.00,147.00,172.91,166.26,0.8161,0,centroids differ by 6.7 km
2,78.2790,1.9795,115.00,165.00,173.59,168.26,-0.8080,0,correlation -0.81 <= 0.7
2,78.3412,2.0407,151.00,147.00,172.63,166.72,0.8295,0,centroids differ by 5.9 km
2,78.2992,1.9269,98.00,163.00,173.79,167.92,-0.3379,0,correlation -0.34 <= 0.7
2,78.3439,1.9533,153.00,147.00,173.61,166.62,0.8214,0,centroids differ by 7.0 km
2,78.3502,2.0307,151.00,145.00,172.12,166.49,0.8260,0,centroids differ by 5.6 km
2,78.2976,1.9683,98.00,163.00,173.76,167.92,-0.3936,0,correlation -0.39 <= 0.7
2,78.3423,2.0015,151.00,147.00,172.65,166.70,0.8231,0,centroids differ by 5.9 km
2,78.3105,1.9271,98.00,161.00,173.75,167.57,0.1653,0,correlation 0.17 <= 0.7
2,78.2988,1.9819,98.00,163.00,173.75,167.88,-0.3459,0,correlation -0.35 <= 0.7
2,78.3534,1.9731,151.00,147.00,172.93,166.26,0.8164,0,centroids differ by 6.7 km
2,78.3388,2.0331,165.00,163.00,172.76,166.77,0.8223,0,centroids differ by 6.0 km
2,78.3508,2.0347,151.00,145.00,172.07,166.48,0.8251,0,centroids differ by 5.6 km
2,78.2798,1.9260,115.00,165.00,173.61,168.35,-0.8076,0,correlation -0.81 <= 0.7
2,78.3283,2.0442,167.00,155.00,173.19,167.03,0.7333,0,centroids differ by 6.2 km
2,78.3296,2.0300,167.00,165.00,173.16,167.00,0.7483,0,centroids differ by 6.2 km
2,78.2964,1.9067,98.00,163.00,173.79,168.01,-0.4516,0,correlation -0.45 <= 0.7
2,78.3090,1.8997,199.00,163.00,174.84,167.63,0.1175,0,correlation 0.12 <= 0.7
2,78.3077,1.9720,98.00,161.00,173.74,167.66,0.0552,0,correlation 0.06 <= 0.7
2,78.3005,1.9037,98.00,163.00,173.80,167.91,-0.2915,0,correlation -0.29 <= 0.7
2,78.3539,1.9511,151.00,141.00,172.95,166.19,0.8115,0,centroids differ by 6.8 km
2,78.3449,1.9196,153.00,147.00,173.61,166.54,0.8132,0,centroids differ by 7.1 km
2,78.2826,2.0463,115.00,163.00,173.61,168.06,-0.7497,0,correlation -0.75 <= 0.7
2,78.3229,1.9825,172.31,157.00,173.45,167.18,0.6156,0,correlation 0.62 <= 0.7
2,78.3557,1.8990,153.00,141.00,172.93,165.98,0.8005,0,centroids differ by 6.9 km
2,78.3429,2.0087,151.00,147.00,172.60,166.68,0.8253,0,centroids differ by 5.9 km
2,78.3239,1.9744,172.58,157.00,173.42,167.14,0.6356,0,correlation 0.64 <= 0.7
2,78.3680,1.9669,145.00,139.00,171.66,165.61,0.7620,0,centroids differ by 6.0 km
2,78.3458,2.0320,151.00,147.00,172.40,166.63,0.8308,0,centroids differ by 5.8 km
2,78.3224,1.9764,172.40,157.00,173.47,167.19,0.6005,0,correlation 0.60 <= 0.7
2,78.3643,2.0281,141.00,139.00,170.97,165.92,0.7794,0,centroids differ by 5.1 km
2,78.3069,1.9620,98.00,161.00,173.76,167.68,0.0124,0,correlation 0.01 <= 0.7
2,78.3100,3.8052,152.99,137.00,164.95,168.00,0.2430,0,correlation 0.24 <= 0.7
2,78.3612,3.8433,123.00,137.00,159.36,164.53,0.6833,0,correlation 0.68 <= 0.7
2,78.3601,3.8072,123.00,139.00,159.67,164.54,0.6917,0,correlation 0.69 <= 0.7
2,78.3611,3.8032,125.00,139.00,159.55,164.49,0.6923,0,correlation 0.69 <= 0.7
2,78.3330,3.7356,131.00,137.00,163.38,166.03,0.6363,0,correlation 0.64 <= 0.7
2,78.3658,3.7447,125.00,139.00,159.18,164.27,0.7025,0,centroids differ by 5.1 km
2,78.3298,3.7716,143.00,137.00,163.56,166.36,0.5955,0,correlation 0.60 <= 0.7
2,78.3607,3.7379,126.00,139.00,159.92,164.43,0.7082,0,centroids differ by 4.5 km
2,78.2972,3.8092,84.00,145.00,164.44,168.89,-0.0857,0,correlation -0.09 <= 0.7
2,78.3111,3.8618,151.57,137.00,163.71,168.13,0.2305,0,correlation 0.23 <= 0.7
2,78.3809,3.8160,125.00,135.00,157.10,164.19,0.6506,0,correlation 0.65 <= 0.7
2,78.3315,3.7490,143.00,137.00,163.48,166.17,0.6188,0,correlation 0.62 <= 0.7
2,78.3763,3.8584,125.00,137.00,157.36,164.09,0.6594,0,correlation 0.66 <= 0.7
2,78.3401,3.8496,131.00,135.00,162.23,165.86,0.6424,0,correlation 0.64 <= 0.7
2,78.3165,3.8035,145.00,139.02,164.54,167.47,0.3841,0,correlation 0.38 <= 0.7
2,78.3631,3.7413,125.00,139.00,159.56,164.34,0.7059,0,centroids differ by 4.8 km
2,78.3117,3.8164,152.38,137.00,164.82,167.91,0.2778,0,correlation 0.28 <= 0.7
2,78.3707,3.7300,125.00,139.00,158.62,164.20,0.6955,0,correlation 0.70 <= 0.7
2,78.3523,3.7973,125.00,135.00,160.82,164.95,0.6905,0,correlation 0.69 <= 0.7
2,78.3340,3.8278,131.00,137.00,162.99,166.23,0.6135,0,correlation 0.61 <= 0.7
2,78.3343,3.7305,131.00,137.00,163.27,165.93,0.6477,0,correlation 0.65 <= 0.7
2,78.3007,3.8482,172.11,145.00,164.24,168.81,-0.0043,0,correlation -0.00 <= 0.7
2,78.3102,3.8421,151.15,137.00,163.81,168.13,0.2163,0,correlation 0.22 <= 0.7
2,78.3513,3.8641,125.00,135.00,160.67,165.16,0.6693,0,correlation 0.67 <= 0.7
2,78.3152,3.8270,145.00,137.00,163.53,167.67,0.3319,0,correlation 0.33 <= 0.7
2,78.3683,3.8583,125.00,137.00,158.31,164.25,0.6745,0,correlation 0.67 <= 0.7
2,78.3744,3.8405,125.00,137.00,157.64,164.11,0.6678,0,correlation 0.67 <= 0.7
2,78.3693,3.8272,125.00,137.00,158.33,164.20,0.6802,0,correlation 0.68 <= 0.7
2,78.2984,3.7820,86.00,145.00,165.52,168.72,-0.0386,0,correlation -0.04 <= 0.7
2,78.3462,3.8266,130.00,135.00,161.54,165.41,0.6725,0,correlation 0.67 <= 0.7
2,78.3179,3.7664,146.00,140.00,164.53,167.22,0.4258,0,correlation 0.43 <= 0.7
2,78.3044,3.7736,171.00,139.00,165.30,168.29,0.1149,0,correlation 0.11 <= 0.7
2,78.3176,3.8087,145.00,137.00,164.45,167.40,0.4048,0,correlation 0.40 <= 0.7
2,78.3860,3.8582,125.00,133.00,156.56,164.21,0.6238,0,correlation 0.62 <= 0.7
2,78.3920,3.7701,127.00,131.00,156.71,164.71,0.5947,0,correlation 0.59 <= 0.7
2,78.3281,3.7911,143.00,137.00,163.66,166.55,0.5689,0,correlation 0.57 <= 0.7
2,78.3881,3.7849,127.00,133.00,156.76,164.51,0.6158,0,correlation 0.62 <= 0.7
2,78.3390,3.8449,131.00,135.00,162.38,165.92,0.6391,0,correlation 0.64 <= 0.7
2,78.3128,3.7461,153.24,140.00,164.91,167.53,0.3273,0,correlation 0.33 <= 0.7
2,78.3809,3.7959,125.00,135.00,157.19,164.23,0.6533,0,correlation 0.65 <= 0.7
2,78.3298,3.8607,143.00,138.00,162.33,166.64,0.5525,0,correlation 0.55 <= 0.7
2,78.3586,3.8344,123.00,135.00,159.75,164.65,0.6856,0,correlation 0.69 <= 0.7
2,78.3849,3.7475,125.00,133.00,157.10,164.49,0.6369,0,correlation 0.64 <= 0.7
2,78.4047,3.8444,127.00,129.00,157.08,164.91,0.5690,0,correlation 0.57 <= 0.7
2,78.3974,3.8004,127.00,131.00,156.68,164.82,0.5707,0,correlation 0.57 <= 0.7
2,78.3802,3.7849,125.00,135.00,157.30,164.24,0.6574,0,correlation 0.66 <= 0.7
2,78.3686,3.8512,125.00,137.00,158.31,164.24,0.6758,0,correlation 0.68 <= 0.7
2,78.3163,3.7894,147.00,139.69,164.59,167.43,0.3859,0,correlation 0.39 <= 0.7
2,78.3267,3.7712,145.00,139.00,163.83,166.59,0.5597,0,correlation 0.56 <= 0.7
2,78.3990,3.7880,127.00,131.00,156.79,164.89,0.5670,0,correlation 0.57 <= 0.7
2,78.3795,3.8404,125.00,135.00,157.11,164.12,0.6516,0,correlation 0.65 <= 0.7
2,78.3825,3.8575,125.00,135.00,156.78,164.14,0.6386,0,correlation 0.64 <= 0.7
2,78.3303,3.8803,143.00,138.00,162.23,166.66,0.5499,0,correlation 0.55 <= 0.7
2,78.4092,3.8790,127.00,129.00,157.55,164.94,0.5836,0,correlation 0.58 <= 0.7
2,78.3907,3.7580,127.00,133.00,156.78,164.69,0.6020,0,correlation 0.60 <= 0.7
2,78.3512,3.7924,125.00,135.00,160.99,165.01,0.6903,0,correlation 0.69 <= 0.7
2,78.3298,3.8761,143.00,138.00,162.29,166.69,0.5459,0,correlation 0.55 <= 0.7
2,78.3224,3.8631,143.00,138.00,162.91,167.21,0.4502,0,correlation 0.45 <= 0.7
2,78.3777,3.7495,125.00,137.00,157.71,164.25,0.6721,0,correlation 0.67 <= 0.7
2,78.3447,3.7825,131.00,135.00,161.90,165.40,0.6820,0,correlation 0.68 <= 0.7
2,78.3264,3.8104,143.00,141.00,163.76,166.73,0.5409,0,correlation 0.54 <= 0.7
2,78.3174,3.7829,145.00,139.87,164.52,167.32,0.4100,0,correlation 0.41 <= 0.7
2,78.3812,3.8881,125.00,135.00,156.76,164.08,0.6389,0,correlation 0.64 <= 0.7
2,78.3448,3.8002,131.00,135.00,161.82,165.43,0.6771,0,correlation 0.68 <= 0.7
2,78.3640,3.8304,125.00,137.00,159.02,164.38,0.6850,0,correlation 0.68 <= 0.7
2,78.3320,3.8925,129.00,139.00,162.02,166.57,0.5626,0,correlation 0.56 <= 0.7
2,78.3342,3.8625,131.00,137.00,162.86,166.32,0.6012,0,correlation 0.60 <= 0.7
2,78.3912,3.7468,127.00,131.00,156.81,164.74,0.5991,0,correlation 0.60 <= 0.7
2,78.3713,3.7734,125.00,137.00,158.34,164.17,0.6866,0,correlation 0.69 <= 0.7
2,78.3363,3.8711,131.00,135.00,161.66,166.19,0.6089,0,correlation 0.61 <= 0.7
2,78.3384,3.8172,131.00,135.00,162.56,165.89,0.6456,0,correlation 0.65 <= 0.7
2,78.3935,3.8912,125.00,131.00,156.31,164.39,0.5861,0,correlation 0.59 <= 0.7
2,78.5706,11.5837,113.00,111.00,149.96,161.81,0.7570,0,centroids differ by 11.9 km
2,78.5339,11.6985,107.00,121.00,147.43,167.62,0.0397,0,correlation 0.04 <= 0.7
2,78.5572,11.6417,111.00,123.00,148.98,164.24,0.5983,0,correlation 0.60 <= 0.7
2,78.5862,11.6498,113.00,101.00,151.55,159.49,0.7238,0,centroids differ by 7.9 km
2,78.5407,11.5784,109.00,131.00,148.25,166.89,0.2157,0,correlation 0.22 <= 0.7
2,78.5878,11.6572,113.00,103.00,151.74,159.23,0.7200,0,centroids differ by 7.5 km
2,78.5941,11.5579,115.00,97.00,152.06,157.57,0.6758,0,correlation 0.68 <= 0.7
2,78.5605,11.6321,111.00,121.00,149.21,163.77,0.6336,0,correlation 0.63 <= 0.7
2,78.5761,11.6014,113.00,107.00,150.41,160.88,0.7474,0,centroids differ by 10.5 km
2,78.5988,11.5738,115.00,95.00,152.61,156.93,0.6673,0,correlation 0.67 <= 0.7
2,78.5290,11.7023,105.00,133.00,147.23,168.23,-0.0697,0,correlation -0.07 <= 0.7
2,78.5134,11.6109,105.00,155.00,147.79,170.23,-0.3350,0,correlation -0.34 <= 0.7
2,78.6081,11.6130,117.00,87.00,153.67,155.86,0.6780,0,correlation 0.68 <= 0.7
2,78.5118,11.6911,105.00,145.00,147.05,170.12,-0.3687,0,correlation -0.37 <= 0.7
2,78.5404,11.6288,107.00,135.00,148.01,166.83,0.2337,0,correlation 0.23 <= 0.7
2,78.5866,11.6093,115.20,99.00,151.44,159.14,0.7080,0,centroids differ by 7.7 km
2,78.5968,11.6167,115.00,93.00,152.53,157.48,0.6986,0,correlation 0.70 <= 0.7
2,78.5880,11.6575,113.00,103.00,151.75,159.21,0.7197,0,centroids differ by 7.5 km
2,78.5582,11.6519,111.00,123.00,149.03,164.02,0.6276,0,correlation 0.63 <= 0.7
2,78.5817,11.5812,115.00,103.00,150.88,159.81,0.7310,0,centroids differ by 8.9 km
2,78.5202,11.5627,107.00,141.00,148.17,169.58,-0.2225,0,correlation -0.22 <= 0.7
2,78.5588,11.6288,111.00,123.00,149.10,164.07,0.6034,0,correlation 0.60 <= 0.7
2,78.6033,11.5710,117.00,91.00,153.06,156.26,0.6623,0,correlation 0.66 <= 0.7
2,78.5722,11.6753,113.00,113.00,150.17,161.69,0.7460,0,centroids differ by 11.5 km
2,78.5334,11.7047,107.00,131.00,147.39,167.69,0.0259,0,correlation 0.03 <= 0.7
2,78.5634,11.6694,111.00,119.00,149.40,163.15,0.7020,0,centroids differ by 13.8 km
2,78.5914,11.5964,116.00,97.00,151.91,158.23,0.6923,0,correlation 0.69 <= 0.7
2,78.6051,11.6132,115.00,89.00,153.36,156.26,0.6859,0,correlation 0.69 <= 0.7
2,78.5810,11.5832,115.00,103.00,150.82,159.93,0.7333,0,centroids differ by 9.1 km
2,78.5702,11.6126,113.00,111.00,149.93,162.01,0.7422,0,centroids differ by 12.1 km
2,78.5151,11.6703,105.00,151.00,147.22,169.84,-0.3309,0,correlation -0.33 <= 0.7
2,78.5141,11.5703,107.00,155.00,148.18,170.28,-0.3355,0,correlation -0.34 <= 0.7
2,78.5615,11.5661,111.00,117.00,149.38,163.46,0.6961,0,correlation 0.70 <= 0.7
2,78.5253,11.6045,107.00,147.00,147.79,169.01,-0.1278,0,correlation -0.13 <= 0.7
2,78.5305,11.6957,107.00,123.00,147.31,168.06,-0.0388,0,correlation -0.04 <= 0.7
2,78.6039,11.6413,115.00,89.00,153.32,156.67,0.7141,0,NYA peak not clear against upper and lower means
2,78.4585,8.4022,119.00,119.00,153.30,161.12,0.8266,0,centroids differ by 7.8 km
2,78.4381,8.3073,121.00,125.00,153.13,162.54,0.8686,0,centroids differ by 9.4 km
2,78.3720,8.4207,113.00,145.00,150.69,167.04,-0.0015,0,correlation -0.00 <= 0.7
2,78.3849,8.2871,115.00,139.00,152.19,166.05,0.3414,0,correlation 0.34 <= 0.7
2,78.4259,8.3890,119.00,123.00,152.74,163.40,0.8158,0,centroids differ by 10.7 km
2,78.4002,8.3778,119.00,133.00,152.94,165.05,0.5780,0,correlation 0.58 <= 0.7
2,78.4579,8.3451,119.00,121.00,153.44,161.02,0.8167,0,centroids differ by 7.6 km
2,78.4213,8.3337,119.00,125.00,153.09,163.70,0.7884,0,centroids differ by 10.6 km
2,78.4279,8.3993,119.00,123.00,152.67,163.28,0.8283,0,centroids differ by 10.6 km
2,78.3835,8.3441,115.00,139.00,152.03,166.20,0.2984,0,correlation 0.30 <= 0.7
2,78.4468,8.3008,121.00,123.00,153.26,161.80,0.8715,0,centroids differ by 8.5 km
2,78.3760,8.2825,115.00,142.00,151.07,166.69,0.1367,0,correlation 0.14 <= 0.7
2,78.4574,8.3439,119.00,121.00,153.42,161.06,0.8211,0,centroids differ by 7.6 km
2,78.4124,8.3732,119.00,129.00,153.01,164.26,0.7109,0,centroids differ by 11.3 km
2,78.4126,8.2764,121.00,127.00,153.51,164.27,0.7274,0,centroids differ by 10.8 km
2,78.4089,8.2931,121.00,131.00,153.42,164.51,0.6891,0,correlation 0.69 <= 0.7
2,78.4143,8.3108,119.00,127.00,153.32,164.17,0.7340,0,centroids differ by 10.9 km
2,78.4648,8.3224,123.00,113.00,153.83,160.54,0.7539,0,centroids differ by 6.7 km
2,78.4675,8.3105,123.00,113.00,154.01,160.36,0.7347,0,centroids differ by 6.3 km
2,78.4069,8.3595,119.00,131.00,153.10,164.60,0.6620,0,correlation 0.66 <= 0.7
2,78.3972,8.3155,119.00,135.00,153.05,165.21,0.5506,0,correlation 0.55 <= 0.7
2,78.4019,8.4158,119.00,133.00,152.81,164.97,0.5877,0,correlation 0.59 <= 0.7
2,78.4630,8.3078,121.00,113.00,153.77,160.62,0.7668,0,centroids differ by 6.9 km
2,78.4069,8.3932,119.00,131.00,152.95,164.60,0.6547,0,correlation 0.65 <= 0.7
2,78.4575,8.3544,119.00,121.00,153.39,161.08,0.8228,0,centroids differ by 7.7 km
2,78.4438,8.3930,119.00,121.00,152.83,162.22,0.8751,0,centroids differ by 9.4 km
2,78.4247,8.3072,121.00,125.00,153.20,163.47,0.8156,0,centroids differ by 10.3 km
2,78.4380,8.4107,119.00,121.00,152.64,162.63,0.8691,0,centroids differ by 10.0 km
2,78.3711,8.3223,113.00,141.00,150.40,167.04,0.0003,0,correlation 0.00 <= 0.7
2,78.4366,8.3935,119.00,121.00,152.71,162.71,0.8661,0,centroids differ by 10.0 km
2,78.4053,8.3182,121.00,133.00,153.27,164.70,0.6519,0,correlation 0.65 <= 0.7
2,78.4374,8.2866,121.00,125.00,153.23,162.56,0.8678,0,centroids differ by 9.3 km
2,78.4379,8.4090,119.00,121.00,152.65,162.64,0.8689,0,centroids differ by 10.0 km
2,78.4666,8.2963,123.00,113.00,153.98,160.38,0.7436,0,centroids differ by 6.4 km
2,78.4665,8.2937,123.00,113.00,153.98,160.39,0.7450,0,centroids differ by 6.4 km
2,78.4499,8.4010,119.00,121.00,152.96,161.77,0.8700,0,centroids differ by 8.8 km
2,78.3905,1.4503,151.00,133.00,172.74,163.35,0.5590,0,correlation 0.56 <= 0.7
2,78.4243,1.4339,153.00,125.00,171.69,161.95,0.4456,0,correlation 0.45 <= 0.7
2,78.3262,1.5155,175.00,155.00,175.89,166.68,0.4581,0,correlation 0.46 <= 0.7
2,78.3629,1.4775,156.00,137.00,175.08,164.27,0.6763,0,correlation 0.68 <= 0.7
2,78.3692,1.4476,147.00,137.00,174.64,163.90,0.6206,0,correlation 0.62 <= 0.7
2,78.3841,1.4964,149.00,135.00,173.17,163.59,0.5613,0,correlation 0.56 <= 0.7
2,78.3813,1.4971,150.00,135.00,173.41,163.66,0.5695,0,correlation 0.57 <= 0.7
2,78.4143,1.4477,151.00,129.00,171.44,162.50,0.5250,0,correlation 0.52 <= 0.7
2,78.3873,1.4200,151.00,135.00,173.11,163.37,0.5540,0,correlation 0.55 <= 0.7
2,78.3800,1.5238,150.00,135.00,172.66,163.77,0.5864,0,correlation 0.59 <= 0.7
2,78.3582,1.3918,159.00,139.00,175.62,164.26,0.6428,0,correlation 0.64 <= 0.7
2,78.4167,1.4969,151.00,129.00,171.28,162.52,0.5161,0,correlation 0.52 <= 0.7
2,78.4013,1.3877,151.00,131.00,172.11,162.84,0.5554,0,correlation 0.56 <= 0.7
2,78.4097,1.4442,151.00,129.00,171.52,162.68,0.5443,0,correlation 0.54 <= 0.7
2,78.4135,1.4776,151.00,129.00,171.35,162.61,0.5310,0,correlation 0.53 <= 0.7
2,78.4075,1.4254,151.00,129.00,171.67,162.72,0.5484,0,correlation 0.55 <= 0.7
2,78.4004,1.4540,151.00,131.00,171.96,163.02,0.5597,0,correlation 0.56 <= 0.7
2,78.3488,1.4090,159.00,147.00,176.17,164.91,0.6717,0,correlation 0.67 <= 0.7
2,78.3575,1.3833,159.00,139.00,175.69,164.28,0.6405,0,correlation 0.64 <= 0.7
2,78.4167,1.4787,151.00,129.00,171.34,162.47,0.5145,0,correlation 0.51 <= 0.7
2,78.4130,1.3968,153.00,129.00,171.59,162.42,0.5333,0,correlation 0.53 <= 0.7
2,78.3788,1.4924,150.00,137.00,173.66,163.72,0.5816,0,correlation 0.58 <= 0.7
2,78.4094,1.3962,151.00,129.00,171.69,162.58,0.5444,0,correlation 0.54 <= 0.7
2,78.4053,1.4502,151.00,129.00,171.68,162.85,0.5527,0,correlation 0.55 <= 0.7
2,78.3982,1.4860,151.00,131.00,172.01,163.19,0.5628,0,correlation 0.56 <= 0.7
2,78.4194,1.4270,153.00,127.00,171.54,162.19,0.4917,0,correlation 0.49 <= 0.7
2,78.3805,1.4395,149.00,137.00,173.66,163.56,0.5592,0,correlation 0.56 <= 0.7
2,78.3853,1.3839,151.00,135.00,173.39,163.35,0.5510,0,correlation 0.55 <= 0.7
2,78.3478,1.5295,157.00,145.00,175.08,165.37,0.7321,0,centroids differ by 9.7 km
2,78.3320,1.4050,175.00,149.00,176.85,165.96,0.5181,0,correlation 0.52 <= 0.7
2,78.4138,1.4865,151.00,129.00,171.32,162.62,0.5304,0,correlation 0.53 <= 0.7
2,78.3557,1.3951,159.00,147.00,175.79,164.42,0.6566,0,correlation 0.66 <= 0.7
2,78.3263,1.4192,176.00,149.00,177.00,166.38,0.4037,0,correlation 0.40 <= 0.7
2,78.3693,1.4717,147.00,137.00,174.57,163.96,0.6328,0,correlation 0.63 <= 0.7
2,78.3771,1.4471,149.00,137.00,173.96,163.67,0.5735,0,correlation 0.57 <= 0.7
2,78.3737,1.4064,149.00,137.00,174.37,163.67,0.5712,0,correlation 0.57 <= 0.7
2,78.4134,8.6897,115.00,125.00,151.18,165.15,0.5581,0,correlation 0.56 <= 0.7
2,78.4953,8.6504,135.00,101.00,155.87,159.87,0.3935,0,correlation 0.39 <= 0.7
2,78.4874,8.7513,133.00,107.00,155.15,160.63,0.4437,0,correlation 0.44 <= 0.7
2,78.4108,8.6743,115.00,127.00,151.29,165.22,0.5414,0,correlation 0.54 <= 0.7
2,78.5012,8.7360,134.00,99.00,156.69,159.91,0.3234,0,correlation 0.32 <= 0.7
2,78.5035,8.6444,136.00,95.00,156.82,159.44,0.3683,0,correlation 0.37 <= 0.7
2,78.4242,8.6197,115.00,125.00,151.52,163.98,0.7368,0,centroids differ by 12.5 km
2,78.4667,8.6286,121.00,113.00,153.44,161.34,0.7369,0,centroids differ by 7.9 km
2,78.4163,8.6075,115.00,127.00,151.61,164.46,0.6666,0,correlation 0.67 <= 0.7
2,78.4358,8.6509,115.00,121.00,151.58,163.40,0.8020,0,centroids differ by 11.8 km
2,78.4735,8.6564,119.00,111.00,153.88,161.02,0.6526,0,correlation 0.65 <= 0.7
2,78.4349,8.7254,113.00,119.00,151.29,163.82,0.7545,0,centroids differ by 12.5 km
2,78.4589,8.7203,117.00,111.00,152.73,162.19,0.7783,0,centroids differ by 9.5 km
2,78.4989,8.7218,134.00,99.00,156.42,159.97,0.3385,0,correlation 0.34 <= 0.7
2,78.4132,8.6859,115.00,127.00,151.20,165.13,0.5609,0,correlation 0.56 <= 0.7
2,78.4759,8.7277,119.00,109.00,153.96,161.18,0.5994,0,correlation 0.60 <= 0.7
2,78.4121,8.6728,115.00,127.00,151.29,165.13,0.5600,0,correlation 0.56 <= 0.7
2,78.4216,8.7075,113.00,125.00,151.08,164.66,0.6519,0,correlation 0.65 <= 0.7
2,78.4971,8.6099,135.00,102.00,156.00,159.65,0.4078,0,correlation 0.41 <= 0.7
2,78.4923,8.6431,133.00,101.00,155.50,160.00,0.4162,0,correlation 0.42 <= 0.7
2,78.4775,8.6678,121.00,111.00,154.13,160.83,0.6008,0,correlation 0.60 <= 0.7
2,78.4668,8.7152,119.00,109.00,153.31,161.65,0.7082,0,centroids differ by 8.3 km
2,78.4844,8.7560,127.00,107.00,154.79,160.79,0.4798,0,correlation 0.48 <= 0.7
2,78.4723,8.6892,119.00,111.00,153.74,161.23,0.6555,0,correlation 0.66 <= 0.7
2,78.4196,8.7532,113.00,123.00,150.85,165.14,0.5711,0,correlation 0.57 <= 0.7
2,78.4105,8.6166,115.00,127.00,151.64,164.93,0.5908,0,correlation 0.59 <= 0.7
2,78.4927,8.7013,133.00,107.00,155.67,160.21,0.3887,0,correlation 0.39 <= 0.7
2,78.4401,8.6196,115.00,119.00,151.85,162.99,0.8400,0,centroids differ by 11.1 km
2,78.4261,8.7459,113.00,123.00,150.96,164.61,0.6629,0,correlation 0.66 <= 0.7
2,78.4285,8.7534,113.00,121.00,150.98,164.49,0.6792,0,correlation 0.68 <= 0.7
2,78.4436,8.6675,115.00,117.00,151.82,162.95,0.8299,0,centroids differ by 11.1 km
2,78.4625,8.6988,119.00,109.00,153.04,161.85,0.7581,0,centroids differ by 8.8 km
2,78.5015,8.6446,135.00,95.00,156.59,159.54,0.3721,0,correlation 0.37 <= 0.7
2,78.4474,8.6371,117.00,115.00,152.09,162.58,0.8505,0,centroids differ by 10.5 km
2,78.4694,8.6699,119.00,111.00,153.57,161.32,0.6964,0,correlation 0.70 <= 0.7
2,78.4261,8.7142,113.00,123.00,151.10,164.36,0.6952,0,correlation 0.70 <= 0.7
2,78.4280,3.6077,135.00,121.00,161.44,165.88,0.4579,0,correlation 0.46 <= 0.7
2,78.3572,3.6430,127.00,141.00,160.83,164.46,0.7333,0,centroids differ by 3.6 km
2,78.3824,3.6267,127.00,135.00,158.62,164.75,0.6568,0,correlation 0.66 <= 0.7
2,78.3647,3.6453,127.00,139.00,159.80,164.29,0.7243,0,centroids differ by 4.5 km
2,78.4306,3.6410,135.00,121.00,161.77,165.89,0.4422,0,correlation 0.44 <= 0.7
2,78.4176,3.6656,129.00,129.00,159.83,165.53,0.5574,0,correlation 0.56 <= 0.7
2,78.4059,3.6714,129.00,131.00,158.36,165.32,0.5540,0,correlation 0.55 <= 0.7
2,78.4046,3.6279,129.00,133.00,158.37,165.38,0.5476,0,correlation 0.55 <= 0.7
2,78.3980,3.6889,129.00,133.00,157.84,165.10,0.5692,0,correlation 0.57 <= 0.7
2,78.3701,3.7063,125.00,139.00,158.81,164.23,0.7016,0,centroids differ by 5.4 km
2,78.3737,3.7257,125.00,137.00,158.27,164.22,0.6891,0,correlation 0.69 <= 0.7
2,78.4237,3.6326,131.00,135.00,160.77,165.72,0.5174,0,correlation 0.52 <= 0.7
2,78.3548,3.6361,127.00,141.00,161.17,164.54,0.7359,0,centroids differ by 3.4 km
2,78.3808,3.6095,127.00,135.00,158.86,164.74,0.6677,0,correlation 0.67 <= 0.7
2,78.3817,3.6366,127.00,135.00,158.64,164.70,0.6603,0,correlation 0.66 <= 0.7
2,78.4174,3.6408,131.00,130.00,159.84,165.58,0.5473,0,correlation 0.55 <= 0.7
2,78.4021,3.6932,129.00,133.00,158.00,165.19,0.5591,0,correlation 0.56 <= 0.7
2,78.3424,3.6977,133.00,137.00,162.52,165.33,0.7016,0,centroids differ by 2.8 km
2,78.3543,3.6210,127.00,141.00,162.17,164.54,0.7408,0,centroids differ by 2.4 km
2,78.3369,3.6814,133.00,137.00,163.16,165.62,0.6821,0,correlation 0.68 <= 0.7
2,78.3605,3.7397,126.00,139.00,159.93,164.44,0.7078,0,centroids differ by 4.5 km
2,78.3757,3.7346,125.00,137.00,158.00,164.23,0.6814,0,correlation 0.68 <= 0.7
2,78.3586,3.5952,125.00,141.00,161.68,164.38,0.7437,0,centroids differ by 2.7 km
2,78.3842,3.6889,127.00,133.00,157.41,164.64,0.6431,0,correlation 0.64 <= 0.7
2,78.3610,3.6211,125.00,141.00,161.24,164.34,0.7351,0,centroids differ by 3.1 km
2,78.3459,3.6302,133.00,139.00,162.34,164.95,0.7314,0,centroids differ by 2.6 km
2,78.3448,3.6495,133.00,139.00,162.40,165.05,0.7229,0,centroids differ by 2.6 km
2,78.3609,3.7237,126.00,139.00,159.95,164.41,0.7117,0,centroids differ by 4.5 km
2,78.3538,3.6460,127.00,141.00,161.26,164.59,0.7332,0,centroids differ by 3.3 km
2,78.3690,3.6045,127.00,139.00,160.24,164.35,0.7231,0,centroids differ by 4.1 km
2,78.4056,3.6098,129.00,133.00,158.49,165.44,0.5428,0,correlation 0.54 <= 0.7
2,78.4061,3.6563,129.00,131.00,158.42,165.35,0.5517,0,correlation 0.55 <= 0.7
2,78.3629,3.7027,126.00,139.00,159.77,164.32,0.7149,0,centroids differ by 4.5 km
2,78.4246,3.6478,131.00,135.00,160.89,165.71,0.5183,0,correlation 0.52 <= 0.7
2,78.3866,3.6569,127.00,133.00,158.17,164.83,0.6301,0,correlation 0.63 <= 0.7
2,78.4298,3.6016,135.00,121.00,161.71,165.94,0.4271,0,correlation 0.43 <= 0.7
2,78.4630,8.1232,123.00,111.00,154.38,160.31,0.7831,0,centroids differ by 5.9 km
2,78.4062,8.0720,121.00,133.00,154.07,164.75,0.6886,0,correlation 0.69 <= 0.7
2,78.4071,8.1344,123.00,131.00,153.96,164.68,0.6907,0,correlation 0.69 <= 0.7
2,78.4443,8.0426,125.00,121.00,154.41,161.67,0.8341,0,centroids differ by 7.3 km
2,78.4011,8.0842,121.00,133.00,153.73,165.08,0.6197,0,correlation 0.62 <= 0.7
2,78.4247,8.0332,125.00,133.00,154.66,163.28,0.8303,0,centroids differ by 8.6 km
2,78.4255,8.0588,123.00,133.00,154.53,163.24,0.8331,0,centroids differ by 8.7 km
2,78.4775,8.1017,127.00,109.00,155.07,159.50,0.7107,0,centroids differ by 4.4 km
2,78.4793,8.1399,127.00,107.00,155.10,159.44,0.6957,0,correlation 0.70 <= 0.7
2,78.4584,8.1746,121.00,117.00,154.02,160.72,0.7987,0,centroids differ by 6.7 km
2,78.4821,8.1575,127.00,107.00,155.24,159.33,0.6770,0,correlation 0.68 <= 0.7
2,78.4672,8.1417,123.00,109.00,154.48,160.08,0.7618,0,centroids differ by 5.6 km
2,78.4810,8.0473,127.00,109.00,155.39,159.32,0.7007,0,centroids differ by 3.9 km
2,78.4960,8.0939,129.00,107.00,156.28,158.92,0.6317,0,correlation 0.63 <= 0.7
2,78.4057,8.1296,121.00,131.00,153.92,164.78,0.6741,0,correlation 0.67 <= 0.7
2,78.4148,8.1060,123.00,133.00,154.27,164.16,0.7714,0,centroids differ by 9.9 km
2,78.4606,8.0669,123.00,111.00,154.52,160.43,0.7969,0,centroids differ by 5.9 km
2,78.4094,8.0704,123.00,133.00,154.22,164.53,0.7253,0,centroids differ by 10.3 km
2,78.4573,8.0909,123.00,111.00,154.33,160.67,0.8084,0,centroids differ by 6.3 km
2,78.4755,8.1151,125.00,107.00,154.94,159.60,0.7183,0,centroids differ by 4.7 km
2,78.4310,8.0797,123.00,131.00,154.33,162.78,0.8424,0,centroids differ by 8.4 km
2,78.4928,8.0930,129.00,109.00,156.06,158.94,0.6397,0,correlation 0.64 <= 0.7
2,78.4558,8.0586,125.00,113.00,154.43,160.75,0.8142,0,centroids differ by 6.3 km
2,78.3994,8.1350,119.00,133.00,153.56,165.18,0.5890,0,correlation 0.59 <= 0.7
2,78.4498,8.1401,123.00,119.00,153.97,161.30,0.8273,0,centroids differ by 7.3 km
2,78.4854,8.0578,127.00,109.00,155.63,159.14,0.6765,0,correlation 0.68 <= 0.7
2,78.4362,8.0631,125.00,131.00,154.35,162.33,0.8383,0,centroids differ by 8.0 km
2,78.4255,8.1429,123.00,131.00,154.08,163.34,0.8317,0,centroids differ by 9.3 km
2,78.4576,8.1618,121.00,117.00,154.05,160.75,0.8024,0,centroids differ by 6.7 km
2,78.4528,8.1582,123.00,117.00,153.94,161.11,0.8196,0,centroids differ by 7.2 km
2,78.4740,8.1068,125.00,109.00,154.88,159.68,0.7279,0,centroids differ by 4.8 km
2,78.4413,8.1443,123.00,127.00,153.91,161.98,0.8491,0,centroids differ by 8.1 km
2,78.4804,8.1607,127.00,105.00,155.13,159.41,0.6852,0,correlation 0.69 <= 0.7
2,78.4654,8.1110,123.00,109.00,154.52,160.17,0.7738,0,centroids differ by 5.7 km
2,78.4104,8.1263,123.00,131.00,154.10,164.46,0.7296,0,centroids differ by 10.4 km
2,78.4104,8.1701,123.00,129.00,153.96,164.46,0.7218,0,centroids differ by 10.5 km
2,78.3787,1.9915,143.00,137.00,170.50,165.27,0.6688,0,correlation 0.67 <= 0.7
2,78.3638,2.0199,145.00,139.00,171.05,165.92,0.7818,0,centroids differ by 5.1 km
2,78.3761,2.0269,144.00,139.00,170.65,165.48,0.6993,0,correlation 0.70 <= 0.7
2,78.3321,1.9588,167.00,165.00,174.17,166.92,0.7741,0,centroids differ by 7.3 km
2,78.3445,2.0443,151.00,147.00,172.45,166.66,0.8324,0,centroids differ by 5.8 km
2,78.4186,1.9516,147.00,125.00,168.47,163.81,0.3849,0,correlation 0.38 <= 0.7
2,78.4262,1.9102,149.00,123.00,169.07,163.33,0.3504,0,correlation 0.35 <= 0.7
2,78.3756,2.0513,144.00,137.00,169.80,165.56,0.7029,0,centroids differ by 4.2 km
2,78.3959,1.9125,145.00,131.00,169.20,164.41,0.4895,0,correlation 0.49 <= 0.7
2,78.3685,1.9317,143.00,139.00,171.72,165.50,0.7597,0,centroids differ by 6.2 km
2,78.3851,2.0380,143.00,137.00,169.69,165.18,0.5837,0,correlation 0.58 <= 0.7
2,78.3744,2.0401,144.69,139.00,169.97,165.57,0.7146,0,centroids differ by 4.4 km
2,78.4072,2.0351,145.00,129.00,168.13,164.44,0.3706,0,correlation 0.37 <= 0.7
2,78.3532,2.0328,151.00,145.00,171.90,166.39,0.8194,0,centroids differ by 5.5 km
2,78.4229,1.9669,147.00,124.00,168.66,163.67,0.3567,0,correlation 0.36 <= 0.7
2,78.3984,1.9897,145.00,129.00,168.72,164.55,0.4517,0,correlation 0.45 <= 0.7
2,78.3988,1.9519,145.00,129.00,168.84,164.44,0.4578,0,correlation 0.46 <= 0.7
2,78.3887,1.9894,145.00,137.00,169.53,164.87,0.5466,0,correlation 0.55 <= 0.7
2,78.4300,1.9630,149.00,123.00,169.33,163.33,0.2753,0,correlation 0.28 <= 0.7
2,78.3337,1.9816,167.00,165.00,173.06,166.88,0.7793,0,centroids differ by 6.2 km
2,78.3527,1.9439,153.00,141.00,173.05,166.23,0.8123,0,centroids differ by 6.8 km
2,78.3536,1.9201,153.00,141.00,173.04,166.14,0.8054,0,centroids differ by 6.9 km
2,78.4008,2.0030,145.00,129.00,168.52,164.52,0.4263,0,correlation 0.43 <= 0.7
2,78.4024,1.9141,145.00,129.00,168.75,164.23,0.4438,0,correlation 0.44 <= 0.7
2,78.3529,1.9562,151.00,145.00,173.01,166.25,0.8150,0,centroids differ by 6.8 km
2,78.4166,1.9885,147.00,127.00,168.29,164.01,0.3655,0,correlation 0.37 <= 0.7
2,78.4234,2.0322,147.00,125.00,168.52,163.88,0.3130,0,correlation 0.31 <= 0.7
2,78.4041,1.9573,145.00,129.00,168.52,164.31,0.4182,0,correlation 0.42 <= 0.7
2,78.3752,2.0057,143.00,139.00,170.81,165.44,0.7073,0,centroids differ by 5.4 km
2,78.3723,1.9709,143.00,139.00,171.22,165.46,0.7332,0,centroids differ by 5.8 km
2,78.3556,1.9890,151.00,147.00,172.71,166.20,0.8108,0,centroids differ by 6.5 km
2,78.4253,1.9170,149.00,123.00,168.98,163.39,0.3583,0,correlation 0.36 <= 0.7
2,78.3591,1.9803,151.00,139.00,172.44,166.02,0.7981,0,centroids differ by 6.4 km
2,78.4258,2.0076,147.00,123.00,168.79,163.67,0.3112,0,correlation 0.31 <= 0.7
2,78.3426,1.9260,153.00,147.00,173.73,166.64,0.8127,0,centroids differ by 7.1 km
2,78.3969,1.9600,145.00,129.00,168.94,164.51,0.4717,0,correlation 0.47 <= 0.7
2,78.8007,11.8657,155.00,141.00,170.30,166.20,0.4357,0,correlation 0.44 <= 0.7
2,78.8160,11.9213,155.00,185.00,171.40,168.30,0.8305,0,centroids differ by 3.1 km
2,78.7932,11.8808,153.00,125.00,169.80,165.42,0.1893,0,correlation 0.19 <= 0.7
2,78.8062,11.8597,155.00,153.00,170.68,166.69,0.6405,0,correlation 0.64 <= 0.7
2,78.7851,11.9025,151.00,109.00,169.30,164.53,-0.2045,0,correlation -0.20 <= 0.7
2,78.8242,11.8612,157.00,195.00,171.73,168.31,0.8403,0,centroids differ by 3.4 km
2,78.8163,11.8341,157.00,173.00,171.25,167.25,0.8347,0,centroids differ by 4.0 km
2,78.8152,11.9332,155.00,185.00,171.38,168.42,0.8301,0,centroids differ by 3.0 km
2,78.7698,11.8322,151.00,249.00,168.11,165.08,-0.7746,0,correlation -0.77 <= 0.7
2,78.7733,11.9813,149.00,80.00,168.66,164.96,-0.0077,0,correlation -0.01 <= 0.7
2,78.7593,11.9245,145.00,121.00,167.55,164.92,-0.0165,0,correlation -0.02 <= 0.7
2,78.8310,11.8648,157.00,213.00,172.08,169.12,0.7725,0,NYA peak not clear against upper and lower means
2,78.8514,11.9664,161.00,249.00,173.49,170.55,0.7070,0,NYA peak not clear against upper and lower means
2,78.8408,11.8687,159.00,237.00,172.59,170.10,0.6598,0,correlation 0.66 <= 0.7
2,78.8394,11.9115,159.00,239.00,172.66,170.20,0.6703,0,correlation 0.67 <= 0.7
2,78.8106,11.8447,155.00,161.00,170.92,166.93,0.7698,0,centroids differ by 4.0 km
2,78.8367,11.9500,157.00,239.00,172.66,170.45,0.6875,0,correlation 0.69 <= 0.7
2,78.8042,11.9310,153.00,159.00,170.74,167.20,0.7699,0,centroids differ by 3.5 km
2,78.7702,11.9806,149.00,121.00,168.43,165.05,0.1036,0,correlation 0.10 <= 0.7
2,78.8158,11.9353,155.00,187.00,171.42,168.52,0.8292,0,centroids differ by 2.9 km
2,78.7537,11.9133,147.00,249.00,167.14,165.10,0.3789,0,correlation 0.38 <= 0.7
2,78.8032,11.9745,153.00,161.00,170.77,167.85,0.7768,0,centroids differ by 2.9 km
2,78.8071,11.8948,155.00,159.00,170.83,166.99,0.7421,0,centroids differ by 3.8 km
2,78.8469,11.8576,161.00,249.00,172.86,170.27,0.6320,0,correlation 0.63 <= 0.7
2,78.8021,11.8347,155.00,139.00,170.29,166.18,0.4339,0,correlation 0.43 <= 0.7
2,78.7716,11.9187,143.00,113.00,168.39,164.64,-0.4661,0,correlation -0.47 <= 0.7
2,78.7629,11.9230,149.00,85.00,167.80,164.78,0.0877,0,correlation 0.09 <= 0.7
2,78.8212,11.9266,155.00,199.00,171.69,168.92,0.8148,0,centroids differ by 2.8 km
2,78.7918,11.8433,153.00,115.00,169.59,165.11,-0.0383,0,correlation -0.04 <= 0.7
2,78.8278,11.9793,157.00,221.00,172.26,170.14,0.7323,0,NYA peak not clear against upper and lower means
2,78.8202,11.8428,157.00,183.00,171.50,167.74,0.8411,0,centroids differ by 3.8 km
2,78.8145,11.9169,155.00,181.00,171.31,168.07,0.8296,0,centroids differ by 3.2 km
2,78.8137,11.8453,157.00,169.00,171.12,167.16,0.8298,0,centroids differ by 4.0 km
2,78.7859,11.8451,145.00,103.00,169.19,164.63,-0.2355,0,correlation -0.24 <= 0.7
2,78.7623,11.9571,141.00,91.00,167.82,164.88,-0.2789,0,correlation -0.28 <= 0.7
2,78.7731,11.8901,143.00,80.00,168.44,164.44,-0.7573,0,correlation -0.76 <= 0.7
2,78.3654,8.1252,113.00,145.00,148.62,167.21,-0.1465,0,correlation -0.15 <= 0.7
2,78.4056,8.1895,121.00,131.00,153.75,164.77,0.6647,0,correlation 0.66 <= 0.7
2,78.3781,8.1663,115.00,143.00,151.20,166.43,0.2011,0,correlation 0.20 <= 0.7
2,78.4506,8.0655,125.00,121.00,154.32,161.16,0.8274,0,centroids differ by 6.8 km
2,78.4221,8.1790,121.00,129.00,153.94,163.65,0.8113,0,centroids differ by 9.7 km
2,78.4377,8.1381,123.00,129.00,153.96,162.28,0.8535,0,centroids differ by 8.3 km
2,78.3725,8.1248,115.00,145.00,150.09,166.74,0.0535,0,correlation 0.05 <= 0.7
2,78.4046,8.1809,121.00,131.00,153.74,164.83,0.6536,0,correlation 0.65 <= 0.7
2,78.4093,8.0835,123.00,133.00,154.19,164.54,0.7229,0,centroids differ by 10.3 km
2,78.3932,8.1821,119.00,137.00,153.03,165.50,0.4985,0,correlation 0.50 <= 0.7
2,78.4335,8.0910,123.00,131.00,154.24,162.58,0.8455,0,centroids differ by 8.3 km
2,78.4335,8.1586,123.00,129.00,153.89,162.68,0.8552,0,centroids differ by 8.8 km
2,78.4136,8.0723,125.00,133.00,154.37,164.24,0.7642,0,centroids differ by 9.9 km
2,78.4384,8.0716,125.00,121.00,154.29,162.16,0.8379,0,centroids differ by 7.9 km
2,78.3879,8.0881,117.00,139.00,152.48,165.88,0.4008,0,correlation 0.40 <= 0.7
2,78.4156,8.0788,125.00,133.00,154.39,164.09,0.7805,0,centroids differ by 9.7 km
2,78.4258,8.1547,123.00,129.00,154.01,163.34,0.8319,0,centroids differ by 9.3 km
2,78.3913,8.0986,119.00,135.00,152.87,165.69,0.4613,0,correlation 0.46 <= 0.7
2,78.4082,8.1520,123.00,131.00,153.96,164.60,0.7022,0,centroids differ by 10.6 km
2,78.4315,8.1916,123.00,129.00,153.74,162.91,0.8514,0,centroids differ by 9.2 km
2,78.4429,8.1452,123.00,127.00,153.90,161.86,0.8454,0,centroids differ by 8.0 km
2,78.4085,8.1027,123.00,133.00,154.11,164.59,0.7122,0,centroids differ by 10.5 km
2,78.4273,8.1996,121.00,129.00,153.74,163.26,0.8348,0,centroids differ by 9.5 km
2,78.4072,8.0763,123.00,133.00,154.12,164.69,0.7001,0,centroids differ by 10.6 km
2,78.4006,8.1551,119.00,133.00,153.60,165.10,0.6046,0,correlation 0.60 <= 0.7
2,78.4094,8.1685,123.00,129.00,153.94,164.52,0.7122,0,centroids differ by 10.6 km
2,78.3924,8.1898,119.00,137.00,152.95,165.54,0.4858,0,correlation 0.49 <= 0.7
2,78.3902,8.0603,119.00,136.00,152.75,165.77,0.4418,0,correlation 0.44 <= 0.7
2,78.4073,8.1568,123.00,131.00,153.91,164.66,0.6913,0,correlation 0.69 <= 0.7
2,78.4123,8.1984,123.00,129.00,153.87,164.33,0.7355,0,centroids differ by 10.5 km
2,78.3903,8.1076,119.00,139.00,152.76,165.73,0.4445,0,correlation 0.44 <= 0.7
2,78.4156,8.1491,123.00,131.00,154.12,164.10,0.7729,0,centroids differ by 10.0 km
2,78.3885,8.1115,117.00,139.00,152.56,165.81,0.4150,0,correlation 0.41 <= 0.7
2,78.3993,8.1677,119.00,135.00,153.50,165.17,0.5845,0,correlation 0.58 <= 0.7
2,78.3741,8.1759,115.00,143.00,150.53,166.69,0.0990,0,correlation 0.10 <= 0.7
2,78.4054,8.1221,121.00,131.00,153.92,164.80,0.6721,0,correlation 0.67 <= 0.7
2,78.7851,8.0590,179.00,82.00,170.54,162.70,-0.3728,0,correlation -0.37 <= 0.7
2,78.8214,8.0903,187.00,197.00,172.37,167.54,0.6440,0,correlation 0.64 <= 0.7
2,78.8730,8.0025,191.00,219.00,175.51,168.12,0.6524,0,correlation 0.65 <= 0.7
2,78.8110,8.0557,181.00,195.00,171.74,166.30,0.6260,0,correlation 0.63 <= 0.7
2,78.8267,8.0562,189.00,139.00,172.64,168.13,0.6026,0,correlation 0.60 <= 0.7
2,78.8593,8.0438,191.00,227.00,174.74,168.99,0.7490,0,NYA peak not clear against upper and lower means
2,78.8664,7.9730,193.00,231.00,175.05,168.77,0.6991,0,correlation 0.70 <= 0.7
2,78.8322,7.9836,189.00,141.00,172.88,168.74,0.5859,0,correlation 0.59 <= 0.7
2,78.8373,8.0602,189.00,139.00,173.31,168.94,0.6915,0,correlation 0.69 <= 0.7
2,78.8532,8.0814,191.00,223.00,174.42,168.98,0.7728,0,NYA peak not clear against upper and lower means
2,78.7898,8.0888,177.00,135.00,170.74,163.38,-0.1939,0,correlation -0.19 <= 0.7
2,78.8620,7.9901,193.00,229.00,174.80,168.95,0.7178,0,NYA peak not clear against upper and lower means
2,78.8636,8.0380,193.00,227.00,175.01,168.87,0.7334,0,NYA peak not clear against upper and lower means
2,78.7802,7.9921,179.00,80.00,170.33,161.85,-0.5137,0,correlation -0.51 <= 0.7
2,78.8432,8.0399,189.00,225.00,173.66,169.04,0.7371,0,NYA peak not clear against upper and lower means
2,78.8007,7.9653,181.00,139.00,171.21,164.87,0.2061,0,correlation 0.21 <= 0.7
2,78.8140,8.0114,183.00,197.00,171.88,166.72,0.6105,0,correlation 0.61 <= 0.7
2,78.8433,7.9745,191.00,229.00,173.54,169.24,0.6822,0,correlation 0.68 <= 0.7
2,78.7797,8.0055,179.00,80.00,170.31,161.76,-0.5077,0,correlation -0.51 <= 0.7
2,78.8641,8.0169,193.00,229.00,175.00,168.83,0.7246,0,NYA peak not clear against upper and lower means
2,78.7893,8.0838,177.00,135.00,170.72,163.32,-0.2163,0,correlation -0.22 <= 0.7
2,78.8358,8.0679,189.00,139.00,173.23,168.86,0.6793,0,correlation 0.68 <= 0.7
2,78.8268,8.0270,189.00,141.00,172.62,168.17,0.5834,0,correlation 0.58 <= 0.7
2,78.7870,8.0865,177.00,135.00,170.62,162.98,-0.2920,0,correlation -0.29 <= 0.7
2,78.8064,8.0455,181.00,195.00,171.49,165.62,0.5345,0,correlation 0.53 <= 0.7
2,78.8584,8.0291,191.00,227.00,174.65,169.01,0.7437,0,NYA peak not clear against upper and lower means
2,78.8515,8.0071,191.00,229.00,174.15,168.97,0.7184,0,NYA peak not clear against upper and lower means
2,78.8184,7.9441,183.00,201.00,172.06,167.28,0.5866,0,correlation 0.59 <= 0.7
2,78.8589,7.9983,193.00,229.00,174.61,169.02,0.7257,0,NYA peak not clear against upper and lower means
2,78.8263,7.9586,189.00,143.00,172.50,168.18,0.5578,0,correlation 0.56 <= 0.7
2,78.8546,7.9759,193.00,229.00,174.29,169.09,0.7010,0,NYA peak not clear against upper and lower means
2,78.8148,8.0154,181.00,197.00,171.92,166.83,0.6123,0,correlation 0.61 <= 0.7
2,78.8496,7.9764,191.00,229.00,173.96,169.05,0.6929,0,correlation 0.69 <= 0.7
2,78.8231,7.9520,183.00,205.00,172.32,167.85,0.5739,0,correlation 0.57 <= 0.7
2,78.7797,8.0287,179.00,82.00,170.31,161.79,-0.4938,0,correlation -0.49 <= 0.7
2,78.7879,8.0592,179.00,135.00,170.66,163.14,-0.2869,0,correlation -0.29 <= 0.7
2,78.8396,5.8157,191.00,80.00,171.89,163.07,0.1201,0,correlation 0.12 <= 0.7
2,78.8284,5.9256,187.00,80.00,171.86,162.46,-0.0356,0,correlation -0.04 <= 0.7
2,78.8346,5.7952,189.00,80.00,171.90,162.58,0.0016,0,correlation 0.00 <= 0.7
2,78.8394,5.8084,191.00,80.00,171.89,163.03,0.1099,0,correlation 0.11 <= 0.7
2,78.8212,5.9185,187.00,80.00,171.89,162.19,-0.1544,0,correlation -0.15 <= 0.7
2,78.8565,5.8601,199.00,223.00,171.93,164.68,0.4701,0,correlation 0.47 <= 0.7
2,78.8768,5.8836,211.00,221.00,172.04,164.50,0.4058,0,correlation 0.41 <= 0.7
2,78.8682,5.8700,213.00,223.00,171.94,164.78,0.4944,0,correlation 0.49 <= 0.7
2,78.9013,5.8492,223.00,80.00,172.28,162.89,-0.4099,0,correlation -0.41 <= 0.7
2,78.8553,5.8147,201.00,225.00,171.95,164.58,0.4263,0,correlation 0.43 <= 0.7
2,78.9064,5.7955,225.00,87.00,172.25,162.60,-0.4078,0,correlation -0.41 <= 0.7
2,78.8714,5.8176,213.00,225.00,171.94,164.74,0.4704,0,correlation 0.47 <= 0.7
2,78.8247,5.8730,187.00,80.00,171.91,162.20,-0.1193,0,correlation -0.12 <= 0.7
2,78.8788,5.8008,213.00,225.00,171.99,164.48,0.4053,0,correlation 0.41 <= 0.7
2,78.8377,5.8431,189.00,80.00,171.88,162.99,0.0994,0,correlation 0.10 <= 0.7
2,78.8382,5.8659,189.00,80.00,171.88,163.09,0.1247,0,correlation 0.12 <= 0.7
2,78.9095,5.9187,223.00,85.00,172.51,162.39,-0.5042,0,correlation -0.50 <= 0.7
2,78.8324,5.8024,189.00,80.00,171.91,162.42,-0.0342,0,correlation -0.03 <= 0.7
2,78.8331,5.9158,189.00,80.00,171.86,162.78,0.0475,0,correlation 0.05 <= 0.7
2,78.9020,5.8398,223.00,80.00,172.27,162.85,-0.4105,0,correlation -0.41 <= 0.7
2,78.9127,5.9214,223.00,85.00,172.57,162.29,-0.5113,0,correlation -0.51 <= 0.7
2,78.8257,5.8813,187.00,80.00,171.89,162.26,-0.1009,0,correlation -0.10 <= 0.7
2,78.8166,5.8894,187.00,80.00,171.98,162.01,-0.2365,0,correlation -0.24 <= 0.7
2,78.8701,5.9104,211.00,221.00,171.98,164.76,0.4858,0,correlation 0.49 <= 0.7
2,78.8340,5.8703,189.00,80.00,171.87,162.74,0.0378,0,correlation 0.04 <= 0.7
2,78.8894,5.9115,215.00,80.00,172.24,163.94,-0.0962,0,correlation -0.10 <= 0.7
2,78.9119,5.9257,223.00,85.00,172.56,162.31,-0.5117,0,correlation -0.51 <= 0.7
2,78.9039,5.8027,225.00,80.00,172.24,162.75,-0.3948,0,correlation -0.39 <= 0.7
2,78.8823,5.8037,213.00,80.00,172.03,164.34,0.3209,0,correlation 0.32 <= 0.7
2,78.9030,5.8462,223.00,87.00,172.29,162.77,-0.4249,0,correlation -0.42 <= 0.7
2,78.8709,5.8251,213.00,225.00,171.94,164.74,0.4722,0,correlation 0.47 <= 0.7
2,78.8245,5.8967,187.00,80.00,171.89,162.25,-0.1132,0,correlation -0.11 <= 0.7
2,78.8633,5.8125,201.00,225.00,171.94,164.78,0.4857,0,correlation 0.49 <= 0.7
2,78.8843,5.8113,213.00,80.00,172.06,164.27,0.2469,0,correlation 0.25 <= 0.7
2,78.9063,5.8136,225.00,87.00,172.28,162.60,-0.4184,0,correlation -0.42 <= 0.7
2,78.8804,5.8763,213.00,221.00,172.08,164.36,0.3242,0,correlation 0.32 <= 0.7
2,78.7871,11.9372,151.00,119.00,169.57,165.23,0.2711,0,correlation 0.27 <= 0.7
2,78.8367,11.9811,157.00,243.00,172.79,170.59,0.6764,0,correlation 0.68 <= 0.7
2,78.7781,11.9133,143.00,93.00,168.83,164.42,-0.5180,0,correlation -0.52 <= 0.7
2,78.8198,11.9832,155.00,203.00,171.79,169.50,0.7941,0,NYA peak not clear against upper and lower means
2,78.7688,12.0025,149.00,99.00,168.39,164.91,-0.2768,0,correlation -0.28 <= 0.7
2,78.7555,12.0166,139.00,111.00,167.43,164.80,-0.6291,0,correlation -0.63 <= 0.7
2,78.7929,12.0381,151.00,145.00,170.27,167.00,0.5646,0,correlation 0.56 <= 0.7
2,78.7891,12.0529,151.00,141.00,170.04,166.39,0.4465,0,correlation 0.45 <= 0.7
2,78.7483,12.0182,139.00,109.00,166.92,164.40,-0.5468,0,correlation -0.55 <= 0.7
2,78.7499,11.9234,147.00,249.00,166.90,165.37,0.3386,0,correlation 0.34 <= 0.7
2,78.8284,12.0199,157.00,229.00,172.48,170.33,0.7300,0,NYA peak not clear against upper and lower means
2,78.7682,12.0345,147.00,103.00,168.45,164.93,0.0057,0,correlation 0.01 <= 0.7
2,78.8081,11.9882,153.00,175.00,171.09,168.54,0.8200,0,centroids differ by 2.5 km
2,78.8394,12.0456,161.00,249.00,173.16,170.72,0.6775,0,correlation 0.68 <= 0.7
2,78.8071,11.9127,155.00,163.00,170.87,167.23,0.7817,0,centroids differ by 3.6 km
2,78.7776,12.0065,149.00,93.00,169.08,165.02,-0.0612,0,correlation -0.06 <= 0.7
2,78.7550,11.9910,147.00,97.00,167.36,164.92,-0.9535,0,correlation -0.95 <= 0.7
2,78.7776,12.0254,149.00,95.00,169.14,165.10,0.1525,0,correlation 0.15 <= 0.7
2,78.7886,11.9358,151.00,121.00,169.67,165.35,0.3155,0,correlation 0.32 <= 0.7
2,78.7789,12.0532,149.00,101.00,169.33,165.29,0.3302,0,correlation 0.33 <= 0.7
2,78.8375,11.9900,159.00,247.00,172.86,170.64,0.6711,0,correlation 0.67 <= 0.7
2,78.8178,11.9590,155.00,195.00,171.58,169.06,0.8167,0,centroids differ by 2.5 km
2,78.8061,11.9860,153.00,171.00,170.97,168.34,0.8091,0,centroids differ by 2.6 km
2,78.8248,11.9314,156.00,207.00,171.91,169.34,0.7873,0,NYA peak not clear against upper and lower means
2,78.7884,11.9554,151.00,111.00,169.72,165.71,0.3615,0,correlation 0.36 <= 0.7
2,78.7865,11.9342,151.00,117.00,169.51,165.11,0.2305,0,correlation 0.23 <= 0.7
2,78.7791,11.9162,151.00,97.00,168.91,164.45,-0.4354,0,correlation -0.44 <= 0.7
2,78.8063,11.9289,155.00,163.00,170.86,167.38,0.7978,0,centroids differ by 3.5 km
2,78.7499,12.0483,145.00,127.00,167.07,164.43,0.0724,0,correlation 0.07 <= 0.7
2,78.8027,11.9517,153.00,157.00,170.69,167.37,0.7704,0,centroids differ by 3.3 km
2,78.7482,11.9406,143.00,249.00,166.81,165.29,0.0743,0,correlation 0.07 <= 0.7
2,78.8407,11.9093,159.00,241.00,172.72,170.25,0.6601,0,correlation 0.66 <= 0.7
2,78.7606,11.9669,141.00,93.00,167.71,164.91,-0.6074,0,correlation -0.61 <= 0.7
2,78.8180,11.9983,155.00,201.00,171.74,169.41,0.8049,0,NYA peak not clear against upper and lower means
2,78.7659,12.0397,147.00,105.00,168.28,164.93,0.0504,0,correlation 0.05 <= 0.7
2,78.7547,11.9861,147.00,95.00,167.34,164.95,-0.9144,0,correlation -0.91 <= 0.7
2,78.3823,3.7634,125.00,133.00,157.22,164.35,0.6500,0,correlation 0.65 <= 0.7
2,78.3826,3.7561,125.00,133.00,157.23,164.37,0.6494,0,correlation 0.65 <= 0.7
2,78.4591,3.7667,149.00,111.00,165.34,166.16,-0.2481,0,correlation -0.25 <= 0.7
2,78.4354,3.7864,133.00,131.00,161.41,165.71,0.4594,0,correlation 0.46 <= 0.7
2,78.4741,3.8098,157.00,111.00,166.86,166.09,-0.5205,0,correlation -0.52 <= 0.7
2,78.3834,3.8464,125.00,135.00,156.77,164.18,0.6368,0,correlation 0.64 <= 0.7
2,78.4757,3.8196,159.00,109.00,167.13,166.08,-0.5398,0,correlation -0.54 <= 0.7
2,78.4462,3.8302,137.00,117.00,162.74,165.93,0.2401,0,correlation 0.24 <= 0.7
2,78.4362,3.7802,135.00,119.00,161.53,165.75,0.4422,0,correlation 0.44 <= 0.7
2,78.4122,3.7234,129.00,131.00,158.20,165.32,0.5717,0,correlation 0.57 <= 0.7
2,78.4037,3.8387,127.00,129.00,157.01,164.90,0.5675,0,correlation 0.57 <= 0.7
2,78.4523,3.8276,138.00,117.00,163.55,166.06,0.0407,0,correlation 0.04 <= 0.7
2,78.4051,3.8246,127.00,129.00,157.17,164.97,0.5688,0,correlation 0.57 <= 0.7
2,78.3840,3.8089,125.00,133.00,156.89,164.29,0.6372,0,correlation 0.64 <= 0.7
2,78.4605,3.8416,147.00,111.00,164.69,166.12,-0.2111,0,correlation -0.21 <= 0.7
2,78.4062,3.8113,127.00,131.00,157.31,165.03,0.5698,0,correlation 0.57 <= 0.7
2,78.3952,3.7740,127.00,131.00,156.71,164.81,0.5789,0,correlation 0.58 <= 0.7
2,78.4713,3.7557,157.00,111.00,167.22,166.08,-0.5360,0,correlation -0.54 <= 0.7
2,78.4751,3.8089,159.00,109.00,167.03,166.08,-0.5357,0,correlation -0.54 <= 0.7
2,78.4272,3.8122,133.00,125.00,160.25,165.41,0.5735,0,correlation 0.57 <= 0.7
2,78.4628,3.7394,149.00,113.00,165.93,166.14,-0.3603,0,correlation -0.36 <= 0.7
2,78.3925,3.7291,127.00,131.00,156.86,164.85,0.5917,0,correlation 0.59 <= 0.7
2,78.4683,3.8270,157.00,111.00,165.92,166.14,-0.4070,0,correlation -0.41 <= 0.7
2,78.4537,3.7787,147.00,113.00,163.83,166.14,-0.0525,0,correlation -0.05 <= 0.7
2,78.4273,3.7480,133.00,125.00,160.36,165.56,0.5468,0,correlation 0.55 <= 0.7
2,78.3852,3.7278,127.00,133.00,157.17,164.56,0.6363,0,correlation 0.64 <= 0.7
2,78.4040,3.8124,127.00,131.00,157.09,164.97,0.5660,0,correlation 0.57 <= 0.7
2,78.4275,3.7921,133.00,125.00,160.32,165.47,0.5640,0,correlation 0.56 <= 0.7
2,78.4689,3.7183,157.00,111.00,166.88,166.08,-0.5109,0,correlation -0.51 <= 0.7
2,78.4399,3.7045,135.00,119.00,162.90,166.01,0.2934,0,correlation 0.29 <= 0.7
2,78.4421,3.7899,137.00,117.00,162.29,165.90,0.3183,0,correlation 0.32 <= 0.7
2,78.4437,3.7533,137.00,119.00,163.30,166.02,0.2312,0,correlation 0.23 <= 0.7
2,78.4344,3.8057,133.00,131.00,161.24,165.64,0.4865,0,correlation 0.49 <= 0.7
2,78.4709,3.7580,157.00,111.00,167.15,166.09,-0.5276,0,correlation -0.53 <= 0.7
2,78.4204,3.8411,129.00,129.00,159.22,165.22,0.6068,0,correlation 0.61 <= 0.7
2,78.4032,3.7859,127.00,131.00,157.08,165.01,0.5641,0,correlation 0.56 <= 0.7
2,78.3922,2.1910,143.00,135.00,167.67,165.42,0.4702,0,correlation 0.47 <= 0.7
2,78.3990,2.0843,143.00,129.00,167.57,164.81,0.4219,0,correlation 0.42 <= 0.7
2,78.4347,2.1560,147.00,121.00,168.75,163.72,0.1206,0,correlation 0.12 <= 0.7
2,78.3642,2.0847,147.00,139.00,170.81,166.06,0.7767,0,centroids differ by 4.8 km
2,78.3930,2.1055,143.00,135.00,167.94,165.11,0.4784,0,correlation 0.48 <= 0.7
2,78.4010,2.0902,143.00,127.00,167.43,164.77,0.4028,0,correlation 0.40 <= 0.7
2,78.3910,2.0674,143.00,137.00,168.24,165.05,0.5091,0,correlation 0.51 <= 0.7
2,78.4117,2.0973,145.00,127.00,167.10,164.46,0.3183,0,correlation 0.32 <= 0.7
2,78.4239,2.1087,147.00,125.00,167.60,164.09,0.2659,0,correlation 0.27 <= 0.7
2,78.3511,2.1520,149.00,145.00,171.77,166.56,0.8319,0,centroids differ by 5.2 km
2,78.3834,2.1875,143.00,135.00,168.50,165.70,0.5925,0,correlation 0.59 <= 0.7
2,78.3837,2.1590,143.00,137.00,168.58,165.61,0.5917,0,correlation 0.59 <= 0.7
2,78.3829,2.1356,143.00,137.00,168.75,165.57,0.6070,0,correlation 0.61 <= 0.7
2,78.4153,2.0895,145.00,127.00,167.93,164.33,0.3030,0,correlation 0.30 <= 0.7
2,78.4027,2.1557,143.00,127.00,167.10,164.91,0.3628,0,correlation 0.36 <= 0.7
2,78.3965,2.1371,143.00,135.00,167.54,165.07,0.4331,0,correlation 0.43 <= 0.7
2,78.3956,2.2005,143.00,133.00,167.36,165.32,0.4250,0,correlation 0.42 <= 0.7
2,78.4213,2.1383,145.00,125.00,167.33,164.26,0.2539,0,correlation 0.25 <= 0.7
2,78.3859,2.1041,143.00,137.00,168.58,165.37,0.5701,0,correlation 0.57 <= 0.7
2,78.4222,2.0802,147.00,125.00,168.30,164.07,0.2874,0,correlation 0.29 <= 0.7
2,78.4300,2.1357,147.00,122.00,168.18,163.89,0.1980,0,correlation 0.20 <= 0.7
2,78.3531,2.0790,151.00,145.00,171.79,166.46,0.8215,0,centroids differ by 5.3 km
2,78.3939,2.1491,143.00,135.00,167.69,165.22,0.4576,0,correlation 0.46 <= 0.7
2,78.3827,2.1497,143.00,137.00,168.72,165.61,0.6069,0,correlation 0.61 <= 0.7
2,78.3596,2.1111,149.00,145.00,171.15,166.30,0.7978,0,centroids differ by 4.9 km
2,78.4047,2.1266,143.00,127.00,167.12,164.76,0.3554,0,correlation 0.36 <= 0.7
2,78.4188,2.0683,147.00,127.00,168.13,164.16,0.3072,0,correlation 0.31 <= 0.7
2,78.4295,2.0813,147.00,123.00,169.00,163.74,0.2335,0,correlation 0.23 <= 0.7
2,78.4302,2.1293,147.00,122.00,168.21,163.86,0.2002,0,correlation 0.20 <= 0.7
2,78.3683,2.0735,147.00,137.00,170.46,165.87,0.7560,0,centroids differ by 4.6 km
2,78.3540,2.2002,149.00,143.00,171.41,166.53,0.8234,0,centroids differ by 4.9 km
2,78.4179,2.1263,145.00,127.00,167.16,164.34,0.2740,0,correlation 0.27 <= 0.7
2,78.3753,2.0612,144.08,137.00,169.80,165.60,0.7058,0,centroids differ by 4.2 km
2,78.3904,2.0834,143.00,135.00,168.24,165.14,0.5135,0,correlation 0.51 <= 0.7
2,78.3873,2.1364,143.00,135.00,168.32,165.43,0.5448,0,correlation 0.54 <= 0.7
2,78.4368,2.1569,147.00,121.00,169.03,163.61,0.0820,0,correlation 0.08 <= 0.7
2,78.5686,7.8660,151.00,137.00,161.22,159.45,0.8034,0,centroids differ by 1.8 km
2,78.5854,7.8007,157.00,135.00,161.36,159.34,0.7467,0,centroids differ by 2.0 km
2,78.6072,7.8233,147.00,131.00,161.78,159.08,0.6537,0,correlation 0.65 <= 0.7
2,78.5909,7.8705,137.00,132.97,161.06,159.02,0.7407,0,centroids differ by 2.0 km
2,78.5868,7.8094,137.00,137.00,161.31,159.29,0.7443,0,centroids differ by 2.0 km
2,78.5624,7.8943,150.00,137.00,161.12,159.49,0.7755,0,centroids differ by 1.6 km
2,78.5344,7.8246,137.00,80.00,159.41,160.26,0.7555,0,NYA peak not clear against upper and lower means
2,78.6187,7.8952,145.00,129.00,162.74,158.82,0.4729,0,correlation 0.47 <= 0.7
2,78.5397,7.8491,149.00,80.00,159.85,160.11,0.7749,0,NYA peak not clear against upper and lower means
2,78.5670,7.8672,151.00,137.00,161.21,159.47,0.7997,0,centroids differ by 1.7 km
2,78.6160,7.9025,145.00,129.00,162.52,158.76,0.5136,0,correlation 0.51 <= 0.7
2,78.5308,7.8437,137.00,80.00,159.11,160.25,0.7489,0,NYA peak not clear against upper and lower means
2,78.6209,7.8444,147.00,109.00,162.88,159.12,0.4537,0,correlation 0.45 <= 0.7
2,78.6022,7.9280,145.00,130.56,161.43,158.59,0.6749,0,correlation 0.67 <= 0.7
2,78.5702,7.9153,157.00,135.00,161.02,159.25,0.8072,0,centroids differ by 1.8 km
2,78.5839,7.8206,160.00,137.00,161.28,159.27,0.7554,0,centroids differ by 2.0 km
2,78.5780,7.8151,159.00,136.00,161.40,159.37,0.7735,0,centroids differ by 2.0 km
2,78.6142,7.8557,147.00,131.00,162.34,158.99,0.5549,0,correlation 0.55 <= 0.7
2,78.6090,7.8721,147.00,129.00,161.94,158.86,0.6217,0,correlation 0.62 <= 0.7
2,78.5618,7.8286,153.00,139.00,161.23,159.66,0.7838,0,centroids differ by 1.6 km
2,78.6079,7.8482,147.00,131.00,161.84,158.98,0.6422,0,correlation 0.64 <= 0.7
2,78.5338,7.8970,149.00,111.00,159.38,160.06,0.7543,1,
2,78.6134,7.8028,147.00,131.00,162.26,159.23,0.5766,0,correlation 0.58 <= 0.7
2,78.5828,7.9336,135.00,132.00,160.76,158.89,0.7869,0,centroids differ by 1.9 km
2,78.6162,7.9098,145.00,129.00,162.54,158.72,0.5091,0,correlation 0.51 <= 0.7
2,78.5989,7.8267,139.00,133.90,161.36,159.03,0.7059,0,centroids differ by 2.3 km
2,78.5819,7.9408,135.00,132.00,160.73,158.89,0.7933,0,centroids differ by 1.8 km
2,78.6204,7.8830,147.00,127.00,162.86,158.92,0.4517,0,correlation 0.45 <= 0.7
2,78.5800,7.9239,135.00,133.00,160.82,158.99,0.7986,0,centroids differ by 1.8 km
2,78.5652,7.8239,153.00,139.00,161.32,159.64,0.7990,0,centroids differ by 1.7 km
2,78.5235,7.8972,134.00,113.77,158.51,160.06,0.7388,0,centroids differ by 1.6 km
2,78.5363,7.8435,143.00,80.00,159.56,160.18,0.7613,0,NYA peak not clear against upper and lower means
2,78.6169,7.8699,147.00,129.00,162.58,158.94,0.5094,0,correlation 0.51 <= 0.7
2,78.5897,7.8785,155.00,132.92,161.01,159.01,0.7466,0,centroids differ by 2.0 km
2,78.5637,7.9327,149.00,135.00,161.05,159.32,0.7694,0,centroids differ by 1.7 km
2,78.6124,7.9149,145.00,129.00,162.24,158.67,0.5663,0,correlation 0.57 <= 0.7
2,78.8263,9.8044,161.00,151.00,170.68,166.47,0.2335,0,correlation 0.23 <= 0.7
2,78.8109,9.8484,159.00,117.00,169.72,164.39,-0.4280,0,correlation -0.43 <= 0.7
2,78.8002,9.8577,159.00,117.00,169.04,162.47,-0.5678,0,correlation -0.57 <= 0.7
2,78.8672,9.8117,173.00,227.00,173.05,167.95,0.5213,0,correlation 0.52 <= 0.7
2,78.7994,9.8097,161.00,119.00,169.04,162.36,-0.5022,0,correlation -0.50 <= 0.7
2,78.8875,9.7354,177.00,249.00,174.07,168.03,0.5571,0,correlation 0.56 <= 0.7
2,78.8144,9.7847,161.00,137.00,169.99,164.92,-0.2234,0,correlation -0.22 <= 0.7
2,78.8849,9.7465,177.00,239.00,173.95,168.06,0.5614,0,correlation 0.56 <= 0.7
2,78.8399,9.8760,166.47,195.00,171.50,169.00,0.5659,0,correlation 0.57 <= 0.7
2,78.8461,9.7938,165.00,205.00,171.86,169.29,0.6186,0,correlation 0.62 <= 0.7
2,78.8443,9.7442,165.00,213.00,171.77,169.83,0.6291,0,correlation 0.63 <= 0.7
2,78.7999,9.7564,161.00,123.00,169.16,162.33,-0.4364,0,correlation -0.44 <= 0.7
2,78.8834,9.8788,175.00,237.00,174.01,168.16,0.5764,0,correlation 0.58 <= 0.7
2,78.8620,9.7387,171.00,231.00,172.77,168.61,0.5552,0,correlation 0.56 <= 0.7
2,78.8069,9.8659,159.00,115.00,169.45,163.62,-0.5403,0,correlation -0.54 <= 0.7
2,78.8938,9.8135,177.00,245.00,174.37,167.61,0.4487,0,correlation 0.45 <= 0.7
2,78.8677,9.7446,175.00,233.00,173.08,168.25,0.5427,0,correlation 0.54 <= 0.7
2,78.8613,9.8424,173.00,221.00,172.75,168.17,0.5011,0,correlation 0.50 <= 0.7
2,78.8724,9.7988,175.00,229.00,173.33,167.91,0.5521,0,correlation 0.55 <= 0.7
2,78.8161,9.7948,161.00,137.00,170.09,165.22,-0.1728,0,correlation -0.17 <= 0.7
2,78.8408,9.7996,163.00,207.00,171.55,169.34,0.5956,0,correlation 0.60 <= 0.7
2,78.8458,9.8527,165.00,217.00,171.84,168.89,0.5601,0,correlation 0.56 <= 0.7
2,78.8102,9.7585,161.00,123.00,169.75,164.00,-0.2825,0,correlation -0.28 <= 0.7
2,78.8621,9.8809,173.00,217.00,172.84,168.01,0.4879,0,correlation 0.49 <= 0.7
2,78.8328,9.7850,162.00,153.00,171.08,167.76,0.4319,0,correlation 0.43 <= 0.7
2,78.8647,9.8583,173.00,221.00,172.97,167.93,0.5041,0,correlation 0.50 <= 0.7
2,78.8824,9.8731,175.00,237.00,173.94,168.24,0.5776,0,correlation 0.58 <= 0.7
2,78.8176,9.8275,159.00,133.00,170.14,165.35,-0.1466,0,correlation -0.15 <= 0.7
2,78.8841,9.8351,177.00,241.00,173.96,168.20,0.5532,0,correlation 0.55 <= 0.7
2,78.8716,9.8076,175.00,227.00,173.29,167.90,0.5470,0,correlation 0.55 <= 0.7
2,78.8548,9.7768,167.00,225.00,172.38,168.87,0.5640,0,correlation 0.56 <= 0.7
2,78.8056,9.8218,161.00,119.00,169.41,163.24,-0.4752,0,correlation -0.48 <= 0.7
2,78.8106,9.8736,159.00,115.00,169.67,164.32,-0.4809,0,correlation -0.48 <= 0.7
2,78.8120,9.7774,161.00,121.00,169.84,164.44,-0.2767,0,correlation -0.28 <= 0.7
2,78.8930,9.7572,179.00,249.00,174.32,167.74,0.4906,0,correlation 0.49 <= 0.7
2,78.8021,9.7577,161.00,121.00,169.28,162.56,-0.4162,0,correlation -0.42 <= 0.7
2,78.4030,4.1369,125.00,127.00,155.60,164.07,0.5776,0,correlation 0.58 <= 0.7
2,78.4011,4.0713,125.00,127.00,155.50,164.16,0.5744,0,correlation 0.57 <= 0.7
2,78.3836,4.0047,123.00,133.00,155.30,163.99,0.6106,0,correlation 0.61 <= 0.7
2,78.4004,4.0916,125.00,127.00,155.39,164.09,0.5731,0,correlation 0.57 <= 0.7
2,78.4492,4.1399,143.00,119.00,161.90,165.42,0.3138,0,correlation 0.31 <= 0.7
2,78.4341,4.1032,133.00,123.00,159.94,165.02,0.5548,0,correlation 0.55 <= 0.7
2,78.3780,4.0313,123.00,135.00,155.59,164.09,0.6188,0,correlation 0.62 <= 0.7
2,78.4373,4.0200,135.00,123.00,161.25,165.26,0.5160,0,correlation 0.52 <= 0.7
2,78.4006,4.0670,125.00,127.00,155.46,164.15,0.5739,0,correlation 0.57 <= 0.7
2,78.3655,4.1495,121.00,129.00,156.45,164.74,0.5975,0,correlation 0.60 <= 0.7
2,78.4141,4.1460,125.00,125.00,157.12,164.42,0.6044,0,correlation 0.60 <= 0.7
2,78.3908,4.0047,125.00,133.00,155.12,164.03,0.5876,0,correlation 0.59 <= 0.7
2,78.4369,4.1052,133.00,123.00,160.31,165.09,0.5254,0,correlation 0.53 <= 0.7
2,78.3669,4.0581,121.00,131.00,156.72,164.53,0.6243,0,correlation 0.62 <= 0.7
2,78.4106,4.0620,125.00,127.00,156.71,164.53,0.5967,0,correlation 0.60 <= 0.7
2,78.3779,4.0553,123.00,133.00,155.49,164.11,0.6132,0,correlation 0.61 <= 0.7
2,78.4555,4.0280,145.00,115.00,163.71,165.79,0.0990,0,correlation 0.10 <= 0.7
2,78.3971,4.1089,125.00,131.00,155.08,163.99,0.5681,0,correlation 0.57 <= 0.7
2,78.4515,4.0041,145.00,115.00,163.16,165.72,0.2076,0,correlation 0.21 <= 0.7
2,78.3881,4.1276,123.00,131.00,154.71,163.96,0.5740,0,correlation 0.57 <= 0.7
2,78.4532,4.0293,145.00,115.00,163.36,165.72,0.1728,0,correlation 0.17 <= 0.7
2,78.4111,4.0602,125.00,127.00,156.78,164.56,0.5980,0,correlation 0.60 <= 0.7
2,78.4297,4.0547,131.00,125.00,159.44,165.01,0.5919,0,correlation 0.59 <= 0.7
2,78.4572,4.1116,151.00,113.00,163.11,165.70,0.1001,0,correlation 0.10 <= 0.7
2,78.4444,4.1092,135.00,119.00,161.28,165.32,0.4131,0,correlation 0.41 <= 0.7
2,78.4472,4.1228,143.00,127.00,161.65,165.38,0.3565,0,correlation 0.36 <= 0.7
2,78.3893,4.1082,123.00,131.00,154.77,163.95,0.5742,0,correlation 0.57 <= 0.7
2,78.3932,4.1376,123.00,131.00,154.78,163.93,0.5644,0,correlation 0.56 <= 0.7
2,78.4249,4.0511,131.00,125.00,158.79,164.92,0.6125,0,correlation 0.61 <= 0.7
2,78.3608,4.0850,121.00,131.00,157.42,164.93,0.6134,0,correlation 0.61 <= 0.7
2,78.4044,4.1256,125.00,127.00,155.78,164.13,0.5812,0,correlation 0.58 <= 0.7
2,78.3890,4.0950,123.00,131.00,154.81,163.95,0.5775,0,correlation 0.58 <= 0.7
2,78.4306,4.1396,133.00,123.00,159.43,164.90,0.5764,0,correlation 0.58 <= 0.7
2,78.3967,4.0632,125.00,131.00,155.16,164.05,0.5726,0,correlation 0.57 <= 0.7
2,78.4225,4.0293,131.00,127.00,158.49,164.91,0.6172,0,correlation 0.62 <= 0.7
2,78.3722,4.1378,121.00,129.00,155.69,164.41,0.6001,0,correlation 0.60 <= 0.7
2,78.3550,1.7781,153.00,143.00,173.25,165.70,0.7905,0,centroids differ by 7.6 km
2,78.3475,1.7791,155.00,143.00,173.73,166.10,0.7848,0,centroids differ by 7.6 km
2,78.3023,1.8103,100.00,163.00,174.93,167.87,-0.2293,0,correlation -0.23 <= 0.7
2,78.3703,1.8200,143.00,141.00,171.87,165.07,0.7381,0,centroids differ by 6.8 km
2,78.3539,1.8667,153.00,141.00,173.15,166.00,0.8005,0,centroids differ by 7.1 km
2,78.2873,1.8154,117.00,165.00,174.84,168.35,-0.7077,0,correlation -0.71 <= 0.7
2,78.3597,1.8216,153.00,141.00,172.80,165.60,0.7864,0,centroids differ by 7.2 km
2,78.2805,1.7683,117.00,167.00,174.74,168.59,-0.8179,0,correlation -0.82 <= 0.7
2,78.2883,1.8633,117.00,165.00,174.83,168.26,-0.6785,0,correlation -0.68 <= 0.7
2,78.3433,1.7881,169.00,151.00,173.94,166.35,0.7795,0,centroids differ by 7.6 km
2,78.3596,1.7687,153.00,143.00,172.93,165.45,0.7819,0,centroids differ by 7.5 km
2,78.2844,1.7791,117.00,167.00,174.81,168.47,-0.7609,0,correlation -0.76 <= 0.7
2,78.3461,1.7772,155.00,143.00,173.81,166.17,0.7826,0,centroids differ by 7.6 km
2,78.3681,1.7747,151.00,141.00,172.20,165.03,0.7473,0,centroids differ by 7.2 km
2,78.3079,1.8584,205.00,163.00,174.88,167.66,0.0520,0,correlation 0.05 <= 0.7
2,78.3364,1.7662,169.00,151.00,174.27,166.66,0.7322,0,centroids differ by 7.6 km
2,78.3495,1.7738,155.00,143.00,173.63,165.98,0.7867,0,centroids differ by 7.6 km
2,78.3664,1.8376,143.00,141.00,172.17,165.32,0.7638,0,centroids differ by 6.8 km
2,78.2814,1.7791,117.00,167.00,174.76,168.56,-0.8056,0,correlation -0.81 <= 0.7
2,78.3271,1.8126,171.00,149.00,174.53,167.04,0.6538,0,correlation 0.65 <= 0.7
2,78.3456,1.7812,155.00,143.00,173.83,166.21,0.7826,0,centroids differ by 7.6 km
2,78.3571,1.9038,153.00,141.00,172.81,165.93,0.7988,0,centroids differ by 6.9 km
2,78.2929,1.8263,100.00,165.00,174.89,168.19,-0.5740,0,correlation -0.57 <= 0.7
2,78.3435,1.8370,153.00,149.00,173.84,166.45,0.7911,0,centroids differ by 7.4 km
2,78.3059,1.7899,100.00,163.00,174.93,167.73,-0.0727,0,correlation -0.07 <= 0.7
2,78.3356,1.8233,169.00,149.00,174.22,166.79,0.7496,0,centroids differ by 7.4 km
2,78.3757,1.8704,146.34,139.00,171.20,164.99,0.6983,0,correlation 0.70 <= 0.7
2,78.3382,1.8191,169.00,149.00,174.12,166.68,0.7656,0,centroids differ by 7.4 km
2,78.3196,1.7863,177.00,169.00,174.77,167.24,0.4711,0,correlation 0.47 <= 0.7
2,78.2769,1.8820,116.00,165.00,173.57,168.49,-0.8432,0,correlation -0.84 <= 0.7
2,78.3236,1.8260,174.44,167.00,174.63,167.13,0.5933,0,correlation 0.59 <= 0.7
2,78.3343,1.8358,169.00,149.00,174.25,166.85,0.7447,0,centroids differ by 7.4 km
2,78.3130,1.8443,175.00,161.00,174.84,167.48,0.2704,0,correlation 0.27 <= 0.7
2,78.2920,1.8385,100.00,165.00,174.88,168.20,-0.5941,0,correlation -0.59 <= 0.7
2,78.3030,1.9055,98.00,163.00,173.80,167.83,-0.1808,0,correlation -0.18 <= 0.7
2,78.2875,1.7661,117.00,167.00,174.85,168.40,-0.7095,0,correlation -0.71 <= 0.7
2,78.3364,2.6453,157.00,151.00,169.78,166.24,0.8329,0,centroids differ by 3.5 km
2,78.2891,2.5391,111.00,161.00,171.25,166.87,-0.4825,0,correlation -0.48 <= 0.7
2,78.2829,2.6336,109.00,161.00,171.18,167.03,-0.5746,0,correlation -0.57 <= 0.7
2,78.3044,2.5280,94.00,157.00,171.16,166.58,0.0271,0,correlation 0.03 <= 0.7
2,78.2786,2.6494,109.00,157.00,171.14,167.21,-0.6363,0,correlation -0.64 <= 0.7
2,78.3010,2.6315,94.00,159.00,171.11,166.37,-0.0678,0,correlation -0.07 <= 0.7
2,78.3231,2.5845,161.00,153.00,170.58,166.40,0.6551,0,correlation 0.66 <= 0.7
2,78.3335,2.6328,159.00,151.00,169.98,166.27,0.8117,0,centroids differ by 3.7 km
2,78.2818,2.5471,111.00,163.00,171.22,167.15,-0.6206,0,correlation -0.62 <= 0.7
2,78.3596,2.5866,141.00,145.00,167.97,166.24,0.8147,0,centroids differ by 1.7 km
2,78.3561,2.5161,145.00,147.00,169.42,166.37,0.8267,0,centroids differ by 3.0 km
2,78.3261,2.6166,161.00,151.00,170.39,166.32,0.7173,0,centroids differ by 4.1 km
2,78.2965,2.5745,94.00,161.00,171.20,166.57,-0.2552,0,correlation -0.26 <= 0.7
2,78.3402,2.6405,157.00,151.00,169.54,166.26,0.8481,0,centroids differ by 3.3 km
2,78.2926,2.6336,109.00,161.00,171.18,166.65,-0.3516,0,correlation -0.35 <= 0.7
2,78.3558,2.6152,145.00,149.00,168.27,166.22,0.8308,0,centroids differ by 2.1 km
2,78.3469,2.6080,145.00,151.00,169.12,166.29,0.8528,0,centroids differ by 2.8 km
2,78.3076,2.5195,192.04,155.00,171.13,166.61,0.1529,0,correlation 0.15 <= 0.7
2,78.2718,2.5352,94.00,159.00,171.15,167.53,-0.7452,0,correlation -0.75 <= 0.7
2,78.3151,2.6149,165.00,153.00,170.85,166.30,0.4433,0,correlation 0.44 <= 0.7
2,78.2954,2.5531,94.00,161.00,171.22,166.64,-0.3034,0,correlation -0.30 <= 0.7
2,78.3026,2.5690,94.00,159.00,171.15,166.48,-0.0289,0,correlation -0.03 <= 0.7
2,78.3010,2.5503,94.00,159.00,171.18,166.54,-0.0981,0,correlation -0.10 <= 0.7
2,78.2704,2.6264,109.00,157.00,171.11,167.60,-0.7400,0,correlation -0.74 <= 0.7
2,78.3618,2.5155,139.00,155.00,168.83,166.34,0.7997,0,centroids differ by 2.5 km
2,78.3470,2.6487,145.00,149.00,169.00,166.22,0.8528,0,centroids differ by 2.8 km
2,78.2748,2.5501,110.00,159.00,171.16,167.40,-0.7104,0,correlation -0.71 <= 0.7
2,78.3464,2.5199,145.00,151.00,170.30,166.44,0.8558,0,centroids differ by 3.9 km
2,78.2891,2.5860,109.00,161.00,171.22,166.82,-0.4632,0,correlation -0.46 <= 0.7
2,78.3476,2.6368,145.00,149.00,168.98,166.23,0.8521,0,centroids differ by 2.8 km
2,78.3213,2.6229,164.13,153.00,170.60,166.29,0.6203,0,correlation 0.62 <= 0.7
2,78.2785,2.6206,109.00,159.00,171.15,167.22,-0.6464,0,correlation -0.65 <= 0.7
2,78.3171,2.5186,167.00,155.00,170.89,166.61,0.4912,0,correlation 0.49 <= 0.7
2,78.3642,2.6213,135.00,145.00,167.35,166.18,0.7942,0,centroids differ by 1.2 km
2,78.3514,2.6624,143.00,149.00,168.57,166.16,0.8442,0,centroids differ by 2.4 km
2,78.3382,2.5461,159.00,151.00,169.87,166.47,0.8386,0,centroids differ by 3.4 km
2,78.6670,7.0709,161.00,95.00,166.07,162.41,-0.1242,0,correlation -0.12 <= 0.7
2,78.6607,7.0622,161.00,113.00,165.61,162.48,0.0666,0,correlation 0.07 <= 0.7
2,78.5942,7.0860,165.00,84.00,164.23,161.23,0.5215,0,correlation 0.52 <= 0.7
2,78.6396,7.0562,151.00,143.00,164.63,162.44,0.5890,0,correlation 0.59 <= 0.7
2,78.5730,7.0503,151.00,80.00,163.24,160.22,0.5508,0,correlation 0.55 <= 0.7
2,78.6555,7.1171,159.00,155.00,165.27,162.55,0.3143,0,correlation 0.31 <= 0.7
2,78.5733,7.0919,157.00,80.00,163.17,160.12,0.5671,0,correlation 0.57 <= 0.7
2,78.6055,7.0557,169.00,119.00,164.62,161.76,0.5347,0,correlation 0.53 <= 0.7
2,78.6611,7.1120,159.00,111.00,165.67,162.42,0.0822,0,correlation 0.08 <= 0.7
2,78.5988,7.0573,165.00,119.00,164.46,161.58,0.5265,0,correlation 0.53 <= 0.7
2,78.6542,7.0567,153.00,131.00,165.16,162.65,0.3302,0,correlation 0.33 <= 0.7
2,78.5901,7.0037,165.00,85.00,164.27,161.43,0.5459,0,correlation 0.55 <= 0.7
2,78.6567,7.0381,161.00,113.00,165.32,162.61,0.2163,0,correlation 0.22 <= 0.7
2,78.6324,7.0819,149.00,145.00,164.46,162.06,0.5645,0,correlation 0.56 <= 0.7
2,78.6284,7.0915,149.00,145.00,164.40,161.91,0.5443,0,correlation 0.54 <= 0.7
2,78.6466,6.9938,173.00,133.00,164.94,162.86,0.5245,0,correlation 0.52 <= 0.7
2,78.6458,6.9866,173.00,133.00,164.95,162.87,0.5360,0,correlation 0.54 <= 0.7
2,78.6188,7.0021,167.00,123.00,164.87,162.18,0.5069,0,correlation 0.51 <= 0.7
2,78.6655,7.0683,161.00,95.00,165.97,162.41,-0.0838,0,correlation -0.08 <= 0.7
2,78.6012,7.0595,165.00,119.00,164.52,161.65,0.5274,0,correlation 0.53 <= 0.7
2,78.6091,7.0720,167.00,117.00,164.58,161.78,0.5402,0,correlation 0.54 <= 0.7
2,78.6108,7.0608,166.00,119.68,164.64,161.88,0.5416,0,correlation 0.54 <= 0.7
2,78.6147,7.0462,166.00,123.00,164.70,162.01,0.5309,0,correlation 0.53 <= 0.7
2,78.5721,7.1089,149.00,80.00,163.07,160.03,0.5730,0,correlation 0.57 <= 0.7
2,78.6051,7.0435,169.00,119.00,164.65,161.79,0.5351,0,correlation 0.54 <= 0.7
2,78.6463,7.0722,151.00,131.00,164.74,162.64,0.5543,0,correlation 0.55 <= 0.7
2,78.6180,7.0430,165.00,123.00,164.69,162.03,0.5184,0,correlation 0.52 <= 0.7
2,78.5683,7.0741,145.00,80.00,162.92,159.95,0.5479,0,correlation 0.55 <= 0.7
2,78.5727,7.1201,157.00,80.00,163.08,160.03,0.5781,0,correlation 0.58 <= 0.7
2,78.6625,6.9931,163.00,115.00,165.72,162.49,-0.0360,0,correlation -0.04 <= 0.7
2,78.5810,7.1037,163.00,80.00,163.59,160.44,0.5665,0,correlation 0.57 <= 0.7
2,78.6087,7.0509,169.00,117.00,164.67,161.85,0.5390,0,correlation 0.54 <= 0.7
2,78.6628,7.0610,161.00,113.00,165.77,162.44,-0.0094,0,correlation -0.01 <= 0.7
2,78.5807,7.0883,163.00,80.00,163.61,160.49,0.5653,0,correlation 0.57 <= 0.7
2,78.6620,7.0576,161.00,113.00,165.71,162.45,0.0133,0,correlation 0.01 <= 0.7
2,78.6277,7.0777,163.00,147.00,164.46,161.95,0.5372,0,correlation 0.54 <= 0.7
2,78.3412,3.7412,131.00,137.00,162.49,165.51,0.6848,0,correlation 0.68 <= 0.7
2,78.3821,3.8346,125.00,135.00,156.91,164.18,0.6432,0,correlation 0.64 <= 0.7
2,78.2985,3.7930,84.00,145.00,164.43,168.75,-0.0543,0,correlation -0.05 <= 0.7
2,78.3776,3.6971,127.00,135.00,157.97,164.36,0.6784,0,correlation 0.68 <= 0.7
2,78.3841,3.6997,127.00,133.00,157.38,164.60,0.6436,0,correlation 0.64 <= 0.7
2,78.3159,3.8175,145.00,137.00,164.55,167.58,0.3662,0,correlation 0.37 <= 0.7
2,78.3634,3.7807,125.00,139.00,159.33,164.36,0.6968,0,correlation 0.70 <= 0.7
2,78.3927,3.7571,127.00,131.00,156.76,164.77,0.5909,0,correlation 0.59 <= 0.7
2,78.2975,3.8134,84.00,145.00,164.42,168.88,-0.0769,0,correlation -0.08 <= 0.7
2,78.3858,3.8373,125.00,133.00,156.66,164.27,0.6263,0,correlation 0.63 <= 0.7
2,78.3041,3.7549,171.00,139.00,165.35,168.24,0.1114,0,correlation 0.11 <= 0.7
2,78.3465,3.8140,130.00,135.00,161.54,165.35,0.6770,0,correlation 0.68 <= 0.7
2,78.3444,3.8217,131.00,135.00,161.79,165.51,0.6694,0,correlation 0.67 <= 0.7
2,78.3067,3.7752,157.00,139.00,165.19,168.14,0.1700,0,correlation 0.17 <= 0.7
2,78.2996,3.7948,84.00,145.00,164.39,168.69,-0.0269,0,correlation -0.03 <= 0.7
2,78.3924,3.6900,127.00,133.00,157.01,164.94,0.5925,0,correlation 0.59 <= 0.7
2,78.3178,3.8367,145.00,137.00,163.33,167.49,0.3816,0,correlation 0.38 <= 0.7
2,78.3096,3.7272,151.00,139.00,165.14,167.71,0.2557,0,correlation 0.26 <= 0.7
2,78.3458,3.7462,131.00,137.00,161.90,165.24,0.6956,0,correlation 0.70 <= 0.7
2,78.3362,3.8153,131.00,135.00,162.80,166.03,0.6340,0,correlation 0.63 <= 0.7
2,78.3283,3.7152,145.00,139.00,163.85,166.29,0.5980,0,correlation 0.60 <= 0.7
2,78.3149,3.8379,145.00,137.00,163.53,167.74,0.3223,0,correlation 0.32 <= 0.7
2,78.3567,3.7761,123.00,139.00,160.30,164.67,0.7000,0,centroids differ by 4.4 km
2,78.3237,3.7225,145.00,139.00,164.20,166.65,0.5360,0,correlation 0.54 <= 0.7
2,78.3852,3.7080,127.00,133.00,157.25,164.63,0.6363,0,correlation 0.64 <= 0.7
2,78.3841,3.8275,125.00,133.00,156.80,164.24,0.6351,0,correlation 0.64 <= 0.7
2,78.3953,3.8363,127.00,131.00,156.50,164.64,0.5784,0,correlation 0.58 <= 0.7
2,78.3108,3.7144,151.00,139.00,165.10,167.56,0.2894,0,correlation 0.29 <= 0.7
2,78.3768,3.7212,125.00,137.00,157.94,164.29,0.6793,0,correlation 0.68 <= 0.7
2,78.3584,3.7635,125.79,139.00,160.12,164.56,0.7030,0,centroids differ by 4.4 km
2,78.3013,3.7928,171.00,145.00,165.40,168.57,0.0328,0,correlation 0.03 <= 0.7
2,78.3461,3.7393,131.00,137.00,161.90,165.20,0.6982,0,correlation 0.70 <= 0.7
2,78.3823,3.7093,127.00,133.00,157.47,164.50,0.6539,0,correlation 0.65 <= 0.7
2,78.3156,3.7796,147.00,139.80,164.66,167.45,0.3750,0,correlation 0.37 <= 0.7
2,78.3143,3.7927,149.00,137.00,164.71,167.61,0.3435,0,correlation 0.34 <= 0.7
2,78.3667,3.8092,125.00,139.00,158.75,164.27,0.6872,0,correlation 0.69 <= 0.7
2,78.7950,8.8702,171.00,151.00,171.17,162.44,0.0053,0,correlation 0.01 <= 0.7
2,78.7838,8.7854,173.00,109.00,170.47,161.78,-0.0953,0,correlation -0.10 <= 0.7
2,78.7742,8.8281,173.00,95.00,169.85,160.48,-0.2590,0,correlation -0.26 <= 0.7
2,78.8612,8.8256,175.00,227.00,173.80,168.86,0.5646,0,correlation 0.56 <= 0.7
2,78.8459,8.7919,177.00,207.00,173.35,168.56,0.7915,0,centroids differ by 4.8 km
2,78.8303,8.8825,173.00,175.00,172.57,166.80,0.8046,0,centroids differ by 5.8 km
2,78.8067,8.7927,173.00,157.00,171.91,164.21,0.3627,0,correlation 0.36 <= 0.7
2,78.8416,8.8132,175.00,179.00,173.15,168.33,0.8216,0,centroids differ by 4.8 km
2,78.8324,8.7929,175.00,181.00,172.97,167.28,0.8440,0,centroids differ by 5.7 km
2,78.8556,8.7505,177.00,233.00,173.76,168.87,0.6793,0,correlation 0.68 <= 0.7
2,78.8488,8.7689,177.00,207.00,173.51,168.69,0.7671,0,centroids differ by 4.8 km
2,78.7959,8.8600,171.00,151.00,171.23,162.59,0.0256,0,correlation 0.03 <= 0.7
2,78.8642,8.8756,177.00,223.00,173.90,168.85,0.5304,0,correlation 0.53 <= 0.7
2,78.8430,8.8296,175.00,179.00,173.13,168.35,0.8081,0,centroids differ by 4.8 km
2,78.8408,8.8283,175.00,179.00,173.07,168.24,0.8223,0,centroids differ by 4.8 km
2,78.8573,8.8070,175.00,229.00,173.66,168.80,0.6294,0,correlation 0.63 <= 0.7
2,78.8128,8.7675,173.00,113.00,172.28,164.94,0.4854,0,correlation 0.49 <= 0.7
2,78.8191,8.7782,173.00,157.00,172.57,165.68,0.6083,0,correlation 0.61 <= 0.7
2,78.8463,8.8565,175.00,201.00,173.13,168.32,0.7751,0,centroids differ by 4.8 km
2,78.8297,8.7517,175.00,183.00,173.04,166.99,0.8261,0,centroids differ by 6.1 km
2,78.8479,8.8385,175.00,203.00,173.24,168.46,0.7613,0,centroids differ by 4.8 km
2,78.8039,8.8426,171.00,153.00,171.69,163.77,0.2524,0,correlation 0.25 <= 0.7
2,78.8485,8.7447,177.00,209.00,173.59,168.75,0.7762,0,centroids differ by 4.8 km
2,78.8284,8.8000,175.00,179.00,172.83,166.73,0.7988,0,centroids differ by 6.1 km
2,78.8233,8.8407,173.00,177.00,172.52,166.01,0.6866,0,correlation 0.69 <= 0.7
2,78.8081,8.8362,171.00,155.00,171.93,164.26,0.3694,0,correlation 0.37 <= 0.7
2,78.8210,8.8275,173.00,181.00,172.50,165.76,0.6359,0,correlation 0.64 <= 0.7
2,78.8026,8.8748,171.00,151.00,171.57,163.52,0.1981,0,correlation 0.20 <= 0.7
2,78.8206,8.8074,173.00,111.00,172.55,165.78,0.6394,0,correlation 0.64 <= 0.7
2,78.8645,8.8197,177.00,229.00,173.95,168.93,0.5269,0,correlation 0.53 <= 0.7
2,78.7807,8.8011,173.00,109.00,170.27,161.48,-0.1450,0,correlation -0.14 <= 0.7
2,78.8307,8.8625,173.00,177.00,172.65,166.89,0.8138,0,centroids differ by 5.8 km
2,78.7704,8.8254,171.00,95.00,169.63,159.88,-0.3174,0,correlation -0.32 <= 0.7
2,78.8300,8.7580,175.00,183.00,173.03,167.01,0.8288,0,centroids differ by 6.0 km
2,78.7826,8.7512,175.00,111.00,170.41,161.78,-0.1150,0,correlation -0.12 <= 0.7
2,78.8334,8.7366,175.00,183.00,173.21,167.50,0.8584,0,centroids differ by 5.7 km
2,78.4658,8.7415,119.00,109.00,153.21,161.85,0.7099,0,centroids differ by 8.6 km
2,78.4480,8.8699,115.00,115.00,151.68,163.85,0.6764,0,correlation 0.68 <= 0.7
2,78.4486,8.8446,115.00,115.00,151.77,163.62,0.7070,0,centroids differ by 11.9 km
2,78.4694,8.7496,119.00,109.00,153.44,161.65,0.6679,0,correlation 0.67 <= 0.7
2,78.4282,8.8444,111.00,122.17,150.62,165.20,0.5533,0,correlation 0.55 <= 0.7
2,78.4190,8.8070,113.00,127.00,150.59,165.51,0.4891,0,correlation 0.49 <= 0.7
2,78.4695,8.8860,119.00,107.00,153.36,162.39,0.5701,0,correlation 0.57 <= 0.7
2,78.4890,8.8883,129.00,103.00,155.61,161.09,0.3707,0,correlation 0.37 <= 0.7
2,78.4594,8.8194,117.00,111.00,152.63,162.67,0.7104,0,centroids differ by 10.0 km
2,78.4614,8.8325,117.00,111.00,152.76,162.62,0.6875,0,correlation 0.69 <= 0.7
2,78.4560,8.7778,117.00,113.00,152.43,162.67,0.7605,0,centroids differ by 10.2 km
2,78.4948,8.7614,133.00,105.00,156.04,160.33,0.3541,0,correlation 0.35 <= 0.7
2,78.4411,8.8117,115.00,117.00,151.30,163.93,0.7170,0,centroids differ by 12.6 km
2,78.4066,8.8738,111.00,129.00,150.22,166.41,0.2197,0,correlation 0.22 <= 0.7
2,78.4558,8.8065,117.00,113.00,152.38,162.84,0.7371,0,centroids differ by 10.5 km
2,78.4401,8.7816,115.00,117.00,151.32,163.80,0.7406,0,centroids differ by 12.5 km
2,78.4490,8.7767,117.00,115.00,151.91,163.13,0.7733,0,centroids differ by 11.2 km
2,78.4901,8.8586,131.00,103.00,155.68,160.90,0.3781,0,correlation 0.38 <= 0.7
2,78.4601,8.8499,117.00,111.00,152.64,162.81,0.6773,0,correlation 0.68 <= 0.7
2,78.4942,8.7524,133.00,105.00,155.96,160.32,0.3614,0,correlation 0.36 <= 0.7
2,78.4315,8.7828,113.00,121.00,150.94,164.47,0.6768,0,correlation 0.68 <= 0.7
2,78.4589,8.8311,117.00,111.00,152.58,162.78,0.7024,0,centroids differ by 10.2 km
2,78.4118,8.7558,113.00,131.00,150.83,165.62,0.4509,0,correlation 0.45 <= 0.7
2,78.4477,8.7769,115.00,115.00,151.81,163.22,0.7719,0,centroids differ by 11.4 km
2,78.4972,8.8549,132.00,103.00,156.40,160.51,0.3263,0,correlation 0.33 <= 0.7
2,78.4754,8.8822,122.78,105.00,153.95,161.93,0.5134,0,correlation 0.51 <= 0.7
2,78.4221,8.7515,113.00,123.00,150.89,164.94,0.6098,0,correlation 0.61 <= 0.7
2,78.4339,8.8432,113.00,119.00,150.82,164.79,0.6178,0,correlation 0.62 <= 0.7
2,78.4684,8.8872,117.00,109.00,153.26,162.47,0.5786,0,correlation 0.58 <= 0.7
2,78.4219,8.8835,111.00,125.00,150.28,165.78,0.4085,0,correlation 0.41 <= 0.7
2,78.4235,8.7842,113.00,124.00,150.76,165.09,0.5825,0,correlation 0.58 <= 0.7
2,78.4393,8.7526,113.00,119.00,151.36,163.66,0.7609,0,centroids differ by 12.3 km
2,78.4271,8.7730,113.00,121.00,150.87,164.75,0.6416,0,correlation 0.64 <= 0.7
2,78.4736,8.7906,119.00,107.00,153.73,161.58,0.5987,0,correlation 0.60 <= 0.7
2,78.4570,8.8041,117.00,113.00,152.47,162.74,0.7352,0,centroids differ by 10.3 km
2,78.4060,8.7636,113.00,131.00,150.86,165.98,0.3525,0,correlation 0.35 <= 0.7
2,78.6509,7.7649,151.00,123.00,164.98,159.84,0.1042,0,correlation 0.10 <= 0.7
2,78.5780,7.8357,159.00,135.00,161.29,159.32,0.7809,0,centroids differ by 2.0 km
2,78.5945,7.7618,157.00,136.44,161.51,159.30,0.7111,0,centroids differ by 2.2 km
2,78.5539,7.7388,151.00,143.00,160.89,160.05,0.7844,1,
2,78.5942,7.7219,139.00,137.52,161.66,159.42,0.7041,0,centroids differ by 2.2 km
2,78.6460,7.8588,149.00,101.00,164.62,159.21,0.1169,0,correlation 0.12 <= 0.7
2,78.6087,7.7607,141.00,133.00,161.91,159.35,0.6414,0,correlation 0.64 <= 0.7
2,78.6280,7.8613,149.00,99.00,163.41,159.05,0.3452,0,correlation 0.35 <= 0.7
2,78.5540,7.8463,151.00,139.00,160.88,159.80,0.7912,0,centroids differ by 1.1 km
2,78.5991,7.7451,139.00,141.05,161.60,159.33,0.6999,0,correlation 0.70 <= 0.7
2,78.6342,7.7661,151.00,99.00,163.85,159.41,0.3112,0,correlation 0.31 <= 0.7
2,78.5722,7.8244,151.00,139.00,161.37,159.50,0.7983,0,centroids differ by 1.9 km
2,78.6038,7.8699,139.00,131.94,161.54,158.82,0.6754,0,correlation 0.68 <= 0.7
2,78.5721,7.7633,153.00,139.00,161.61,159.64,0.7865,0,centroids differ by 2.0 km
2,78.5926,7.8541,137.00,133.00,161.14,159.04,0.7311,0,centroids differ by 2.1 km
2,78.6217,7.7960,147.00,127.00,162.92,159.34,0.4539,0,correlation 0.45 <= 0.7
2,78.6125,7.7696,149.00,133.00,162.17,159.37,0.5974,0,correlation 0.60 <= 0.7
2,78.5911,7.8141,137.00,134.73,161.29,159.21,0.7299,0,centroids differ by 2.1 km
2,78.5663,7.8647,151.00,137.00,161.22,159.48,0.7977,0,centroids differ by 1.7 km
2,78.5552,7.7247,151.00,143.00,160.98,160.06,0.7884,1,
2,78.5921,7.8584,137.00,133.00,161.12,159.04,0.7338,0,centroids differ by 2.1 km
2,78.6457,7.7941,151.00,113.00,164.64,159.50,0.1420,0,correlation 0.14 <= 0.7
2,78.5872,7.8059,137.00,135.00,161.32,159.30,0.7419,0,centroids differ by 2.0 km
2,78.6270,7.8490,149.00,109.00,163.33,159.10,0.3632,0,correlation 0.36 <= 0.7
2,78.5707,7.8217,151.00,139.00,161.38,159.55,0.8012,0,centroids differ by 1.8 km
2,78.6268,7.8589,149.00,109.00,163.32,159.06,0.3622,0,correlation 0.36 <= 0.7
2,78.5781,7.8052,159.00,136.00,161.44,159.39,0.7697,0,centroids differ by 2.0 km
2,78.5782,7.7492,153.00,139.00,161.68,159.51,0.7514,0,centroids differ by 2.2 km
2,78.6122,7.8515,147.00,131.00,162.18,159.00,0.5860,0,correlation 0.59 <= 0.7
2,78.6506,7.8539,173.00,101.00,164.91,159.40,0.0651,0,correlation 0.07 <= 0.7
2,78.5579,7.8399,153.00,139.00,161.07,159.73,0.7785,0,centroids differ by 1.3 km
2,78.6003,7.8576,139.00,133.00,161.35,158.89,0.6990,0,correlation 0.70 <= 0.7
2,78.5875,7.8626,155.00,133.00,161.07,159.09,0.7525,0,centroids differ by 2.0 km
2,78.5581,7.7523,152.70,141.00,161.13,159.92,0.7953,0,centroids differ by 1.2 km
2,78.5652,7.7851,155.00,141.00,161.40,159.72,0.8009,0,centroids differ by 1.7 km
2,78.6285,7.7374,149.00,101.00,163.43,159.50,0.3927,0,correlation 0.39 <= 0.7
2,78.4214,3.5249,131.00,125.00,160.60,165.89,0.4722,0,correlation 0.47 <= 0.7
2,78.3733,3.5967,127.00,137.00,159.73,164.48,0.7075,0,centroids differ by 4.7 km
2,78.4031,3.6170,129.00,133.00,158.29,165.38,0.5481,0,correlation 0.55 <= 0.7
2,78.3617,3.5271,128.00,141.00,161.57,164.39,0.7530,0,centroids differ by 2.8 km
2,78.3689,3.5081,127.00,137.00,160.71,164.57,0.7348,0,centroids differ by 3.9 km
2,78.4402,3.5224,137.00,117.00,163.28,166.21,0.0939,0,correlation 0.09 <= 0.7
2,78.3976,3.5453,129.00,135.00,158.31,165.40,0.5629,0,correlation 0.56 <= 0.7
2,78.4132,3.5853,131.00,131.00,159.36,165.63,0.5292,0,correlation 0.53 <= 0.7
2,78.3999,3.6205,129.00,133.00,158.11,165.30,0.5579,0,correlation 0.56 <= 0.7
2,78.4486,3.5219,141.00,115.00,164.38,166.18,-0.1314,0,correlation -0.13 <= 0.7
2,78.4270,3.5485,134.00,121.00,161.39,165.97,0.4282,0,correlation 0.43 <= 0.7
2,78.4198,3.4768,133.00,137.00,160.45,165.95,0.4528,0,correlation 0.45 <= 0.7
2,78.3903,3.4936,129.00,135.00,158.65,165.32,0.6081,0,correlation 0.61 <= 0.7
2,78.4533,3.6127,141.00,115.00,164.82,166.15,-0.1874,0,correlation -0.19 <= 0.7
2,78.4461,3.5761,139.00,115.00,163.95,166.19,-0.0213,0,correlation -0.02 <= 0.7
2,78.3885,3.4768,129.00,135.00,158.83,165.30,0.6216,0,correlation 0.62 <= 0.7
2,78.4293,3.5647,135.00,121.00,161.70,165.99,0.4058,0,correlation 0.41 <= 0.7
2,78.3999,3.6098,129.00,133.00,158.14,165.33,0.5567,0,correlation 0.56 <= 0.7
2,78.3771,3.5049,129.00,137.00,159.72,164.87,0.6932,0,correlation 0.69 <= 0.7
2,78.4257,3.5871,133.08,135.00,161.14,165.86,0.4716,0,correlation 0.47 <= 0.7
2,78.4161,3.4776,131.00,137.00,159.93,165.87,0.4754,0,correlation 0.48 <= 0.7
2,78.4343,3.5390,137.00,121.00,162.44,166.15,0.2783,0,correlation 0.28 <= 0.7
2,78.3946,3.4969,129.00,135.00,158.49,165.42,0.5791,0,correlation 0.58 <= 0.7
2,78.3849,3.4784,129.00,135.00,159.09,165.19,0.6464,0,correlation 0.65 <= 0.7
2,78.3846,3.5336,129.00,135.00,158.87,165.08,0.6454,0,correlation 0.65 <= 0.7
2,78.4294,3.5958,135.00,121.00,161.67,165.94,0.4278,0,correlation 0.43 <= 0.7
2,78.4050,3.5636,131.00,133.00,158.56,165.52,0.5351,0,correlation 0.54 <= 0.7
2,78.4081,3.5690,131.00,133.00,158.80,165.57,0.5292,0,correlation 0.53 <= 0.7
2,78.3815,3.5368,127.00,135.00,159.12,164.97,0.6641,0,correlation 0.66 <= 0.7
2,78.3707,3.4891,127.00,137.00,160.56,164.68,0.7286,0,centroids differ by 4.1 km
2,78.4314,3.5404,135.00,121.00,162.03,166.09,0.3462,0,correlation 0.35 <= 0.7
2,78.4403,3.5851,137.00,121.00,163.17,166.16,0.1601,0,correlation 0.16 <= 0.7
2,78.3657,3.5892,127.00,139.00,160.74,164.34,0.7337,0,centroids differ by 3.6 km
2,78.3802,3.4818,129.00,137.00,159.51,165.03,0.6756,0,correlation 0.68 <= 0.7
2,78.4577,3.5410,142.00,115.00,165.54,166.13,-0.3494,0,correlation -0.35 <= 0.7
2,78.4565,3.5241,142.00,115.00,165.40,166.13,-0.3275,0,correlation -0.33 <= 0.7
2,78.8371,9.0262,171.00,167.00,172.35,167.26,0.7704,0,centroids differ by 5.1 km
2,78.8466,9.0208,173.00,211.00,172.86,167.70,0.7316,0,centroids differ by 5.2 km
2,78.7926,9.0825,167.00,139.00,170.59,161.60,-0.1392,0,correlation -0.14 <= 0.7
2,78.7930,8.9968,169.00,143.00,170.85,161.86,-0.0829,0,correlation -0.08 <= 0.7
2,78.8599,8.9701,177.00,217.00,173.58,168.46,0.5794,0,correlation 0.58 <= 0.7
2,78.8401,9.0806,171.00,187.00,172.44,167.17,0.7544,0,centroids differ by 5.3 km
2,78.8786,8.9900,179.00,217.00,174.46,169.35,0.3870,0,correlation 0.39 <= 0.7
2,78.8055,9.0043,169.00,147.00,171.33,163.43,0.1986,0,correlation 0.20 <= 0.7
2,78.8705,9.0922,177.00,209.00,173.99,169.34,0.5125,0,correlation 0.51 <= 0.7
2,78.8304,9.0850,169.00,163.00,171.90,166.48,0.7190,0,centroids differ by 5.4 km
2,78.8303,9.0095,171.00,167.00,172.09,166.63,0.7569,0,centroids differ by 5.5 km
2,78.8769,8.9926,177.00,217.00,174.39,169.35,0.4052,0,correlation 0.41 <= 0.7
2,78.8185,9.0590,169.00,163.00,171.50,164.72,0.4852,0,correlation 0.49 <= 0.7
2,78.8203,9.0509,171.00,165.00,171.60,165.00,0.5410,0,correlation 0.54 <= 0.7
2,78.7888,9.0139,167.00,101.00,170.59,161.42,-0.1180,0,correlation -0.12 <= 0.7
2,78.8397,9.0479,171.00,189.00,172.46,167.27,0.7651,0,centroids differ by 5.2 km
2,78.8275,9.0700,169.00,163.00,171.80,166.07,0.6968,0,correlation 0.70 <= 0.7
2,78.8572,9.0241,175.00,213.00,173.38,168.22,0.6079,0,correlation 0.61 <= 0.7
2,78.8771,9.1125,177.00,207.00,174.20,169.08,0.4604,0,correlation 0.46 <= 0.7
2,78.8798,9.0204,179.00,215.00,174.46,169.17,0.3880,0,correlation 0.39 <= 0.7
2,78.8231,8.9923,171.00,167.00,171.93,165.52,0.6379,0,correlation 0.64 <= 0.7
2,78.8196,9.0101,171.00,167.00,171.75,164.99,0.5398,0,correlation 0.54 <= 0.7
2,78.8084,9.0590,169.00,143.00,171.19,163.48,0.2262,0,correlation 0.23 <= 0.7
2,78.8466,9.0689,173.00,207.00,172.79,167.53,0.7155,0,centroids differ by 5.3 km
2,78.8773,9.1128,177.00,207.00,174.21,169.06,0.4585,0,correlation 0.46 <= 0.7
2,78.8738,9.0631,177.00,211.00,174.16,169.34,0.4685,0,correlation 0.47 <= 0.7
2,78.7905,9.0442,167.00,99.00,170.62,161.48,-0.1253,0,correlation -0.13 <= 0.7
2,78.8787,9.0042,179.00,217.00,174.44,169.35,0.3929,0,correlation 0.39 <= 0.7
2,78.8576,8.9714,177.00,215.00,173.47,168.33,0.6031,0,correlation 0.60 <= 0.7
2,78.8192,9.0728,169.00,163.00,171.47,164.79,0.4967,0,correlation 0.50 <= 0.7
2,78.8197,9.1089,169.00,161.00,171.35,164.81,0.4908,0,correlation 0.49 <= 0.7
2,78.8400,9.0691,171.00,187.00,172.45,167.20,0.7580,0,centroids differ by 5.3 km
2,78.8538,9.0614,175.00,209.00,173.18,167.96,0.6397,0,correlation 0.64 <= 0.7
2,78.7866,9.0094,167.00,101.00,170.48,161.28,-0.1216,0,correlation -0.12 <= 0.7
2,78.7869,9.0803,167.00,99.00,170.34,161.09,-0.1497,0,correlation -0.15 <= 0.7
2,78.8132,9.0993,169.00,141.00,171.16,163.92,0.3311,0,correlation 0.33 <= 0.7
2,78.7777,10.6373,153.00,85.00,167.73,164.88,0.1900,0,correlation 0.19 <= 0.7
2,78.7864,10.7089,155.00,80.00,168.59,164.91,0.0734,0,correlation 0.07 <= 0.7
2,78.8332,10.6142,167.00,213.00,171.04,168.49,0.6214,0,correlation 0.62 <= 0.7
2,78.7776,10.6742,153.00,82.00,167.84,164.75,0.2854,0,correlation 0.29 <= 0.7
2,78.7765,10.6952,153.00,80.00,167.80,164.69,0.3561,0,correlation 0.36 <= 0.7
2,78.8063,10.6551,160.94,161.00,169.80,165.42,0.6308,0,correlation 0.63 <= 0.7
2,78.8027,10.6042,157.00,167.00,169.73,164.98,0.5020,0,correlation 0.50 <= 0.7
2,78.8513,10.6932,173.00,171.00,171.81,168.73,0.6931,0,correlation 0.69 <= 0.7
2,78.7790,10.5775,155.00,80.00,167.67,164.89,-0.0206,0,correlation -0.02 <= 0.7
2,78.8410,10.5893,167.00,221.00,171.44,168.83,0.5684,0,correlation 0.57 <= 0.7
2,78.7908,10.6395,155.00,87.00,168.94,164.95,-0.0796,0,correlation -0.08 <= 0.7
2,78.8516,10.6291,167.00,179.00,171.89,168.73,0.7041,0,centroids differ by 3.2 km
2,78.7666,10.6037,153.00,221.00,166.60,165.89,0.3863,0,correlation 0.39 <= 0.7
2,78.8054,10.5703,159.00,171.00,169.94,165.17,0.4742,0,correlation 0.47 <= 0.7
2,78.7928,10.6824,155.00,85.00,169.01,165.11,0.3346,0,correlation 0.33 <= 0.7
2,78.7866,10.5887,155.00,83.00,168.45,164.73,-0.0507,0,correlation -0.05 <= 0.7
2,78.8254,10.6125,167.00,175.00,170.75,167.72,0.6940,0,correlation 0.69 <= 0.7
2,78.7689,10.6443,153.00,213.00,166.90,165.43,0.3869,0,correlation 0.39 <= 0.7
2,78.8076,10.7041,163.00,159.00,169.71,166.01,0.7069,0,centroids differ by 3.7 km
2,78.8247,10.5724,167.00,181.00,170.86,167.78,0.6685,0,correlation 0.67 <= 0.7
2,78.8363,10.5789,167.00,221.00,171.26,168.78,0.5998,0,correlation 0.60 <= 0.7
2,78.8469,10.6457,179.00,249.00,171.65,168.60,0.6555,0,correlation 0.66 <= 0.7
2,78.8357,10.6621,165.00,207.00,171.08,168.48,0.5997,0,correlation 0.60 <= 0.7
2,78.7703,10.6986,153.00,203.00,167.21,164.97,0.4049,0,correlation 0.40 <= 0.7
2,78.7876,10.6928,155.00,82.00,168.69,164.94,0.0179,0,correlation 0.02 <= 0.7
2,78.8570,10.6136,173.00,183.00,172.13,168.83,0.7173,0,centroids differ by 3.3 km
2,78.7664,10.6685,153.00,209.00,166.73,165.64,0.4726,0,correlation 0.47 <= 0.7
2,78.8251,10.5665,167.00,181.00,170.90,167.85,0.6622,0,correlation 0.66 <= 0.7
2,78.8626,10.5768,175.00,189.00,172.42,168.86,0.7290,0,centroids differ by 3.6 km
2,78.8297,10.5970,167.00,179.00,170.96,168.16,0.6598,0,correlation 0.66 <= 0.7
2,78.8563,10.6278,175.00,181.00,172.09,168.79,0.7177,0,centroids differ by 3.3 km
2,78.8155,10.6157,165.00,171.00,170.34,166.89,0.7468,0,centroids differ by 3.4 km
2,78.7790,10.5861,155.00,89.00,167.70,164.89,0.0114,0,correlation 0.01 <= 0.7
2,78.7738,10.6668,153.00,85.00,167.44,164.92,0.2997,0,correlation 0.30 <= 0.7
2,78.7955,10.6193,157.00,89.00,169.27,165.08,0.2659,0,correlation 0.27 <= 0.7
2,78.7653,10.5699,153.00,227.00,166.42,166.02,0.2876,0,correlation 0.29 <= 0.7
2,78.2960,3.5358,86.00,143.07,165.97,167.96,-0.1029,0,correlation -0.10 <= 0.7
2,78.3612,3.6332,125.00,141.00,161.16,164.34,0.7328,0,centroids differ by 3.2 km
2,78.3369,3.5797,133.00,139.00,164.44,165.35,0.7151,1,
2,78.3461,3.5381,133.00,143.00,163.56,164.76,0.7580,0,centroids differ by 1.2 km
2,78.3585,3.5612,127.34,141.00,161.86,164.38,0.7515,0,centroids differ by 2.5 km
2,78.3582,3.5810,125.00,141.00,161.81,164.39,0.7476,0,centroids differ by 2.6 km
2,78.2808,3.5511,101.00,149.00,166.20,169.02,-0.4603,0,correlation -0.46 <= 0.7
2,78.3520,3.5474,131.00,143.00,162.77,164.53,0.7592,0,centroids differ by 1.8 km
2,78.3715,3.6012,127.00,137.00,159.93,164.42,0.7144,0,centroids differ by 4.5 km
2,78.3289,3.5362,147.00,139.00,165.27,165.73,0.6622,0,correlation 0.66 <= 0.7
2,78.3329,3.5828,133.00,139.00,164.80,165.60,0.6877,0,correlation 0.69 <= 0.7
2,78.3496,3.5916,132.00,143.00,162.92,164.70,0.7473,0,centroids differ by 1.8 km
2,78.3640,3.6585,125.00,139.00,159.84,164.29,0.7230,0,centroids differ by 4.5 km
2,78.3650,3.6647,127.00,139.00,159.68,164.28,0.7203,0,centroids differ by 4.6 km
2,78.2915,3.6142,86.00,145.00,165.97,168.59,-0.2257,0,correlation -0.23 <= 0.7
2,78.3433,3.5954,133.00,139.00,163.68,165.01,0.7378,0,centroids differ by 1.3 km
2,78.2798,3.5975,101.00,151.00,166.16,169.24,-0.4635,0,correlation -0.46 <= 0.7
2,78.2750,3.5867,101.00,153.00,166.21,169.50,-0.5367,0,correlation -0.54 <= 0.7
2,78.3383,3.5988,133.00,139.00,163.29,165.31,0.7132,0,centroids differ by 2.0 km
2,78.2757,3.6136,101.00,153.00,166.18,169.55,-0.5177,0,correlation -0.52 <= 0.7
2,78.3621,3.6356,125.00,141.00,161.03,164.33,0.7307,0,centroids differ by 3.3 km
2,78.2984,3.6247,86.00,141.00,165.78,168.15,-0.0365,0,correlation -0.04 <= 0.7
2,78.3496,3.6428,132.00,141.00,161.84,164.78,0.7330,0,centroids differ by 2.9 km
2,78.3636,3.5967,127.00,141.00,161.00,164.32,0.7363,0,centroids differ by 3.3 km
2,78.3172,3.5902,149.00,141.00,164.97,166.65,0.4615,0,correlation 0.46 <= 0.7
2,78.3040,3.6353,173.00,142.00,165.57,167.77,0.1288,0,correlation 0.13 <= 0.7
2,78.3476,3.5909,133.00,143.00,163.18,164.78,0.7464,0,centroids differ by 1.6 km
2,78.2803,3.5929,101.00,149.00,166.17,169.20,-0.4568,0,correlation -0.46 <= 0.7
2,78.2778,3.5515,101.00,151.00,166.22,169.20,-0.5100,0,correlation -0.51 <= 0.7
2,78.3354,3.6384,133.00,139.00,163.44,165.60,0.6848,0,correlation 0.68 <= 0.7
2,78.3059,3.6178,173.00,143.00,165.53,167.55,0.1861,0,correlation 0.19 <= 0.7
2,78.3372,3.5873,133.00,139.00,164.39,165.35,0.7144,1,
2,78.3409,3.6120,133.00,139.00,162.98,165.19,0.7216,0,centroids differ by 2.2 km
2,78.3623,3.5705,128.00,141.00,161.30,164.35,0.7433,0,centroids differ by 3.0 km
2,78.3616,3.6763,126.00,141.00,160.08,164.35,0.7230,0,centroids differ by 4.3 km
2,78.3139,3.6813,154.17,141.99,164.98,167.21,0.3704,0,correlation 0.37 <= 0.7
2,78.8229,11.1494,159.00,87.00,170.59,166.40,0.5431,0,correlation 0.54 <= 0.7
2,78.8816,11.1400,173.00,247.00,173.12,169.52,0.8207,0,NYA peak not clear against upper and lower means
2,78.8230,11.1372,161.00,89.00,170.58,166.58,0.5294,0,correlation 0.53 <= 0.7
2,78.8532,11.2088,165.00,205.00,172.16,169.65,0.6826,0,correlation 0.68 <= 0.7
2,78.8012,11.1966,159.00,177.00,169.25,164.92,0.7120,0,centroids differ by 4.3 km
2,78.8358,11.1190,161.00,219.00,171.25,168.54,0.3473,0,correlation 0.35 <= 0.7
2,78.8740,11.1981,171.00,233.00,172.86,169.31,0.8383,0,NYA peak not clear against upper and lower means
2,78.8795,11.1242,173.00,245.00,173.09,169.79,0.7837,0,NYA peak not clear against upper and lower means
2,78.8165,11.1403,161.00,205.00,170.18,166.13,0.7076,0,centroids differ by 4.1 km
2,78.8736,11.1440,172.00,235.00,172.92,169.85,0.7638,0,centroids differ by 3.1 km
2,78.8136,11.0988,161.00,215.00,169.90,166.77,0.6554,0,correlation 0.66 <= 0.7
2,78.8397,11.1811,159.00,205.00,171.45,169.43,0.5611,0,correlation 0.56 <= 0.7
2,78.8243,11.2113,157.00,191.00,170.67,166.60,0.7687,0,centroids differ by 4.1 km
2,78.8707,11.1760,171.00,229.00,172.80,169.48,0.7981,0,NYA peak not clear against upper and lower means
2,78.7830,11.1634,159.00,91.00,167.84,162.64,0.0119,0,correlation 0.01 <= 0.7
2,78.8445,11.1891,165.00,205.00,171.69,169.70,0.6014,0,correlation 0.60 <= 0.7
2,78.8486,11.1145,161.00,227.00,171.85,170.31,0.4757,0,correlation 0.48 <= 0.7
2,78.8496,11.1207,161.00,225.00,171.90,170.32,0.5074,0,correlation 0.51 <= 0.7
2,78.8689,11.1318,169.00,231.00,172.78,170.31,0.6805,0,correlation 0.68 <= 0.7
2,78.8151,11.1769,159.00,195.00,170.15,165.60,0.7721,0,centroids differ by 4.6 km
2,78.8519,11.2022,165.00,205.00,172.09,169.70,0.6641,0,correlation 0.66 <= 0.7
2,78.7908,11.1435,159.00,97.00,168.36,164.06,0.3286,0,correlation 0.33 <= 0.7
2,78.8091,11.1415,161.00,201.00,169.69,166.04,0.7598,0,centroids differ by 3.6 km
2,78.8081,11.2106,159.00,183.00,169.76,165.21,0.8371,0,centroids differ by 4.5 km
2,78.7897,11.2256,157.00,163.00,168.47,163.66,0.2542,0,correlation 0.25 <= 0.7
2,78.8355,11.0942,161.00,225.00,171.23,168.38,0.2420,0,correlation 0.24 <= 0.7
2,78.8433,11.1164,161.00,223.00,171.61,169.83,0.4083,0,correlation 0.41 <= 0.7
2,78.8314,11.1284,159.00,215.00,171.04,167.69,0.3702,0,correlation 0.37 <= 0.7
2,78.7993,11.1646,159.00,181.00,169.03,165.07,0.6710,0,correlation 0.67 <= 0.7
2,78.8095,11.1400,161.00,203.00,169.72,166.07,0.7665,0,centroids differ by 3.6 km
2,78.8449,11.1818,165.00,207.00,171.70,169.75,0.5940,0,correlation 0.59 <= 0.7
2,78.8655,11.1649,169.77,223.00,172.64,169.89,0.7296,0,NYA peak not clear against upper and lower means
2,78.8737,11.1124,171.62,239.00,172.95,170.37,0.6860,0,correlation 0.69 <= 0.7
2,78.7949,11.1207,159.00,201.00,168.61,164.66,0.4534,0,correlation 0.45 <= 0.7
2,78.8516,11.2074,165.00,203.00,172.08,169.66,0.6690,0,correlation 0.67 <= 0.7
2,78.8162,11.1536,161.00,201.00,170.18,165.92,0.7360,0,centroids differ by 4.3 km
2,78.3963,3.1892,133.00,135.00,160.38,165.86,0.5558,0,correlation 0.56 <= 0.7
2,78.3899,3.2049,131.00,139.00,160.65,165.73,0.6169,0,correlation 0.62 <= 0.7
2,78.4003,3.2390,133.00,143.00,160.14,165.89,0.5142,0,correlation 0.51 <= 0.7
2,78.3540,3.1587,135.00,143.00,164.89,165.12,0.8148,1,
2,78.3454,3.1233,139.00,145.00,165.96,165.03,0.8311,1,
2,78.3381,3.1556,139.00,147.00,166.52,164.90,0.8095,0,centroids differ by 1.6 km
2,78.3319,3.2114,151.00,149.00,166.85,164.98,0.7594,0,centroids differ by 1.9 km
2,78.3449,3.1548,139.00,145.00,165.91,164.93,0.8284,1,
2,78.3944,3.1520,133.00,135.00,160.60,165.86,0.5743,0,correlation 0.57 <= 0.7
2,78.3816,3.1615,131.00,141.00,161.57,165.63,0.6813,0,correlation 0.68 <= 0.7
2,78.3917,3.1561,133.00,137.00,160.74,165.81,0.6019,0,correlation 0.60 <= 0.7
2,78.3640,3.1298,132.95,143.00,163.79,165.39,0.7803,0,centroids differ by 1.6 km
2,78.4241,3.2277,135.00,121.00,162.24,166.31,0.1841,0,correlation 0.18 <= 0.7
2,78.4105,3.1844,135.00,127.00,160.70,166.22,0.3724,0,correlation 0.37 <= 0.7
2,78.3637,3.1388,132.46,143.00,163.79,165.36,0.7812,0,centroids differ by 1.6 km
2,78.3974,3.1358,133.00,143.00,161.32,165.92,0.5402,0,correlation 0.54 <= 0.7
2,78.4068,3.1380,135.00,129.00,161.38,166.17,0.4064,0,correlation 0.41 <= 0.7
2,78.3539,3.1466,135.00,143.00,164.95,165.15,0.8156,1,
2,78.3527,3.2357,136.00,143.00,164.77,164.85,0.8129,1,
2,78.3625,3.1088,133.00,143.00,164.06,165.41,0.7874,0,centroids differ by 1.4 km
2,78.3371,3.1782,151.00,149.00,166.54,164.87,0.8008,0,centroids differ by 1.7 km
2,78.4246,3.2014,135.00,121.00,162.34,166.30,0.1563,0,correlation 0.16 <= 0.7
2,78.3330,3.1472,151.00,149.00,166.93,164.96,0.7762,0,centroids differ by 2.0 km
2,78.3775,3.2354,131.00,139.00,161.70,165.46,0.7027,0,centroids differ by 3.8 km
2,78.3816,3.1577,131.00,141.00,161.59,165.64,0.6815,0,correlation 0.68 <= 0.7
2,78.4186,3.1698,135.00,125.00,162.35,166.31,0.2336,0,correlation 0.23 <= 0.7
2,78.3260,3.2221,151.00,149.00,167.24,165.24,0.6916,0,correlation 0.69 <= 0.7
2,78.4204,3.1637,135.00,123.00,162.59,166.31,0.1982,0,correlation 0.20 <= 0.7
2,78.3950,3.1095,133.00,145.00,161.51,165.89,0.5673,0,correlation 0.57 <= 0.7
2,78.4169,3.2360,135.00,127.00,161.23,166.29,0.3136,0,correlation 0.31 <= 0.7
2,78.4209,3.1150,135.00,123.00,162.74,166.27,0.1607,0,correlation 0.16 <= 0.7
2,78.3768,3.2108,131.00,141.00,161.88,165.49,0.7076,0,centroids differ by 3.6 km
2,78.4097,3.1446,135.00,129.00,161.51,166.23,0.3646,0,correlation 0.36 <= 0.7
2,78.4231,3.2369,135.00,124.23,162.07,166.31,0.2106,0,correlation 0.21 <= 0.7
2,78.3444,3.2308,137.00,147.00,165.72,164.75,0.8191,1,
2,78.3886,3.1549,133.00,139.00,160.96,165.76,0.6289,0,correlation 0.63 <= 0.7
2,78.7854,12.5430,157.00,143.00,171.44,166.02,0.4405,0,correlation 0.44 <= 0.7
2,78.7748,12.5781,153.00,107.00,170.81,164.48,-0.4357,0,correlation -0.44 <= 0.7
2,78.8435,12.5884,166.00,223.00,174.50,169.90,0.8387,0,LYR peak not clear against upper and lower means
2,78.7764,12.6205,155.00,115.00,171.00,164.88,-0.2922,0,correlation -0.29 <= 0.7
2,78.8532,12.5948,167.00,237.00,174.87,169.66,0.8682,0,LYR peak not clear against upper and lower means
2,78.8100,12.5449,162.00,175.00,172.80,169.23,0.9044,0,centroids differ by 3.6 km
2,78.8580,12.5550,169.00,249.00,174.93,169.01,0.8554,0,LYR peak not clear against upper and lower means
2,78.8364,12.5817,165.00,211.00,174.29,170.14,0.8141,0,LYR peak not clear against upper and lower means
2,78.8449,12.5103,167.00,217.00,174.55,169.25,0.8983,0,LYR peak not clear against upper and lower means
2,78.7777,12.5920,155.00,111.00,171.04,164.92,-0.1394,0,correlation -0.14 <= 0.7
2,78.8668,12.4872,171.00,249.00,175.11,167.97,0.7842,0,NYA peak not clear against upper and lower means
2,78.8218,12.5489,163.00,185.00,173.49,169.87,0.8480,0,centroids differ by 3.6 km
2,78.8065,12.5700,161.00,179.00,172.66,169.03,0.8892,0,centroids differ by 3.6 km
2,78.8162,12.5775,163.00,183.00,173.31,170.01,0.8578,0,centroids differ by 3.3 km
2,78.8565,12.5355,169.00,249.00,174.86,168.88,0.8354,0,LYR peak not clear against upper and lower means
2,78.7709,12.4798,157.00,93.00,170.16,163.97,-0.6473,0,correlation -0.65 <= 0.7
2,78.8444,12.5650,166.00,221.00,174.52,169.69,0.8801,0,LYR peak not clear against upper and lower means
2,78.8022,12.5812,161.00,159.00,172.44,168.59,0.8522,0,centroids differ by 3.8 km
2,78.7987,12.5639,159.00,157.00,172.21,168.09,0.8214,0,centroids differ by 4.1 km
2,78.8164,12.4848,163.00,171.00,173.01,168.96,0.9302,0,centroids differ by 4.1 km
2,78.8501,12.6083,167.00,235.00,174.79,169.85,0.8380,0,LYR peak not clear against upper and lower means
2,78.8363,12.5178,166.00,205.00,174.18,169.53,0.8965,0,LYR peak not clear against upper and lower means
2,78.8580,12.5643,169.00,243.00,174.96,169.12,0.8667,0,LYR peak not clear against upper and lower means
2,78.7721,12.5477,153.00,99.00,170.52,164.14,-0.5757,0,correlation -0.58 <= 0.7
2,78.8483,12.4964,167.96,249.00,174.64,168.94,0.8529,0,LYR peak not clear against upper and lower means
2,78.8534,12.5225,168.00,249.00,174.79,168.93,0.8429,0,NYA peak not clear against upper and lower means
2,78.7962,12.6209,159.00,167.00,172.20,168.28,0.7335,0,centroids differ by 3.9 km
2,78.8364,12.6221,165.00,213.00,174.27,170.56,0.7601,0,LYR peak not clear against upper and lower means
2,78.8351,12.4946,166.00,201.00,174.02,169.38,0.9001,0,centroids differ by 4.6 km
2,78.7808,12.5340,155.00,133.00,171.11,165.23,0.1442,0,correlation 0.14 <= 0.7
2,78.7904,12.5820,159.00,153.00,171.78,167.18,0.6275,0,correlation 0.63 <= 0.7
2,78.8042,12.5038,161.00,167.00,172.44,168.33,0.9109,0,centroids differ by 4.1 km
2,78.8087,12.6219,161.00,189.00,173.03,169.61,0.8463,0,LYR peak not clear against upper and lower means
2,78.8667,12.5514,171.00,199.00,175.23,168.27,0.7767,0,LYR peak not clear against upper and lower means
2,78.7828,12.4967,157.00,133.00,171.12,165.26,0.2060,0,correlation 0.21 <= 0.7
2,78.7738,12.5512,155.00,103.00,170.66,164.29,-0.4953,0,correlation -0.50 <= 0.7
2,78.8296,8.7153,175.00,185.00,173.16,167.08,0.8344,0,centroids differ by 6.1 km
2,78.7990,8.6261,177.00,163.00,171.46,163.34,0.2213,0,correlation 0.22 <= 0.7
2,78.8195,8.6783,175.00,115.00,172.75,165.99,0.6379,0,correlation 0.64 <= 0.7
2,78.8356,8.7223,175.00,185.00,173.33,167.88,0.8679,0,centroids differ by 5.5 km
2,78.7834,8.6349,175.00,115.00,170.46,162.03,-0.0896,0,correlation -0.09 <= 0.7
2,78.8144,8.6138,177.00,167.00,172.48,165.53,0.5943,0,correlation 0.59 <= 0.7
2,78.8101,8.6443,178.00,165.00,172.20,164.96,0.5287,0,correlation 0.53 <= 0.7
2,78.8634,8.6286,181.00,243.00,174.39,168.88,0.6071,0,correlation 0.61 <= 0.7
2,78.8081,8.6930,175.00,161.00,172.09,164.65,0.4579,0,correlation 0.46 <= 0.7
2,78.8480,8.6474,177.00,189.00,173.93,168.97,0.8069,0,NYA peak not clear against upper and lower means
2,78.8168,8.6961,175.00,115.00,172.59,165.62,0.5847,0,correlation 0.58 <= 0.7
2,78.7834,8.6265,175.00,115.00,170.46,162.05,-0.0882,0,correlation -0.09 <= 0.7
2,78.7732,8.7274,173.00,99.00,169.83,160.40,-0.2827,0,correlation -0.28 <= 0.7
2,78.8465,8.6550,177.00,189.00,173.87,168.92,0.8178,0,centroids differ by 4.9 km
2,78.8134,8.6556,175.00,117.00,172.42,165.31,0.5595,0,correlation 0.56 <= 0.7
2,78.8700,8.5991,181.00,245.00,174.65,168.81,0.5126,0,correlation 0.51 <= 0.7
2,78.7838,8.6383,175.00,115.00,170.49,162.07,-0.0799,0,correlation -0.08 <= 0.7
2,78.7784,8.7040,173.00,113.00,170.15,161.26,-0.2094,0,correlation -0.21 <= 0.7
2,78.7910,8.6336,177.00,115.00,170.95,162.57,0.0486,0,correlation 0.05 <= 0.7
2,78.7955,8.7321,175.00,111.00,171.24,162.79,0.0760,0,correlation 0.08 <= 0.7
2,78.8701,8.6934,179.00,239.00,174.39,168.96,0.4850,0,correlation 0.49 <= 0.7
2,78.7915,8.7045,175.00,113.00,170.97,162.49,0.0225,0,correlation 0.02 <= 0.7
2,78.7731,8.7438,173.00,84.55,169.82,160.38,-0.2850,0,correlation -0.29 <= 0.7
2,78.8699,8.6242,181.00,243.00,174.57,168.86,0.5063,0,correlation 0.51 <= 0.7
2,78.8386,8.6667,177.00,187.00,173.60,168.31,0.8714,0,centroids differ by 5.3 km
2,78.8491,8.6400,179.00,217.00,173.99,168.98,0.7993,0,NYA peak not clear against upper and lower means
2,78.8394,8.7343,175.00,183.00,173.39,168.39,0.8513,0,centroids differ by 5.0 km
2,78.8131,8.6930,175.00,161.00,172.38,165.20,0.5407,0,correlation 0.54 <= 0.7
2,78.8078,8.6943,175.00,161.00,172.06,164.60,0.4474,0,correlation 0.45 <= 0.7
2,78.8415,8.6109,179.00,191.00,173.87,168.63,0.8676,0,centroids differ by 5.2 km
2,78.8252,8.6670,175.00,189.00,173.06,166.70,0.7477,0,centroids differ by 6.4 km
2,78.8014,8.6108,177.00,165.00,171.61,163.71,0.3031,0,correlation 0.30 <= 0.7
2,78.8104,8.6150,179.00,167.00,172.21,165.06,0.5506,0,correlation 0.55 <= 0.7
2,78.8554,8.6045,179.00,219.00,174.28,168.94,0.7359,0,NYA peak not clear against upper and lower means
2,78.8568,8.6446,179.00,213.00,174.18,168.97,0.7048,0,NYA peak not clear against upper and lower means
2,78.8585,8.7211,179.00,235.00,173.94,168.91,0.6438,0,correlation 0.64 <= 0.7
2,78.3270,2.0722,167.00,155.00,173.20,167.08,0.7195,0,centroids differ by 6.1 km
2,78.3303,2.1660,165.00,157.00,172.93,167.00,0.7802,0,centroids differ by 5.9 km
2,78.3355,2.1355,165.00,163.00,172.75,166.86,0.8249,0,centroids differ by 5.9 km
2,78.3072,2.0887,98.00,161.00,173.65,167.60,0.0594,0,correlation 0.06 <= 0.7
2,78.3676,2.0792,147.00,137.00,170.51,165.91,0.7592,0,centroids differ by 4.6 km
2,78.3304,2.1683,165.00,157.00,172.93,167.00,0.7819,0,centroids differ by 5.9 km
2,78.3592,2.0507,151.00,139.00,171.36,166.18,0.8000,0,centroids differ by 5.2 km
2,78.3441,2.0519,151.00,145.00,172.46,166.67,0.8331,0,centroids differ by 5.8 km
2,78.3387,2.0436,165.00,163.00,172.74,166.77,0.8238,0,centroids differ by 6.0 km
2,78.3982,2.1424,143.00,135.00,167.41,165.03,0.4141,0,correlation 0.41 <= 0.7
2,78.3357,2.1618,165.00,153.00,172.70,166.87,0.8279,0,centroids differ by 5.8 km
2,78.3593,2.0877,151.00,145.00,171.25,166.26,0.7997,0,centroids differ by 5.0 km
2,78.3846,2.1042,143.00,137.00,168.71,165.42,0.5877,0,correlation 0.59 <= 0.7
2,78.3220,2.1643,170.00,157.00,173.26,167.21,0.6265,0,correlation 0.63 <= 0.7
2,78.3029,2.0510,98.00,161.00,173.70,167.71,-0.1472,0,correlation -0.15 <= 0.7
2,78.3443,2.1589,149.00,161.00,172.22,166.67,0.8466,0,centroids differ by 5.6 km
2,78.3526,2.1495,149.00,145.00,171.65,166.54,0.8264,0,centroids differ by 5.1 km
2,78.3110,2.1109,195.00,159.00,173.59,167.50,0.2329,0,correlation 0.23 <= 0.7
2,78.3260,2.1479,167.00,157.00,173.14,167.11,0.7114,0,centroids differ by 6.0 km
2,78.3736,2.1173,143.20,137.00,169.77,165.80,0.7138,0,centroids differ by 4.0 km
2,78.3714,2.1639,141.00,137.00,169.84,166.00,0.7248,0,centroids differ by 3.8 km
2,78.3113,2.0609,181.00,161.00,173.63,167.53,0.2392,0,correlation 0.24 <= 0.7
2,78.3117,2.1366,195.00,159.00,173.56,167.46,0.2684,0,correlation 0.27 <= 0.7
2,78.3970,2.1817,143.00,135.00,167.33,165.21,0.4122,0,correlation 0.41 <= 0.7
2,78.3054,2.1464,98.00,159.00,173.61,167.54,-0.0122,0,correlation -0.01 <= 0.7
2,78.3905,2.0565,143.00,137.00,169.11,165.03,0.5170,0,correlation 0.52 <= 0.7
2,78.3170,2.0520,173.00,159.00,173.53,167.37,0.4587,0,correlation 0.46 <= 0.7
2,78.3280,2.1772,166.00,157.00,173.02,167.06,0.7492,0,centroids differ by 6.0 km
2,78.3569,2.0614,151.00,145.00,171.53,166.30,0.8087,0,centroids differ by 5.2 km
2,78.3137,2.1607,171.00,159.00,173.50,167.40,0.3552,0,correlation 0.36 <= 0.7
2,78.3717,2.1513,141.00,137.00,169.85,165.95,0.7233,0,centroids differ by 3.9 km
2,78.3512,2.0448,151.00,145.00,172.01,166.48,0.8249,0,centroids differ by 5.5 km
2,78.3916,2.1011,143.00,135.00,168.07,165.15,0.4949,0,correlation 0.49 <= 0.7
2,78.3213,2.0569,175.37,159.00,173.41,167.24,0.5928,0,correlation 0.59 <= 0.7
2,78.3242,2.1219,167.00,157.00,173.24,167.16,0.6724,0,correlation 0.67 <= 0.7
2,78.3784,2.0698,143.00,137.00,169.45,165.52,0.6720,0,correlation 0.67 <= 0.7
2,78.3156,3.0822,159.00,153.00,168.09,165.61,0.4911,0,correlation 0.49 <= 0.7
2,78.3191,3.1574,155.00,151.00,167.79,165.50,0.5757,0,correlation 0.58 <= 0.7
2,78.3370,3.1802,151.00,149.00,166.55,164.87,0.7999,0,centroids differ by 1.7 km
2,78.3454,3.1559,139.00,145.00,165.85,164.94,0.8285,1,
2,78.2710,3.1655,104.00,149.00,168.68,168.35,-0.6517,0,correlation -0.65 <= 0.7
2,78.3198,3.1257,157.80,151.00,167.81,165.45,0.5889,0,correlation 0.59 <= 0.7
2,78.3348,3.1160,151.00,149.00,166.88,164.98,0.7939,0,centroids differ by 1.9 km
2,78.3047,3.1385,90.00,147.00,168.39,166.27,0.1798,0,correlation 0.18 <= 0.7
2,78.2938,3.1809,90.00,147.00,168.55,167.03,-0.1796,0,correlation -0.18 <= 0.7
2,78.3547,3.2182,135.00,143.00,164.59,164.96,0.8097,1,
2,78.3365,3.1751,151.00,149.00,166.60,164.88,0.7975,0,centroids differ by 1.7 km
2,78.2755,3.0917,105.00,152.92,168.71,167.93,-0.6018,0,correlation -0.60 <= 0.7
2,78.2885,3.0763,105.00,149.00,168.71,167.13,-0.3502,0,correlation -0.35 <= 0.7
2,78.3632,3.0784,131.00,143.00,164.93,165.49,0.7858,1,
2,78.3392,3.2015,137.00,147.00,166.30,164.82,0.8088,0,centroids differ by 1.5 km
2,78.3479,3.0935,139.00,145.00,165.79,165.17,0.8327,1,
2,78.3272,3.2052,151.00,149.00,167.20,165.17,0.7095,0,centroids differ by 2.0 km
2,78.3009,3.0707,90.00,149.00,168.55,166.38,0.0367,0,correlation 0.04 <= 0.7
2,78.3491,3.2079,137.00,143.00,165.29,164.87,0.8213,1,
2,78.2816,3.1059,105.00,151.00,168.70,167.61,-0.4939,0,correlation -0.49 <= 0.7
2,78.3289,3.1871,151.00,149.00,167.13,165.08,0.7331,0,centroids differ by 2.0 km
2,78.3596,3.1576,129.00,143.00,164.23,165.24,0.7960,0,centroids differ by 1.0 km
2,78.3657,3.1484,132.07,141.00,163.50,165.38,0.7715,0,centroids differ by 1.9 km
2,78.3548,3.1944,135.00,143.00,164.67,165.03,0.8113,1,
2,78.3220,3.1068,155.00,151.00,167.73,165.34,0.6316,0,correlation 0.63 <= 0.7
2,78.2988,3.0998,90.00,149.00,168.56,166.56,-0.0321,0,correlation -0.03 <= 0.7
2,78.3277,3.1405,153.00,151.00,167.30,165.12,0.7205,0,centroids differ by 2.2 km
2,78.3279,3.1811,151.00,149.00,167.21,165.12,0.7206,0,centroids differ by 2.1 km
2,78.3137,3.1868,161.00,147.00,168.01,165.82,0.4502,0,correlation 0.45 <= 0.7
2,78.3286,3.1250,153.00,151.00,167.28,165.09,0.7311,0,centroids differ by 2.2 km
2,78.2774,3.0861,105.00,155.00,168.71,167.82,-0.5721,0,correlation -0.57 <= 0.7
2,78.3387,3.1096,139.00,147.00,166.59,164.99,0.8178,0,centroids differ by 1.6 km
2,78.3592,3.1627,129.00,143.00,164.26,165.22,0.7971,1,
2,78.3231,3.1210,155.00,151.00,167.64,165.30,0.6512,0,correlation 0.65 <= 0.7
2,78.3653,3.0984,133.00,143.00,163.75,165.49,0.7742,0,centroids differ by 1.7 km
2,78.2734,3.1862,88.00,149.00,167.57,168.27,-0.6215,0,correlation -0.62 <= 0.7
2,78.3744,8.0788,115.00,143.00,150.31,166.59,0.0983,0,correlation 0.10 <= 0.7
2,78.4079,8.1154,123.00,131.00,154.06,164.63,0.7040,0,centroids differ by 10.6 km
2,78.4201,8.0270,125.00,133.00,154.67,163.67,0.8130,0,centroids differ by 9.0 km
2,78.3966,8.0229,121.00,135.00,153.41,165.39,0.5572,0,correlation 0.56 <= 0.7
2,78.3876,8.0739,119.00,139.00,152.43,165.91,0.3936,0,correlation 0.39 <= 0.7
2,78.4221,8.1259,123.00,131.00,154.22,163.61,0.8176,0,centroids differ by 9.4 km
2,78.4445,8.0625,125.00,121.00,154.31,161.66,0.8348,0,centroids differ by 7.3 km
2,78.4390,8.1307,123.00,129.00,153.98,162.15,0.8502,0,centroids differ by 8.2 km
2,78.3811,8.0894,117.00,141.00,151.51,166.22,0.2642,0,correlation 0.26 <= 0.7
2,78.3581,8.0397,103.00,149.00,146.66,167.55,-0.3476,0,correlation -0.35 <= 0.7
2,78.4350,8.0246,125.00,123.00,154.57,162.39,0.8361,0,centroids differ by 7.8 km
2,78.3901,8.0388,119.00,137.00,152.72,165.78,0.4406,0,correlation 0.44 <= 0.7
2,78.3733,8.0144,115.00,145.00,149.89,166.67,0.0526,0,correlation 0.05 <= 0.7
2,78.3634,8.0683,113.00,147.00,147.94,167.27,-0.2084,0,correlation -0.21 <= 0.7
2,78.3539,8.1066,101.00,149.00,146.01,167.88,-0.4554,0,correlation -0.46 <= 0.7
2,78.4341,8.1550,123.00,129.00,153.90,162.62,0.8554,0,centroids differ by 8.7 km
2,78.3978,8.0401,121.00,135.00,153.51,165.30,0.5759,0,correlation 0.58 <= 0.7
2,78.3560,8.0900,101.00,150.00,146.36,167.75,-0.4032,0,correlation -0.40 <= 0.7
2,78.4059,8.0206,121.00,135.00,154.15,164.77,0.6906,0,correlation 0.69 <= 0.7
2,78.3554,8.0188,103.00,149.00,146.02,167.68,-0.4107,0,correlation -0.41 <= 0.7
2,78.4284,8.1275,123.00,131.00,154.12,163.08,0.8421,0,centroids differ by 9.0 km
2,78.4439,8.0929,125.00,121.00,154.16,161.73,0.8365,0,centroids differ by 7.6 km
2,78.4348,8.0176,125.00,123.00,154.61,162.40,0.8357,0,centroids differ by 7.8 km
2,78.3541,8.0510,101.00,149.00,145.85,167.79,-0.4422,0,correlation -0.44 <= 0.7
2,78.3754,8.0442,115.00,143.00,150.39,166.56,0.1147,0,correlation 0.11 <= 0.7
2,78.3627,8.0231,106.00,149.00,147.56,167.27,-0.2364,0,correlation -0.24 <= 0.7
2,78.3554,8.1216,101.00,149.00,146.36,167.81,-0.4224,0,correlation -0.42 <= 0.7
2,78.4433,8.0884,125.00,121.00,154.18,161.78,0.8367,0,centroids differ by 7.6 km
2,78.4393,8.1176,123.00,129.00,154.05,162.11,0.8472,0,centroids differ by 8.1 km
2,78.4417,8.1057,123.00,121.00,154.10,161.91,0.8412,0,centroids differ by 7.8 km
2,78.4373,8.0849,125.00,129.00,154.23,162.26,0.8417,0,centroids differ by 8.0 km
2,78.4493,8.1570,123.00,119.00,153.89,161.37,0.8298,0,centroids differ by 7.5 km
2,78.3608,8.0844,113.00,147.00,147.43,167.44,-0.2764,0,correlation -0.28 <= 0.7
2,78.4113,8.0191,125.00,135.00,154.44,164.38,0.7480,0,centroids differ by 9.9 km
2,78.3680,8.1032,113.00,145.00,149.09,167.01,-0.0751,0,correlation -0.08 <= 0.7
2,78.3640,8.0616,113.00,147.00,148.03,167.24,-0.1940,0,correlation -0.19 <= 0.7
2,78.3738,2.9955,133.00,143.00,163.95,165.73,0.7392,0,centroids differ by 1.8 km
2,78.3771,3.0535,133.00,141.00,163.32,165.70,0.7170,0,centroids differ by 2.4 km
2,78.3330,3.1082,153.00,149.00,167.03,165.01,0.7799,0,centroids differ by 2.0 km
2,78.3048,3.0610,90.00,149.00,168.49,166.14,0.1649,0,correlation 0.16 <= 0.7
2,78.3426,2.9722,141.00,147.00,167.58,165.42,0.8431,0,centroids differ by 2.2 km
2,78.3622,3.0436,131.00,143.00,165.18,165.54,0.7906,1,
2,78.3447,2.9649,141.00,147.00,167.41,165.47,0.8445,0,centroids differ by 1.9 km
2,78.3279,3.0725,153.00,151.00,167.44,165.14,0.7249,0,centroids differ by 2.3 km
2,78.3544,3.0934,138.00,143.00,165.08,165.31,0.8170,1,
2,78.3249,3.0297,155.00,151.00,167.71,165.26,0.6808,0,correlation 0.68 <= 0.7
2,78.2953,3.0184,90.00,149.00,168.70,166.63,-0.1710,0,correlation -0.17 <= 0.7
2,78.3106,3.0892,159.00,149.00,168.28,165.85,0.3553,0,correlation 0.36 <= 0.7
2,78.3691,3.0111,134.00,143.00,164.45,165.67,0.7612,0,centroids differ by 1.2 km
2,78.3575,2.9728,137.00,145.00,166.02,165.63,0.8127,1,
2,78.2965,2.9686,90.00,151.00,168.73,166.49,-0.1437,0,correlation -0.14 <= 0.7
2,78.3607,3.0487,131.00,143.00,165.35,165.51,0.7971,1,
2,78.3314,2.9657,155.00,149.00,168.45,165.32,0.7835,0,centroids differ by 3.1 km
2,78.3044,3.0014,90.00,151.00,168.57,166.09,0.1418,0,correlation 0.14 <= 0.7
2,78.3804,3.0548,133.00,141.00,162.95,165.74,0.6962,0,correlation 0.70 <= 0.7
2,78.3163,3.0680,161.98,153.00,168.08,165.58,0.5056,0,correlation 0.51 <= 0.7
2,78.3907,3.0592,133.00,137.00,161.98,165.86,0.6147,0,correlation 0.61 <= 0.7
2,78.3869,3.0666,133.00,137.00,162.25,165.81,0.6474,0,correlation 0.65 <= 0.7
2,78.3077,3.0011,90.00,153.00,168.49,165.94,0.2515,0,correlation 0.25 <= 0.7
2,78.3309,3.0699,153.00,151.00,167.25,165.09,0.7616,0,centroids differ by 2.2 km
2,78.3910,3.0066,133.00,145.00,162.16,165.91,0.6111,0,correlation 0.61 <= 0.7
2,78.3273,3.0177,155.00,151.00,168.62,165.23,0.7304,0,centroids differ by 3.4 km
2,78.3489,2.9896,141.00,145.00,166.92,165.47,0.8384,0,centroids differ by 1.4 km
2,78.3290,2.9738,155.00,151.00,168.60,165.29,0.7556,0,centroids differ by 3.3 km
2,78.3216,3.0012,157.00,153.00,168.98,165.37,0.6352,0,correlation 0.64 <= 0.7
2,78.3687,3.0229,134.00,143.00,164.45,165.65,0.7624,0,centroids differ by 1.2 km
2,78.3311,2.9940,155.00,151.00,168.41,165.24,0.7785,0,centroids differ by 3.2 km
2,78.3039,3.0702,90.00,149.00,168.50,166.21,0.1363,0,correlation 0.14 <= 0.7
2,78.3806,3.0885,133.00,141.00,162.78,165.70,0.6925,0,correlation 0.69 <= 0.7
2,78.3590,3.0941,133.00,143.00,164.54,165.39,0.8014,1,
2,78.2973,2.9986,90.00,151.00,168.69,166.48,-0.1083,0,correlation -0.11 <= 0.7
2,78.3194,3.0055,159.00,153.00,169.08,165.44,0.5915,0,correlation 0.59 <= 0.7
2,78.4026,7.1697,127.00,137.00,153.42,166.43,0.4963,0,correlation 0.50 <= 0.7
2,78.4532,7.2459,137.00,127.00,158.40,164.12,0.6143,0,correlation 0.61 <= 0.7
2,78.4532,7.2936,137.00,127.00,158.21,163.83,0.6341,0,correlation 0.63 <= 0.7
2,78.3888,7.2152,116.00,139.00,150.52,166.74,0.2199,0,correlation 0.22 <= 0.7
2,78.4752,7.2744,137.00,157.00,158.36,163.09,0.6503,0,correlation 0.65 <= 0.7
2,78.4101,7.2828,129.00,135.00,155.03,165.74,0.6460,0,correlation 0.65 <= 0.7
2,78.4011,7.2342,127.00,137.00,153.28,166.29,0.5041,0,correlation 0.50 <= 0.7
2,78.4137,7.2380,129.00,135.00,155.51,165.74,0.6508,0,correlation 0.65 <= 0.7
2,78.4341,7.2743,133.00,133.00,157.53,164.64,0.6726,0,correlation 0.67 <= 0.7
2,78.4783,7.2923,137.00,157.00,158.28,162.89,0.6654,0,correlation 0.67 <= 0.7
2,78.4077,7.1871,129.00,137.00,154.48,166.16,0.5796,0,correlation 0.58 <= 0.7
2,78.4092,7.2981,129.00,135.00,154.88,165.73,0.6431,0,correlation 0.64 <= 0.7
2,78.3814,7.2507,113.00,151.00,148.99,166.95,0.0483,0,correlation 0.05 <= 0.7
2,78.3986,7.2121,127.00,135.00,152.72,166.47,0.4452,0,correlation 0.45 <= 0.7
2,78.4110,7.1725,129.00,137.00,155.01,166.04,0.6074,0,correlation 0.61 <= 0.7
2,78.4322,7.3101,133.00,133.00,157.33,164.53,0.6896,0,correlation 0.69 <= 0.7
2,78.4221,7.2433,131.00,135.00,156.58,165.27,0.6823,0,correlation 0.68 <= 0.7
2,78.3938,7.1869,127.00,139.00,151.59,166.72,0.3250,0,correlation 0.33 <= 0.7
2,78.4084,7.1692,129.00,137.00,154.57,166.18,0.5801,0,correlation 0.58 <= 0.7
2,78.4348,7.2189,133.00,135.00,157.69,164.87,0.6520,0,correlation 0.65 <= 0.7
2,78.4580,7.2278,137.00,129.00,158.55,164.05,0.6000,0,correlation 0.60 <= 0.7
2,78.3926,7.2729,125.00,137.00,151.56,166.40,0.3520,0,correlation 0.35 <= 0.7
2,78.4250,7.2709,131.00,133.00,156.83,165.03,0.6876,0,correlation 0.69 <= 0.7
2,78.4553,7.2125,139.00,129.00,158.57,164.22,0.5957,0,correlation 0.60 <= 0.7
2,78.4665,7.1838,137.00,131.00,158.78,163.84,0.5921,0,correlation 0.59 <= 0.7
2,78.4491,7.2676,137.00,127.00,158.22,164.09,0.6302,0,correlation 0.63 <= 0.7
2,78.4126,7.3078,129.00,133.00,155.42,165.53,0.6735,0,correlation 0.67 <= 0.7
2,78.4545,7.2883,137.00,127.00,158.25,163.83,0.6302,0,correlation 0.63 <= 0.7
2,78.3822,7.2261,113.00,139.00,149.10,166.94,0.0595,0,correlation 0.06 <= 0.7
2,78.4093,7.1980,129.00,137.00,154.77,166.06,0.6002,0,correlation 0.60 <= 0.7
2,78.4183,7.2454,131.00,135.00,156.13,165.47,0.6744,0,correlation 0.67 <= 0.7
2,78.3806,7.1746,113.00,141.00,148.66,167.10,-0.0052,0,correlation -0.01 <= 0.7
2,78.4625,7.1891,137.00,131.00,158.76,164.02,0.5834,0,correlation 0.58 <= 0.7
2,78.4090,7.2725,129.00,135.00,154.82,165.83,0.6304,0,correlation 0.63 <= 0.7
2,78.4696,7.1909,137.00,159.00,158.75,163.66,0.6062,0,correlation 0.61 <= 0.7
2,78.4070,7.2608,129.00,135.00,154.46,165.95,0.6043,0,correlation 0.60 <= 0.7
2,78.6408,12.5441,123.00,95.00,159.21,159.26,0.2479,0,correlation 0.25 <= 0.7
2,78.5583,12.6190,111.00,183.00,151.62,166.10,-0.2468,0,correlation -0.25 <= 0.7
2,78.5852,12.6594,111.00,169.00,154.54,163.20,0.6597,0,correlation 0.66 <= 0.7
2,78.6136,12.6216,119.00,125.00,157.02,160.98,0.8966,0,centroids differ by 4.0 km
2,78.5606,12.6654,111.00,187.00,152.24,165.48,-0.0003,0,correlation -0.00 <= 0.7
2,78.5483,12.5745,107.00,195.00,150.50,167.47,-0.4950,0,correlation -0.49 <= 0.7
2,78.6044,12.5724,116.00,151.00,156.00,161.23,0.8770,0,centroids differ by 5.2 km
2,78.6464,12.6067,119.00,85.00,159.86,159.23,0.0900,0,correlation 0.09 <= 0.7
2,78.6356,12.6030,121.00,97.00,158.92,159.65,0.3244,0,correlation 0.32 <= 0.7
2,78.5829,12.5485,115.00,161.00,153.86,163.16,0.6267,0,correlation 0.63 <= 0.7
2,78.6171,12.5425,119.00,143.00,157.10,160.22,0.8214,0,centroids differ by 3.1 km
2,78.5626,12.5844,111.00,179.00,151.86,165.77,-0.1810,0,correlation -0.18 <= 0.7
2,78.6135,12.5904,120.00,125.00,156.91,160.82,0.8817,0,centroids differ by 3.9 km
2,78.5548,12.6557,111.00,189.00,151.51,166.24,-0.2407,0,correlation -0.24 <= 0.7
2,78.5854,12.5752,113.00,161.00,154.27,162.86,0.7252,0,centroids differ by 8.6 km
2,78.6066,12.5799,117.00,151.00,156.24,161.14,0.8799,0,centroids differ by 4.9 km
2,78.5983,12.6799,115.00,139.00,155.78,162.23,0.8768,0,centroids differ by 6.4 km
2,78.5666,12.6051,113.00,177.00,152.45,165.01,0.1099,0,correlation 0.11 <= 0.7
2,78.5605,12.6519,111.00,185.00,152.12,165.54,-0.0326,0,correlation -0.03 <= 0.7
2,78.5983,12.6024,114.00,157.00,155.55,161.84,0.8531,0,centroids differ by 6.3 km
2,78.6154,12.5744,120.00,123.00,157.03,160.60,0.8576,0,centroids differ by 3.6 km
2,78.5510,12.6420,109.00,191.00,151.02,166.85,-0.3842,0,correlation -0.38 <= 0.7
2,78.6074,12.6666,119.00,131.00,156.57,161.55,0.9389,0,centroids differ by 5.0 km
2,78.5864,12.6446,111.00,167.00,154.59,163.04,0.6999,0,correlation 0.70 <= 0.7
2,78.6155,12.5494,119.00,145.00,156.97,160.36,0.8381,0,centroids differ by 3.4 km
2,78.6446,12.5481,123.00,89.00,159.56,159.16,0.1570,0,correlation 0.16 <= 0.7
2,78.5564,12.6465,111.00,187.00,151.62,166.10,-0.2148,0,correlation -0.21 <= 0.7
2,78.5773,12.5995,113.00,169.00,153.57,163.74,0.5449,0,correlation 0.54 <= 0.7
2,78.6071,12.6711,119.00,131.00,156.56,161.57,0.9404,0,centroids differ by 5.0 km
2,78.5609,12.6478,111.00,185.00,152.13,165.52,-0.0271,0,correlation -0.03 <= 0.7
2,78.5511,12.6222,111.00,193.00,150.92,167.01,-0.4419,0,correlation -0.44 <= 0.7
2,78.6046,12.6330,118.00,133.00,156.21,161.59,0.9054,0,centroids differ by 5.4 km
2,78.5726,12.6781,109.00,177.00,153.46,164.35,0.4059,0,correlation 0.41 <= 0.7
2,78.5501,12.6309,111.00,193.00,150.87,167.05,-0.4303,0,correlation -0.43 <= 0.7
2,78.6140,12.6652,119.00,119.00,157.16,161.07,0.8967,0,centroids differ by 3.9 km
2,78.6357,12.6062,121.00,97.00,158.94,159.65,0.3173,0,correlation 0.32 <= 0.7
2,78.5777,11.0289,119.00,125.00,152.96,161.75,0.8254,0,centroids differ by 8.8 km
2,78.5785,10.9915,121.00,125.00,153.24,161.84,0.8221,0,centroids differ by 8.6 km
2,78.6463,10.9698,129.00,97.00,156.51,153.67,0.2655,0,correlation 0.27 <= 0.7
2,78.6624,11.0053,129.00,91.00,157.78,155.13,0.0459,0,correlation 0.05 <= 0.7
2,78.6548,10.9494,129.00,99.00,157.17,154.85,0.1638,0,correlation 0.16 <= 0.7
2,78.6406,11.0261,127.00,97.00,155.97,152.97,0.3420,0,correlation 0.34 <= 0.7
2,78.5936,10.9034,123.00,129.00,154.14,159.67,0.9096,0,centroids differ by 5.5 km
2,78.6645,11.0418,129.00,87.00,158.03,154.95,0.0143,0,correlation 0.01 <= 0.7
2,78.5709,10.9638,121.00,131.00,153.33,163.53,0.6887,0,correlation 0.69 <= 0.7
2,78.5755,11.0130,119.00,127.00,153.05,162.30,0.7909,0,centroids differ by 9.3 km
2,78.6293,11.0022,125.00,101.00,155.19,153.83,0.5576,0,correlation 0.56 <= 0.7
2,78.5754,10.9946,121.00,127.00,153.18,162.42,0.7823,0,centroids differ by 9.2 km
2,78.6648,10.9983,129.00,89.00,158.00,155.80,0.0269,0,correlation 0.03 <= 0.7
2,78.6165,11.0131,123.00,113.00,154.29,155.17,0.7396,0,NYA peak not clear against upper and lower means
2,78.5769,11.0421,119.00,125.00,152.86,161.83,0.8183,0,centroids differ by 9.0 km
2,78.6443,10.9258,129.00,101.00,156.44,154.15,0.3275,0,correlation 0.33 <= 0.7
2,78.5941,10.9577,123.00,131.00,153.74,159.19,0.9062,0,centroids differ by 5.4 km
2,78.6238,11.0175,125.00,109.00,154.76,154.28,0.6351,0,correlation 0.64 <= 0.7
2,78.6608,10.9916,131.00,93.00,157.64,155.08,0.0675,0,correlation 0.07 <= 0.7
2,78.5774,11.0310,119.00,125.00,152.94,161.80,0.8218,0,centroids differ by 8.9 km
2,78.6200,10.9875,123.00,113.00,154.58,154.91,0.7124,0,NYA peak not clear against upper and lower means
2,78.6653,10.9032,131.00,99.00,158.04,158.62,0.1363,0,correlation 0.14 <= 0.7
2,78.6252,10.9723,125.00,105.00,154.96,154.44,0.6439,0,correlation 0.64 <= 0.7
2,78.5908,10.9218,123.00,135.00,153.96,160.05,0.8993,0,centroids differ by 6.1 km
2,78.6038,10.9605,123.00,119.00,153.96,157.41,0.8797,0,centroids differ by 3.5 km
2,78.6088,11.0422,121.00,117.00,153.73,156.27,0.8190,0,centroids differ by 2.5 km
2,78.5774,10.9382,121.00,129.00,153.60,162.52,0.7722,0,centroids differ by 8.9 km
2,78.6487,10.9905,129.00,93.00,156.65,153.54,0.2178,0,correlation 0.22 <= 0.7
2,78.6490,11.0279,129.00,91.00,156.63,153.12,0.2008,0,correlation 0.20 <= 0.7
2,78.6318,11.0231,125.00,99.00,155.33,153.47,0.5011,0,correlation 0.50 <= 0.7
2,78.6505,11.0046,129.00,93.00,156.78,153.49,0.1840,0,correlation 0.18 <= 0.7
2,78.6262,10.9285,125.00,109.00,155.15,154.69,0.6436,0,correlation 0.64 <= 0.7
2,78.5889,11.0397,121.00,119.00,153.05,159.56,0.8991,0,centroids differ by 6.5 km
2,78.6322,10.9682,127.00,105.00,155.48,153.83,0.5165,0,correlation 0.52 <= 0.7
2,78.6461,10.9370,129.00,99.00,156.54,154.10,0.2920,0,correlation 0.29 <= 0.7
2,78.6016,10.9887,123.00,125.00,153.71,157.65,0.8845,0,centroids differ by 3.9 km
2,78.3944,4.2359,123.00,129.00,154.59,163.93,0.5517,0,correlation 0.55 <= 0.7
2,78.4216,4.2384,129.00,123.00,158.08,164.45,0.5926,0,correlation 0.59 <= 0.7
2,78.3796,4.3590,119.00,125.00,153.26,164.53,0.5204,0,correlation 0.52 <= 0.7
2,78.3841,4.3284,121.00,125.00,153.24,164.32,0.5277,0,correlation 0.53 <= 0.7
2,78.3745,4.3179,119.00,127.00,153.79,164.62,0.5393,0,correlation 0.54 <= 0.7
2,78.3681,4.3366,119.00,127.00,154.40,164.99,0.5251,0,correlation 0.53 <= 0.7
2,78.3747,4.2215,121.00,127.00,154.23,164.46,0.5700,0,correlation 0.57 <= 0.7
2,78.3364,4.3183,125.00,135.00,159.07,167.84,0.3067,0,correlation 0.31 <= 0.7
2,78.3554,4.2375,120.00,130.00,156.65,165.65,0.5342,0,correlation 0.53 <= 0.7
2,78.4081,4.3219,123.00,127.00,155.27,163.89,0.5819,0,correlation 0.58 <= 0.7
2,78.3665,4.2745,119.00,127.00,154.91,164.93,0.5504,0,correlation 0.55 <= 0.7
2,78.3537,4.2552,120.00,130.00,156.82,165.86,0.5133,0,correlation 0.51 <= 0.7
2,78.4325,4.3267,131.00,121.00,158.65,164.58,0.5174,0,correlation 0.52 <= 0.7
2,78.3984,4.3495,123.00,129.00,153.94,163.95,0.5470,0,correlation 0.55 <= 0.7
2,78.3470,4.2161,121.00,131.98,158.00,166.33,0.4973,0,correlation 0.50 <= 0.7
2,78.3757,4.3055,119.00,127.00,153.75,164.56,0.5428,0,correlation 0.54 <= 0.7
2,78.3624,4.3146,119.00,129.00,155.26,165.31,0.5219,0,correlation 0.52 <= 0.7
2,78.4106,4.3409,123.00,125.00,155.61,163.91,0.5843,0,correlation 0.58 <= 0.7
2,78.3855,4.3552,121.00,125.00,153.14,164.32,0.5200,0,correlation 0.52 <= 0.7
2,78.3719,4.2632,121.00,127.00,154.31,164.63,0.5587,0,correlation 0.56 <= 0.7
2,78.3964,4.2166,123.00,129.00,154.79,163.91,0.5565,0,correlation 0.56 <= 0.7
2,78.4033,4.3274,123.00,127.00,154.57,163.87,0.5665,0,correlation 0.57 <= 0.7
2,78.4184,4.3200,127.00,123.00,156.77,164.12,0.5883,0,correlation 0.59 <= 0.7
2,78.4328,4.3179,131.00,121.00,158.69,164.61,0.5180,0,correlation 0.52 <= 0.7
2,78.3365,4.3565,125.00,135.00,158.89,167.99,0.2653,0,correlation 0.27 <= 0.7
2,78.4292,4.2627,131.00,123.00,159.05,164.63,0.5565,0,correlation 0.56 <= 0.7
2,78.3742,4.2532,121.00,127.00,154.13,164.53,0.5609,0,correlation 0.56 <= 0.7
2,78.3517,4.2314,120.25,133.00,157.23,165.95,0.5164,0,correlation 0.52 <= 0.7
2,78.3423,4.3228,124.00,129.00,158.20,167.31,0.3645,0,correlation 0.36 <= 0.7
2,78.3541,4.2973,120.00,130.00,156.55,165.96,0.4892,0,correlation 0.49 <= 0.7
2,78.4208,4.3041,127.00,123.00,157.12,164.24,0.5853,0,correlation 0.59 <= 0.7
2,78.4317,4.2952,131.00,121.00,159.33,164.63,0.5318,0,correlation 0.53 <= 0.7
2,78.3391,4.3309,125.00,131.00,158.64,167.65,0.3238,0,correlation 0.32 <= 0.7
2,78.4262,4.2886,129.00,121.00,158.63,164.47,0.5660,0,correlation 0.57 <= 0.7
2,78.4010,4.2965,123.00,129.00,154.33,163.88,0.5613,0,correlation 0.56 <= 0.7
2,78.4217,4.2744,127.00,123.00,158.05,164.35,0.5873,0,correlation 0.59 <= 0.7
2,78.4123,4.2967,123.00,125.00,155.91,163.99,0.5920,0,correlation 0.59 <= 0.7
2,78.4419,4.2537,133.00,121.00,160.73,164.96,0.4411,0,correlation 0.44 <= 0.7
2,78.4364,4.2718,133.00,121.00,159.98,164.79,0.4994,0,correlation 0.50 <= 0.7
2,78.4617,4.3050,151.00,123.00,163.71,165.53,-0.0110,0,correlation -0.01 <= 0.7
2,78.4623,4.2829,151.00,111.00,163.82,165.58,-0.0280,0,correlation -0.03 <= 0.7
2,78.4328,4.2167,132.00,123.00,159.59,164.82,0.5453,0,correlation 0.55 <= 0.7
2,78.4044,4.2224,123.00,127.00,155.66,163.96,0.5789,0,correlation 0.58 <= 0.7
2,78.4461,4.2725,141.00,121.00,161.28,165.05,0.3715,0,correlation 0.37 <= 0.7
2,78.4498,4.2987,143.00,119.00,161.79,165.12,0.2958,0,correlation 0.30 <= 0.7
2,78.4504,4.1825,143.00,125.00,162.01,165.38,0.2906,0,correlation 0.29 <= 0.7
2,78.3895,4.2109,123.00,131.00,154.45,164.01,0.5547,0,correlation 0.55 <= 0.7
2,78.4663,4.3095,151.00,109.00,164.49,165.66,-0.1416,0,correlation -0.14 <= 0.7
2,78.4749,4.2514,171.00,108.16,166.00,165.93,-0.3559,0,correlation -0.36 <= 0.7
2,78.4227,4.1986,129.00,123.00,158.28,164.58,0.5960,0,correlation 0.60 <= 0.7
2,78.4806,4.2248,171.00,105.00,166.96,166.00,-0.4302,0,correlation -0.43 <= 0.7
2,78.4725,4.2639,155.00,111.00,165.57,165.87,-0.3054,0,correlation -0.31 <= 0.7
2,78.4705,4.2249,153.00,111.00,165.24,165.88,-0.2607,0,correlation -0.26 <= 0.7
2,78.4347,4.1936,133.00,123.00,159.87,164.89,0.5351,0,correlation 0.54 <= 0.7
2,78.4094,4.1976,125.00,125.00,156.38,164.11,0.5932,0,correlation 0.59 <= 0.7
2,78.4695,4.2716,153.00,111.00,165.06,165.80,-0.2300,0,correlation -0.23 <= 0.7
2,78.4548,4.1897,143.00,125.00,162.67,165.51,0.1797,0,correlation 0.18 <= 0.7
2,78.4228,4.2241,129.00,123.00,158.27,164.53,0.5913,0,correlation 0.59 <= 0.7
2,78.4558,4.3045,149.00,117.00,162.73,165.33,0.1535,0,correlation 0.15 <= 0.7
2,78.3856,4.2478,121.00,129.00,153.51,164.15,0.5482,0,correlation 0.55 <= 0.7
2,78.4208,4.2251,129.00,123.00,157.98,164.46,0.5961,0,correlation 0.60 <= 0.7
2,78.4516,4.1800,143.00,125.00,162.20,165.43,0.2610,0,correlation 0.26 <= 0.7
2,78.4308,4.3114,131.00,121.00,158.44,164.56,0.5350,0,correlation 0.53 <= 0.7
2,78.4306,4.1898,129.00,123.00,159.35,164.81,0.5657,0,correlation 0.57 <= 0.7
2,78.4321,4.1967,133.00,123.00,159.53,164.83,0.5546,0,correlation 0.55 <= 0.7
2,78.4481,4.2497,143.00,119.00,161.61,165.17,0.3375,0,correlation 0.34 <= 0.7
2,78.4231,4.1855,129.00,123.00,158.34,164.62,0.5972,0,correlation 0.60 <= 0.7
2,78.4498,4.2732,143.00,119.00,161.82,165.17,0.3003,0,correlation 0.30 <= 0.7
2,78.4334,4.2223,133.00,123.00,159.67,164.82,0.5387,0,correlation 0.54 <= 0.7
2,78.4600,4.2648,151.00,123.00,163.44,165.54,0.0398,0,correlation 0.04 <= 0.7
2,78.3884,4.2747,121.00,129.00,153.43,164.11,0.5398,0,correlation 0.54 <= 0.7
2,78.4053,4.3151,123.00,127.00,154.87,163.88,0.5744,0,correlation 0.57 <= 0.7
2,78.9306,9.4928,185.00,249.00,175.79,165.54,0.2614,0,correlation 0.26 <= 0.7
2,78.8879,9.6073,179.00,249.00,174.10,167.72,0.6374,0,correlation 0.64 <= 0.7
2,78.8966,9.6086,181.00,249.00,174.51,167.59,0.6090,0,correlation 0.61 <= 0.7
2,78.8983,9.5254,181.00,249.00,174.60,167.28,0.6540,0,correlation 0.65 <= 0.7
2,78.8625,9.5389,169.00,249.00,172.86,169.56,0.6614,0,correlation 0.66 <= 0.7
2,78.8845,9.4981,173.00,169.00,173.98,167.65,0.6479,0,correlation 0.65 <= 0.7
2,78.9175,9.5400,183.00,249.00,175.38,166.32,0.3955,0,correlation 0.40 <= 0.7
2,78.8809,9.4922,173.00,169.00,173.82,167.94,0.6243,0,correlation 0.62 <= 0.7
2,78.9294,9.5865,185.00,249.00,175.73,165.67,0.2172,0,correlation 0.22 <= 0.7
2,78.9006,9.4602,181.00,223.00,174.70,166.97,0.6191,0,correlation 0.62 <= 0.7
2,78.8827,9.5586,179.00,165.00,173.87,167.76,0.6522,0,correlation 0.65 <= 0.7
2,78.8614,9.4694,169.00,239.00,172.91,169.98,0.6762,0,correlation 0.68 <= 0.7
2,78.8858,9.4624,173.00,171.00,174.05,167.53,0.6260,0,correlation 0.63 <= 0.7
2,78.9306,9.5744,185.00,249.00,175.78,165.58,0.2058,0,correlation 0.21 <= 0.7
2,78.8719,9.5344,171.00,249.00,173.36,168.62,0.6186,0,correlation 0.62 <= 0.7
2,78.9068,9.5147,183.00,219.00,174.95,166.83,0.5751,0,correlation 0.58 <= 0.7
2,78.9348,9.4683,187.00,109.00,175.90,165.23,0.2170,0,correlation 0.22 <= 0.7
2,78.9011,9.5811,181.00,249.00,174.71,167.33,0.5895,0,correlation 0.59 <= 0.7
2,78.8922,9.4816,181.00,171.00,174.34,167.24,0.6422,0,correlation 0.64 <= 0.7
2,78.9174,9.6022,183.00,249.00,175.36,166.53,0.3440,0,correlation 0.34 <= 0.7
2,78.8917,9.5375,179.00,249.00,174.31,167.45,0.6624,0,correlation 0.66 <= 0.7
2,78.8935,9.5403,181.00,249.00,174.38,167.43,0.6597,0,correlation 0.66 <= 0.7
2,78.8397,9.4641,169.00,177.00,171.86,167.51,0.6749,0,correlation 0.67 <= 0.7
2,78.9090,9.5862,183.00,249.00,175.03,166.75,0.4325,0,correlation 0.43 <= 0.7
2,78.9218,9.5954,183.00,249.00,175.52,166.26,0.3032,0,correlation 0.30 <= 0.7
2,78.9303,9.4764,187.00,249.00,175.78,165.54,0.2730,0,correlation 0.27 <= 0.7
2,78.9349,9.4623,187.00,109.00,175.91,165.22,0.2159,0,correlation 0.22 <= 0.7
2,78.8523,9.6053,167.00,221.00,172.30,170.34,0.6789,0,correlation 0.68 <= 0.7
2,78.9081,9.5670,183.00,249.00,174.99,166.75,0.4743,0,correlation 0.47 <= 0.7
2,78.8838,9.4896,173.00,169.00,173.95,167.70,0.6412,0,correlation 0.64 <= 0.7
2,78.8554,9.5879,167.00,227.00,172.47,170.11,0.6779,0,correlation 0.68 <= 0.7
2,78.9310,9.5809,185.00,249.00,175.78,165.54,0.1931,0,correlation 0.19 <= 0.7
2,78.8604,9.5318,168.00,237.00,172.77,169.81,0.6746,0,correlation 0.67 <= 0.7
2,78.8580,9.5607,168.00,231.00,172.62,169.97,0.6764,0,correlation 0.68 <= 0.7
2,78.9115,9.5681,183.00,249.00,175.14,166.60,0.4227,0,correlation 0.42 <= 0.7
2,78.8469,9.4784,169.00,177.00,172.21,168.96,0.6975,0,correlation 0.70 <= 0.7
2,78.3293,2.9628,155.00,151.00,168.60,165.32,0.7601,0,centroids differ by 3.3 km
2,78.4158,2.8425,139.00,125.00,163.51,166.09,0.1253,0,correlation 0.13 <= 0.7
2,78.3369,2.8644,155.00,149.00,168.30,165.66,0.8299,0,centroids differ by 2.6 km
2,78.3766,2.9549,133.00,143.00,163.79,165.78,0.7271,0,centroids differ by 2.0 km
2,78.3825,2.9485,135.00,139.00,163.17,165.84,0.6888,0,correlation 0.69 <= 0.7
2,78.3249,2.9482,157.00,151.00,168.89,165.38,0.6960,0,correlation 0.70 <= 0.7
2,78.4026,2.9394,135.00,131.00,161.93,166.23,0.4151,0,correlation 0.42 <= 0.7
2,78.4145,2.9268,137.00,125.00,162.43,166.16,0.1847,0,correlation 0.18 <= 0.7
2,78.3491,2.9467,141.00,145.00,167.04,165.58,0.8403,0,centroids differ by 1.5 km
2,78.4123,2.9569,137.00,125.00,162.18,166.21,0.2344,0,correlation 0.23 <= 0.7
2,78.3656,2.8987,133.00,145.00,165.32,165.79,0.7837,1,
2,78.3476,2.9292,141.00,147.00,167.25,165.61,0.8438,0,centroids differ by 1.6 km
2,78.3468,2.9065,141.00,147.00,167.39,165.65,0.8456,0,centroids differ by 1.7 km
2,78.3991,2.9127,135.00,131.00,162.10,166.21,0.4749,0,correlation 0.47 <= 0.7
2,78.3735,2.9018,135.00,143.00,164.36,165.82,0.7468,0,centroids differ by 1.5 km
2,78.3843,2.8889,135.00,147.00,163.23,165.93,0.6739,0,correlation 0.67 <= 0.7
2,78.3278,2.9719,155.00,151.00,168.67,165.30,0.7399,0,centroids differ by 3.4 km
2,78.3686,2.8384,135.70,145.00,165.20,165.87,0.7756,1,
2,78.3470,2.8892,141.00,147.00,167.41,165.70,0.8462,0,centroids differ by 1.7 km
2,78.3922,2.8749,135.00,133.00,162.61,166.12,0.5790,0,correlation 0.58 <= 0.7
2,78.3237,2.9010,157.00,153.00,169.04,165.48,0.6752,0,correlation 0.68 <= 0.7
2,78.3367,2.8381,155.00,149.00,168.37,165.74,0.8295,0,centroids differ by 2.6 km
2,78.3895,2.9685,135.00,147.00,162.43,165.92,0.6269,0,correlation 0.63 <= 0.7
2,78.4035,2.9207,137.00,131.00,162.00,166.24,0.3895,0,correlation 0.39 <= 0.7
2,78.4161,2.9400,137.00,125.00,162.54,166.16,0.1654,0,correlation 0.17 <= 0.7
2,78.4065,2.8664,137.00,127.00,162.97,166.21,0.2971,0,correlation 0.30 <= 0.7
2,78.4047,2.8495,137.00,127.00,163.01,166.22,0.3276,0,correlation 0.33 <= 0.7
2,78.3902,2.9148,135.00,147.00,162.60,166.01,0.6149,0,correlation 0.61 <= 0.7
2,78.3839,2.9747,133.00,139.00,162.92,165.84,0.6771,0,correlation 0.68 <= 0.7
2,78.3619,2.8704,133.00,145.00,165.87,165.83,0.7989,1,
2,78.3534,2.8734,141.00,147.00,166.82,165.79,0.8296,0,centroids differ by 1.0 km
2,78.3728,2.9294,133.00,143.00,164.34,165.79,0.7497,0,centroids differ by 1.4 km
2,78.3886,2.8490,135.00,133.00,163.77,166.08,0.6224,0,correlation 0.62 <= 0.7
2,78.3295,2.9513,155.00,151.00,168.60,165.34,0.7636,0,centroids differ by 3.3 km
2,78.4137,2.8995,137.00,125.00,163.20,166.15,0.1806,0,correlation 0.18 <= 0.7
2,78.3929,2.9343,135.00,131.00,162.32,166.04,0.5816,0,correlation 0.58 <= 0.7
2,78.3185,1.9182,175.00,157.00,174.67,167.31,0.5016,0,correlation 0.50 <= 0.7
2,78.3792,1.8951,145.00,139.00,170.77,164.92,0.6632,0,correlation 0.66 <= 0.7
2,78.3076,1.9200,98.00,163.00,173.78,167.67,0.0362,0,correlation 0.04 <= 0.7
2,78.3509,1.8119,153.00,143.00,173.47,166.01,0.7961,0,centroids differ by 7.5 km
2,78.3972,1.8166,147.00,131.00,169.43,164.10,0.5001,0,correlation 0.50 <= 0.7
2,78.3445,1.8952,153.00,149.00,173.68,166.52,0.8074,0,centroids differ by 7.2 km
2,78.3512,1.8914,153.00,141.00,173.28,166.19,0.8065,0,centroids differ by 7.1 km
2,78.3681,1.8320,143.00,141.00,172.04,165.22,0.7532,0,centroids differ by 6.8 km
2,78.3843,1.9041,145.00,139.00,170.25,164.74,0.6042,0,correlation 0.60 <= 0.7
2,78.3610,1.8844,152.00,141.00,172.53,165.70,0.7902,0,centroids differ by 6.8 km
2,78.3828,1.8138,147.00,133.00,170.69,164.49,0.6236,0,correlation 0.62 <= 0.7
2,78.3627,1.8592,149.00,141.00,172.44,165.55,0.7824,0,centroids differ by 6.9 km
2,78.3713,1.8084,143.00,141.00,171.81,164.98,0.7302,0,centroids differ by 6.8 km
2,78.3583,1.9240,153.00,141.00,172.65,165.92,0.7965,0,centroids differ by 6.7 km
2,78.3826,1.8551,145.00,139.00,170.58,164.64,0.6257,0,correlation 0.63 <= 0.7
2,78.3632,1.9125,149.00,141.00,172.26,165.67,0.7834,0,centroids differ by 6.6 km
2,78.3991,1.8493,147.00,131.00,169.19,164.14,0.4810,0,correlation 0.48 <= 0.7
2,78.3817,1.9217,145.00,139.00,170.43,164.91,0.6332,0,correlation 0.63 <= 0.7
2,78.3780,1.8792,146.00,139.00,170.94,164.91,0.6754,0,correlation 0.68 <= 0.7
2,78.3514,1.9081,153.00,141.00,173.23,166.22,0.8082,0,centroids differ by 7.0 km
2,78.3418,1.8737,153.00,149.00,173.87,166.60,0.7965,0,centroids differ by 7.3 km
2,78.3867,1.8022,147.00,133.00,170.36,164.33,0.5824,0,correlation 0.58 <= 0.7
2,78.3345,1.8593,169.00,149.00,174.21,166.85,0.7578,0,centroids differ by 7.4 km
2,78.3447,1.8769,153.00,149.00,173.71,166.47,0.8036,0,centroids differ by 7.2 km
2,78.3580,1.9276,153.00,141.00,172.68,165.95,0.7978,0,centroids differ by 6.7 km
2,78.3639,1.9325,149.00,139.00,172.14,165.69,0.7801,0,centroids differ by 6.5 km
2,78.3365,1.8158,169.00,149.00,174.19,166.74,0.7540,0,centroids differ by 7.5 km
2,78.3121,1.8396,175.00,162.00,174.85,167.52,0.2306,0,correlation 0.23 <= 0.7
2,78.3329,1.8459,169.00,149.00,174.30,166.89,0.7365,0,centroids differ by 7.4 km
2,78.3728,1.8499,147.00,139.00,171.55,165.05,0.7209,0,centroids differ by 6.5 km
2,78.3974,1.8428,147.00,131.00,169.34,164.17,0.4916,0,correlation 0.49 <= 0.7
2,78.3694,1.8858,149.00,141.00,171.77,165.33,0.7507,0,centroids differ by 6.4 km
2,78.3276,1.8739,170.00,167.00,174.45,167.03,0.6875,0,correlation 0.69 <= 0.7
2,78.3318,1.7936,169.00,151.00,174.40,166.89,0.7062,0,centroids differ by 7.5 km
2,78.3398,1.8459,167.00,149.00,174.01,166.65,0.7811,0,centroids differ by 7.4 km
2,78.3817,1.9417,145.00,137.00,170.37,164.98,0.6334,0,correlation 0.63 <= 0.7
2,78.8391,10.7535,171.00,249.00,171.20,168.53,0.6351,0,correlation 0.64 <= 0.7
2,78.8262,10.6316,167.00,173.00,170.72,167.75,0.6987,0,correlation 0.70 <= 0.7
2,78.7946,10.7056,158.22,153.00,169.05,165.06,0.4367,0,correlation 0.44 <= 0.7
2,78.8179,10.7671,163.00,185.00,170.06,167.33,0.6688,0,correlation 0.67 <= 0.7
2,78.7961,10.6245,157.00,89.00,169.31,165.11,0.3423,0,correlation 0.34 <= 0.7
2,78.8390,10.7263,167.21,249.00,171.21,168.46,0.6196,0,correlation 0.62 <= 0.7
2,78.8625,10.6385,175.00,181.00,172.35,168.66,0.7249,0,centroids differ by 3.7 km
2,78.7991,10.6772,157.00,157.00,169.38,164.72,0.4486,0,correlation 0.45 <= 0.7
2,78.8110,10.7681,163.00,151.00,169.69,166.78,0.6736,0,correlation 0.67 <= 0.7
2,78.8310,10.6948,165.00,201.00,170.81,168.26,0.6388,0,correlation 0.64 <= 0.7
2,78.8477,10.7470,171.00,249.00,171.61,168.69,0.6203,0,correlation 0.62 <= 0.7
2,78.8579,10.7208,171.00,139.00,172.09,168.42,0.5772,0,correlation 0.58 <= 0.7
2,78.8118,10.7245,163.00,157.00,169.84,166.71,0.7388,0,centroids differ by 3.1 km
2,78.8165,10.7397,163.00,157.00,170.03,167.11,0.7145,0,centroids differ by 2.9 km
2,78.7966,10.6837,159.00,155.00,169.23,164.99,0.4675,0,correlation 0.47 <= 0.7
2,78.7755,10.7485,153.00,80.00,167.80,164.46,0.5044,0,correlation 0.50 <= 0.7
2,78.8717,10.7676,173.00,141.00,172.80,167.39,0.3172,0,correlation 0.32 <= 0.7
2,78.7725,10.6527,153.00,87.00,167.27,165.06,0.2891,0,correlation 0.29 <= 0.7
2,78.8335,10.6351,179.00,211.00,171.02,168.48,0.6212,0,correlation 0.62 <= 0.7
2,78.7806,10.6917,153.00,80.00,168.17,164.61,0.2382,0,correlation 0.24 <= 0.7
2,78.7947,10.7073,158.26,153.00,169.05,165.04,0.4403,0,correlation 0.44 <= 0.7
2,78.7743,10.6287,153.00,89.00,167.36,165.03,0.1893,0,correlation 0.19 <= 0.7
2,78.8515,10.6371,167.00,177.00,171.87,168.73,0.7089,0,centroids differ by 3.1 km
2,78.8442,10.7264,171.00,249.00,171.46,168.70,0.6789,0,correlation 0.68 <= 0.7
2,78.7852,10.7628,156.27,80.00,168.41,164.92,0.2960,0,correlation 0.30 <= 0.7
2,78.8074,10.7550,163.00,151.00,169.54,166.33,0.6368,0,correlation 0.64 <= 0.7
2,78.8669,10.6493,175.00,149.00,172.52,168.49,0.7407,0,centroids differ by 4.0 km
2,78.8557,10.6651,175.00,175.00,172.03,168.70,0.6961,0,correlation 0.70 <= 0.7
2,78.7869,10.6846,155.00,82.00,168.66,164.91,-0.0005,0,correlation -0.00 <= 0.7
2,78.8286,10.6861,165.00,201.00,170.70,168.11,0.6521,0,correlation 0.65 <= 0.7
2,78.7976,10.6438,157.00,161.00,169.36,165.11,0.4505,0,correlation 0.45 <= 0.7
2,78.7874,10.6318,155.00,82.00,168.64,164.83,-0.0621,0,correlation -0.06 <= 0.7
2,78.8336,10.7116,177.00,199.00,170.93,168.36,0.6041,0,correlation 0.60 <= 0.7
2,78.7991,10.7273,161.00,151.00,169.24,164.53,0.3364,0,correlation 0.34 <= 0.7
2,78.7812,10.7363,153.00,80.00,168.22,164.58,0.2863,0,correlation 0.29 <= 0.7
2,78.7730,10.6730,153.00,85.00,167.38,164.93,0.3227,0,correlation 0.32 <= 0.7
2,78.5477,7.6509,147.00,145.00,160.54,160.30,0.7645,1,
2,78.4899,7.5493,131.00,147.00,157.35,161.39,0.6961,0,correlation 0.70 <= 0.7
2,78.4613,7.6728,131.00,121.00,156.35,161.38,0.7268,0,centroids differ by 5.0 km
2,78.5446,7.5692,141.00,149.00,160.46,160.45,0.7353,1,
2,78.4692,7.6384,131.00,121.00,156.55,161.31,0.7149,0,centroids differ by 4.8 km
2,78.5265,7.5474,139.00,80.00,159.41,160.76,0.6562,0,correlation 0.66 <= 0.7
2,78.5034,7.6888,133.00,141.00,157.55,160.68,0.7089,0,centroids differ by 3.1 km
2,78.5117,7.5735,135.00,83.00,158.34,160.99,0.6885,0,correlation 0.69 <= 0.7
2,78.5128,7.6279,135.00,80.00,158.30,160.88,0.7058,0,NYA peak not clear against upper and lower means
2,78.4588,7.5397,133.00,125.00,157.03,162.23,0.7090,0,centroids differ by 5.2 km
2,78.5208,7.6648,137.00,80.00,158.79,160.71,0.6905,0,correlation 0.69 <= 0.7
2,78.5495,7.6876,153.00,145.00,160.63,160.23,0.7750,1,
2,78.4682,7.6607,131.00,121.00,156.44,161.21,0.7204,0,centroids differ by 4.8 km
2,78.5502,7.5609,149.00,149.00,160.85,160.31,0.7711,1,
2,78.5375,7.5669,139.00,149.00,160.03,160.61,0.7151,1,
2,78.5322,7.6116,137.00,80.00,159.62,160.61,0.7087,0,NYA peak not clear against upper and lower means
2,78.4580,7.6283,131.00,123.00,156.59,161.74,0.7244,0,centroids differ by 5.1 km
2,78.4910,7.6168,131.00,119.00,157.13,161.09,0.6944,0,correlation 0.69 <= 0.7
2,78.4770,7.6560,131.00,117.00,156.58,161.04,0.6974,0,correlation 0.70 <= 0.7
2,78.4776,7.5554,133.00,119.00,157.04,161.66,0.6915,0,correlation 0.69 <= 0.7
2,78.4558,7.6452,131.00,123.00,156.50,161.76,0.7313,0,centroids differ by 5.3 km
2,78.4865,7.5813,131.00,119.00,157.12,161.34,0.6905,0,correlation 0.69 <= 0.7
2,78.4944,7.6686,131.00,117.00,157.10,160.81,0.6969,0,correlation 0.70 <= 0.7
2,78.5354,7.6859,139.00,80.00,159.64,160.45,0.7462,0,NYA peak not clear against upper and lower means
2,78.4941,7.6482,131.00,117.00,157.15,160.89,0.6979,0,correlation 0.70 <= 0.7
2,78.5119,7.6327,135.00,80.00,158.24,160.89,0.7102,0,NYA peak not clear against upper and lower means
2,78.4758,7.5996,131.00,117.00,156.81,161.41,0.6941,0,correlation 0.69 <= 0.7
2,78.4520,7.6029,131.00,123.00,156.73,162.16,0.7282,0,centroids differ by 5.4 km
2,78.5328,7.6606,137.00,80.00,159.54,160.53,0.7202,0,NYA peak not clear against upper and lower means
2,78.5399,7.5457,139.00,149.00,160.22,160.58,0.7002,1,
2,78.5014,7.5671,133.00,85.00,157.73,161.18,0.7186,0,centroids differ by 3.4 km
2,78.5453,7.5840,141.00,149.00,160.47,160.44,0.7466,1,
2,78.5284,7.6842,137.00,80.00,159.22,160.60,0.7005,0,NYA peak not clear against upper and lower means
2,78.4681,7.6520,131.00,121.00,156.48,161.26,0.7195,0,centroids differ by 4.8 km
2,78.5343,7.6790,137.00,80.00,159.58,160.48,0.7374,0,NYA peak not clear against upper and lower means
2,78.5366,7.6554,138.00,147.00,159.78,160.48,0.7494,1,
2,78.4167,7.9824,125.00,135.00,154.76,163.91,0.7942,0,centroids differ by 9.2 km
2,78.4222,8.0268,125.00,133.00,154.69,163.50,0.8216,0,centroids differ by 8.8 km
2,78.4119,7.9172,123.00,137.00,154.74,164.24,0.7611,0,centroids differ by 9.5 km
2,78.4198,8.0061,125.00,135.00,154.75,163.68,0.8112,0,centroids differ by 8.9 km
2,78.4716,7.9296,125.00,113.00,155.37,159.95,0.7336,0,centroids differ by 4.6 km
2,78.3857,7.9272,119.00,139.00,151.95,166.07,0.3431,0,correlation 0.34 <= 0.7
2,78.4088,7.9465,123.00,137.00,154.48,164.52,0.7302,0,centroids differ by 10.0 km
2,78.3910,7.9842,119.00,137.00,152.77,165.73,0.4577,0,correlation 0.46 <= 0.7
2,78.4596,7.9294,127.00,115.00,155.07,160.63,0.7857,0,centroids differ by 5.6 km
2,78.3901,7.9553,119.00,137.00,152.63,165.80,0.4405,0,correlation 0.44 <= 0.7
2,78.3873,7.9840,119.00,137.00,152.30,165.96,0.3827,0,correlation 0.38 <= 0.7
2,78.4016,8.0461,121.00,135.00,153.82,165.06,0.6324,0,correlation 0.63 <= 0.7
2,78.4202,8.0099,125.00,135.00,154.74,163.65,0.8128,0,centroids differ by 8.9 km
2,78.4186,8.0296,125.00,135.00,154.64,163.80,0.8049,0,centroids differ by 9.2 km
2,78.4313,7.9451,125.00,125.00,155.06,162.67,0.8328,0,centroids differ by 7.6 km
2,78.4541,7.9086,127.00,114.00,155.12,161.05,0.8078,0,centroids differ by 5.9 km
2,78.3991,7.9040,121.00,139.00,153.73,165.22,0.6101,0,correlation 0.61 <= 0.7
2,78.4473,7.9712,127.00,115.00,154.78,161.36,0.8354,0,centroids differ by 6.6 km
2,78.3911,7.9619,119.00,137.00,152.77,165.74,0.4605,0,correlation 0.46 <= 0.7
2,78.4293,7.9948,125.00,133.00,154.82,162.84,0.8330,0,centroids differ by 8.0 km
2,78.4335,7.9306,125.00,125.00,155.12,162.50,0.8339,0,centroids differ by 7.4 km
2,78.4520,8.0363,125.00,113.00,154.47,161.02,0.8261,0,centroids differ by 6.5 km
2,78.4205,7.9679,125.00,135.00,154.91,163.56,0.8145,0,centroids differ by 8.7 km
2,78.3805,7.9583,117.00,140.00,151.12,166.36,0.2199,0,correlation 0.22 <= 0.7
2,78.3859,7.9387,119.00,139.00,152.00,166.06,0.3474,0,correlation 0.35 <= 0.7
2,78.3742,7.9692,115.00,145.00,149.90,166.69,0.0580,0,correlation 0.06 <= 0.7
2,78.4585,8.0178,125.00,113.00,154.66,160.58,0.8071,0,centroids differ by 5.9 km
2,78.4189,7.9890,125.00,135.00,154.80,163.72,0.8073,0,centroids differ by 8.9 km
2,78.3937,7.9927,119.00,137.00,153.11,165.57,0.5092,0,correlation 0.51 <= 0.7
2,78.4677,7.9117,125.00,113.00,155.33,160.21,0.7475,0,centroids differ by 4.9 km
2,78.3852,7.9236,119.00,139.00,151.86,166.10,0.3309,0,correlation 0.33 <= 0.7
2,78.3922,7.9518,119.00,139.00,152.91,165.67,0.4844,0,correlation 0.48 <= 0.7
2,78.4460,8.0473,125.00,121.00,154.38,161.54,0.8330,0,centroids differ by 7.2 km
2,78.4670,7.9942,125.00,113.00,154.98,160.05,0.7615,0,centroids differ by 5.1 km
2,78.3735,7.9422,115.00,145.00,149.66,166.73,0.0316,0,correlation 0.03 <= 0.7
2,78.3891,7.9306,119.00,139.00,152.47,165.87,0.4193,0,correlation 0.42 <= 0.7
2,78.3254,2.2023,166.00,157.00,173.09,167.12,0.7054,0,centroids differ by 6.0 km
2,78.4045,2.1550,143.00,127.00,167.02,164.84,0.3457,0,correlation 0.35 <= 0.7
2,78.3289,2.2156,165.00,157.00,172.93,167.03,0.7631,0,centroids differ by 5.9 km
2,78.3336,2.2321,163.00,155.00,171.67,166.93,0.8038,0,centroids differ by 4.7 km
2,78.3859,2.1603,143.00,135.00,168.36,165.55,0.5615,0,correlation 0.56 <= 0.7
2,78.3592,2.2122,148.00,143.00,170.90,166.46,0.7984,0,centroids differ by 4.4 km
2,78.3373,2.1743,163.00,153.00,172.60,166.83,0.8378,0,centroids differ by 5.8 km
2,78.3360,2.1819,163.00,153.00,172.65,166.86,0.8317,0,centroids differ by 5.8 km
2,78.3397,2.1409,163.00,163.00,172.52,166.75,0.8421,0,centroids differ by 5.8 km
2,78.4008,2.1741,143.00,127.00,167.13,165.03,0.3730,0,correlation 0.37 <= 0.7
2,78.3425,2.2467,149.00,161.00,171.19,166.73,0.8480,0,centroids differ by 4.5 km
2,78.3897,2.2180,141.00,135.00,167.79,165.60,0.5028,0,correlation 0.50 <= 0.7
2,78.3890,2.1470,143.00,135.00,168.12,165.40,0.5199,0,correlation 0.52 <= 0.7
2,78.3318,2.1921,165.00,155.00,172.83,166.97,0.7994,0,centroids differ by 5.9 km
2,78.3513,2.2073,149.00,143.00,171.61,166.56,0.8347,0,centroids differ by 5.0 km
2,78.3212,2.2040,173.52,157.00,173.24,167.22,0.6096,0,correlation 0.61 <= 0.7
2,78.3465,2.2249,149.00,161.00,171.93,166.64,0.8487,0,centroids differ by 5.3 km
2,78.3159,2.1639,171.00,159.00,173.44,167.35,0.4362,0,correlation 0.44 <= 0.7
2,78.3617,2.1943,143.00,143.00,170.71,166.37,0.7863,0,centroids differ by 4.3 km
2,78.3774,2.1783,141.00,137.00,169.16,165.84,0.6688,0,correlation 0.67 <= 0.7
2,78.4083,2.1295,145.00,127.00,167.01,164.66,0.3247,0,correlation 0.32 <= 0.7
2,78.3097,2.1611,195.00,159.00,173.56,167.46,0.1888,0,correlation 0.19 <= 0.7
2,78.3951,2.2410,141.00,133.00,167.24,165.48,0.4215,0,correlation 0.42 <= 0.7
2,78.3866,2.1827,143.00,135.00,168.21,165.59,0.5490,0,correlation 0.55 <= 0.7
2,78.3625,2.1465,147.00,145.00,170.78,166.26,0.7825,0,centroids differ by 4.5 km
2,78.3509,2.2134,149.00,143.00,171.62,166.57,0.8368,0,centroids differ by 5.1 km
2,78.3669,2.1090,147.00,137.00,170.48,166.01,0.7593,0,centroids differ by 4.5 km
2,78.4011,2.1720,143.00,127.00,167.12,165.02,0.3711,0,correlation 0.37 <= 0.7
2,78.3209,2.2125,173.26,157.00,172.20,167.21,0.5783,0,correlation 0.58 <= 0.7
2,78.3883,2.1234,143.00,135.00,168.27,165.35,0.5335,0,correlation 0.53 <= 0.7
2,78.3862,2.1417,143.00,135.00,168.41,165.49,0.5606,0,correlation 0.56 <= 0.7
2,78.3120,2.1794,171.00,159.00,173.51,167.40,0.2908,0,correlation 0.29 <= 0.7
2,78.3099,2.2003,96.00,159.00,172.46,167.40,0.1814,0,correlation 0.18 <= 0.7
2,78.3868,2.0977,143.00,135.00,168.52,165.32,0.5576,0,correlation 0.56 <= 0.7
2,78.4076,2.1855,143.00,127.00,166.83,164.84,0.3069,0,correlation 0.31 <= 0.7
2,78.3825,2.2020,141.00,135.00,168.54,165.77,0.6049,0,correlation 0.60 <= 0.7
2,78.4008,4.1604,125.00,129.00,155.31,163.98,0.5711,0,correlation 0.57 <= 0.7
2,78.4773,4.1288,173.00,107.00,166.44,166.04,-0.4165,0,correlation -0.42 <= 0.7
2,78.4097,4.1133,125.00,127.00,156.51,164.35,0.5950,0,correlation 0.60 <= 0.7
2,78.4384,4.0612,135.00,123.00,160.57,165.22,0.5070,0,correlation 0.51 <= 0.7
2,78.4671,4.0740,153.00,109.00,164.75,165.98,-0.2272,0,correlation -0.23 <= 0.7
2,78.4505,4.1467,143.00,125.00,162.07,165.44,0.2864,0,correlation 0.29 <= 0.7
2,78.4169,4.0386,127.00,127.00,157.65,164.76,0.6117,0,correlation 0.61 <= 0.7
2,78.4733,4.1401,155.00,107.00,165.76,166.01,-0.3494,0,correlation -0.35 <= 0.7
2,78.4335,4.1295,133.00,123.00,159.82,164.97,0.5569,0,correlation 0.56 <= 0.7
2,78.4705,4.0405,155.00,109.00,166.11,166.05,-0.3684,0,correlation -0.37 <= 0.7
2,78.4597,4.0250,153.00,113.00,164.35,165.89,-0.0459,0,correlation -0.05 <= 0.7
2,78.4686,4.0558,155.00,109.00,165.77,166.01,-0.3124,0,correlation -0.31 <= 0.7
2,78.4553,4.0476,145.00,113.00,163.65,165.75,0.1182,0,correlation 0.12 <= 0.7
2,78.4646,4.0477,153.00,111.11,165.12,165.96,-0.1971,0,correlation -0.20 <= 0.7
2,78.4293,4.0658,131.00,125.00,159.37,164.98,0.5936,0,correlation 0.59 <= 0.7
2,78.4509,4.1152,143.00,125.00,162.17,165.51,0.2713,0,correlation 0.27 <= 0.7
2,78.4385,4.1143,133.00,123.00,160.50,165.12,0.5048,0,correlation 0.50 <= 0.7
2,78.3869,4.1356,123.00,131.00,154.69,163.99,0.5748,0,correlation 0.57 <= 0.7
2,78.4011,4.1366,125.00,129.00,155.39,164.02,0.5730,0,correlation 0.57 <= 0.7
2,78.4752,4.1495,155.00,107.00,166.08,166.02,-0.3826,0,correlation -0.38 <= 0.7
2,78.4480,4.1047,143.00,127.00,161.77,165.44,0.3392,0,correlation 0.34 <= 0.7
2,78.3952,4.1533,123.00,131.00,154.84,163.92,0.5617,0,correlation 0.56 <= 0.7
2,78.4243,4.0406,131.00,125.00,158.73,164.93,0.6145,0,correlation 0.61 <= 0.7
2,78.3988,4.0965,125.00,129.00,155.24,164.04,0.5708,0,correlation 0.57 <= 0.7
2,78.4663,4.0360,155.00,109.00,165.41,166.01,-0.2584,0,correlation -0.26 <= 0.7
2,78.4668,4.0826,153.00,109.00,164.69,165.97,-0.2125,0,correlation -0.21 <= 0.7
2,78.4268,4.1548,129.00,125.00,158.90,164.78,0.5913,0,correlation 0.59 <= 0.7
2,78.3921,4.0487,125.00,131.00,154.99,163.99,0.5779,0,correlation 0.58 <= 0.7
2,78.4453,4.0265,135.00,127.00,162.27,165.50,0.3741,0,correlation 0.37 <= 0.7
2,78.4407,4.0400,135.00,121.00,160.90,165.33,0.4710,0,correlation 0.47 <= 0.7
2,78.4388,4.1607,133.00,123.00,160.46,165.05,0.4978,0,correlation 0.50 <= 0.7
2,78.4264,4.1506,129.00,125.00,158.85,164.77,0.5937,0,correlation 0.59 <= 0.7
2,78.4125,4.1453,125.00,125.00,156.89,164.37,0.6016,0,correlation 0.60 <= 0.7
2,78.4014,4.0528,125.00,127.00,155.57,164.22,0.5746,0,correlation 0.57 <= 0.7
2,78.3869,4.0654,123.00,133.00,154.94,163.96,0.5890,0,correlation 0.59 <= 0.7
2,78.4283,4.0752,131.00,125.00,159.22,164.95,0.5979,0,correlation 0.60 <= 0.7
2,78.8222,8.2813,185.00,131.00,172.69,167.11,0.6929,0,correlation 0.69 <= 0.7
2,78.8308,8.3015,185.00,129.00,173.26,167.86,0.7721,0,centroids differ by 5.4 km
2,78.8088,8.2988,183.00,181.00,171.85,165.39,0.6145,0,correlation 0.61 <= 0.7
2,78.8077,8.3193,183.00,181.00,171.80,165.18,0.5844,0,correlation 0.58 <= 0.7
2,78.8501,8.3774,183.00,205.00,174.48,169.04,0.8418,0,NYA peak not clear against upper and lower means
2,78.8207,8.3755,183.00,127.00,172.70,166.70,0.6981,0,correlation 0.70 <= 0.7
2,78.7891,8.3851,179.00,123.00,170.81,162.76,0.0424,0,correlation 0.04 <= 0.7
2,78.8716,8.3657,185.00,249.00,175.36,168.10,0.6375,0,correlation 0.64 <= 0.7
2,78.8315,8.3255,185.00,129.00,173.34,167.84,0.7978,0,centroids differ by 5.5 km
2,78.7784,8.3996,173.00,101.00,170.25,161.35,-0.2576,0,correlation -0.26 <= 0.7
2,78.8049,8.3711,181.00,177.00,171.69,164.60,0.4982,0,correlation 0.50 <= 0.7
2,78.8212,8.3513,183.00,129.00,172.70,166.81,0.6973,0,correlation 0.70 <= 0.7
2,78.7831,8.3965,173.00,123.00,170.50,162.07,-0.1319,0,correlation -0.13 <= 0.7
2,78.8162,8.3692,183.00,181.00,172.40,166.19,0.7003,0,centroids differ by 6.2 km
2,78.8517,8.3476,183.00,207.00,174.56,169.06,0.8316,0,NYA peak not clear against upper and lower means
2,78.7897,8.3557,181.00,125.00,170.83,162.89,0.0475,0,correlation 0.05 <= 0.7
2,78.8549,8.3097,183.00,211.00,174.72,169.07,0.8093,0,NYA peak not clear against upper and lower means
2,78.8048,8.3009,183.00,181.00,171.62,164.76,0.5024,0,correlation 0.50 <= 0.7
2,78.7981,8.3507,181.00,125.00,171.28,163.73,0.2895,0,correlation 0.29 <= 0.7
2,78.7991,8.3731,181.00,125.00,171.34,163.78,0.3211,0,correlation 0.32 <= 0.7
2,78.8204,8.3597,183.00,179.00,172.67,166.70,0.7000,0,centroids differ by 6.0 km
2,78.8005,8.3319,181.00,125.00,171.41,164.08,0.3677,0,correlation 0.37 <= 0.7
2,78.7993,8.3816,181.00,123.00,171.36,163.78,0.3258,0,correlation 0.33 <= 0.7
2,78.8038,8.4088,181.00,175.00,171.65,164.36,0.4580,0,correlation 0.46 <= 0.7
2,78.8290,8.4099,183.00,125.00,173.28,167.48,0.7800,0,centroids differ by 5.8 km
2,78.7911,8.4061,179.00,123.00,170.93,162.88,0.0990,0,correlation 0.10 <= 0.7
2,78.8529,8.2697,185.00,213.00,174.59,169.06,0.8235,0,NYA peak not clear against upper and lower means
2,78.8439,8.3794,181.00,205.00,174.15,168.58,0.8805,0,centroids differ by 5.6 km
2,78.8522,8.3029,183.00,211.00,174.57,169.05,0.8300,0,NYA peak not clear against upper and lower means
2,78.8601,8.3118,185.00,239.00,174.98,168.93,0.7622,0,NYA peak not clear against upper and lower means
2,78.8779,8.3514,185.00,249.00,175.55,167.67,0.5799,0,correlation 0.58 <= 0.7
2,78.8681,8.2868,185.00,237.00,175.36,168.46,0.6768,0,correlation 0.68 <= 0.7
2,78.8172,8.2654,183.00,187.00,172.33,166.60,0.7049,0,centroids differ by 5.7 km
2,78.8416,8.3557,183.00,207.00,174.00,168.34,0.8835,0,centroids differ by 5.7 km
2,78.8567,8.2848,185.00,211.00,174.79,169.06,0.7965,0,NYA peak not clear against upper and lower means
2,78.8717,8.2910,185.00,245.00,175.49,168.14,0.6540,0,correlation 0.65 <= 0.7
2,78.5952,7.0079,165.00,133.00,164.47,161.66,0.5381,0,correlation 0.54 <= 0.7
2,78.5780,7.0788,157.00,80.00,163.48,160.38,0.5622,0,correlation 0.56 <= 0.7
2,78.5777,6.9879,151.00,83.00,163.62,160.71,0.5444,0,correlation 0.54 <= 0.7
2,78.6423,6.9642,173.00,135.00,164.98,162.87,0.5771,0,correlation 0.58 <= 0.7
2,78.5979,7.0514,163.00,133.00,164.45,161.58,0.5283,0,correlation 0.53 <= 0.7
2,78.6655,7.0161,161.00,85.00,165.94,162.46,-0.1148,0,correlation -0.11 <= 0.7
2,78.6469,7.0662,151.00,131.00,164.77,162.67,0.5451,0,correlation 0.55 <= 0.7
2,78.6514,6.9789,153.00,133.00,165.10,162.80,0.3816,0,correlation 0.38 <= 0.7
2,78.5771,6.9614,149.00,80.00,163.64,160.80,0.5394,0,correlation 0.54 <= 0.7
2,78.6047,6.9564,167.00,121.69,164.92,162.13,0.5581,0,correlation 0.56 <= 0.7
2,78.5915,6.9516,165.00,135.00,164.45,161.76,0.5509,0,correlation 0.55 <= 0.7
2,78.6222,6.9571,167.00,125.00,165.05,162.30,0.4960,0,correlation 0.50 <= 0.7
2,78.6056,7.0626,167.00,119.00,164.59,161.73,0.5341,0,correlation 0.53 <= 0.7
2,78.6630,6.9347,163.00,83.00,165.72,162.49,-0.0792,0,correlation -0.08 <= 0.7
2,78.6440,7.0467,151.00,133.00,164.74,162.65,0.5753,0,correlation 0.58 <= 0.7
2,78.6608,7.0593,161.00,113.00,165.62,162.48,0.0607,0,correlation 0.06 <= 0.7
2,78.6464,7.0510,151.00,131.00,164.79,162.71,0.5504,0,correlation 0.55 <= 0.7
2,78.6313,7.0017,172.55,147.00,164.78,162.36,0.5589,0,correlation 0.56 <= 0.7
2,78.6231,7.0123,175.00,123.00,164.79,162.16,0.5105,0,correlation 0.51 <= 0.7
2,78.5736,7.0769,157.00,80.00,163.22,160.17,0.5616,0,correlation 0.56 <= 0.7
2,78.5840,7.0745,163.00,83.00,163.81,160.73,0.5632,0,correlation 0.56 <= 0.7
2,78.5746,7.0739,157.00,80.00,163.28,160.22,0.5610,0,correlation 0.56 <= 0.7
2,78.5889,7.0820,163.00,83.00,164.03,160.97,0.5483,0,correlation 0.55 <= 0.7
2,78.6255,7.0821,163.00,133.00,164.44,161.89,0.5292,0,correlation 0.53 <= 0.7
2,78.6363,7.0839,171.00,143.00,164.49,162.18,0.5800,0,correlation 0.58 <= 0.7
2,78.6460,7.0390,151.00,133.00,164.81,162.73,0.5500,0,correlation 0.55 <= 0.7
2,78.6565,7.0783,161.00,113.00,165.32,162.57,0.2513,0,correlation 0.25 <= 0.7
2,78.5726,7.0771,148.00,80.00,163.16,160.13,0.5612,0,correlation 0.56 <= 0.7
2,78.6481,6.9741,173.00,133.00,165.03,162.89,0.4791,0,correlation 0.48 <= 0.7
2,78.6049,6.9423,171.00,121.59,164.97,162.19,0.5607,0,correlation 0.56 <= 0.7
2,78.6484,7.0088,153.00,133.00,164.95,162.85,0.4964,0,correlation 0.50 <= 0.7
2,78.5782,7.0090,151.00,83.00,163.62,160.65,0.5475,0,correlation 0.55 <= 0.7
2,78.6225,6.9735,167.00,149.00,164.98,162.25,0.4969,0,correlation 0.50 <= 0.7
2,78.6650,7.0147,161.00,97.00,165.90,162.47,-0.0995,0,correlation -0.10 <= 0.7
2,78.6433,6.9456,173.00,135.00,165.05,162.93,0.5607,0,correlation 0.56 <= 0.7
2,78.6248,7.0788,163.00,133.00,164.46,161.90,0.5261,0,correlation 0.53 <= 0.7
2,78.5132,8.0336,131.00,105.00,157.58,159.20,0.6558,0,correlation 0.66 <= 0.7
2,78.5213,8.0296,131.87,129.00,158.27,159.28,0.6928,0,correlation 0.69 <= 0.7
2,78.5495,7.9669,151.00,135.00,160.71,159.63,0.7840,0,centroids differ by 1.1 km
2,78.5987,7.9598,145.00,129.00,161.16,158.53,0.6967,0,correlation 0.70 <= 0.7
2,78.5280,8.0476,143.00,129.00,159.01,159.28,0.7112,1,
2,78.5309,8.0179,147.00,110.00,159.26,159.51,0.7300,1,
2,78.5429,7.9472,147.00,157.00,160.25,159.79,0.7661,0,NYA peak not clear against upper and lower means
2,78.5188,7.9843,132.00,131.00,158.06,159.49,0.6942,0,correlation 0.69 <= 0.7
2,78.5564,7.9517,151.00,135.00,160.95,159.52,0.7985,0,centroids differ by 1.4 km
2,78.5286,8.0230,147.00,109.73,159.03,159.45,0.7219,1,
2,78.5135,8.0585,131.00,105.00,157.58,159.10,0.6495,0,correlation 0.65 <= 0.7
2,78.5442,7.9735,148.00,155.00,160.38,159.71,0.7622,0,NYA peak not clear against upper and lower means
2,78.5739,8.0505,133.00,131.00,160.36,158.70,0.8003,0,centroids differ by 1.7 km
2,78.5684,8.0396,155.00,131.00,160.56,158.89,0.7832,0,centroids differ by 1.7 km
2,78.5590,7.9687,149.00,135.00,160.97,159.37,0.7835,0,centroids differ by 1.6 km
2,78.5889,8.0202,135.00,128.00,160.56,158.44,0.7618,0,centroids differ by 2.1 km
2,78.5441,8.0853,149.00,105.00,160.50,159.29,0.7273,0,centroids differ by 1.2 km
2,78.5253,7.9979,141.00,131.00,158.66,159.52,0.7200,1,
2,78.5748,8.0032,153.00,133.00,160.53,158.82,0.8132,0,centroids differ by 1.7 km
2,78.5636,7.9906,147.00,133.00,160.87,159.15,0.7713,0,centroids differ by 1.7 km
2,78.6050,7.9742,145.00,129.00,161.67,158.33,0.6338,0,correlation 0.63 <= 0.7
2,78.5496,8.0349,149.00,153.00,160.74,159.46,0.7619,0,NYA peak not clear against upper and lower means
2,78.5586,7.9757,149.00,135.00,160.96,159.37,0.7881,0,centroids differ by 1.6 km
2,78.5469,7.9584,148.97,155.00,160.54,159.70,0.7778,1,
2,78.5472,8.0738,149.00,151.00,160.63,159.34,0.7405,0,NYA peak not clear against upper and lower means
2,78.5567,8.0882,147.00,131.00,160.70,159.21,0.7885,0,centroids differ by 1.5 km
2,78.5603,8.0270,147.00,133.00,160.82,159.22,0.7965,0,centroids differ by 1.6 km
2,78.5601,8.0197,147.00,133.00,160.84,159.24,0.7956,0,centroids differ by 1.6 km
2,78.5237,7.9797,135.00,131.00,158.49,159.60,0.7195,0,centroids differ by 1.1 km
2,78.5599,8.0137,148.00,133.00,160.86,159.26,0.7967,0,centroids differ by 1.6 km
2,78.5755,7.9833,159.00,133.00,160.61,158.88,0.8166,0,centroids differ by 1.7 km
2,78.5442,8.0240,147.00,106.00,160.46,159.53,0.7458,1,
2,78.5630,7.9534,149.00,135.00,161.00,159.29,0.7760,0,centroids differ by 1.7 km
2,78.6075,8.0481,143.00,126.25,161.91,157.96,0.5769,0,correlation 0.58 <= 0.7
2,78.5886,8.0094,135.00,128.00,160.58,158.49,0.7635,0,centroids differ by 2.1 km
2,78.5853,7.9430,135.00,131.00,160.73,158.80,0.7750,0,centroids differ by 1.9 km
2,78.4314,4.3495,131.00,121.00,158.46,164.49,0.5203,0,correlation 0.52 <= 0.7
2,78.4500,4.3050,143.00,119.00,161.81,165.11,0.2908,0,correlation 0.29 <= 0.7
2,78.3762,4.2293,121.00,127.00,154.06,164.42,0.5656,0,correlation 0.57 <= 0.7
2,78.4276,4.3281,131.00,121.00,158.00,164.42,0.5512,0,correlation 0.55 <= 0.7
2,78.4396,4.3608,132.00,121.00,159.52,164.70,0.4387,0,correlation 0.44 <= 0.7
2,78.4531,4.2572,143.00,117.00,162.34,165.33,0.2251,0,correlation 0.23 <= 0.7
2,78.4183,4.3559,127.00,123.00,156.71,164.04,0.5814,0,correlation 0.58 <= 0.7
2,78.4310,4.2365,131.00,123.00,159.33,164.73,0.5518,0,correlation 0.55 <= 0.7
2,78.3960,4.2682,123.00,129.00,153.85,163.93,0.5491,0,correlation 0.55 <= 0.7
2,78.4360,4.3027,131.00,121.00,159.88,164.72,0.4933,0,correlation 0.49 <= 0.7
2,78.4481,4.3562,141.00,119.00,160.72,164.97,0.3189,0,correlation 0.32 <= 0.7
2,78.4258,4.2575,129.00,123.00,158.62,164.54,0.5748,0,correlation 0.57 <= 0.7
2,78.4148,4.3067,126.00,123.00,156.27,164.04,0.5927,0,correlation 0.59 <= 0.7
2,78.3835,4.3129,121.00,127.00,153.30,164.32,0.5326,0,correlation 0.53 <= 0.7
2,78.4603,4.2706,151.00,123.00,163.49,165.54,0.0317,0,correlation 0.03 <= 0.7
2,78.4724,4.2526,155.00,111.00,165.56,165.88,-0.3047,0,correlation -0.30 <= 0.7
2,78.4243,4.2943,127.00,121.00,157.61,164.40,0.5745,0,correlation 0.57 <= 0.7
2,78.3850,4.3623,121.00,125.00,153.12,164.35,0.5180,0,correlation 0.52 <= 0.7
2,78.4667,4.2656,153.00,111.00,164.57,165.73,-0.1521,0,correlation -0.15 <= 0.7
2,78.4513,4.3373,141.00,119.00,161.22,165.10,0.2654,0,correlation 0.27 <= 0.7
2,78.4221,4.3373,127.00,123.00,157.26,164.21,0.5753,0,correlation 0.58 <= 0.7
2,78.4085,4.2367,123.00,125.00,156.19,164.01,0.5900,0,correlation 0.59 <= 0.7
2,78.4521,4.3221,149.00,119.00,162.12,165.16,0.2410,0,correlation 0.24 <= 0.7
2,78.4500,4.3076,143.00,119.00,161.81,165.11,0.2899,0,correlation 0.29 <= 0.7
2,78.4118,4.2983,123.00,125.00,155.84,163.98,0.5914,0,correlation 0.59 <= 0.7
2,78.4584,4.2377,151.00,123.00,163.19,165.54,0.0856,0,correlation 0.09 <= 0.7
2,78.3822,4.2997,121.00,127.00,153.39,164.34,0.5376,0,correlation 0.54 <= 0.7
2,78.3973,4.3048,123.00,129.00,153.90,163.92,0.5484,0,correlation 0.55 <= 0.7
2,78.4568,4.2869,151.00,123.00,162.90,165.40,0.1290,0,correlation 0.13 <= 0.7
2,78.4361,4.2534,133.00,123.00,159.96,164.81,0.5077,0,correlation 0.51 <= 0.7
2,78.3987,4.3502,123.00,129.00,153.97,163.95,0.5480,0,correlation 0.55 <= 0.7
2,78.4523,4.3484,149.00,119.00,161.37,165.12,0.2400,0,correlation 0.24 <= 0.7
2,78.3926,4.3405,121.00,127.00,153.44,164.08,0.5304,0,correlation 0.53 <= 0.7
2,78.4156,4.2557,126.00,123.00,157.22,164.18,0.5984,0,correlation 0.60 <= 0.7
2,78.4231,4.2440,129.00,123.00,158.27,164.49,0.5876,0,correlation 0.59 <= 0.7
2,78.4276,4.3608,127.00,121.00,157.96,164.34,0.5433,0,correlation 0.54 <= 0.7
2,78.5145,8.0268,131.00,105.00,157.69,159.25,0.6639,0,correlation 0.66 <= 0.7
2,78.5051,8.0467,131.00,105.00,156.96,159.06,0.6296,0,correlation 0.63 <= 0.7
2,78.4873,8.0449,129.00,109.00,155.78,159.11,0.6687,0,correlation 0.67 <= 0.7
2,78.5757,8.0285,133.00,131.00,160.42,158.72,0.8124,0,centroids differ by 1.7 km
2,78.5673,7.9992,155.00,133.00,160.76,159.03,0.7826,0,centroids differ by 1.7 km
2,78.5764,8.0506,133.00,131.00,160.32,158.65,0.8075,0,centroids differ by 1.7 km
2,78.5585,8.0132,148.00,133.00,160.87,159.32,0.7992,0,centroids differ by 1.6 km
2,78.5477,7.9905,148.52,155.00,160.64,159.61,0.7699,0,centroids differ by 1.0 km
2,78.5243,8.0659,139.00,105.00,158.61,159.11,0.6884,0,correlation 0.69 <= 0.7
2,78.5037,8.0546,129.00,105.00,156.87,159.02,0.6273,0,correlation 0.63 <= 0.7
2,78.5137,8.1166,130.02,103.00,157.55,158.92,0.6293,0,correlation 0.63 <= 0.7
2,78.4934,7.9822,129.00,111.00,156.28,159.31,0.6619,0,correlation 0.66 <= 0.7
2,78.5774,8.0169,153.00,133.00,160.43,158.73,0.8150,0,centroids differ by 1.7 km
2,78.5237,8.1186,145.00,103.00,158.61,158.92,0.6658,0,correlation 0.67 <= 0.7
2,78.4835,8.0660,127.00,109.00,155.50,159.21,0.6863,0,correlation 0.69 <= 0.7
2,78.5147,8.0975,130.64,103.00,157.65,158.97,0.6400,0,correlation 0.64 <= 0.7
2,78.4919,8.0631,129.00,109.00,156.05,159.01,0.6504,0,correlation 0.65 <= 0.7
2,78.5736,8.0582,133.00,131.00,160.33,158.70,0.8002,0,centroids differ by 1.6 km
2,78.5500,8.0468,149.00,151.00,160.76,159.42,0.7603,0,centroids differ by 1.3 km
2,78.4832,8.0900,127.00,109.00,155.44,159.23,0.6853,0,correlation 0.69 <= 0.7
2,78.4819,8.1254,127.00,107.00,155.29,159.32,0.6857,0,correlation 0.69 <= 0.7
2,78.4989,8.0588,129.00,109.00,156.54,158.99,0.6333,0,correlation 0.63 <= 0.7
2,78.5178,8.0428,133.00,105.00,157.96,159.19,0.6735,0,correlation 0.67 <= 0.7
2,78.5729,7.9884,155.00,133.00,160.65,158.93,0.8118,0,centroids differ by 1.7 km
2,78.4805,8.0175,127.00,111.00,155.44,159.36,0.7039,0,centroids differ by 3.9 km
2,78.5395,8.0568,146.38,107.00,160.16,159.40,0.7294,1,
2,78.4962,8.1096,129.00,107.00,156.27,158.89,0.6267,0,correlation 0.63 <= 0.7
2,78.5593,7.9918,148.00,135.00,160.92,159.31,0.7930,0,centroids differ by 1.6 km
2,78.4863,8.0619,127.00,109.00,155.68,159.11,0.6708,0,correlation 0.67 <= 0.7
2,78.5003,8.0727,129.00,107.00,156.61,158.96,0.6279,0,correlation 0.63 <= 0.7
2,78.5416,8.0244,145.00,107.00,160.27,159.53,0.7399,1,
2,78.4879,8.0632,127.00,109.00,155.79,159.07,0.6632,0,correlation 0.66 <= 0.7
2,78.4853,8.1284,127.00,107.00,155.50,159.17,0.6682,0,correlation 0.67 <= 0.7
2,78.5067,8.0226,131.00,105.00,157.11,159.19,0.6387,0,correlation 0.64 <= 0.7
2,78.4960,8.0022,129.00,109.00,156.42,159.21,0.6518,0,correlation 0.65 <= 0.7
2,78.5438,7.9995,147.64,155.00,160.40,159.63,0.7528,0,NYA peak not clear against upper and lower means
2,78.3258,1.6219,175.00,153.00,175.81,166.94,0.5321,0,correlation 0.53 <= 0.7
2,78.3813,1.6406,147.00,135.00,172.19,164.01,0.6113,0,correlation 0.61 <= 0.7
2,78.3758,1.5140,150.75,135.00,173.06,163.85,0.6111,0,correlation 0.61 <= 0.7
2,78.4196,1.5290,151.00,127.00,171.24,162.48,0.4941,0,correlation 0.49 <= 0.7
2,78.4213,1.5226,153.00,126.00,171.32,162.37,0.4789,0,correlation 0.48 <= 0.7
2,78.4142,1.5764,151.00,127.00,170.28,162.83,0.5259,0,correlation 0.53 <= 0.7
2,78.3718,1.5683,147.00,135.00,173.28,164.12,0.6671,0,correlation 0.67 <= 0.7
2,78.4000,1.6510,149.00,131.00,170.58,163.55,0.5452,0,correlation 0.55 <= 0.7
2,78.3629,1.5554,153.00,145.00,174.04,164.51,0.7184,0,centroids differ by 9.5 km
2,78.3411,1.6079,171.00,145.00,175.28,166.00,0.7143,0,centroids differ by 9.3 km
2,78.4068,1.6443,149.00,129.00,170.22,163.29,0.5463,0,correlation 0.55 <= 0.7
2,78.4056,1.6120,149.00,129.00,170.39,163.24,0.5531,0,correlation 0.55 <= 0.7
2,78.3706,1.5433,153.00,135.00,173.45,164.10,0.6652,0,correlation 0.67 <= 0.7
2,78.4182,1.6541,151.00,127.00,170.09,162.88,0.4949,0,correlation 0.49 <= 0.7
2,78.3348,1.5354,173.00,147.00,175.61,166.19,0.6190,0,correlation 0.62 <= 0.7
2,78.3461,1.6088,157.00,145.00,175.05,165.72,0.7439,0,centroids differ by 9.3 km
2,78.3260,1.5856,175.00,153.00,175.84,166.85,0.5078,0,correlation 0.51 <= 0.7
2,78.3650,1.5258,153.00,143.00,173.95,164.31,0.6938,0,correlation 0.69 <= 0.7
2,78.3859,1.5940,149.00,135.00,171.91,163.78,0.5712,0,correlation 0.57 <= 0.7
2,78.3460,1.6543,155.00,145.00,174.98,165.85,0.7549,0,centroids differ by 9.1 km
2,78.3866,1.6516,147.00,133.00,171.67,163.91,0.5713,0,correlation 0.57 <= 0.7
2,78.4082,1.6069,149.00,129.00,170.30,163.12,0.5483,0,correlation 0.55 <= 0.7
2,78.4064,1.5516,149.00,129.00,170.56,163.05,0.5540,0,correlation 0.55 <= 0.7
2,78.3986,1.5421,149.00,130.00,171.02,163.31,0.5652,0,correlation 0.57 <= 0.7
2,78.3243,1.6470,176.45,153.00,175.82,167.03,0.5249,0,correlation 0.52 <= 0.7
2,78.3998,1.6400,149.00,131.00,170.63,163.53,0.5485,0,correlation 0.55 <= 0.7
2,78.3454,1.5423,157.00,145.00,175.18,165.57,0.7270,0,centroids differ by 9.6 km
2,78.3922,1.6057,149.00,133.00,171.32,163.64,0.5556,0,correlation 0.56 <= 0.7
2,78.3461,1.6235,155.00,145.00,175.02,165.76,0.7469,0,centroids differ by 9.3 km
2,78.3910,1.5233,149.00,133.00,172.45,163.48,0.5583,0,correlation 0.56 <= 0.7
2,78.3741,1.6180,147.00,135.00,172.94,164.18,0.6672,0,correlation 0.67 <= 0.7
2,78.3726,1.6372,145.00,135.00,173.01,164.30,0.6852,0,correlation 0.69 <= 0.7
2,78.3564,1.5718,157.00,145.00,174.49,164.98,0.7480,0,centroids differ by 9.5 km
2,78.3452,1.6093,157.00,145.00,175.09,165.77,0.7408,0,centroids differ by 9.3 km
2,78.4098,1.5551,151.00,129.00,170.43,162.93,0.5440,0,correlation 0.54 <= 0.7
2,78.3600,1.5533,157.00,143.00,174.26,164.68,0.7298,0,centroids differ by 9.6 km
2,78.4162,1.6152,151.00,127.00,170.18,162.84,0.5116,0,correlation 0.51 <= 0.7
2,78.4422,1.6010,153.00,121.00,172.46,161.41,0.0896,0,correlation 0.09 <= 0.7
2,78.4443,1.7134,151.00,121.00,172.53,161.66,0.0194,0,correlation 0.02 <= 0.7
2,78.3477,1.7150,155.00,143.00,174.77,165.92,0.7744,0,centroids differ by 8.9 km
2,78.3796,1.7238,147.00,133.00,172.09,164.31,0.6423,0,correlation 0.64 <= 0.7
2,78.3690,1.7318,151.00,141.00,173.07,164.82,0.7359,0,centroids differ by 8.3 km
2,78.4262,1.7327,151.00,125.00,170.28,162.78,0.4041,0,correlation 0.40 <= 0.7
2,78.4123,1.6299,149.00,127.00,170.13,163.03,0.5308,0,correlation 0.53 <= 0.7
2,78.3820,1.6618,147.00,133.00,172.05,164.06,0.6085,0,correlation 0.61 <= 0.7
2,78.3938,1.6924,147.00,133.00,170.89,163.84,0.5358,0,correlation 0.54 <= 0.7
2,78.4328,1.7203,151.00,125.00,170.97,162.38,0.2999,0,correlation 0.30 <= 0.7
2,78.3974,1.6026,149.00,131.00,170.91,163.50,0.5580,0,correlation 0.56 <= 0.7
2,78.3838,1.6318,149.00,135.00,171.97,163.93,0.5897,0,correlation 0.59 <= 0.7
2,78.4125,1.7033,149.00,127.00,169.90,163.24,0.5138,0,correlation 0.51 <= 0.7
2,78.3693,1.7206,151.00,141.00,173.08,164.77,0.7310,0,centroids differ by 8.3 km
2,78.3490,1.6860,155.00,143.00,174.75,165.77,0.7750,0,centroids differ by 9.0 km
2,78.3860,1.6096,149.00,135.00,171.85,163.82,0.5716,0,correlation 0.57 <= 0.7
2,78.3487,1.7146,155.00,143.00,174.71,165.86,0.7773,0,centroids differ by 8.8 km
2,78.3885,1.6552,147.00,133.00,171.49,163.88,0.5617,0,correlation 0.56 <= 0.7
2,78.3600,1.6235,155.00,143.00,174.11,164.95,0.7512,0,centroids differ by 9.2 km
2,78.3537,1.6052,155.00,145.00,174.60,165.28,0.7612,0,centroids differ by 9.3 km
2,78.4197,1.6637,151.00,127.00,170.10,162.85,0.4838,0,correlation 0.48 <= 0.7
2,78.4332,1.6104,153.00,124.00,171.26,161.98,0.3041,0,correlation 0.30 <= 0.7
2,78.3564,1.7009,155.00,143.00,174.22,165.42,0.7799,0,centroids differ by 8.8 km
2,78.4130,1.6425,149.00,127.00,170.09,163.04,0.5252,0,correlation 0.53 <= 0.7
2,78.3736,1.6425,149.00,135.00,172.91,164.28,0.6790,0,correlation 0.68 <= 0.7
2,78.3978,1.6185,149.00,131.00,170.82,163.53,0.5546,0,correlation 0.55 <= 0.7
2,78.3454,1.6917,155.00,143.00,174.95,165.98,0.7613,0,centroids differ by 9.0 km
2,78.4202,1.6518,151.00,127.00,170.15,162.79,0.4829,0,correlation 0.48 <= 0.7
2,78.4406,1.6615,153.00,121.00,172.11,161.70,0.1249,0,correlation 0.12 <= 0.7
2,78.4037,1.7250,147.00,129.00,170.10,163.66,0.5181,0,correlation 0.52 <= 0.7
2,78.3604,1.6754,155.00,143.00,173.96,165.11,0.7647,0,centroids differ by 8.8 km
2,78.3913,1.6570,149.00,133.00,171.23,163.80,0.5501,0,correlation 0.55 <= 0.7
2,78.3645,1.5991,153.00,143.00,173.81,164.58,0.7278,0,centroids differ by 9.2 km
2,78.3515,1.6193,155.00,145.00,174.72,165.44,0.7619,0,centroids differ by 9.3 km
2,78.4284,1.6231,151.00,124.30,170.76,162.29,0.3885,0,correlation 0.39 <= 0.7
2,78.5601,7.9627,149.00,135.00,160.98,159.35,0.7799,0,centroids differ by 1.6 km
2,78.5598,7.9189,151.00,137.00,161.04,159.46,0.7703,0,centroids differ by 1.6 km
2,78.4725,7.9731,125.00,109.00,155.24,159.80,0.7370,0,centroids differ by 4.6 km
2,78.5563,7.8694,153.00,139.00,160.98,159.68,0.7765,0,centroids differ by 1.3 km
2,78.5121,8.0024,131.00,107.00,157.53,159.36,0.6605,0,correlation 0.66 <= 0.7
2,78.4840,7.9804,129.00,111.00,155.71,159.35,0.6877,0,correlation 0.69 <= 0.7
2,78.4919,7.9104,129.00,109.00,156.33,159.64,0.6696,0,correlation 0.67 <= 0.7
2,78.5441,7.8826,149.00,159.00,160.25,159.94,0.7891,1,
2,78.5501,7.9642,151.00,135.00,160.75,159.63,0.7879,0,centroids differ by 1.1 km
2,78.4992,7.9831,131.00,107.00,156.67,159.31,0.6441,0,correlation 0.64 <= 0.7
2,78.4721,7.9199,125.00,113.00,155.43,159.95,0.7294,0,centroids differ by 4.5 km
2,78.4966,7.9027,131.00,109.00,156.64,159.72,0.6641,0,correlation 0.66 <= 0.7
2,78.4972,7.9809,129.00,107.00,156.54,159.31,0.6495,0,correlation 0.65 <= 0.7
2,78.5460,7.9967,147.91,153.00,160.55,159.62,0.7624,1,
2,78.4657,7.9477,125.00,113.00,155.12,160.21,0.7608,0,centroids differ by 5.1 km
2,78.5425,7.9687,147.00,155.00,160.26,159.73,0.7586,0,NYA peak not clear against upper and lower means
2,78.5324,7.9163,149.00,111.00,159.27,160.00,0.7531,1,
2,78.4862,7.9403,129.00,113.00,155.93,159.53,0.6873,0,correlation 0.69 <= 0.7
2,78.5561,7.9227,151.00,137.00,160.97,159.58,0.7918,0,centroids differ by 1.4 km
2,78.4692,7.9118,125.00,113.00,155.37,160.13,0.7416,0,centroids differ by 4.8 km
2,78.5133,7.8768,133.00,135.00,157.81,159.97,0.6965,0,correlation 0.70 <= 0.7
2,78.5439,7.9628,148.00,155.00,160.35,159.74,0.7646,0,NYA peak not clear against upper and lower means
2,78.5518,7.9679,151.00,135.00,160.82,159.59,0.7927,0,centroids differ by 1.2 km
2,78.5200,7.9277,133.00,133.00,158.21,159.83,0.7172,0,centroids differ by 1.6 km
2,78.4913,7.9986,129.00,111.00,156.12,159.24,0.6674,0,correlation 0.67 <= 0.7
2,78.5585,7.9702,149.00,135.00,160.97,159.38,0.7851,0,centroids differ by 1.6 km
2,78.5621,7.9929,147.00,133.00,160.89,159.20,0.7813,0,centroids differ by 1.7 km
2,78.4655,7.9339,125.00,113.00,155.17,160.26,0.7597,0,centroids differ by 5.1 km
2,78.4992,7.8712,131.00,109.00,156.87,159.90,0.6710,0,correlation 0.67 <= 0.7
2,78.4986,7.8744,131.00,109.00,156.82,159.89,0.6703,0,correlation 0.67 <= 0.7
2,78.5371,7.9388,147.00,111.00,159.76,159.88,0.7545,1,
2,78.4923,7.9541,129.00,111.00,156.27,159.45,0.6685,0,correlation 0.67 <= 0.7
2,78.4664,7.8879,127.00,115.00,155.38,160.35,0.7486,0,centroids differ by 5.0 km
2,78.4835,7.9923,129.00,111.00,155.66,159.32,0.6885,0,correlation 0.69 <= 0.7
2,78.5010,7.9228,131.00,109.00,156.89,159.67,0.6593,0,correlation 0.66 <= 0.7
2,78.5491,7.9544,151.00,135.00,160.67,159.67,0.7876,0,centroids differ by 1.0 km
2,78.4236,3.8960,131.00,127.00,159.60,165.17,0.6101,0,correlation 0.61 <= 0.7
2,78.4288,3.8245,133.00,125.00,160.45,165.43,0.5645,0,correlation 0.56 <= 0.7
2,78.4192,3.8069,129.00,129.00,159.09,165.26,0.6003,0,correlation 0.60 <= 0.7
2,78.3741,3.8282,125.00,137.00,157.74,164.12,0.6704,0,correlation 0.67 <= 0.7
2,78.4008,3.8766,127.00,129.00,156.67,164.72,0.5680,0,correlation 0.57 <= 0.7
2,78.3769,3.7596,125.00,137.00,157.75,164.22,0.6733,0,correlation 0.67 <= 0.7
2,78.4009,3.8685,127.00,129.00,156.70,164.75,0.5675,0,correlation 0.57 <= 0.7
2,78.3652,3.8480,125.00,137.00,158.77,164.35,0.6795,0,correlation 0.68 <= 0.7
2,78.3967,3.8012,127.00,131.00,156.66,164.79,0.5729,0,correlation 0.57 <= 0.7
2,78.3947,3.8425,127.00,131.00,156.47,164.60,0.5808,0,correlation 0.58 <= 0.7
2,78.4462,3.7971,137.00,117.00,162.80,165.99,0.2126,0,correlation 0.21 <= 0.7
2,78.4429,3.8650,137.00,117.00,162.25,165.76,0.3524,0,correlation 0.35 <= 0.7
2,78.4054,3.7876,129.00,131.00,157.27,165.06,0.5661,0,correlation 0.57 <= 0.7
2,78.4366,3.8619,133.00,131.00,161.44,165.58,0.4785,0,correlation 0.48 <= 0.7
2,78.3759,3.7909,125.00,137.00,157.71,164.15,0.6717,0,correlation 0.67 <= 0.7
2,78.4329,3.7569,133.00,133.00,161.12,165.70,0.4846,0,correlation 0.48 <= 0.7
2,78.4283,3.7617,133.00,133.00,160.49,165.56,0.5432,0,correlation 0.54 <= 0.7
2,78.4344,3.8914,133.00,123.00,161.10,165.45,0.5232,0,correlation 0.52 <= 0.7
2,78.4073,3.7970,129.00,131.00,157.46,165.08,0.5713,0,correlation 0.57 <= 0.7
2,78.3880,3.7721,127.00,133.00,156.82,164.54,0.6172,0,correlation 0.62 <= 0.7
2,78.4122,3.8630,127.00,129.00,157.98,165.04,0.5936,0,correlation 0.59 <= 0.7
2,78.3830,3.8310,125.00,135.00,156.86,164.20,0.6403,0,correlation 0.64 <= 0.7
2,78.4448,3.8485,137.00,117.00,162.53,165.85,0.2935,0,correlation 0.29 <= 0.7
2,78.4048,3.8421,127.00,129.00,157.10,164.92,0.5691,0,correlation 0.57 <= 0.7
2,78.3843,3.8352,125.00,133.00,156.75,164.23,0.6335,0,correlation 0.63 <= 0.7
2,78.3941,3.8371,127.00,131.00,156.48,164.60,0.5830,0,correlation 0.58 <= 0.7
2,78.4598,3.7957,149.00,111.00,164.64,166.15,-0.2163,0,correlation -0.22 <= 0.7
2,78.4060,3.7928,129.00,131.00,157.33,165.06,0.5679,0,correlation 0.57 <= 0.7
2,78.4613,3.7596,149.00,111.00,165.68,166.15,-0.3112,0,correlation -0.31 <= 0.7
2,78.4323,3.7590,133.00,133.00,161.04,165.68,0.4947,0,correlation 0.49 <= 0.7
2,78.3994,3.8785,127.00,129.00,156.57,164.67,0.5695,0,correlation 0.57 <= 0.7
2,78.3899,3.8526,125.00,131.00,156.45,164.37,0.6041,0,correlation 0.60 <= 0.7
2,78.4017,3.8563,127.00,129.00,156.79,164.80,0.5667,0,correlation 0.57 <= 0.7
2,78.3645,3.7720,125.00,139.00,159.22,164.32,0.6978,0,correlation 0.70 <= 0.7
2,78.4438,3.7642,137.00,119.00,162.56,166.00,0.2501,0,correlation 0.25 <= 0.7
2,78.4391,3.8290,137.00,117.00,161.82,165.73,0.4143,0,correlation 0.41 <= 0.7
2,78.5457,12.1432,106.46,205.00,149.27,166.64,-0.0916,0,correlation -0.09 <= 0.7
2,78.6048,12.1330,129.00,139.00,154.37,159.81,0.8684,0,centroids differ by 5.4 km
2,78.6038,12.0154,120.00,121.00,154.06,159.30,0.7829,0,centroids differ by 5.2 km
2,78.6073,12.1298,129.00,135.00,154.58,159.50,0.8793,0,centroids differ by 4.9 km
2,78.6016,12.1390,130.00,141.00,154.10,160.22,0.8447,0,centroids differ by 6.1 km
2,78.6069,12.0767,121.00,139.00,154.42,159.19,0.8500,0,centroids differ by 4.8 km
2,78.6278,12.1253,127.00,117.00,156.45,157.22,0.7069,0,NYA peak not clear against upper and lower means
2,78.5672,12.0563,113.00,156.00,150.96,164.15,0.3724,0,correlation 0.37 <= 0.7
2,78.5350,12.0869,103.00,187.00,147.96,167.62,-0.1251,0,correlation -0.13 <= 0.7
2,78.6064,12.0364,120.00,119.00,154.32,158.99,0.8258,0,centroids differ by 4.7 km
2,78.6213,12.1230,121.00,121.00,155.82,157.87,0.8163,0,NYA peak not clear against upper and lower means
2,78.5598,12.1505,111.00,189.00,150.45,165.13,0.0163,0,correlation 0.02 <= 0.7
2,78.5543,12.1007,109.00,165.00,149.91,165.69,0.0810,0,correlation 0.08 <= 0.7
2,78.5915,12.1542,119.00,153.00,153.19,161.53,0.7128,0,centroids differ by 8.3 km
2,78.6043,12.0885,121.00,141.00,154.21,159.58,0.8513,0,centroids differ by 5.4 km
2,78.6287,12.1067,127.00,113.00,156.48,157.10,0.6834,0,correlation 0.68 <= 0.7
2,78.5820,12.0985,113.00,165.00,152.25,162.43,0.6262,0,correlation 0.63 <= 0.7
2,78.5791,12.0503,113.00,143.00,151.93,162.63,0.5583,0,correlation 0.56 <= 0.7
2,78.6036,12.0520,121.00,143.00,154.08,159.45,0.8328,0,centroids differ by 5.4 km
2,78.5593,12.1291,111.00,191.00,150.40,165.14,0.0714,0,correlation 0.07 <= 0.7
2,78.5421,12.0181,105.00,181.00,148.38,167.14,-0.0371,0,correlation -0.04 <= 0.7
2,78.6129,12.1279,121.00,129.00,155.09,158.84,0.8819,0,centroids differ by 3.7 km
2,78.5797,12.0777,113.00,143.00,152.02,162.59,0.6062,0,correlation 0.61 <= 0.7
2,78.6029,12.1490,129.00,139.00,154.23,160.11,0.8474,0,centroids differ by 5.9 km
2,78.5729,12.0740,113.00,147.00,151.44,163.38,0.4896,0,correlation 0.49 <= 0.7
2,78.5876,12.0588,115.00,135.00,152.69,161.59,0.7056,0,centroids differ by 8.9 km
2,78.5400,12.1308,106.00,177.00,148.65,167.15,-0.1060,0,correlation -0.11 <= 0.7
2,78.6130,12.0590,133.00,133.00,154.97,158.34,0.8267,0,NYA peak not clear against upper and lower means
2,78.6086,12.1168,121.00,135.00,154.68,159.27,0.8791,0,centroids differ by 4.6 km
2,78.6056,12.0236,120.00,119.00,154.23,159.07,0.8076,0,centroids differ by 4.8 km
2,78.5978,12.1488,119.00,145.00,153.76,160.73,0.7998,0,centroids differ by 7.0 km
2,78.5512,12.0606,108.00,171.00,149.47,166.08,0.1259,0,correlation 0.13 <= 0.7
2,78.5768,12.1512,113.00,171.00,151.88,163.20,0.4376,0,correlation 0.44 <= 0.7
2,78.5731,12.0339,113.00,151.00,151.42,163.38,0.4261,0,correlation 0.43 <= 0.7
2,78.5401,12.1429,106.00,179.00,148.72,167.17,-0.1147,0,correlation -0.11 <= 0.7
2,78.6073,12.1147,121.00,137.00,154.55,159.42,0.8751,0,centroids differ by 4.9 km
2,78.3655,3.5252,127.00,139.00,161.06,164.44,0.7441,0,centroids differ by 3.4 km
2,78.3719,3.5037,127.00,137.00,160.34,164.68,0.7217,0,centroids differ by 4.3 km
2,78.3415,3.3895,135.00,145.00,164.57,164.76,0.7814,1,
2,78.4143,3.4475,131.00,129.00,160.53,165.89,0.4680,0,correlation 0.47 <= 0.7
2,78.3803,3.3976,129.00,137.00,159.88,165.22,0.6800,0,correlation 0.68 <= 0.7
2,78.4115,3.3916,133.00,139.00,160.31,165.92,0.4575,0,correlation 0.46 <= 0.7
2,78.3880,3.3829,129.00,137.00,160.04,165.46,0.6274,0,correlation 0.63 <= 0.7
2,78.4096,3.4944,131.00,131.00,159.13,165.72,0.5054,0,correlation 0.51 <= 0.7
2,78.3608,3.3784,129.39,139.00,162.33,164.68,0.7749,0,centroids differ by 2.3 km
2,78.3522,3.5061,131.00,143.00,162.91,164.50,0.7681,0,centroids differ by 1.6 km
2,78.4110,3.4254,133.00,139.00,160.20,165.86,0.4735,0,correlation 0.47 <= 0.7
2,78.4172,3.4941,131.00,137.00,160.05,165.86,0.4796,0,correlation 0.48 <= 0.7
2,78.3743,3.5060,127.00,137.00,160.04,164.77,0.7090,0,centroids differ by 4.7 km
2,78.4030,3.3933,131.00,134.00,159.70,165.76,0.5123,0,correlation 0.51 <= 0.7
2,78.3347,3.4310,135.00,145.00,165.07,165.12,0.7385,1,
2,78.3359,3.5233,135.00,141.00,164.70,165.26,0.7247,1,
2,78.4067,3.4878,131.00,133.00,158.87,165.68,0.5127,0,correlation 0.51 <= 0.7
2,78.3426,3.3862,135.00,145.00,164.47,164.72,0.7847,1,
2,78.3566,3.5050,128.97,143.00,162.36,164.42,0.7648,0,centroids differ by 2.1 km
2,78.3486,3.4657,135.00,143.00,163.52,164.58,0.7774,0,centroids differ by 1.1 km
2,78.4002,3.4585,131.00,135.00,158.64,165.60,0.5422,0,correlation 0.54 <= 0.7
2,78.4221,3.3854,133.00,125.00,161.69,166.17,0.3593,0,correlation 0.36 <= 0.7
2,78.3801,3.3798,129.00,137.00,160.77,165.25,0.6830,0,correlation 0.68 <= 0.7
2,78.4158,3.4105,133.00,125.00,160.78,165.98,0.4405,0,correlation 0.44 <= 0.7
2,78.3808,3.5191,129.00,135.00,159.28,164.98,0.6699,0,correlation 0.67 <= 0.7
2,78.3476,3.4567,135.00,145.00,163.67,164.60,0.7792,1,
2,78.3842,3.4217,129.00,137.00,159.39,165.28,0.6528,0,correlation 0.65 <= 0.7
2,78.3963,3.4996,129.00,135.00,158.47,165.46,0.5683,0,correlation 0.57 <= 0.7
2,78.3447,3.4261,135.00,145.00,164.12,164.67,0.7819,1,
2,78.4216,3.4474,133.00,123.00,161.52,166.04,0.4156,0,correlation 0.42 <= 0.7
2,78.3876,3.3873,129.00,137.00,160.05,165.44,0.6301,0,correlation 0.63 <= 0.7
2,78.3554,3.4302,129.00,143.00,162.82,164.49,0.7806,0,centroids differ by 1.7 km
2,78.3365,3.3945,135.00,147.00,165.02,164.98,0.7574,1,
2,78.3905,3.4485,129.00,137.00,158.84,165.40,0.6077,0,correlation 0.61 <= 0.7
2,78.4122,3.4152,133.00,139.00,160.34,165.90,0.4636,0,correlation 0.46 <= 0.7
2,78.3975,3.4671,131.00,135.00,158.58,165.53,0.5593,0,correlation 0.56 <= 0.7
2,78.3942,3.5530,129.00,135.00,158.29,165.31,0.5830,0,correlation 0.58 <= 0.7
2,78.3962,3.5855,129.00,133.00,158.15,165.30,0.5716,0,correlation 0.57 <= 0.7
2,78.3834,3.5896,127.00,135.00,158.71,164.90,0.6512,0,correlation 0.65 <= 0.7
2,78.3741,3.4544,129.00,137.00,160.31,164.89,0.7132,0,centroids differ by 4.6 km
2,78.3450,3.5702,133.00,143.00,163.57,164.87,0.7484,0,centroids differ by 1.3 km
2,78.3949,3.5474,129.00,135.00,158.30,165.33,0.5787,0,correlation 0.58 <= 0.7
2,78.3808,3.4778,129.00,137.00,159.46,165.06,0.6718,0,correlation 0.67 <= 0.7
2,78.3885,3.4506,129.00,137.00,158.94,165.35,0.6220,0,correlation 0.62 <= 0.7
2,78.3974,3.5459,129.00,135.00,158.30,165.40,0.5639,0,correlation 0.56 <= 0.7
2,78.3357,3.5880,133.00,139.00,164.53,165.45,0.7054,1,
2,78.3207,3.5680,149.00,141.00,164.78,166.35,0.5305,0,correlation 0.53 <= 0.7
2,78.3223,3.5047,149.00,141.00,165.86,166.06,0.5819,0,correlation 0.58 <= 0.7
2,78.3897,3.5844,129.00,135.00,158.31,165.12,0.6107,0,correlation 0.61 <= 0.7
2,78.3652,3.5897,127.00,139.00,160.81,164.33,0.7346,0,centroids differ by 3.5 km
2,78.4175,3.4578,133.00,137.00,160.15,165.93,0.4574,0,correlation 0.46 <= 0.7
2,78.3414,3.4609,135.00,145.00,164.37,164.85,0.7664,1,
2,78.3339,3.5772,133.00,139.00,164.73,165.53,0.6966,0,correlation 0.70 <= 0.7
2,78.3399,3.5212,135.00,143.00,164.31,165.03,0.7466,1,
2,78.3341,3.4964,135.00,141.00,164.94,165.29,0.7190,1,
2,78.3884,3.4443,129.00,137.00,158.98,165.36,0.6226,0,correlation 0.62 <= 0.7
2,78.3264,3.5414,147.00,141.00,165.46,165.90,0.6320,0,correlation 0.63 <= 0.7
2,78.3742,3.5315,127.00,137.00,159.94,164.70,0.7074,0,centroids differ by 4.8 km
2,78.4120,3.5889,131.00,131.00,159.20,165.60,0.5315,0,correlation 0.53 <= 0.7
2,78.4173,3.5427,131.00,137.00,159.98,165.77,0.5043,0,correlation 0.50 <= 0.7
2,78.3852,3.5156,129.00,135.00,158.90,165.13,0.6422,0,correlation 0.64 <= 0.7
2,78.3477,3.4566,135.00,145.00,163.67,164.60,0.7792,1,
2,78.3408,3.5465,133.00,141.00,164.14,165.04,0.7434,1,
2,78.3234,3.5491,147.00,141.00,165.67,166.12,0.5901,0,correlation 0.59 <= 0.7
2,78.3984,3.4971,131.00,135.00,158.48,165.50,0.5555,0,correlation 0.56 <= 0.7
2,78.3962,3.5563,129.00,135.00,158.26,165.35,0.5707,0,correlation 0.57 <= 0.7
2,78.4000,3.4541,131.00,135.00,158.65,165.60,0.5428,0,correlation 0.54 <= 0.7
2,78.3832,3.5256,129.00,135.00,159.02,165.05,0.6541,0,correlation 0.65 <= 0.7
2,78.3709,3.5036,127.00,137.00,160.47,164.65,0.7264,0,centroids differ by 4.2 km
2,78.3382,3.5335,133.00,141.00,164.44,165.15,0.7358,1,
2,78.4061,3.4819,131.00,133.00,158.85,165.68,0.5132,0,correlation 0.51 <= 0.7
2,78.3733,3.4899,129.00,137.00,160.24,164.77,0.7157,0,centroids differ by 4.5 km
2,78.3248,2.8021,159.00,151.00,169.14,165.74,0.6915,0,correlation 0.69 <= 0.7
2,78.3509,2.7752,143.00,147.00,168.28,165.97,0.8427,0,centroids differ by 2.3 km
2,78.3589,2.8176,139.00,147.00,166.40,165.90,0.8132,1,
2,78.3381,2.7493,143.00,149.00,169.46,165.98,0.8436,0,centroids differ by 3.5 km
2,78.3473,2.8523,141.00,147.00,167.49,165.79,0.8466,0,centroids differ by 1.7 km
2,78.3311,2.8150,157.00,149.00,168.77,165.75,0.7837,0,centroids differ by 3.0 km
2,78.3305,2.8676,155.00,149.00,168.71,165.59,0.7770,0,centroids differ by 3.1 km
2,78.3675,2.8386,135.50,145.00,165.33,165.87,0.7804,1,
2,78.3469,2.8105,143.00,147.00,167.65,165.89,0.8473,0,centroids differ by 1.8 km
2,78.2810,2.7603,109.00,155.00,170.01,167.14,-0.5780,0,correlation -0.58 <= 0.7
2,78.3253,2.8011,159.00,151.00,169.12,165.75,0.7011,0,centroids differ by 3.4 km
2,78.2884,2.8576,107.00,153.00,169.97,166.82,-0.4014,0,correlation -0.40 <= 0.7
2,78.3134,2.8157,163.00,155.00,169.61,165.78,0.4081,0,correlation 0.41 <= 0.7
2,78.3493,2.7532,143.00,149.00,168.51,166.01,0.8476,0,centroids differ by 2.5 km
2,78.3191,2.7721,166.28,153.00,169.45,165.81,0.5624,0,correlation 0.56 <= 0.7
2,78.3296,2.7688,157.00,149.00,168.94,165.87,0.7656,0,centroids differ by 3.1 km
2,78.2797,2.7923,107.00,153.00,169.99,167.24,-0.5911,0,correlation -0.59 <= 0.7
2,78.3443,2.7326,143.00,149.00,169.02,166.05,0.8540,0,centroids differ by 3.0 km
2,78.2957,2.7620,92.00,159.00,169.99,166.45,-0.2209,0,correlation -0.22 <= 0.7
2,78.3215,2.8328,159.00,153.00,169.26,165.65,0.6273,0,correlation 0.63 <= 0.7
2,78.2824,2.8092,107.00,153.00,169.99,167.10,-0.5411,0,correlation -0.54 <= 0.7
2,78.2854,2.8136,107.00,153.00,170.00,166.95,-0.4830,0,correlation -0.48 <= 0.7
2,78.2823,2.8322,107.00,153.00,169.98,167.13,-0.5388,0,correlation -0.54 <= 0.7
2,78.3576,2.7408,137.00,147.00,167.67,166.01,0.8224,0,centroids differ by 1.7 km
2,78.3764,2.8009,135.00,151.00,165.24,165.96,0.7322,1,
2,78.2894,2.8225,107.00,153.00,169.99,166.74,-0.3867,0,correlation -0.39 <= 0.7
2,78.3198,2.8434,161.00,153.00,169.32,165.64,0.5876,0,correlation 0.59 <= 0.7
2,78.2961,2.7693,92.00,159.00,169.98,166.43,-0.2068,0,correlation -0.21 <= 0.7
2,78.3581,2.8391,139.00,147.00,166.42,165.87,0.8147,1,
2,78.3287,2.8295,157.00,149.00,168.89,165.69,0.7533,0,centroids differ by 3.2 km
2,78.3647,2.7486,137.00,147.00,166.83,165.99,0.7956,1,
2,78.2797,2.8585,107.00,153.00,169.95,167.30,-0.5776,0,correlation -0.58 <= 0.7
2,78.3436,2.7221,143.00,149.00,169.09,166.07,0.8538,0,centroids differ by 3.0 km
2,78.3742,2.8621,135.00,141.00,164.44,165.87,0.7459,0,centroids differ by 1.4 km
2,78.2943,2.7859,92.00,157.00,169.98,166.50,-0.2580,0,correlation -0.26 <= 0.7
2,78.3041,2.8142,92.00,157.00,169.84,166.09,0.0908,0,correlation 0.09 <= 0.7
2,78.8591,8.6159,179.00,243.00,174.33,168.93,0.6810,0,correlation 0.68 <= 0.7
2,78.8609,8.5743,181.00,247.00,174.52,168.86,0.6702,0,correlation 0.67 <= 0.7
2,78.8495,8.6767,177.00,215.00,173.87,168.93,0.7855,0,centroids differ by 4.9 km
2,78.8720,8.6589,179.00,241.00,174.53,168.90,0.4717,0,correlation 0.47 <= 0.7
2,78.8799,8.6852,181.00,241.00,174.81,168.82,0.3262,0,correlation 0.33 <= 0.7
2,78.8539,8.5801,179.00,221.00,174.32,168.95,0.7666,0,NYA peak not clear against upper and lower means
2,78.8513,8.5780,179.00,221.00,174.26,169.02,0.7968,0,NYA peak not clear against upper and lower means
2,78.8970,8.6691,185.00,243.00,175.42,167.96,0.1772,0,correlation 0.18 <= 0.7
2,78.8794,8.6360,179.00,243.00,174.86,168.74,0.3566,0,correlation 0.36 <= 0.7
2,78.8778,8.6445,179.00,243.00,174.78,168.81,0.3839,0,correlation 0.38 <= 0.7
2,78.8923,8.6061,183.00,247.00,175.37,168.21,0.2329,0,correlation 0.23 <= 0.7
2,78.8309,8.6309,177.00,189.00,173.40,167.35,0.8511,0,centroids differ by 6.0 km
2,78.8963,8.6967,183.00,241.00,175.38,168.01,0.1746,0,correlation 0.17 <= 0.7
2,78.9045,8.6438,185.00,245.00,175.69,166.98,0.0946,0,correlation 0.09 <= 0.7
2,78.8835,8.5753,181.00,249.00,175.09,168.36,0.3147,0,correlation 0.31 <= 0.7
2,78.8955,8.5779,183.00,249.00,175.51,167.92,0.2186,0,correlation 0.22 <= 0.7
2,78.8358,8.5831,179.00,193.00,173.70,167.86,0.8844,0,centroids differ by 5.8 km
2,78.8217,8.6782,175.00,115.00,172.87,166.25,0.6765,0,correlation 0.68 <= 0.7
2,78.8689,8.6002,181.00,245.00,174.62,168.84,0.5259,0,correlation 0.53 <= 0.7
2,78.8607,8.5861,181.00,245.00,174.48,168.88,0.6687,0,correlation 0.67 <= 0.7
2,78.8792,8.6796,179.00,241.00,174.79,168.82,0.3402,0,correlation 0.34 <= 0.7
2,78.8480,8.6385,179.00,191.00,173.96,168.97,0.8104,0,NYA peak not clear against upper and lower means
2,78.9033,8.5976,185.00,249.00,175.70,167.09,0.1328,0,correlation 0.13 <= 0.7
2,78.8237,8.6128,177.00,167.00,173.04,166.65,0.7200,0,centroids differ by 6.4 km
2,78.8791,8.6739,179.00,241.00,174.79,168.82,0.3456,0,correlation 0.35 <= 0.7
2,78.8833,8.6843,181.00,241.00,174.94,168.78,0.2804,0,correlation 0.28 <= 0.7
2,78.8460,8.6631,177.00,189.00,173.83,168.90,0.8214,0,centroids differ by 4.9 km
2,78.9168,8.5883,187.00,247.00,176.11,165.65,-0.0539,0,correlation -0.05 <= 0.7
2,78.8320,8.6701,177.00,187.00,173.38,167.40,0.8614,0,centroids differ by 6.0 km
2,78.8838,8.6670,181.00,241.00,174.99,168.71,0.2753,0,correlation 0.28 <= 0.7
2,78.8718,8.6328,181.00,243.00,174.59,168.86,0.4820,0,correlation 0.48 <= 0.7
2,78.9107,8.6126,187.00,247.00,175.91,166.25,0.0244,0,correlation 0.02 <= 0.7
2,78.8454,8.5988,179.00,193.00,174.02,168.92,0.8402,0,centroids differ by 5.1 km
2,78.8998,8.6848,185.00,241.00,175.51,167.57,0.1363,0,correlation 0.14 <= 0.7
2,78.9051,8.7011,185.00,241.00,175.70,166.90,0.0443,0,correlation 0.04 <= 0.7
2,78.8484,8.7213,177.00,211.00,173.68,168.81,0.7843,0,centroids differ by 4.9 km
2,78.6217,6.0038,169.00,80.00,167.75,164.09,0.1137,0,correlation 0.11 <= 0.7
2,78.6179,6.0143,165.00,80.00,167.56,164.35,0.2646,0,correlation 0.26 <= 0.7
2,78.5796,5.9969,161.00,151.00,165.36,164.65,0.7846,1,
2,78.5982,5.9952,163.00,80.00,166.61,164.55,0.6645,0,correlation 0.66 <= 0.7
2,78.6222,6.0677,167.00,80.00,167.64,164.21,0.2075,0,correlation 0.21 <= 0.7
2,78.6259,6.0862,175.00,80.00,167.75,163.97,0.0886,0,correlation 0.09 <= 0.7
2,78.5921,6.1216,161.00,147.00,166.05,164.43,0.7359,0,centroids differ by 1.6 km
2,78.6068,6.0964,163.00,80.00,166.90,164.54,0.6265,0,correlation 0.63 <= 0.7
2,78.5802,6.0346,161.00,149.00,165.35,164.61,0.7862,1,
2,78.5521,6.0002,157.00,83.00,164.29,163.45,0.4715,0,correlation 0.47 <= 0.7
2,78.5891,5.9942,163.00,151.00,166.02,164.54,0.7314,0,centroids differ by 1.5 km
2,78.5333,6.0871,155.00,91.00,163.87,161.93,-0.0624,0,correlation -0.06 <= 0.7
2,78.6310,6.1329,181.00,80.00,167.83,163.67,-0.0423,0,correlation -0.04 <= 0.7
2,78.5331,6.1041,155.00,91.00,163.80,161.83,-0.0593,0,correlation -0.06 <= 0.7
2,78.6206,6.0700,167.00,80.00,167.57,164.31,0.2676,0,correlation 0.27 <= 0.7
2,78.5678,6.0986,157.00,80.00,164.49,164.01,0.7295,0,NYA peak not clear against upper and lower means
2,78.6058,6.0529,163.00,80.00,166.93,164.57,0.6082,0,correlation 0.61 <= 0.7
2,78.6049,6.0706,163.00,80.00,166.85,164.55,0.6346,0,correlation 0.63 <= 0.7
2,78.5597,6.1315,153.00,80.00,164.06,163.41,0.5987,0,correlation 0.60 <= 0.7
2,78.5963,6.0725,163.00,179.00,166.38,164.46,0.7023,0,centroids differ by 1.9 km
2,78.5921,6.0330,163.00,181.00,166.17,164.49,0.7178,0,centroids differ by 1.7 km
2,78.5501,6.0847,155.00,83.00,163.96,162.95,0.3376,0,correlation 0.34 <= 0.7
2,78.5375,6.1034,155.00,89.00,163.80,162.08,0.0154,0,correlation 0.02 <= 0.7
2,78.6127,6.0360,165.00,80.00,167.29,164.59,0.4780,0,correlation 0.48 <= 0.7
2,78.5619,5.9991,155.00,82.00,164.49,164.01,0.6838,0,correlation 0.68 <= 0.7
2,78.6018,6.0157,163.00,82.00,166.79,164.58,0.6388,0,correlation 0.64 <= 0.7
2,78.5810,6.0057,161.00,151.00,165.45,164.64,0.7831,1,
2,78.5668,6.1087,157.00,80.00,164.41,163.92,0.7194,0,NYA peak not clear against upper and lower means
2,78.5506,6.0534,155.00,83.00,164.08,163.14,0.3731,0,correlation 0.37 <= 0.7
2,78.5820,6.0736,161.00,149.00,165.43,164.56,0.7835,1,
2,78.5466,6.0618,155.00,83.00,164.00,162.85,0.2407,0,correlation 0.24 <= 0.7
2,78.6121,6.0843,164.00,80.00,167.16,164.59,0.5462,0,correlation 0.55 <= 0.7
2,78.5727,6.1041,159.00,141.00,164.77,164.24,0.7619,1,
2,78.5731,6.1078,159.00,141.00,164.78,164.24,0.7636,1,
2,78.5534,6.1045,155.00,80.00,163.96,163.08,0.4290,0,correlation 0.43 <= 0.7
2,78.5496,6.0970,155.00,83.00,163.91,162.87,0.3140,0,correlation 0.31 <= 0.7
2,78.6157,6.5298,173.00,163.00,166.36,163.60,0.5798,0,correlation 0.58 <= 0.7
2,78.6433,6.5211,176.00,127.00,166.74,163.26,0.1062,0,correlation 0.11 <= 0.7
2,78.6606,6.5825,179.00,80.00,166.41,162.52,-0.2665,0,correlation -0.27 <= 0.7
2,78.6191,6.4554,175.00,163.00,166.65,163.96,0.6093,0,correlation 0.61 <= 0.7
2,78.6174,6.4623,175.00,163.00,166.58,163.88,0.6087,0,correlation 0.61 <= 0.7
2,78.6630,6.5000,159.00,80.00,166.69,162.52,-0.3303,0,correlation -0.33 <= 0.7
2,78.6521,6.5113,185.00,80.00,166.69,162.70,-0.1787,0,correlation -0.18 <= 0.7
2,78.6713,6.4894,161.00,80.00,166.80,162.73,-0.3163,0,correlation -0.32 <= 0.7
2,78.6455,6.5406,175.00,80.00,166.63,163.11,0.0485,0,correlation 0.05 <= 0.7
2,78.5886,6.4771,157.00,131.00,165.24,163.62,0.7339,0,centroids differ by 1.6 km
2,78.6100,6.5476,173.00,163.00,166.11,163.48,0.5751,0,correlation 0.58 <= 0.7
2,78.6161,6.5545,173.00,161.00,166.32,163.51,0.5678,0,correlation 0.57 <= 0.7
2,78.6110,6.5111,173.00,165.00,166.23,163.60,0.5861,0,correlation 0.59 <= 0.7
2,78.6357,6.4751,179.00,149.00,166.94,163.79,0.3661,0,correlation 0.37 <= 0.7
2,78.6418,6.5576,175.00,125.00,166.60,163.36,0.2278,0,correlation 0.23 <= 0.7
2,78.6534,6.5156,185.00,80.00,166.66,162.65,-0.2006,0,correlation -0.20 <= 0.7
2,78.6016,6.4424,161.00,139.00,165.95,163.84,0.6571,0,correlation 0.66 <= 0.7
2,78.5824,6.4468,157.00,135.00,164.95,163.43,0.7197,0,centroids differ by 1.5 km
2,78.6014,6.5417,159.00,135.00,165.74,163.62,0.6464,0,correlation 0.65 <= 0.7
2,78.6669,6.4423,189.00,80.00,166.89,162.57,-0.3445,0,correlation -0.34 <= 0.7
2,78.6760,6.4639,161.00,80.00,166.92,162.91,-0.2881,0,correlation -0.29 <= 0.7
2,78.6208,6.4443,175.00,163.00,166.73,164.04,0.6098,0,correlation 0.61 <= 0.7
2,78.6095,6.5614,173.00,135.00,166.06,163.45,0.5746,0,correlation 0.57 <= 0.7
2,78.6213,6.4358,175.00,161.00,166.77,164.07,0.6120,0,correlation 0.61 <= 0.7
2,78.5916,6.4492,157.00,136.63,165.45,163.83,0.7344,0,centroids differ by 1.6 km
2,78.5906,6.5298,156.00,133.39,165.23,163.50,0.7166,0,centroids differ by 1.7 km
2,78.6704,6.5619,159.00,80.00,166.60,162.71,-0.3275,0,correlation -0.33 <= 0.7
2,78.6284,6.5453,175.00,147.00,166.62,163.83,0.5721,0,correlation 0.57 <= 0.7
2,78.6644,6.4408,189.00,82.00,166.89,162.51,-0.3487,0,correlation -0.35 <= 0.7
2,78.6594,6.5509,187.00,80.00,166.50,162.54,-0.2694,0,correlation -0.27 <= 0.7
2,78.6058,6.4999,167.00,137.00,166.02,163.65,0.6158,0,correlation 0.62 <= 0.7
2,78.5875,6.5347,155.00,131.00,165.07,163.34,0.7045,0,centroids differ by 1.7 km
2,78.6241,6.4943,173.00,159.00,166.69,163.94,0.5979,0,correlation 0.60 <= 0.7
2,78.6380,6.4634,179.00,149.00,166.99,163.64,0.2542,0,correlation 0.25 <= 0.7
2,78.6609,6.4671,182.27,82.00,166.81,162.50,-0.3249,0,correlation -0.32 <= 0.7
2,78.6265,6.4679,177.00,149.00,166.82,164.06,0.5851,0,correlation 0.59 <= 0.7
2,78.5557,7.9294,151.00,137.00,160.95,159.59,0.7972,0,centroids differ by 1.4 km
2,78.5585,7.9207,151.00,137.00,161.02,159.50,0.7750,0,centroids differ by 1.5 km
2,78.5942,8.0171,137.00,127.00,160.84,158.39,0.7241,0,centroids differ by 2.4 km
2,78.6244,7.9510,147.00,123.00,163.17,158.60,0.3687,0,correlation 0.37 <= 0.7
2,78.5678,7.9511,157.00,135.00,160.94,159.17,0.7919,0,centroids differ by 1.8 km
2,78.5707,8.0427,147.98,131.00,160.47,158.81,0.7880,0,centroids differ by 1.7 km
2,78.5748,7.9947,153.00,133.00,160.57,158.86,0.8144,0,centroids differ by 1.7 km
2,78.6310,7.9786,147.00,105.00,163.62,158.45,0.2696,0,correlation 0.27 <= 0.7
2,78.6169,7.9205,145.00,127.00,162.61,158.67,0.4953,0,correlation 0.50 <= 0.7
2,78.5381,7.9848,147.00,109.00,159.91,159.71,0.7474,1,
2,78.6188,8.0070,145.00,125.00,162.76,158.18,0.4413,0,correlation 0.44 <= 0.7
2,78.6225,7.9526,147.00,125.00,163.04,158.56,0.3982,0,correlation 0.40 <= 0.7
2,78.5784,8.0303,153.00,131.00,160.37,158.67,0.8122,0,centroids differ by 1.7 km
2,78.6143,7.9664,145.00,127.00,162.42,158.41,0.5245,0,correlation 0.52 <= 0.7
2,78.5673,7.9209,149.00,135.00,161.05,159.29,0.7939,0,centroids differ by 1.8 km
2,78.5349,8.0059,147.00,109.00,159.65,159.63,0.7395,1,
2,78.5612,8.0407,147.00,133.00,160.76,159.16,0.7987,0,centroids differ by 1.6 km
2,78.5676,8.0380,155.00,131.00,160.59,158.91,0.7792,0,centroids differ by 1.7 km
2,78.5683,7.9858,157.00,133.00,160.79,159.05,0.7862,0,centroids differ by 1.7 km
2,78.6053,8.0610,143.00,126.20,161.75,157.99,0.5968,0,correlation 0.60 <= 0.7
2,78.5951,8.0295,141.00,127.00,160.91,158.33,0.7126,0,centroids differ by 2.6 km
2,78.6005,7.9309,145.00,130.55,161.30,158.61,0.6872,0,correlation 0.69 <= 0.7
2,78.6158,7.9942,145.00,125.00,162.54,158.23,0.4930,0,correlation 0.49 <= 0.7
2,78.5982,8.0575,143.00,123.00,161.16,158.19,0.6747,0,correlation 0.67 <= 0.7
2,78.5789,7.9588,159.00,135.00,160.66,158.89,0.8093,0,centroids differ by 1.8 km
2,78.5615,8.0071,147.00,133.00,160.85,159.21,0.7897,0,centroids differ by 1.6 km
2,78.6114,8.0294,143.00,126.00,162.21,157.99,0.5427,0,correlation 0.54 <= 0.7
2,78.5689,7.9944,157.00,133.00,160.73,159.01,0.7891,0,centroids differ by 1.7 km
2,78.5892,8.0462,135.00,129.00,160.53,158.37,0.7621,0,centroids differ by 2.2 km
2,78.5609,8.0300,147.00,133.00,160.80,159.19,0.7955,0,centroids differ by 1.6 km
2,78.6303,7.9954,147.00,105.00,163.57,158.37,0.2739,0,correlation 0.27 <= 0.7
2,78.5458,7.9528,148.58,155.00,160.46,159.73,0.7756,1,
2,78.5343,8.0287,145.00,107.00,159.63,159.51,0.7324,1,
2,78.6007,7.9305,145.00,130.55,161.32,158.60,0.6855,0,correlation 0.69 <= 0.7
2,78.5342,7.9978,147.00,109.00,159.57,159.66,0.7407,1,
2,78.5665,8.0473,155.00,131.00,160.59,158.93,0.7836,0,centroids differ by 1.7 km
2,78.7653,12.6488,153.00,91.00,170.31,163.85,-0.7581,0,correlation -0.76 <= 0.7
2,78.8348,12.6655,165.00,217.00,174.30,170.91,0.7038,0,LYR peak not clear against upper and lower means
2,78.8180,12.5859,162.00,185.00,173.46,170.20,0.8434,0,LYR peak not clear against upper and lower means
2,78.8108,12.6798,160.00,199.00,173.35,170.16,0.8223,0,LYR peak not clear against upper and lower means
2,78.8121,12.6930,160.00,203.00,173.40,170.39,0.8164,0,LYR peak not clear against upper and lower means
2,78.8453,12.6477,167.00,231.00,174.72,170.28,0.7495,0,LYR peak not clear against upper and lower means
2,78.8467,12.5904,167.00,227.00,174.60,169.83,0.8520,0,LYR peak not clear against upper and lower means
2,78.7556,12.6738,151.00,93.00,169.68,164.70,-0.5484,0,correlation -0.55 <= 0.7
2,78.8284,12.5748,164.00,197.00,173.98,170.28,0.8076,0,LYR peak not clear against upper and lower means
2,78.8377,12.6514,165.00,219.00,174.39,170.74,0.7228,0,LYR peak not clear against upper and lower means
2,78.7982,12.6074,159.00,167.00,172.28,168.36,0.7765,0,centroids differ by 3.9 km
2,78.7621,12.6570,151.00,91.00,170.11,164.00,-0.7053,0,correlation -0.71 <= 0.7
2,78.7674,12.6747,153.00,95.00,170.50,163.87,-0.8256,0,correlation -0.83 <= 0.7
2,78.8031,12.6606,159.00,179.00,172.87,169.15,0.8174,0,centroids differ by 3.7 km
2,78.7540,12.6744,149.00,95.00,169.56,164.93,-0.5014,0,correlation -0.50 <= 0.7
2,78.8432,12.6674,165.00,229.00,174.69,170.60,0.7148,0,LYR peak not clear against upper and lower means
2,78.7876,12.6892,157.00,161.00,171.94,167.17,0.5733,0,correlation 0.57 <= 0.7
2,78.7664,12.6159,153.00,87.00,170.31,163.83,-0.6973,0,correlation -0.70 <= 0.7
2,78.7652,12.6716,153.00,93.00,170.35,163.85,-0.8016,0,correlation -0.80 <= 0.7
2,78.7533,12.6574,149.00,93.00,169.45,165.09,-0.4119,0,correlation -0.41 <= 0.7
2,78.8177,12.6283,161.93,197.00,173.60,170.64,0.8206,0,LYR peak not clear against upper and lower means
2,78.8412,12.6330,165.00,223.00,174.49,170.40,0.7586,0,LYR peak not clear against upper and lower means
2,78.8265,12.5851,163.99,197.00,173.92,170.35,0.7996,0,LYR peak not clear against upper and lower means
2,78.8300,12.6461,163.00,209.00,174.05,170.91,0.7342,0,LYR peak not clear against upper and lower means
2,78.7784,12.6388,155.00,117.00,171.15,165.27,-0.0721,0,correlation -0.07 <= 0.7
2,78.8185,12.5982,162.00,187.00,173.54,170.36,0.8342,0,LYR peak not clear against upper and lower means
2,78.7992,12.6872,158.00,179.00,172.74,168.99,0.7980,0,LYR peak not clear against upper and lower means
2,78.7634,12.6702,153.00,93.00,170.23,163.91,-0.7651,0,correlation -0.77 <= 0.7
2,78.8408,12.6499,165.00,223.00,174.53,170.59,0.7335,0,LYR peak not clear against upper and lower means
2,78.7842,12.6546,157.00,151.00,171.55,166.47,0.3902,0,correlation 0.39 <= 0.7
2,78.7573,12.6850,151.00,95.00,169.82,164.44,-0.6371,0,correlation -0.64 <= 0.7
2,78.7822,12.6008,157.00,143.00,171.32,165.84,0.2730,0,correlation 0.27 <= 0.7
2,78.8136,12.5927,162.00,189.00,173.22,170.00,0.8589,0,centroids differ by 3.2 km
2,78.7659,12.6548,153.00,93.00,170.36,163.84,-0.7819,0,correlation -0.78 <= 0.7
2,78.8221,12.5694,163.00,189.00,173.62,170.10,0.8298,0,NYA peak not clear against upper and lower means
2,78.7494,12.6688,149.00,93.00,169.18,165.63,-0.3006,0,correlation -0.30 <= 0.7
2,78.8563,10.7326,171.00,137.00,172.01,168.42,0.5535,0,correlation 0.55 <= 0.7
2,78.8404,10.7696,171.00,249.00,171.25,168.62,0.6366,0,correlation 0.64 <= 0.7
2,78.7938,10.7584,161.00,145.00,168.89,164.70,0.3576,0,correlation 0.36 <= 0.7
2,78.8372,10.8288,169.00,249.00,171.06,168.55,0.5340,0,correlation 0.53 <= 0.7
2,78.8557,10.8376,171.00,129.00,172.10,167.94,0.1993,0,correlation 0.20 <= 0.7
2,78.8137,10.8509,159.00,171.00,169.76,167.10,0.5687,0,correlation 0.57 <= 0.7
2,78.7916,10.7636,159.00,145.00,168.76,165.01,0.3991,0,correlation 0.40 <= 0.7
2,78.8460,10.7311,173.00,165.00,171.54,168.74,0.6783,0,correlation 0.68 <= 0.7
2,78.8339,10.8055,169.00,249.00,170.90,168.37,0.5707,0,correlation 0.57 <= 0.7
2,78.7847,10.8243,159.00,135.00,168.22,164.91,0.4872,0,correlation 0.49 <= 0.7
2,78.8104,10.7590,163.00,151.00,169.68,166.71,0.6823,0,correlation 0.68 <= 0.7
2,78.8082,10.7505,163.00,153.00,169.60,166.44,0.6595,0,correlation 0.66 <= 0.7
2,78.8278,10.8452,169.00,249.00,170.56,168.12,0.5080,0,correlation 0.51 <= 0.7
2,78.7823,10.8368,157.00,181.00,168.06,164.75,0.4401,0,correlation 0.44 <= 0.7
2,78.8295,10.7400,163.00,193.00,170.70,168.24,0.6289,0,correlation 0.63 <= 0.7
2,78.8035,10.7229,163.00,153.00,169.46,165.35,0.5666,0,correlation 0.57 <= 0.7
2,78.8251,10.8193,167.00,249.00,170.42,168.09,0.5810,0,correlation 0.58 <= 0.7
2,78.8040,10.7695,161.00,149.00,169.34,165.85,0.5402,0,correlation 0.54 <= 0.7
2,78.8016,10.8277,161.00,141.00,169.09,165.75,0.3288,0,correlation 0.33 <= 0.7
2,78.8213,10.8158,173.00,179.00,170.22,167.90,0.6142,0,correlation 0.61 <= 0.7
2,78.8190,10.8168,173.00,177.00,170.07,167.67,0.6152,0,correlation 0.62 <= 0.7
2,78.8139,10.8202,161.00,175.00,169.78,167.08,0.5904,0,correlation 0.59 <= 0.7
2,78.7997,10.8588,159.00,135.00,168.94,165.51,0.1922,0,correlation 0.19 <= 0.7
2,78.8241,10.8493,167.00,249.00,170.36,167.98,0.5421,0,correlation 0.54 <= 0.7
2,78.8466,10.7526,171.00,249.00,171.56,168.70,0.6249,0,correlation 0.62 <= 0.7
2,78.7613,10.7740,151.00,189.00,166.57,165.80,0.5566,0,correlation 0.56 <= 0.7
2,78.8229,10.8017,161.00,181.00,170.31,168.00,0.6224,0,correlation 0.62 <= 0.7
2,78.8114,10.8228,161.00,145.00,169.65,166.85,0.5675,0,correlation 0.57 <= 0.7
2,78.8135,10.7978,161.00,149.00,169.77,167.01,0.6210,0,correlation 0.62 <= 0.7
2,78.7943,10.7947,161.00,141.00,168.81,164.27,0.1138,0,correlation 0.11 <= 0.7
2,78.8570,10.7298,171.00,139.00,172.05,168.41,0.5573,0,correlation 0.56 <= 0.7
2,78.8324,10.8225,169.00,249.00,170.82,168.32,0.5449,0,correlation 0.54 <= 0.7
2,78.7973,10.8566,159.00,133.00,168.80,164.97,0.0828,0,correlation 0.08 <= 0.7
2,78.8262,10.8106,161.00,249.00,170.49,168.14,0.5808,0,correlation 0.58 <= 0.7
2,78.7724,10.7601,151.00,193.00,167.57,164.51,0.5348,0,correlation 0.53 <= 0.7
2,78.8120,10.7396,163.00,155.00,169.80,166.79,0.7244,0,centroids differ by 3.0 km
2,78.5895,12.9212,109.00,139.00,155.70,162.70,0.7739,0,centroids differ by 7.0 km
2,78.5923,12.9341,113.00,139.00,156.01,162.30,0.8153,0,centroids differ by 6.3 km
2,78.5620,12.9469,108.00,177.00,153.42,165.39,-0.3398,0,correlation -0.34 <= 0.7
2,78.6478,12.9877,123.00,83.00,161.29,162.02,-0.0350,0,correlation -0.03 <= 0.7
2,78.6381,12.9396,121.00,80.00,160.44,161.00,-0.0143,0,correlation -0.01 <= 0.7
2,78.5612,12.9790,109.00,173.00,153.47,165.31,-0.3078,0,correlation -0.31 <= 0.7
2,78.6074,12.9715,115.00,123.00,157.58,160.74,0.7411,0,centroids differ by 3.2 km
2,78.6322,12.9591,119.00,85.00,159.96,160.79,0.1289,0,correlation 0.13 <= 0.7
2,78.6474,12.9854,123.00,83.00,161.26,161.94,-0.0448,0,correlation -0.04 <= 0.7
2,78.6060,13.0334,115.00,127.00,157.67,161.03,0.6948,0,correlation 0.69 <= 0.7
2,78.6097,12.9466,115.00,119.00,157.71,160.61,0.7342,0,centroids differ by 2.9 km
2,78.6316,12.9717,119.00,85.00,159.95,160.76,0.1315,0,correlation 0.13 <= 0.7
2,78.5611,12.9580,109.00,177.00,153.39,165.43,-0.3625,0,correlation -0.36 <= 0.7
2,78.6342,12.9095,119.00,84.44,159.95,160.87,0.1336,0,correlation 0.13 <= 0.7
2,78.6425,12.9973,123.00,85.00,160.88,161.45,-0.0402,0,correlation -0.04 <= 0.7
2,78.5979,13.0145,113.00,129.00,156.84,161.35,0.8119,0,centroids differ by 4.5 km
2,78.5652,13.0478,107.00,169.00,153.97,164.41,0.0786,0,correlation 0.08 <= 0.7
2,78.5876,12.9405,111.00,141.00,155.59,162.78,0.7475,0,centroids differ by 7.2 km
2,78.5669,12.9106,111.00,171.00,153.71,165.04,-0.1514,0,correlation -0.15 <= 0.7
2,78.5953,13.0492,113.00,133.00,156.70,161.53,0.8063,0,centroids differ by 4.8 km
2,78.6390,12.9413,121.00,80.00,160.53,161.06,-0.0394,0,correlation -0.04 <= 0.7
2,78.5933,13.0575,113.00,135.00,156.54,161.69,0.8142,0,centroids differ by 5.2 km
2,78.5776,12.9599,107.00,157.00,154.78,163.60,0.4599,0,correlation 0.46 <= 0.7
2,78.6122,13.0348,115.00,97.00,158.28,160.97,0.5843,0,correlation 0.58 <= 0.7
2,78.5738,13.0574,109.00,157.00,154.78,163.53,0.4800,0,correlation 0.48 <= 0.7
2,78.6114,12.9694,115.00,121.00,157.94,160.63,0.6716,0,correlation 0.67 <= 0.7
2,78.6341,13.0340,121.00,89.00,160.22,160.76,0.0666,0,correlation 0.07 <= 0.7
2,78.5682,12.9207,111.00,171.00,153.85,164.83,-0.0643,0,correlation -0.06 <= 0.7
2,78.6417,13.0350,123.00,87.00,160.84,161.48,0.0046,0,correlation 0.00 <= 0.7
2,78.6141,12.9421,117.00,119.00,158.10,160.50,0.6542,0,correlation 0.65 <= 0.7
2,78.5725,13.0092,108.08,163.00,154.48,163.85,0.3283,0,correlation 0.33 <= 0.7
2,78.6215,12.9205,117.00,87.00,158.74,160.58,0.5282,0,correlation 0.53 <= 0.7
2,78.6107,13.0069,115.00,125.00,158.02,160.87,0.6487,0,correlation 0.65 <= 0.7
2,78.5843,12.9597,113.00,145.00,155.35,162.96,0.6792,0,correlation 0.68 <= 0.7
2,78.6409,12.9609,122.00,83.00,160.74,161.21,-0.0751,0,correlation -0.08 <= 0.7
2,78.5724,12.9364,109.00,159.00,154.28,164.25,0.1843,0,correlation 0.18 <= 0.7
2,78.3390,2.9560,141.00,147.00,167.93,165.41,0.8355,0,centroids differ by 2.5 km
2,78.3616,2.8718,133.00,145.00,165.89,165.82,0.7999,1,
2,78.3442,2.9339,141.00,147.00,167.54,165.56,0.8450,0,centroids differ by 2.0 km
2,78.3215,2.9386,157.00,153.00,169.09,165.44,0.6321,0,correlation 0.63 <= 0.7
2,78.3629,2.9155,135.00,145.00,165.58,165.76,0.7935,1,
2,78.3598,2.8925,135.00,145.00,166.04,165.79,0.8063,1,
2,78.4003,2.9432,135.00,131.00,161.95,166.20,0.4629,0,correlation 0.46 <= 0.7
2,78.4112,2.9138,137.00,125.00,162.23,166.19,0.2351,0,correlation 0.24 <= 0.7
2,78.3272,2.8615,157.00,149.00,168.91,165.59,0.7324,0,centroids differ by 3.3 km
2,78.3257,2.9419,155.00,151.00,168.85,165.38,0.7103,0,centroids differ by 3.5 km
2,78.3148,2.8651,163.00,155.00,169.50,165.69,0.4572,0,correlation 0.46 <= 0.7
2,78.3613,2.8317,133.00,145.00,166.08,165.88,0.8039,1,
2,78.3376,2.8761,141.00,147.00,168.23,165.64,0.8333,0,centroids differ by 2.6 km
2,78.3572,2.9488,137.00,145.00,166.14,165.68,0.8139,1,
2,78.3451,2.9561,141.00,147.00,167.40,165.50,0.8446,0,centroids differ by 1.9 km
2,78.3958,2.8531,135.00,133.00,163.23,166.22,0.5118,0,correlation 0.51 <= 0.7
2,78.3167,2.9367,161.00,153.00,169.33,165.57,0.5185,0,correlation 0.52 <= 0.7
2,78.3535,2.9206,141.00,145.00,166.65,165.70,0.8287,1,
2,78.3873,2.9518,135.00,147.00,162.69,165.90,0.6481,0,correlation 0.65 <= 0.7
2,78.3141,2.9023,161.00,155.00,169.48,165.67,0.4432,0,correlation 0.44 <= 0.7
2,78.3783,2.9170,135.00,141.00,163.75,165.84,0.7184,0,centroids differ by 2.1 km
2,78.3648,2.9322,135.00,145.00,165.29,165.75,0.7849,1,
2,78.3271,2.8834,157.00,149.00,168.88,165.52,0.7309,0,centroids differ by 3.4 km
2,78.3960,2.8797,135.00,133.00,162.35,166.20,0.5186,0,correlation 0.52 <= 0.7
2,78.3546,2.8316,141.00,147.00,166.83,165.88,0.8270,1,
2,78.3635,2.9226,135.00,145.00,165.48,165.76,0.7905,1,
2,78.3874,2.8988,135.00,147.00,162.90,165.97,0.6446,0,correlation 0.64 <= 0.7
2,78.3805,2.9316,135.00,139.00,163.45,165.84,0.7036,0,centroids differ by 2.4 km
2,78.3332,2.8800,155.00,149.00,168.52,165.58,0.8039,0,centroids differ by 2.9 km
2,78.3205,2.8639,159.00,153.00,169.26,165.59,0.6056,0,correlation 0.61 <= 0.7
2,78.3816,2.9056,135.00,149.00,163.44,165.88,0.6968,0,correlation 0.70 <= 0.7
2,78.3881,2.8306,135.00,133.00,163.90,166.11,0.6255,0,correlation 0.63 <= 0.7
2,78.3327,2.8452,155.00,149.00,168.62,165.68,0.8006,0,centroids differ by 2.9 km
2,78.4076,2.8700,137.00,127.00,162.98,166.20,0.2773,0,correlation 0.28 <= 0.7
2,78.3301,2.8340,157.00,149.00,168.80,165.68,0.7721,0,centroids differ by 3.1 km
2,78.3270,2.8494,157.00,149.00,168.94,165.62,0.7297,0,centroids differ by 3.3 km
2,78.4402,1.5057,153.00,123.00,173.12,161.23,0.1537,0,correlation 0.15 <= 0.7
2,78.3882,1.5061,149.00,135.00,172.76,163.51,0.5583,0,correlation 0.56 <= 0.7
2,78.3747,1.5497,147.00,135.00,173.06,163.97,0.6366,0,correlation 0.64 <= 0.7
2,78.4333,1.5279,153.00,123.00,172.22,161.74,0.3064,0,correlation 0.31 <= 0.7
2,78.4170,1.5405,151.00,127.00,171.15,162.63,0.5139,0,correlation 0.51 <= 0.7
2,78.4372,1.4842,153.00,123.00,172.79,161.36,0.2256,0,correlation 0.23 <= 0.7
2,78.3666,1.5074,153.00,137.00,173.86,164.17,0.6717,0,correlation 0.67 <= 0.7
2,78.4470,1.6104,153.00,121.00,173.12,161.10,-0.0392,0,correlation -0.04 <= 0.7
2,78.4021,1.5659,149.00,130.00,170.71,163.25,0.5624,0,correlation 0.56 <= 0.7
2,78.4495,1.5787,153.00,120.11,174.29,160.80,-0.1021,0,correlation -0.10 <= 0.7
2,78.4564,1.4964,159.00,119.00,175.43,160.03,-0.2679,0,correlation -0.27 <= 0.7
2,78.4384,1.6115,153.00,121.00,171.91,161.68,0.1855,0,correlation 0.19 <= 0.7
2,78.4358,1.6096,153.00,121.00,171.57,161.83,0.2487,0,correlation 0.25 <= 0.7
2,78.3821,1.5609,149.00,135.00,172.36,163.80,0.5849,0,correlation 0.58 <= 0.7
2,78.3663,1.5014,153.00,137.00,173.90,164.17,0.6706,0,correlation 0.67 <= 0.7
2,78.3701,1.5254,153.00,137.00,173.54,164.07,0.6579,0,correlation 0.66 <= 0.7
2,78.4411,1.6178,153.00,121.00,172.26,161.54,0.1176,0,correlation 0.12 <= 0.7
2,78.4278,1.5113,153.00,123.00,171.72,161.99,0.4023,0,correlation 0.40 <= 0.7
2,78.3768,1.5525,149.57,135.00,172.86,163.91,0.6209,0,correlation 0.62 <= 0.7
2,78.3989,1.5770,149.00,131.00,170.89,163.39,0.5625,0,correlation 0.56 <= 0.7
2,78.4265,1.5288,153.00,125.57,171.59,162.11,0.4211,0,correlation 0.42 <= 0.7
2,78.4342,1.5735,153.00,123.00,172.23,161.81,0.2858,0,correlation 0.29 <= 0.7
2,78.3706,1.5524,153.00,135.00,173.42,164.12,0.6694,0,correlation 0.67 <= 0.7
2,78.4155,1.5651,151.00,127.00,170.31,162.75,0.5204,0,correlation 0.52 <= 0.7
2,78.3641,1.5482,153.00,145.00,173.96,164.43,0.7097,0,centroids differ by 9.5 km
2,78.4182,1.5341,151.00,127.00,171.19,162.55,0.5053,0,correlation 0.51 <= 0.7
2,78.4407,1.5567,153.00,121.00,173.09,161.36,0.1368,0,correlation 0.14 <= 0.7
2,78.4432,1.6126,153.00,121.00,172.58,161.38,0.0617,0,correlation 0.06 <= 0.7
2,78.4030,1.5252,149.00,129.00,171.55,163.11,0.5613,0,correlation 0.56 <= 0.7
2,78.4249,1.5492,153.00,126.00,171.43,162.26,0.4415,0,correlation 0.44 <= 0.7
2,78.4199,1.5924,151.00,127.00,170.32,162.64,0.4888,0,correlation 0.49 <= 0.7
2,78.4169,1.5423,151.00,127.00,171.14,162.63,0.5142,0,correlation 0.51 <= 0.7
2,78.3633,1.5091,153.00,145.00,174.12,164.34,0.6952,0,correlation 0.70 <= 0.7
2,78.4323,1.5703,153.00,123.00,172.02,161.91,0.3233,0,correlation 0.32 <= 0.7
2,78.4169,1.4706,153.00,129.00,171.37,162.44,0.5126,0,correlation 0.51 <= 0.7
2,78.3736,1.6010,147.00,135.00,173.02,164.14,0.6658,0,correlation 0.67 <= 0.7
2,78.6384,7.8466,149.00,99.00,164.14,159.12,0.2266,0,correlation 0.23 <= 0.7
2,78.5987,7.8295,139.00,133.87,161.35,159.03,0.7072,0,centroids differ by 2.3 km
2,78.5454,7.9472,148.22,155.00,160.43,159.76,0.7752,0,NYA peak not clear against upper and lower means
2,78.5913,7.9291,137.00,133.00,160.86,158.79,0.7452,0,centroids differ by 2.1 km
2,78.5417,7.8719,149.00,80.00,160.04,160.01,0.7790,0,NYA peak not clear against upper and lower means
2,78.5432,7.9098,147.00,157.00,160.22,159.90,0.7779,1,
2,78.5532,7.8336,151.00,139.00,160.82,159.85,0.7936,1,
2,78.5443,7.9169,147.00,157.00,160.31,159.88,0.7808,1,
2,78.5902,7.9276,155.00,133.00,160.85,158.81,0.7498,0,centroids differ by 2.0 km
2,78.5905,7.9163,155.00,131.00,160.89,158.85,0.7475,0,centroids differ by 2.0 km
2,78.5565,7.8940,153.00,137.00,160.99,159.63,0.7863,0,centroids differ by 1.4 km
2,78.6094,7.9182,145.00,129.00,162.00,158.62,0.6060,0,correlation 0.61 <= 0.7
2,78.6246,7.8908,147.00,125.00,163.17,158.92,0.3850,0,correlation 0.39 <= 0.7
2,78.5867,7.9485,135.00,130.00,160.72,158.76,0.7690,0,centroids differ by 2.0 km
2,78.5704,7.9619,157.00,133.00,160.83,159.07,0.8056,0,centroids differ by 1.8 km
2,78.5713,7.8887,149.00,137.00,161.11,159.32,0.8075,0,centroids differ by 1.8 km
2,78.5713,7.9075,157.00,137.00,161.03,159.25,0.8092,0,centroids differ by 1.8 km
2,78.6239,7.8574,147.00,109.00,163.10,159.07,0.4041,0,correlation 0.40 <= 0.7
2,78.6219,7.9067,147.00,126.00,162.98,158.81,0.4212,0,correlation 0.42 <= 0.7
2,78.5770,7.8579,159.00,135.00,161.18,159.29,0.7929,0,centroids differ by 1.9 km
2,78.5799,7.8925,135.00,133.00,160.98,159.09,0.7903,0,centroids differ by 1.9 km
2,78.5778,7.8921,159.00,134.00,161.00,159.15,0.7989,0,centroids differ by 1.9 km
2,78.5826,7.9011,135.00,133.00,160.92,159.00,0.7802,0,centroids differ by 1.9 km
2,78.6272,7.8332,149.00,99.00,163.35,159.17,0.3640,0,correlation 0.36 <= 0.7
2,78.6129,7.9510,145.00,127.00,162.30,158.49,0.5514,0,correlation 0.55 <= 0.7
2,78.5486,7.8848,149.93,137.00,160.57,159.84,0.8059,1,
2,78.5402,7.8640,149.00,80.00,159.91,160.06,0.7748,0,NYA peak not clear against upper and lower means
2,78.6011,7.8859,139.00,131.89,161.36,158.77,0.6914,0,correlation 0.69 <= 0.7
2,78.6058,7.8397,147.00,131.00,161.69,158.99,0.6649,0,correlation 0.66 <= 0.7
2,78.6250,7.8491,147.00,109.00,163.19,159.11,0.3906,0,correlation 0.39 <= 0.7
2,78.5658,7.8309,153.00,139.00,161.31,159.59,0.7983,0,centroids differ by 1.7 km
2,78.5540,7.8667,150.92,139.00,160.87,159.75,0.7917,0,centroids differ by 1.1 km
2,78.5594,7.8295,153.00,139.00,161.15,159.72,0.7764,0,centroids differ by 1.4 km
2,78.5832,7.9050,135.00,132.00,160.89,158.98,0.7778,0,centroids differ by 1.9 km
2,78.5403,7.9112,147.00,157.00,159.98,159.94,0.7651,1,
2,78.5513,7.9632,151.00,135.00,160.80,159.61,0.7924,0,centroids differ by 1.2 km
2,78.4114,4.2640,123.00,125.00,156.59,164.02,0.5943,0,correlation 0.59 <= 0.7
2,78.3879,4.1936,123.00,131.00,154.49,164.02,0.5609,0,correlation 0.56 <= 0.7
2,78.3418,4.2246,125.00,129.00,158.72,166.91,0.4461,0,correlation 0.45 <= 0.7
2,78.3359,4.2105,127.00,131.00,159.56,167.44,0.3989,0,correlation 0.40 <= 0.7
2,78.3753,4.2302,121.00,127.00,154.14,164.45,0.5667,0,correlation 0.57 <= 0.7
2,78.3663,4.1690,121.00,129.00,156.26,164.73,0.5917,0,correlation 0.59 <= 0.7
2,78.3687,4.2292,121.00,127.00,154.85,164.72,0.5704,0,correlation 0.57 <= 0.7
2,78.3393,4.2595,125.00,129.00,158.92,167.31,0.3934,0,correlation 0.39 <= 0.7
2,78.3350,4.1618,127.00,131.00,159.85,167.31,0.4275,0,correlation 0.43 <= 0.7
2,78.3314,4.2567,125.00,135.00,159.92,168.01,0.3050,0,correlation 0.31 <= 0.7
2,78.3610,4.1705,121.00,129.00,156.99,165.05,0.5839,0,correlation 0.58 <= 0.7
2,78.4029,4.2922,123.00,127.00,154.58,163.88,0.5683,0,correlation 0.57 <= 0.7
2,78.3801,4.2809,121.00,127.00,153.56,164.38,0.5462,0,correlation 0.55 <= 0.7
2,78.4080,4.2531,123.00,127.00,156.11,163.97,0.5881,0,correlation 0.59 <= 0.7
2,78.3554,4.2268,120.00,129.00,156.70,165.62,0.5398,0,correlation 0.54 <= 0.7
2,78.3629,4.2109,121.00,129.00,155.70,165.01,0.5697,0,correlation 0.57 <= 0.7
2,78.4248,4.2514,129.00,123.00,158.50,164.53,0.5801,0,correlation 0.58 <= 0.7
2,78.4143,4.3029,126.00,123.00,156.19,164.03,0.5929,0,correlation 0.59 <= 0.7
2,78.3533,4.2492,120.00,130.00,156.90,165.87,0.5148,0,correlation 0.51 <= 0.7
2,78.3831,4.1851,121.00,131.00,154.60,164.14,0.5697,0,correlation 0.57 <= 0.7
2,78.4249,4.2320,129.00,123.00,158.53,164.58,0.5834,0,correlation 0.58 <= 0.7
2,78.3741,4.2607,121.00,127.00,154.10,164.54,0.5587,0,correlation 0.56 <= 0.7
2,78.3776,4.2296,121.00,127.00,153.95,164.38,0.5647,0,correlation 0.56 <= 0.7
2,78.3855,4.2908,121.00,127.00,153.36,164.22,0.5377,0,correlation 0.54 <= 0.7
2,78.3395,4.1823,127.00,131.69,159.20,166.94,0.4591,0,correlation 0.46 <= 0.7
2,78.4050,4.1990,123.00,127.00,155.77,164.00,0.5817,0,correlation 0.58 <= 0.7
2,78.3814,4.2412,121.00,127.00,153.66,164.27,0.5566,0,correlation 0.56 <= 0.7
2,78.3361,4.1890,127.00,131.00,159.62,167.33,0.4172,0,correlation 0.42 <= 0.7
2,78.4067,4.2021,123.00,127.00,155.99,164.03,0.5864,0,correlation 0.59 <= 0.7
2,78.3512,4.2586,119.98,130.00,157.19,166.09,0.4957,0,correlation 0.50 <= 0.7
2,78.4122,4.2307,125.00,125.00,156.75,164.13,0.5973,0,correlation 0.60 <= 0.7
2,78.3637,4.2070,121.00,129.00,155.60,164.95,0.5726,0,correlation 0.57 <= 0.7
2,78.4081,4.2521,123.00,127.00,156.13,163.98,0.5884,0,correlation 0.59 <= 0.7
2,78.3484,4.3027,119.20,129.70,157.39,166.57,0.4419,0,correlation 0.44 <= 0.7
2,78.3739,4.2162,121.00,127.00,154.34,164.48,0.5726,0,correlation 0.57 <= 0.7
2,78.3529,4.2270,120.07,133.00,157.08,165.84,0.5258,0,correlation 0.53 <= 0.7
2,78.6656,6.9048,163.00,83.00,165.88,162.48,-0.1570,0,correlation -0.16 <= 0.7
2,78.6423,6.9216,173.00,135.00,165.13,162.95,0.5669,0,correlation 0.57 <= 0.7
2,78.6021,6.9015,167.50,121.00,165.00,162.26,0.5738,0,correlation 0.57 <= 0.7
2,78.5840,6.9043,153.00,87.00,164.14,161.59,0.5642,0,correlation 0.56 <= 0.7
2,78.6499,6.9053,153.00,117.00,165.27,162.86,0.3699,0,correlation 0.37 <= 0.7
2,78.6685,6.8644,165.00,87.00,166.05,162.54,-0.2336,0,correlation -0.23 <= 0.7
2,78.6337,6.9266,179.00,147.00,165.09,162.68,0.5771,0,correlation 0.58 <= 0.7
2,78.6393,6.8889,174.00,137.00,165.23,162.97,0.5882,0,correlation 0.59 <= 0.7
2,78.5801,6.9190,153.00,87.00,163.89,161.22,0.5520,0,correlation 0.55 <= 0.7
2,78.6216,6.9048,169.00,151.00,165.28,162.45,0.4943,0,correlation 0.49 <= 0.7
2,78.5967,6.8778,167.00,123.00,164.84,162.23,0.5777,0,correlation 0.58 <= 0.7
2,78.6738,6.7918,165.00,87.00,166.39,162.78,-0.3221,0,correlation -0.32 <= 0.7
2,78.6059,6.9264,171.00,119.00,165.04,162.27,0.5628,0,correlation 0.56 <= 0.7
2,78.6241,6.8883,169.00,151.00,165.35,162.54,0.5090,0,correlation 0.51 <= 0.7
2,78.5826,6.8949,153.00,87.00,164.08,161.54,0.5645,0,correlation 0.56 <= 0.7
2,78.6584,6.7995,155.00,80.00,165.74,162.57,-0.0441,0,correlation -0.04 <= 0.7
2,78.6498,6.8070,175.00,119.00,165.58,162.89,0.2679,0,correlation 0.27 <= 0.7
2,78.6468,6.8522,153.00,137.00,165.41,163.01,0.4309,0,correlation 0.43 <= 0.7
2,78.6591,6.7832,155.00,80.00,165.80,162.55,-0.0816,0,correlation -0.08 <= 0.7
2,78.6600,6.9304,155.00,115.00,165.54,162.52,0.0136,0,correlation 0.01 <= 0.7
2,78.6539,6.9179,153.00,117.00,165.31,162.72,0.2369,0,correlation 0.24 <= 0.7
2,78.6063,6.8660,169.00,127.00,165.22,162.52,0.5720,0,correlation 0.57 <= 0.7
2,78.6235,6.8185,170.03,153.00,165.63,162.73,0.5142,0,correlation 0.51 <= 0.7
2,78.6537,6.8877,175.00,117.00,165.39,162.73,0.2097,0,correlation 0.21 <= 0.7
2,78.5810,6.8573,153.00,89.00,164.06,161.60,0.5571,0,correlation 0.56 <= 0.7
2,78.6572,6.9023,155.00,117.00,165.45,162.60,0.0891,0,correlation 0.09 <= 0.7
2,78.5971,6.9000,167.00,123.00,164.81,162.16,0.5716,0,correlation 0.57 <= 0.7
2,78.6054,6.9118,171.00,123.71,165.07,162.31,0.5668,0,correlation 0.57 <= 0.7
2,78.6327,6.8108,169.00,151.00,165.60,163.01,0.5769,0,correlation 0.58 <= 0.7
2,78.6436,6.8659,153.00,137.00,165.33,163.06,0.5245,0,correlation 0.52 <= 0.7
2,78.6653,6.8237,157.00,87.00,165.90,162.50,-0.1902,0,correlation -0.19 <= 0.7
2,78.5943,6.7882,169.00,125.00,164.91,162.52,0.6071,0,correlation 0.61 <= 0.7
2,78.6094,6.9192,171.00,125.00,165.15,162.38,0.5458,0,correlation 0.55 <= 0.7
2,78.6461,6.8628,153.00,137.00,165.37,163.02,0.4624,0,correlation 0.46 <= 0.7
2,78.6335,6.8817,179.00,149.00,165.29,162.80,0.5793,0,correlation 0.58 <= 0.7
2,78.6604,6.8977,155.00,117.00,165.59,162.52,-0.0161,0,correlation -0.02 <= 0.7
2,78.8915,11.5831,169.00,249.00,173.85,169.95,0.7949,0,NYA peak not clear against upper and lower means
2,78.8248,11.5525,161.00,245.00,170.94,168.23,0.4970,0,correlation 0.50 <= 0.7
2,78.8083,11.5917,159.00,197.00,170.11,166.80,0.7351,0,centroids differ by 3.3 km
2,78.8276,11.5827,161.00,247.00,171.12,167.95,0.5476,0,correlation 0.55 <= 0.7
2,78.8715,11.5590,167.00,249.00,173.28,169.89,0.8077,0,NYA peak not clear against upper and lower means
2,78.8736,11.5176,169.00,249.00,173.26,170.09,0.8293,0,NYA peak not clear against upper and lower means
2,78.8536,11.5305,165.00,221.00,172.33,169.60,0.8044,0,NYA peak not clear against upper and lower means
2,78.8008,11.6552,157.00,235.00,169.77,166.22,0.6367,0,correlation 0.64 <= 0.7
2,78.8777,11.6182,167.00,249.00,173.55,169.98,0.7315,0,NYA peak not clear against upper and lower means
2,78.8422,11.6609,163.00,209.00,172.21,168.24,0.7968,0,centroids differ by 4.0 km
2,78.8427,11.5388,163.00,249.00,171.80,168.94,0.7079,0,NYA peak not clear against upper and lower means
2,78.8807,11.5933,167.00,249.00,173.60,169.99,0.7762,0,NYA peak not clear against upper and lower means
2,78.8897,11.6586,169.00,249.00,174.00,169.35,0.7091,0,NYA peak not clear against upper and lower means
2,78.8608,11.6125,165.00,247.00,172.98,169.86,0.7494,0,NYA peak not clear against upper and lower means
2,78.8515,11.5828,165.00,223.00,172.43,169.31,0.7906,0,NYA peak not clear against upper and lower means
2,78.8758,11.5712,167.00,249.00,173.45,169.95,0.8067,0,NYA peak not clear against upper and lower means
2,78.8923,11.5207,171.00,245.00,173.82,169.93,0.8272,0,NYA peak not clear against upper and lower means
2,78.8304,11.5900,161.00,249.00,171.28,167.94,0.5881,0,correlation 0.59 <= 0.7
2,78.8926,11.5983,169.00,249.00,173.91,169.87,0.7740,0,NYA peak not clear against upper and lower means
2,78.8205,11.6440,159.00,249.00,170.86,166.81,0.5533,0,correlation 0.55 <= 0.7
2,78.8144,11.5239,159.00,217.00,170.40,167.85,0.5355,0,correlation 0.54 <= 0.7
2,78.8176,11.5706,157.00,225.00,170.58,167.66,0.4999,0,correlation 0.50 <= 0.7
2,78.8920,11.5607,169.00,249.00,173.85,169.94,0.8259,0,NYA peak not clear against upper and lower means
2,78.8266,11.5928,161.00,243.00,171.08,167.75,0.5473,0,correlation 0.55 <= 0.7
2,78.8355,11.6073,155.00,189.00,171.61,167.95,0.6919,0,correlation 0.69 <= 0.7
2,78.8981,11.5868,170.00,249.00,174.04,169.80,0.8074,0,NYA peak not clear against upper and lower means
2,78.8826,11.5600,169.00,249.00,173.63,169.97,0.8216,0,NYA peak not clear against upper and lower means
2,78.8113,11.5186,159.00,205.00,170.24,167.50,0.6572,0,correlation 0.66 <= 0.7
2,78.8760,11.5667,167.00,249.00,173.45,169.95,0.8103,0,NYA peak not clear against upper and lower means
2,78.8479,11.5213,157.00,205.00,172.02,169.27,0.7659,0,NYA peak not clear against upper and lower means
2,78.8653,11.5287,167.00,249.00,172.92,170.02,0.8175,0,NYA peak not clear against upper and lower means
2,78.8408,11.5640,155.00,249.00,171.77,168.65,0.7059,0,NYA peak not clear against upper and lower means
2,78.8383,11.5310,163.00,249.00,171.56,168.80,0.6248,0,correlation 0.62 <= 0.7
2,78.8734,11.6008,167.00,249.00,173.42,170.00,0.7642,0,NYA peak not clear against upper and lower means
2,78.8284,11.5633,161.00,249.00,171.13,168.26,0.5364,0,correlation 0.54 <= 0.7
2,78.8714,11.6341,167.00,249.00,173.40,169.94,0.7217,0,NYA peak not clear against upper and lower means
2,78.6537,12.7058,125.00,88.00,160.94,161.50,-0.0447,0,correlation -0.04 <= 0.7
2,78.6153,12.7906,119.00,117.00,157.61,160.70,0.7840,0,centroids differ by 3.1 km
2,78.5629,12.6658,111.00,185.00,152.48,165.22,0.0966,0,correlation 0.10 <= 0.7
2,78.5571,12.6574,111.00,189.00,151.78,165.93,-0.1530,0,correlation -0.15 <= 0.7
2,78.6423,12.7143,123.00,93.00,159.92,160.10,0.1627,0,correlation 0.16 <= 0.7
2,78.5697,12.7765,108.61,193.00,153.49,164.95,0.0144,0,correlation 0.01 <= 0.7
2,78.6248,12.7532,121.00,103.00,158.40,160.05,0.5526,0,correlation 0.55 <= 0.7
2,78.6074,12.7616,113.00,127.00,156.85,161.62,0.9223,0,centroids differ by 4.8 km
2,78.5890,12.7746,115.00,149.00,155.22,163.13,0.7140,0,centroids differ by 7.9 km
2,78.6503,12.7780,123.00,80.00,160.92,161.74,-0.1404,0,correlation -0.14 <= 0.7
2,78.5919,12.7383,115.00,147.00,155.37,162.89,0.7863,0,centroids differ by 7.5 km
2,78.5965,12.7677,114.00,137.00,155.86,162.49,0.8755,0,centroids differ by 6.6 km
2,78.6296,12.7032,119.00,101.00,158.67,159.83,0.4299,0,correlation 0.43 <= 0.7
2,78.6350,12.7494,121.00,97.00,159.37,159.99,0.2841,0,correlation 0.28 <= 0.7
2,78.6391,12.6951,123.00,93.00,159.53,159.66,0.2093,0,correlation 0.21 <= 0.7
2,78.5683,12.6919,109.00,181.00,153.13,164.77,0.2730,0,correlation 0.27 <= 0.7
2,78.6096,12.7602,115.43,127.00,157.04,161.44,0.9044,0,centroids differ by 4.4 km
2,78.6328,12.7960,121.00,103.00,159.34,160.32,0.3239,0,correlation 0.32 <= 0.7
2,78.5691,12.6861,109.00,179.00,153.17,164.68,0.3047,0,correlation 0.30 <= 0.7
2,78.6297,12.7553,121.00,101.00,158.88,159.88,0.4079,0,correlation 0.41 <= 0.7
2,78.6412,12.7129,123.00,93.00,159.81,159.99,0.1796,0,correlation 0.18 <= 0.7
2,78.6422,12.7117,123.00,93.00,159.90,160.06,0.1648,0,correlation 0.16 <= 0.7
2,78.6431,12.7863,123.00,83.00,160.29,161.05,0.0509,0,correlation 0.05 <= 0.7
2,78.6523,12.7477,123.00,80.00,160.99,161.78,-0.1212,0,correlation -0.12 <= 0.7
2,78.6025,12.6776,117.00,135.00,156.17,161.93,0.9216,0,centroids differ by 5.8 km
2,78.5689,12.7361,109.00,187.00,153.31,164.92,0.1262,0,correlation 0.13 <= 0.7
2,78.6389,12.7413,123.00,97.00,159.71,160.17,0.2099,0,correlation 0.21 <= 0.7
2,78.6067,12.7600,113.00,129.00,156.78,161.69,0.9286,0,centroids differ by 4.9 km
2,78.5635,12.7519,107.00,191.00,152.88,165.40,-0.0640,0,correlation -0.06 <= 0.7
2,78.6497,12.7057,119.00,91.00,160.56,160.85,0.0371,0,correlation 0.04 <= 0.7
2,78.5805,12.7371,113.00,185.00,154.32,163.89,0.4491,0,correlation 0.45 <= 0.7
2,78.6193,12.7079,115.00,111.00,157.76,160.72,0.7659,0,centroids differ by 3.0 km
2,78.5870,12.7355,113.00,151.00,154.91,163.28,0.6597,0,correlation 0.66 <= 0.7
2,78.6552,12.6704,125.00,87.00,160.93,161.17,-0.0071,0,correlation -0.01 <= 0.7
2,78.6528,12.6830,125.00,89.00,160.76,160.98,0.0121,0,correlation 0.01 <= 0.7
2,78.6292,12.7378,121.00,101.00,158.75,159.83,0.4272,0,correlation 0.43 <= 0.7
2,78.4793,7.5121,133.00,121.00,157.25,161.85,0.6877,0,correlation 0.69 <= 0.7
2,78.4194,7.4758,129.00,129.00,156.09,164.61,0.7530,0,centroids differ by 8.5 km
2,78.4564,7.3869,135.00,123.00,157.81,163.18,0.6652,0,correlation 0.67 <= 0.7
2,78.4764,7.4647,133.00,123.00,157.44,162.18,0.6795,0,correlation 0.68 <= 0.7
2,78.4511,7.4569,133.00,127.00,157.46,162.99,0.6963,0,correlation 0.70 <= 0.7
2,78.4953,7.4446,133.00,87.00,157.89,161.70,0.7049,0,centroids differ by 3.8 km
2,78.4995,7.4107,133.00,87.00,158.14,161.62,0.6792,0,correlation 0.68 <= 0.7
2,78.4590,7.4243,133.00,123.00,157.62,162.87,0.6734,0,correlation 0.67 <= 0.7
2,78.4467,7.4855,133.00,127.00,157.33,163.02,0.7088,0,centroids differ by 5.7 km
2,78.4250,7.4112,131.00,129.00,156.63,164.56,0.7299,0,centroids differ by 7.9 km
2,78.4832,7.4161,135.00,151.00,157.73,162.13,0.6841,0,correlation 0.68 <= 0.7
2,78.4608,7.4591,133.00,121.00,157.43,162.61,0.6834,0,correlation 0.68 <= 0.7
2,78.4853,7.4517,133.00,151.00,157.61,161.92,0.6912,0,correlation 0.69 <= 0.7
2,78.4768,7.3889,135.00,125.00,157.80,162.52,0.6706,0,correlation 0.67 <= 0.7
2,78.4164,7.4484,129.00,131.00,155.84,164.86,0.7408,0,centroids differ by 9.0 km
2,78.4257,7.4432,131.00,129.00,156.64,164.41,0.7402,0,centroids differ by 7.8 km
2,78.4239,7.5162,129.00,126.38,156.37,164.23,0.7679,0,centroids differ by 7.9 km
2,78.4702,7.4205,135.00,123.00,157.63,162.62,0.6730,0,correlation 0.67 <= 0.7
2,78.4977,7.4599,133.00,87.00,157.91,161.59,0.7055,0,centroids differ by 3.7 km
2,78.4909,7.4289,133.00,127.82,157.82,161.88,0.7028,0,centroids differ by 4.1 km
2,78.4616,7.4691,133.00,122.00,157.39,162.53,0.6854,0,correlation 0.69 <= 0.7
2,78.4222,7.5212,129.00,129.00,156.25,164.30,0.7705,0,centroids differ by 8.1 km
2,78.4603,7.4066,135.00,123.00,157.70,162.95,0.6670,0,correlation 0.67 <= 0.7
2,78.4137,7.4109,129.00,131.00,155.56,165.12,0.7188,0,centroids differ by 9.6 km
2,78.4969,7.4473,133.00,87.00,157.93,161.64,0.7031,0,centroids differ by 3.7 km
2,78.4362,7.4999,133.00,127.00,157.03,163.59,0.7369,0,centroids differ by 6.6 km
2,78.4145,7.3937,129.00,129.00,155.67,165.15,0.7156,0,centroids differ by 9.5 km
2,78.4636,7.4540,135.00,121.00,157.46,162.57,0.6779,0,correlation 0.68 <= 0.7
2,78.4997,7.4592,133.00,85.00,157.99,161.53,0.6989,0,correlation 0.70 <= 0.7
2,78.4814,7.3960,135.00,153.00,157.80,162.28,0.6804,0,correlation 0.68 <= 0.7
2,78.4810,7.3867,135.00,153.00,157.84,162.35,0.6793,0,correlation 0.68 <= 0.7
2,78.4944,7.3837,135.00,87.00,158.09,161.90,0.6897,0,correlation 0.69 <= 0.7
2,78.4399,7.5206,133.00,125.00,157.07,163.26,0.7359,0,centroids differ by 6.2 km
2,78.4918,7.4459,133.00,151.00,157.78,161.79,0.7058,0,centroids differ by 4.0 km
2,78.4847,7.4976,133.00,149.00,157.41,161.73,0.6879,0,correlation 0.69 <= 0.7
2,78.4912,7.3782,135.00,89.00,158.03,162.04,0.6948,0,correlation 0.69 <= 0.7
2,78.4481,8.1898,123.00,125.00,153.74,161.49,0.8402,0,centroids differ by 7.8 km
2,78.4438,8.2259,121.00,125.00,153.53,161.90,0.8649,0,centroids differ by 8.4 km
2,78.4538,8.2807,119.00,123.00,153.51,161.19,0.8315,0,centroids differ by 7.7 km
2,78.3972,8.2125,119.00,135.00,153.29,165.25,0.5579,0,correlation 0.56 <= 0.7
2,78.4223,8.2927,121.00,125.00,153.31,163.63,0.8016,0,centroids differ by 10.3 km
2,78.4612,8.2507,121.00,115.00,153.86,160.65,0.7807,0,centroids differ by 6.8 km
2,78.4239,8.2660,121.00,127.00,153.43,163.53,0.8138,0,centroids differ by 10.1 km
2,78.3899,8.1853,117.00,137.00,152.71,165.69,0.4449,0,correlation 0.44 <= 0.7
2,78.4488,8.1987,121.00,117.00,153.71,161.44,0.8392,0,centroids differ by 7.7 km
2,78.4546,8.2162,121.00,117.00,153.75,161.04,0.8147,0,centroids differ by 7.3 km
2,78.3946,8.2793,117.00,137.00,153.00,165.39,0.5154,0,correlation 0.52 <= 0.7
2,78.4641,8.2506,121.00,115.00,153.98,160.46,0.7651,0,centroids differ by 6.5 km
2,78.4740,8.2951,123.00,105.00,154.44,159.95,0.6915,0,correlation 0.69 <= 0.7
2,78.4039,8.1795,121.00,131.00,153.72,164.87,0.6460,0,correlation 0.65 <= 0.7
2,78.4206,8.1814,121.00,129.00,153.95,163.75,0.8029,0,centroids differ by 9.8 km
2,78.4806,8.1951,125.00,104.49,155.08,159.46,0.6756,0,correlation 0.68 <= 0.7
2,78.3932,8.2112,119.00,137.00,153.00,165.49,0.4990,0,correlation 0.50 <= 0.7
2,78.4342,8.2446,121.00,127.00,153.44,162.76,0.8596,0,centroids differ by 9.3 km
2,78.4842,8.2171,125.00,105.00,155.27,159.33,0.6491,0,correlation 0.65 <= 0.7
2,78.4614,8.1772,121.00,112.41,154.11,160.49,0.7847,0,centroids differ by 6.4 km
2,78.4757,8.2743,125.00,105.00,154.60,159.82,0.6855,0,correlation 0.69 <= 0.7
2,78.4841,8.2897,125.00,103.00,155.15,159.48,0.6272,0,correlation 0.63 <= 0.7
2,78.4115,8.2017,123.00,129.00,153.85,164.38,0.7276,0,centroids differ by 10.5 km
2,78.4653,8.2422,122.00,115.00,154.06,160.37,0.7588,0,centroids differ by 6.3 km
2,78.4259,8.2250,121.00,127.00,153.62,163.38,0.8277,0,centroids differ by 9.8 km
2,78.4805,8.2595,125.00,105.00,154.95,159.60,0.6604,0,correlation 0.66 <= 0.7
2,78.3933,8.3153,117.00,137.00,152.85,165.49,0.4896,0,correlation 0.49 <= 0.7
2,78.4747,8.2740,125.00,105.00,154.53,159.87,0.6923,0,correlation 0.69 <= 0.7
2,78.4289,8.1899,123.00,129.00,153.77,163.13,0.8417,0,centroids differ by 9.4 km
2,78.4603,8.3143,121.00,113.00,153.63,160.80,0.7888,0,centroids differ by 7.2 km
2,78.4366,8.2902,121.00,125.00,153.21,162.63,0.8661,0,centroids differ by 9.4 km
2,78.4528,8.2422,121.00,123.00,153.62,161.21,0.8287,0,centroids differ by 7.6 km
2,78.4354,8.2383,121.00,127.00,153.47,162.66,0.8623,0,centroids differ by 9.2 km
2,78.4659,8.2171,123.00,117.00,154.16,160.28,0.7581,0,centroids differ by 6.1 km
2,78.4346,8.1766,123.00,129.00,153.78,162.62,0.8581,0,centroids differ by 8.8 km
2,78.3930,8.2706,117.00,137.00,152.91,165.50,0.4906,0,correlation 0.49 <= 0.7
2,78.3436,1.7096,155.00,145.00,175.01,166.14,0.7555,0,centroids differ by 8.9 km
2,78.3082,1.7393,100.00,161.00,174.96,167.62,0.0108,0,correlation 0.01 <= 0.7
2,78.3354,1.5980,171.00,147.00,175.53,166.33,0.6489,0,correlation 0.65 <= 0.7
2,78.3706,1.6479,145.00,143.00,173.15,164.43,0.7058,0,centroids differ by 8.7 km
2,78.3974,1.7339,147.00,131.00,170.49,163.86,0.5184,0,correlation 0.52 <= 0.7
2,78.3997,1.7362,147.00,131.00,170.30,163.80,0.5147,0,correlation 0.51 <= 0.7
2,78.3787,1.7184,148.00,133.00,172.19,164.33,0.6512,0,correlation 0.65 <= 0.7
2,78.4024,1.6253,149.00,131.00,170.52,163.41,0.5533,0,correlation 0.55 <= 0.7
2,78.3730,1.7019,145.00,141.00,172.79,164.51,0.7005,0,centroids differ by 8.3 km
2,78.3960,1.7123,147.00,133.00,170.67,163.83,0.5268,0,correlation 0.53 <= 0.7
2,78.3530,1.6069,155.00,145.00,174.64,165.32,0.7613,0,centroids differ by 9.3 km
2,78.3120,1.6769,177.00,171.00,174.96,167.46,0.1355,0,correlation 0.14 <= 0.7
2,78.3995,1.6030,149.00,131.00,170.76,163.44,0.5588,0,correlation 0.56 <= 0.7
2,78.3460,1.5943,157.00,145.00,175.07,165.68,0.7413,0,centroids differ by 9.4 km
2,78.3456,1.7324,155.00,143.00,173.92,166.09,0.7718,0,centroids differ by 7.8 km
2,78.3722,1.5940,147.00,135.00,173.17,164.18,0.6745,0,correlation 0.67 <= 0.7
2,78.3546,1.6674,155.00,143.00,174.42,165.42,0.7751,0,centroids differ by 9.0 km
2,78.3638,1.6923,151.00,143.00,173.63,164.97,0.7559,0,centroids differ by 8.7 km
2,78.3320,1.6132,171.00,153.00,175.63,166.58,0.6211,0,correlation 0.62 <= 0.7
2,78.4017,1.6815,149.00,131.00,170.37,163.59,0.5350,0,correlation 0.54 <= 0.7
2,78.3198,1.6608,177.00,153.00,175.92,167.21,0.4189,0,correlation 0.42 <= 0.7
2,78.3403,1.6381,171.00,145.00,175.27,166.14,0.7186,0,centroids differ by 9.1 km
2,78.3628,1.7142,151.00,143.00,173.66,165.10,0.7652,0,centroids differ by 8.6 km
2,78.4033,1.7382,147.00,131.00,170.08,163.71,0.5132,0,correlation 0.51 <= 0.7
2,78.3220,1.6384,179.00,153.00,175.89,167.12,0.4636,0,correlation 0.46 <= 0.7
2,78.3672,1.7245,151.00,141.00,173.26,164.89,0.7437,0,centroids differ by 8.4 km
2,78.3242,1.6536,176.65,153.00,175.82,167.05,0.5276,0,correlation 0.53 <= 0.7
2,78.3538,1.6953,155.00,143.00,174.42,165.54,0.7804,0,centroids differ by 8.9 km
2,78.3677,1.5916,153.00,143.00,173.56,164.37,0.7075,0,centroids differ by 9.2 km
2,78.3652,1.6662,151.00,143.00,173.58,164.80,0.7418,0,centroids differ by 8.8 km
2,78.3548,1.6123,155.00,145.00,174.51,165.23,0.7622,0,centroids differ by 9.3 km
2,78.4018,1.6371,149.00,131.00,170.51,163.46,0.5504,0,correlation 0.55 <= 0.7
2,78.3360,1.7254,169.00,151.00,174.34,166.60,0.7159,0,centroids differ by 7.7 km
2,78.3505,1.7204,155.00,143.00,174.59,165.78,0.7809,0,centroids differ by 8.8 km
2,78.3501,1.6484,155.00,145.00,174.75,165.60,0.7683,0,centroids differ by 9.1 km
2,78.3688,1.7133,151.00,141.00,173.15,164.77,0.7325,0,centroids differ by 8.4 km
2,78.3755,7.8529,117.00,141.00,149.77,166.69,0.0590,0,correlation 0.06 <= 0.7
2,78.4293,7.8049,129.00,131.00,155.73,162.98,0.8268,0,centroids differ by 7.3 km
2,78.3949,7.8717,121.00,141.00,153.25,165.51,0.5397,0,correlation 0.54 <= 0.7
2,78.4022,7.8375,123.00,141.00,154.08,165.01,0.6575,0,correlation 0.66 <= 0.7
2,78.4243,7.7730,129.00,131.00,155.71,163.41,0.8140,0,centroids differ by 7.7 km
2,78.4137,7.8899,125.00,137.00,154.90,164.09,0.7740,0,centroids differ by 9.2 km
2,78.3910,7.7795,121.00,145.00,152.57,165.87,0.4512,0,correlation 0.45 <= 0.7
2,78.4199,7.8383,127.00,129.00,155.34,163.64,0.8028,0,centroids differ by 8.3 km
2,78.3690,7.7620,107.00,145.00,147.94,167.15,-0.1540,0,correlation -0.15 <= 0.7
2,78.4249,7.8607,127.00,129.00,155.42,163.24,0.8198,0,centroids differ by 7.8 km
2,78.3878,7.8821,119.00,141.00,152.19,165.96,0.3877,0,correlation 0.39 <= 0.7
2,78.3629,7.7759,105.00,147.00,146.71,167.42,-0.2942,0,correlation -0.29 <= 0.7
2,78.3957,7.7898,121.00,143.00,153.29,165.52,0.5513,0,correlation 0.55 <= 0.7
2,78.3835,7.7777,119.00,145.00,151.17,166.35,0.2581,0,correlation 0.26 <= 0.7
2,78.4250,7.8775,127.00,127.00,155.35,163.21,0.8214,0,centroids differ by 7.9 km
2,78.3696,7.8092,108.00,145.00,148.27,167.05,-0.1197,0,correlation -0.12 <= 0.7
2,78.3840,7.8034,119.00,143.00,151.34,166.28,0.2786,0,correlation 0.28 <= 0.7
2,78.3797,7.8451,117.00,143.00,150.63,166.47,0.1747,0,correlation 0.17 <= 0.7
2,78.4360,7.7846,129.00,121.00,155.87,162.55,0.8284,0,centroids differ by 6.7 km
2,78.4335,7.8473,127.00,129.00,155.57,162.58,0.8326,0,centroids differ by 7.0 km
2,78.4492,7.8861,127.00,117.00,155.24,161.44,0.8199,0,centroids differ by 6.2 km
2,78.4457,7.8800,127.00,117.00,155.28,161.67,0.8275,0,centroids differ by 6.4 km
2,78.4094,7.8189,125.00,141.00,154.77,164.46,0.7398,0,centroids differ by 9.7 km
2,78.4127,7.8094,125.00,131.00,155.03,164.22,0.7658,0,centroids differ by 9.2 km
2,78.3770,7.8028,117.00,143.00,149.92,166.69,0.0847,0,correlation 0.08 <= 0.7
2,78.3955,7.9091,121.00,139.00,153.32,165.46,0.5491,0,correlation 0.55 <= 0.7
2,78.3644,7.7811,105.00,146.00,147.03,167.35,-0.2589,0,correlation -0.26 <= 0.7
2,78.4094,7.8460,125.00,139.00,154.73,164.45,0.7403,0,centroids differ by 9.7 km
2,78.4215,7.8809,127.00,137.00,155.25,163.47,0.8118,0,centroids differ by 8.2 km
2,78.4137,7.7911,125.00,131.00,155.13,164.15,0.7719,0,centroids differ by 9.0 km
2,78.4274,7.9106,127.00,127.00,155.24,163.00,0.8274,0,centroids differ by 7.8 km
2,78.4231,7.7743,129.00,131.00,155.66,163.50,0.8097,0,centroids differ by 7.8 km
2,78.4010,7.8596,123.00,141.00,153.94,165.09,0.6395,0,correlation 0.64 <= 0.7
2,78.3628,7.8621,105.00,149.00,146.99,167.33,-0.2704,0,correlation -0.27 <= 0.7
2,78.4182,7.8665,127.00,129.00,155.17,163.73,0.7986,0,centroids differ by 8.6 km
2,78.3757,7.7665,117.00,145.00,149.51,166.81,0.0368,0,correlation 0.04 <= 0.7
2,78.5888,6.7669,155.00,127.00,164.67,162.45,0.6026,0,correlation 0.60 <= 0.7
2,78.6132,6.6889,169.00,159.00,165.89,163.07,0.5306,0,correlation 0.53 <= 0.7
2,78.6332,6.8154,179.00,149.00,165.58,163.00,0.5791,0,correlation 0.58 <= 0.7
2,78.5862,6.7972,155.00,139.00,164.47,162.22,0.5902,0,correlation 0.59 <= 0.7
2,78.5646,6.7505,151.00,82.00,163.33,160.83,0.4302,0,correlation 0.43 <= 0.7
2,78.5819,6.7559,152.00,80.00,164.32,162.14,0.5752,0,correlation 0.58 <= 0.7
2,78.5809,6.7024,153.00,80.00,164.38,162.32,0.5929,0,correlation 0.59 <= 0.7
2,78.6112,6.7830,171.00,129.00,165.59,162.83,0.5344,0,correlation 0.53 <= 0.7
2,78.5412,6.7463,147.00,83.00,161.73,159.20,0.2601,0,correlation 0.26 <= 0.7
2,78.6027,6.6831,171.00,131.00,165.52,163.17,0.6191,0,correlation 0.62 <= 0.7
2,78.6342,6.7990,179.00,149.00,165.64,163.10,0.5850,0,correlation 0.59 <= 0.7
2,78.6222,6.7847,173.00,155.00,165.76,162.80,0.5141,0,correlation 0.51 <= 0.7
2,78.5994,6.7551,169.00,127.62,165.22,162.81,0.6241,0,correlation 0.62 <= 0.7
2,78.5410,6.6889,147.00,83.00,161.84,159.31,0.2450,0,correlation 0.24 <= 0.7
2,78.5910,6.7057,157.00,127.00,164.90,162.78,0.6406,0,correlation 0.64 <= 0.7
2,78.5904,6.7551,163.00,127.00,164.77,162.55,0.6136,0,correlation 0.61 <= 0.7
2,78.6225,6.7522,173.00,155.00,165.88,162.92,0.5199,0,correlation 0.52 <= 0.7
2,78.5785,6.6972,153.00,80.00,164.26,162.16,0.5715,0,correlation 0.57 <= 0.7
2,78.6238,6.8150,170.05,153.00,165.65,162.74,0.5158,0,correlation 0.52 <= 0.7
2,78.5690,6.7690,151.00,80.00,163.58,161.10,0.4715,0,correlation 0.47 <= 0.7
2,78.5759,6.6814,153.00,80.00,164.15,162.03,0.5543,0,correlation 0.55 <= 0.7
2,78.6208,6.7848,173.00,155.00,165.74,162.79,0.5086,0,correlation 0.51 <= 0.7
2,78.6271,6.7394,172.00,151.00,165.93,163.10,0.5511,0,correlation 0.55 <= 0.7
2,78.5782,6.7241,153.00,80.00,164.19,162.01,0.5605,0,correlation 0.56 <= 0.7
2,78.6241,6.6879,175.00,157.00,166.11,163.20,0.5449,0,correlation 0.54 <= 0.7
2,78.5925,6.7509,163.00,127.00,164.89,162.63,0.6193,0,correlation 0.62 <= 0.7
2,78.6249,6.7693,173.00,155.00,165.82,162.91,0.5306,0,correlation 0.53 <= 0.7
2,78.5631,6.6998,151.00,80.00,163.31,160.92,0.4137,0,correlation 0.41 <= 0.7
2,78.6165,6.7306,175.00,157.00,165.85,162.94,0.5152,0,correlation 0.52 <= 0.7
2,78.6106,6.6838,171.00,145.00,165.82,163.12,0.5440,0,correlation 0.54 <= 0.7
2,78.6290,6.6957,175.00,155.00,166.10,163.33,0.5662,0,correlation 0.57 <= 0.7
2,78.6364,6.6887,171.00,143.00,166.09,163.44,0.5358,0,correlation 0.54 <= 0.7
2,78.6393,6.7509,181.00,141.00,165.80,163.29,0.5303,0,correlation 0.53 <= 0.7
2,78.6155,6.7295,175.00,131.00,165.84,162.94,0.5163,0,correlation 0.52 <= 0.7
2,78.6285,6.8174,170.00,149.00,165.61,162.85,0.5483,0,correlation 0.55 <= 0.7
2,78.5820,6.7554,152.00,80.00,164.32,162.14,0.5756,0,correlation 0.58 <= 0.7
2,78.3879,2.7900,135.00,133.00,164.08,166.17,0.6180,0,correlation 0.62 <= 0.7
2,78.4210,2.7948,139.00,125.00,164.14,165.96,0.0304,0,correlation 0.03 <= 0.7
2,78.4066,2.8121,137.00,127.00,163.14,166.20,0.2719,0,correlation 0.27 <= 0.7
2,78.3873,2.8537,135.00,133.00,163.87,166.04,0.6391,0,correlation 0.64 <= 0.7
2,78.4446,2.8355,145.00,117.00,167.40,165.30,-0.3753,0,correlation -0.38 <= 0.7
2,78.3730,2.8719,135.00,143.00,164.54,165.85,0.7517,0,centroids differ by 1.3 km
2,78.4023,2.7526,137.00,127.00,163.36,166.23,0.3350,0,correlation 0.34 <= 0.7
2,78.4061,2.7532,139.00,127.00,163.33,166.19,0.2579,0,correlation 0.26 <= 0.7
2,78.3680,2.8740,133.00,145.00,165.14,165.83,0.7754,1,
2,78.3701,2.8495,135.77,145.00,164.98,165.87,0.7675,1,
2,78.3461,2.7483,143.00,149.00,168.82,166.02,0.8528,0,centroids differ by 2.8 km
2,78.3870,2.8140,135.00,133.00,164.06,166.11,0.6355,0,correlation 0.64 <= 0.7
2,78.4086,2.8086,137.00,127.00,163.19,166.18,0.2305,0,correlation 0.23 <= 0.7
2,78.4200,2.7753,139.00,127.00,164.07,165.96,0.0370,0,correlation 0.04 <= 0.7
2,78.3882,2.8759,135.00,133.00,162.92,166.03,0.6331,0,correlation 0.63 <= 0.7
2,78.4299,2.7894,139.00,125.00,165.33,165.70,-0.1128,0,correlation -0.11 <= 0.7
2,78.4117,2.8087,139.00,127.00,163.32,166.14,0.1760,0,correlation 0.18 <= 0.7
2,78.3738,2.8174,135.00,141.00,165.47,165.92,0.7479,1,
2,78.3703,2.8699,133.00,145.00,164.87,165.84,0.7653,1,
2,78.3640,2.8371,133.00,145.00,165.74,165.87,0.7935,1,
2,78.3867,2.8092,135.00,133.00,164.11,166.11,0.6382,0,correlation 0.64 <= 0.7
2,78.4308,2.8811,139.00,123.00,165.32,165.81,-0.0986,0,correlation -0.10 <= 0.7
2,78.4246,2.8136,139.00,125.00,164.56,165.89,-0.0184,0,correlation -0.02 <= 0.7
2,78.3674,2.8466,135.32,145.00,165.32,165.86,0.7802,1,
2,78.4254,2.8260,139.00,125.00,164.64,165.89,-0.0267,0,correlation -0.03 <= 0.7
2,78.3636,2.7686,133.00,147.00,166.89,165.96,0.7999,1,
2,78.4430,2.8768,143.00,117.00,167.10,165.43,-0.3425,0,correlation -0.34 <= 0.7
2,78.4113,2.7656,139.00,127.00,163.42,166.13,0.1709,0,correlation 0.17 <= 0.7
2,78.3796,2.8365,135.00,149.00,164.73,165.94,0.7100,0,centroids differ by 1.2 km
2,78.4342,2.8787,139.00,123.00,165.81,165.71,-0.1614,0,correlation -0.16 <= 0.7
2,78.3458,2.8366,141.00,147.00,167.68,165.82,0.8487,0,centroids differ by 1.9 km
2,78.3502,2.8455,141.00,147.00,167.23,165.83,0.8401,0,centroids differ by 1.4 km
2,78.3682,2.7627,137.00,143.00,166.36,165.98,0.7793,1,
2,78.3773,2.8280,135.00,141.00,165.02,165.93,0.7259,1,
2,78.3459,2.7544,143.00,149.00,168.83,166.00,0.8528,0,centroids differ by 2.8 km
2,78.4092,2.8403,137.00,127.00,163.12,166.18,0.2334,0,correlation 0.23 <= 0.7
2,78.3556,3.5919,125.00,141.00,162.11,164.46,0.7472,0,centroids differ by 2.4 km
2,78.3773,3.6142,127.00,135.00,159.20,164.58,0.6874,0,correlation 0.69 <= 0.7
2,78.3288,3.4975,147.00,141.00,165.38,165.63,0.6699,0,correlation 0.67 <= 0.7
2,78.3855,3.4961,129.00,135.00,158.96,165.18,0.6414,0,correlation 0.64 <= 0.7
2,78.3953,3.4873,129.00,135.00,158.52,165.45,0.5747,0,correlation 0.57 <= 0.7
2,78.3351,3.5904,133.00,139.00,163.62,165.49,0.6955,0,correlation 0.70 <= 0.7
2,78.3904,3.5081,129.00,135.00,158.59,165.30,0.6075,0,correlation 0.61 <= 0.7
2,78.3918,3.5170,129.00,135.00,158.49,165.32,0.5981,0,correlation 0.60 <= 0.7
2,78.3528,3.5465,131.00,143.00,162.67,164.51,0.7596,0,centroids differ by 1.8 km
2,78.3878,3.5209,129.00,135.00,158.68,165.20,0.6249,0,correlation 0.62 <= 0.7
2,78.3892,3.4916,129.00,135.00,158.73,165.29,0.6167,0,correlation 0.62 <= 0.7
2,78.3528,3.5912,125.00,143.00,162.50,164.56,0.7480,0,centroids differ by 2.1 km
2,78.3355,3.6024,133.00,139.00,163.54,165.50,0.6952,0,correlation 0.70 <= 0.7
2,78.3260,3.6115,147.00,139.00,164.30,166.12,0.5980,0,correlation 0.60 <= 0.7
2,78.3246,3.5686,147.00,139.00,164.51,166.10,0.5886,0,correlation 0.59 <= 0.7
2,78.3422,3.5400,133.00,143.00,164.01,164.95,0.7503,1,
2,78.3310,3.5942,145.00,139.00,163.95,165.75,0.6602,0,correlation 0.66 <= 0.7
2,78.3798,3.5462,127.00,135.00,159.24,164.88,0.6746,0,correlation 0.67 <= 0.7
2,78.3432,3.6147,133.00,139.00,162.71,165.06,0.7294,0,centroids differ by 2.4 km
2,78.3452,3.5930,133.00,141.00,163.46,164.91,0.7427,0,centroids differ by 1.5 km
2,78.3380,3.5080,135.00,141.00,164.55,165.10,0.7410,1,
2,78.3690,3.5730,127.00,137.00,160.39,164.42,0.7273,0,centroids differ by 4.0 km
2,78.3059,3.5106,175.00,144.00,166.78,167.19,0.2160,0,correlation 0.22 <= 0.7
2,78.3241,3.5891,147.00,139.00,164.50,166.18,0.5776,0,correlation 0.58 <= 0.7
2,78.3518,3.5025,131.00,143.00,162.97,164.50,0.7689,0,centroids differ by 1.5 km
2,78.3755,3.5164,127.00,137.00,159.85,164.79,0.7017,0,centroids differ by 4.9 km
2,78.3385,3.4719,135.00,145.00,164.61,165.00,0.7522,1,
2,78.3169,3.5084,159.00,141.00,166.20,166.42,0.4871,0,correlation 0.49 <= 0.7
2,78.3600,3.5606,127.75,141.00,161.65,164.36,0.7491,0,centroids differ by 2.7 km
2,78.3264,3.5277,147.00,141.00,165.49,165.86,0.6353,0,correlation 0.64 <= 0.7
2,78.3848,3.5385,129.00,135.00,158.83,165.07,0.6435,0,correlation 0.64 <= 0.7
2,78.3592,3.5678,127.52,141.00,161.73,164.37,0.7489,0,centroids differ by 2.6 km
2,78.3514,3.6075,127.00,143.00,162.62,164.64,0.7437,0,centroids differ by 2.0 km
2,78.3574,3.4905,129.00,143.00,162.31,164.42,0.7668,0,centroids differ by 2.1 km
2,78.3671,3.4731,129.00,139.00,161.09,164.60,0.7448,0,centroids differ by 3.5 km
2,78.3716,3.6014,127.00,137.00,159.92,164.42,0.7142,0,centroids differ by 4.5 km
2,78.8203,11.7806,157.00,175.00,171.34,166.94,0.7199,0,centroids differ by 4.4 km
2,78.7697,11.8424,147.00,249.00,168.13,165.06,-0.7948,0,correlation -0.79 <= 0.7
2,78.8343,11.7443,161.00,203.00,172.07,168.01,0.8468,0,centroids differ by 4.1 km
2,78.8482,11.8029,161.00,245.00,172.76,170.03,0.7075,0,NYA peak not clear against upper and lower means
2,78.8505,11.7408,163.00,241.00,172.78,169.86,0.7865,0,NYA peak not clear against upper and lower means
2,78.8022,11.7554,155.00,127.00,170.03,165.55,-0.2365,0,correlation -0.24 <= 0.7
2,78.7906,11.7997,153.00,107.00,169.40,164.97,-0.1879,0,correlation -0.19 <= 0.7
2,78.7920,11.7574,151.00,103.00,169.39,165.22,0.1429,0,correlation 0.14 <= 0.7
2,78.8463,11.8008,161.00,239.00,172.68,169.96,0.7173,0,NYA peak not clear against upper and lower means
2,78.7694,11.7080,149.00,145.00,167.89,165.31,0.8160,0,centroids differ by 2.6 km
2,78.7735,11.8320,151.00,249.00,168.36,165.01,-0.6380,0,correlation -0.64 <= 0.7
2,78.8157,11.7316,157.00,157.00,170.83,166.28,0.4907,0,correlation 0.49 <= 0.7
2,78.8360,11.7537,161.00,207.00,172.18,168.42,0.8466,0,centroids differ by 3.8 km
2,78.8626,11.8006,163.00,249.00,173.39,169.80,0.7460,0,NYA peak not clear against upper and lower means
2,78.7857,11.7385,153.00,87.00,168.98,165.18,0.7042,0,centroids differ by 3.8 km
2,78.7706,11.7716,151.00,101.00,168.07,164.95,-0.5238,0,correlation -0.52 <= 0.7
2,78.7917,11.7833,147.00,107.00,169.44,165.09,-0.1383,0,correlation -0.14 <= 0.7
2,78.8323,11.8299,159.00,211.00,172.11,168.96,0.7560,0,NYA peak not clear against upper and lower means
2,78.7988,11.7866,155.00,125.00,169.90,165.32,-0.3004,0,correlation -0.30 <= 0.7
2,78.7657,11.7014,149.00,145.00,167.61,165.65,0.8535,0,centroids differ by 2.0 km
2,78.8565,11.7842,162.00,249.00,173.06,169.96,0.7284,0,NYA peak not clear against upper and lower means
2,78.8183,11.7182,159.00,161.00,170.96,166.35,0.5526,0,correlation 0.55 <= 0.7
2,78.8307,11.8322,159.00,207.00,172.03,168.80,0.7624,0,centroids differ by 3.2 km
2,78.8313,11.7749,159.00,199.00,171.99,168.08,0.8292,0,centroids differ by 3.9 km
2,78.7977,11.7299,155.00,113.00,169.70,165.43,-0.0344,0,correlation -0.03 <= 0.7
2,78.7869,11.7570,151.00,91.00,169.08,165.17,0.4935,0,correlation 0.49 <= 0.7
2,78.8271,11.7126,159.00,181.00,171.50,166.84,0.7608,0,centroids differ by 4.7 km
2,78.7865,11.7937,153.00,95.00,169.12,164.99,0.1633,0,correlation 0.16 <= 0.7
2,78.7781,11.6980,153.00,167.00,168.47,165.21,0.2553,0,correlation 0.26 <= 0.7
2,78.8229,11.8393,157.00,189.00,171.64,167.99,0.8164,0,centroids differ by 3.6 km
2,78.8282,11.8449,157.00,203.00,171.91,168.65,0.7869,0,centroids differ by 3.3 km
2,78.7912,11.7019,155.00,181.00,169.25,165.57,0.8083,0,centroids differ by 3.7 km
2,78.7715,11.7018,149.00,153.00,168.03,165.26,0.7110,0,centroids differ by 2.8 km
2,78.8482,11.7280,163.00,233.00,172.68,169.55,0.7983,0,NYA peak not clear against upper and lower means
2,78.8544,11.8393,161.00,249.00,173.15,170.19,0.6718,0,correlation 0.67 <= 0.7
2,78.8363,11.8453,159.00,221.00,172.32,169.57,0.7154,0,NYA peak not clear against upper and lower means
2,78.8193,11.2518,157.00,177.00,170.42,166.39,0.9055,0,centroids differ by 4.0 km
2,78.7932,11.3061,155.00,151.00,168.92,163.97,0.1697,0,correlation 0.17 <= 0.7
2,78.8289,11.2488,157.00,183.00,170.92,168.13,0.7329,0,centroids differ by 2.8 km
2,78.8596,11.2327,169.00,209.00,172.40,169.03,0.7631,0,centroids differ by 3.4 km
2,78.8511,11.2933,167.00,249.00,172.05,168.63,0.6865,0,correlation 0.69 <= 0.7
2,78.8401,11.2342,163.00,191.00,171.51,169.32,0.6292,0,correlation 0.63 <= 0.7
2,78.8350,11.2300,160.35,191.00,171.23,169.00,0.6225,0,correlation 0.62 <= 0.7
2,78.8273,11.2112,157.00,193.00,170.83,167.32,0.7514,0,centroids differ by 3.5 km
2,78.7951,11.2468,157.00,159.00,168.93,164.11,0.4861,0,correlation 0.49 <= 0.7
2,78.7880,11.2110,157.00,175.00,168.28,163.53,0.2127,0,correlation 0.21 <= 0.7
2,78.8444,11.1875,165.00,205.00,171.69,169.71,0.5991,0,correlation 0.60 <= 0.7
2,78.8265,11.2055,159.00,193.00,170.78,167.05,0.7442,0,centroids differ by 3.7 km
2,78.8390,11.2237,163.00,193.00,171.44,169.34,0.6095,0,correlation 0.61 <= 0.7
2,78.8563,11.2623,169.00,249.00,172.27,168.80,0.7434,0,NYA peak not clear against upper and lower means
2,78.8011,11.2005,159.00,177.00,169.26,164.88,0.7080,0,centroids differ by 4.4 km
2,78.8538,11.3085,167.00,249.00,172.14,168.65,0.7343,0,NYA peak not clear against upper and lower means
2,78.8474,11.2402,163.00,193.00,171.91,169.37,0.6822,0,correlation 0.68 <= 0.7
2,78.8081,11.3115,155.00,157.00,169.83,165.52,0.6938,0,correlation 0.69 <= 0.7
2,78.8271,11.2091,159.00,193.00,170.82,167.24,0.7500,0,centroids differ by 3.6 km
2,78.8415,11.2519,163.00,187.00,171.61,169.20,0.6645,0,correlation 0.66 <= 0.7
2,78.8075,11.2902,155.00,163.00,169.79,165.35,0.7307,0,centroids differ by 4.4 km
2,78.8592,11.2169,169.00,209.00,172.40,169.29,0.7487,0,centroids differ by 3.1 km
2,78.7914,11.2271,157.00,163.00,168.60,163.83,0.3312,0,correlation 0.33 <= 0.7
2,78.7904,11.2140,157.00,165.00,168.48,163.78,0.2944,0,correlation 0.29 <= 0.7
2,78.8586,11.3157,169.00,249.00,172.32,168.73,0.8400,0,NYA peak not clear against upper and lower means
2,78.8479,11.1827,165.00,209.00,171.86,169.82,0.6155,0,correlation 0.62 <= 0.7
2,78.7928,11.3113,155.00,151.00,168.90,163.95,0.1241,0,correlation 0.12 <= 0.7
2,78.8519,11.3043,167.00,249.00,172.07,168.63,0.6946,0,correlation 0.69 <= 0.7
2,78.7986,11.3251,153.00,149.00,169.28,164.52,0.2466,0,correlation 0.25 <= 0.7
2,78.7945,11.2654,157.00,155.00,168.94,164.00,0.4080,0,correlation 0.41 <= 0.7
2,78.8423,11.2685,163.00,183.00,171.67,169.06,0.6869,0,correlation 0.69 <= 0.7
2,78.7865,11.2867,155.00,147.00,168.40,163.32,0.0156,0,correlation 0.02 <= 0.7
2,78.7996,11.2545,157.00,167.00,169.27,164.42,0.5702,0,correlation 0.57 <= 0.7
2,78.8430,11.2896,165.42,181.00,171.72,168.81,0.6770,0,correlation 0.68 <= 0.7
2,78.8631,11.2086,170.00,215.00,172.54,169.25,0.7761,0,NYA peak not clear against upper and lower means
2,78.8645,11.2876,169.00,207.00,172.53,168.89,0.8712,0,NYA peak not clear against upper and lower means
2,78.4598,7.2688,137.00,127.00,158.37,163.81,0.6184,0,correlation 0.62 <= 0.7
2,78.4131,7.1837,131.00,137.00,155.36,165.90,0.6279,0,correlation 0.63 <= 0.7
2,78.4032,7.1768,127.00,137.00,153.56,166.39,0.5098,0,correlation 0.51 <= 0.7
2,78.4017,7.2366,127.00,137.00,153.40,166.26,0.5147,0,correlation 0.51 <= 0.7
2,78.3879,7.2378,116.00,139.00,150.39,166.69,0.2134,0,correlation 0.21 <= 0.7
2,78.4287,7.2130,133.00,135.00,157.22,165.11,0.6635,0,correlation 0.66 <= 0.7
2,78.4016,7.2195,127.00,137.00,153.34,166.33,0.5041,0,correlation 0.50 <= 0.7
2,78.4150,7.1767,131.00,137.00,155.65,165.82,0.6383,0,correlation 0.64 <= 0.7
2,78.3873,7.2356,115.79,139.00,150.24,166.72,0.1956,0,correlation 0.20 <= 0.7
2,78.4612,7.2642,137.00,129.00,158.40,163.77,0.6172,0,correlation 0.62 <= 0.7
2,78.4625,7.2889,135.00,127.00,158.27,163.60,0.6259,0,correlation 0.63 <= 0.7
2,78.4134,7.2542,129.00,135.00,155.48,165.69,0.6554,0,correlation 0.66 <= 0.7
2,78.4343,7.2458,133.00,133.00,157.61,164.76,0.6621,0,correlation 0.66 <= 0.7
2,78.4001,7.2531,127.00,137.00,153.13,166.26,0.4959,0,correlation 0.50 <= 0.7
2,78.3727,7.1838,107.00,151.31,147.35,167.43,-0.1795,0,correlation -0.18 <= 0.7
2,78.4371,7.2264,135.00,133.00,157.83,164.74,0.6496,0,correlation 0.65 <= 0.7
2,78.3843,7.2485,113.00,139.00,149.62,166.80,0.1272,0,correlation 0.13 <= 0.7
2,78.4330,7.2559,133.00,133.00,157.49,164.76,0.6688,0,correlation 0.67 <= 0.7
2,78.4626,7.3049,135.00,127.00,158.19,163.51,0.6325,0,correlation 0.63 <= 0.7
2,78.4182,7.2416,131.00,135.00,156.11,165.49,0.6730,0,correlation 0.67 <= 0.7
2,78.3631,7.2776,97.00,159.00,146.25,167.83,-0.3398,0,correlation -0.34 <= 0.7
2,78.4122,7.2948,129.00,133.00,155.35,165.60,0.6659,0,correlation 0.67 <= 0.7
2,78.4622,7.1778,139.00,131.00,158.81,164.07,0.5782,0,correlation 0.58 <= 0.7
2,78.3677,7.2159,101.51,151.00,146.71,167.64,-0.2695,0,correlation -0.27 <= 0.7
2,78.4218,7.3055,131.00,133.00,156.48,165.09,0.6997,0,correlation 0.70 <= 0.7
2,78.4462,7.2949,137.00,128.00,158.03,164.04,0.6523,0,correlation 0.65 <= 0.7
2,78.4069,7.1746,129.00,137.00,154.30,166.23,0.5644,0,correlation 0.56 <= 0.7
2,78.3648,7.2352,99.00,151.00,146.43,167.74,-0.3127,0,correlation -0.31 <= 0.7
2,78.3772,7.2596,111.00,147.00,148.17,167.16,-0.0575,0,correlation -0.06 <= 0.7
2,78.3980,7.1927,127.00,139.00,152.52,166.56,0.4206,0,correlation 0.42 <= 0.7
2,78.3699,7.1788,105.00,151.00,146.98,167.57,-0.2368,0,correlation -0.24 <= 0.7
2,78.4408,7.2444,135.00,130.78,157.97,164.50,0.6448,0,correlation 0.64 <= 0.7
2,78.3901,7.3040,125.00,137.00,151.11,166.41,0.3133,0,correlation 0.31 <= 0.7
2,78.4246,7.1713,133.00,137.00,156.87,165.44,0.6532,0,correlation 0.65 <= 0.7
2,78.4193,7.2571,131.00,133.00,156.24,165.38,0.6805,0,correlation 0.68 <= 0.7
2,78.4454,7.2770,137.00,127.82,158.06,164.17,0.6461,0,correlation 0.65 <= 0.7
2,78.4359,3.6283,135.00,121.00,162.51,166.05,0.3254,0,correlation 0.33 <= 0.7
2,78.3538,3.5782,125.00,143.00,162.41,164.51,0.7514,0,centroids differ by 2.1 km
2,78.4240,3.6451,131.00,135.00,160.81,165.71,0.5215,0,correlation 0.52 <= 0.7
2,78.4395,3.5579,137.00,119.00,163.11,166.18,0.1556,0,correlation 0.16 <= 0.7
2,78.3505,3.6394,127.00,141.00,161.73,164.73,0.7344,0,centroids differ by 3.0 km
2,78.4069,3.5518,131.00,133.00,158.74,165.58,0.5278,0,correlation 0.53 <= 0.7
2,78.4213,3.5502,131.00,127.00,160.54,165.83,0.4878,0,correlation 0.49 <= 0.7
2,78.3672,3.6073,127.00,139.00,160.47,164.32,0.7269,0,centroids differ by 3.9 km
2,78.4103,3.5618,131.00,131.00,159.05,165.62,0.5234,0,correlation 0.52 <= 0.7
2,78.4017,3.6125,129.00,133.00,158.22,165.36,0.5514,0,correlation 0.55 <= 0.7
2,78.4176,3.5581,131.00,137.00,160.01,165.74,0.5106,0,correlation 0.51 <= 0.7
2,78.3963,3.5969,129.00,133.00,158.11,165.27,0.5715,0,correlation 0.57 <= 0.7
2,78.3933,3.6507,129.00,133.00,157.92,165.06,0.5889,0,correlation 0.59 <= 0.7
2,78.4321,3.6241,135.00,121.00,162.00,165.96,0.4034,0,correlation 0.40 <= 0.7
2,78.4051,3.5740,131.00,133.00,158.54,165.50,0.5369,0,correlation 0.54 <= 0.7
2,78.3482,3.5380,133.00,143.00,163.30,164.67,0.7606,0,centroids differ by 1.4 km
2,78.3970,3.5501,129.00,135.00,158.28,165.38,0.5660,0,correlation 0.57 <= 0.7
2,78.4252,3.5873,131.00,135.00,161.06,165.85,0.4778,0,correlation 0.48 <= 0.7
2,78.3441,3.5417,133.00,143.00,163.79,164.86,0.7539,0,centroids differ by 1.1 km
2,78.3453,3.5752,133.00,143.00,163.51,164.86,0.7476,0,centroids differ by 1.3 km
2,78.4215,3.5504,131.00,127.00,160.57,165.83,0.4868,0,correlation 0.49 <= 0.7
2,78.4028,3.5196,131.00,133.00,158.54,165.55,0.5347,0,correlation 0.53 <= 0.7
2,78.4061,3.6510,129.00,133.00,158.43,165.36,0.5507,0,correlation 0.55 <= 0.7
2,78.4140,3.5708,131.00,129.00,159.49,165.67,0.5228,0,correlation 0.52 <= 0.7
2,78.3463,3.5225,135.00,143.00,163.60,164.72,0.7622,0,centroids differ by 1.1 km
2,78.3702,3.5195,127.00,137.00,160.48,164.58,0.7280,0,centroids differ by 4.1 km
2,78.4199,3.5516,131.00,137.00,160.33,165.80,0.4973,0,correlation 0.50 <= 0.7
2,78.4326,3.5358,137.00,121.00,162.20,166.12,0.3169,0,correlation 0.32 <= 0.7
2,78.3837,3.5641,127.00,135.00,158.80,164.98,0.6489,0,correlation 0.65 <= 0.7
2,78.3790,3.5390,127.00,135.00,159.36,164.87,0.6799,0,correlation 0.68 <= 0.7
2,78.4106,3.5954,131.00,131.00,159.01,165.56,0.5343,0,correlation 0.53 <= 0.7
2,78.4322,3.6195,135.00,121.00,162.03,165.97,0.3968,0,correlation 0.40 <= 0.7
2,78.4380,3.5670,137.00,121.00,162.91,166.15,0.2063,0,correlation 0.21 <= 0.7
2,78.3822,3.5731,127.00,135.00,158.89,164.90,0.6590,0,correlation 0.66 <= 0.7
2,78.3694,3.6376,127.00,139.00,160.02,164.31,0.7152,0,centroids differ by 4.3 km
2,78.4100,3.5811,131.00,131.00,158.98,165.58,0.5296,0,correlation 0.53 <= 0.7
2,78.5788,13.2764,111.00,153.00,155.76,162.84,0.8339,0,centroids differ by 7.1 km
2,78.6169,13.2187,123.00,103.00,159.12,160.20,0.3758,0,correlation 0.38 <= 0.7
2,78.5934,13.2473,113.00,80.00,156.89,161.63,0.6800,0,correlation 0.68 <= 0.7
2,78.6354,13.2469,127.00,87.00,161.11,162.10,0.0324,0,correlation 0.03 <= 0.7
2,78.5734,13.2608,109.00,153.00,155.35,163.26,0.7895,0,centroids differ by 7.9 km
2,78.5523,13.2704,105.00,173.00,153.50,164.58,-0.0288,0,correlation -0.03 <= 0.7
2,78.5886,13.3300,119.00,85.00,156.74,161.69,0.6397,0,correlation 0.64 <= 0.7
2,78.5500,13.2955,103.00,175.00,153.37,164.71,-0.0915,0,correlation -0.09 <= 0.7
2,78.5415,13.2173,103.00,193.00,152.40,165.65,-0.4257,0,correlation -0.43 <= 0.7
2,78.5526,13.2354,105.00,177.00,153.45,164.61,-0.0740,0,correlation -0.07 <= 0.7
2,78.6228,13.3133,125.00,80.00,160.17,161.24,0.0566,0,correlation 0.06 <= 0.7
2,78.5854,13.2261,111.00,149.00,156.33,162.41,0.8428,0,centroids differ by 6.1 km
2,78.5485,13.3062,103.00,175.00,153.26,164.80,-0.1351,0,correlation -0.14 <= 0.7
2,78.6081,13.2192,123.00,93.00,158.20,160.49,0.4773,0,correlation 0.48 <= 0.7
2,78.5646,13.2438,107.00,157.00,154.55,163.89,0.4584,0,correlation 0.46 <= 0.7
2,78.5965,13.3229,119.00,85.00,157.53,161.02,0.5563,0,correlation 0.56 <= 0.7
2,78.5803,13.3301,111.00,119.00,155.88,162.49,0.7506,0,centroids differ by 6.6 km
2,78.6310,13.2500,127.00,87.00,160.69,161.58,0.0249,0,correlation 0.02 <= 0.7
2,78.6132,13.2144,125.00,103.00,158.71,160.20,0.4259,0,correlation 0.43 <= 0.7
2,78.6368,13.2571,127.00,87.00,161.32,162.37,0.0332,0,correlation 0.03 <= 0.7
2,78.6345,13.2963,127.00,91.00,161.35,162.50,0.0510,0,correlation 0.05 <= 0.7
2,78.6100,13.2747,121.00,80.00,158.68,160.32,0.4505,0,correlation 0.45 <= 0.7
2,78.6198,13.2869,125.00,80.00,159.72,160.73,0.2056,0,correlation 0.21 <= 0.7
2,78.5973,13.2981,121.00,83.00,157.48,161.07,0.5572,0,correlation 0.56 <= 0.7
2,78.5463,13.2635,103.00,183.00,152.95,164.96,-0.2422,0,correlation -0.24 <= 0.7
2,78.6009,13.3018,121.00,83.00,157.89,160.77,0.5248,0,correlation 0.52 <= 0.7
2,78.5922,13.2095,113.00,111.00,156.85,161.94,0.7770,0,NYA peak not clear against upper and lower means
2,78.5924,13.2611,113.00,80.00,156.82,161.66,0.6722,0,correlation 0.67 <= 0.7
2,78.5527,13.2166,105.00,177.00,153.41,164.66,-0.1089,0,correlation -0.11 <= 0.7
2,78.6061,13.2282,123.00,93.00,158.03,160.62,0.4968,0,correlation 0.50 <= 0.7
2,78.5531,13.2832,105.00,169.00,153.61,164.55,0.0123,0,correlation 0.01 <= 0.7
2,78.6013,13.2880,121.00,83.00,157.85,160.77,0.5238,0,correlation 0.52 <= 0.7
2,78.5519,13.2062,104.00,177.00,153.31,164.77,-0.1652,0,correlation -0.17 <= 0.7
2,78.5406,13.2447,102.00,185.00,152.40,165.54,-0.4029,0,correlation -0.40 <= 0.7
2,78.5635,13.3255,107.00,161.00,154.54,163.96,0.5628,0,correlation 0.56 <= 0.7
2,78.6300,13.3120,125.00,91.00,160.95,162.07,0.0483,0,correlation 0.05 <= 0.7
2,78.6776,6.5064,161.00,80.00,166.86,163.01,-0.2761,0,correlation -0.28 <= 0.7
2,78.6570,6.3718,177.00,80.00,167.22,162.41,-0.3504,0,correlation -0.35 <= 0.7
2,78.5953,6.4905,159.00,137.00,165.54,163.77,0.7123,0,centroids differ by 1.8 km
2,78.5959,6.4162,158.00,139.00,165.72,163.96,0.7118,0,centroids differ by 1.8 km
2,78.6612,6.3924,189.00,80.00,167.08,162.43,-0.3580,0,correlation -0.36 <= 0.7
2,78.6721,6.4252,161.00,80.00,166.97,162.72,-0.3138,0,correlation -0.31 <= 0.7
2,78.6693,6.3988,161.00,80.00,167.03,162.62,-0.3311,0,correlation -0.33 <= 0.7
2,78.6215,6.4646,175.00,161.00,166.70,163.99,0.6068,0,correlation 0.61 <= 0.7
2,78.6612,6.4648,159.00,82.00,166.81,162.50,-0.3279,0,correlation -0.33 <= 0.7
2,78.5827,6.4288,157.00,136.00,165.00,163.52,0.7272,0,centroids differ by 1.5 km
2,78.5922,6.3819,159.00,141.00,165.60,164.04,0.7382,0,centroids differ by 1.6 km
2,78.5822,6.4968,157.00,133.00,164.86,163.22,0.6909,0,correlation 0.69 <= 0.7
2,78.5967,6.4234,158.00,139.00,165.75,163.94,0.7041,0,centroids differ by 1.8 km
2,78.6753,6.4216,161.00,80.00,167.02,162.87,-0.2914,0,correlation -0.29 <= 0.7
2,78.6203,6.3906,175.00,163.00,166.86,164.18,0.6159,0,correlation 0.62 <= 0.7
2,78.6657,6.4568,189.00,82.00,166.84,162.55,-0.3450,0,correlation -0.35 <= 0.7
2,78.6410,6.4989,176.00,127.00,166.85,163.41,0.1679,0,correlation 0.17 <= 0.7
2,78.6789,6.4333,161.00,80.00,167.03,163.09,-0.2599,0,correlation -0.26 <= 0.7
2,78.6228,6.3843,175.00,153.00,166.95,164.24,0.6025,0,correlation 0.60 <= 0.7
2,78.6420,6.4778,176.81,83.00,166.93,163.34,0.0954,0,correlation 0.10 <= 0.7
2,78.6371,6.3695,181.00,131.00,167.31,163.63,0.1329,0,correlation 0.13 <= 0.7
2,78.6775,6.4373,161.00,80.00,167.00,163.01,-0.2697,0,correlation -0.27 <= 0.7
2,78.6161,6.4459,175.00,165.00,166.58,163.91,0.6123,0,correlation 0.61 <= 0.7
2,78.6598,6.5102,182.65,80.00,166.65,162.51,-0.2976,0,correlation -0.30 <= 0.7
2,78.6298,6.4611,179.00,149.00,166.90,164.05,0.5296,0,correlation 0.53 <= 0.7
2,78.6510,6.4295,177.00,80.00,167.06,162.68,-0.2374,0,correlation -0.24 <= 0.7
2,78.5928,6.4978,156.00,137.00,165.41,163.69,0.7247,0,centroids differ by 1.7 km
2,78.5805,6.4260,157.00,135.00,164.87,163.41,0.7144,0,centroids differ by 1.5 km
2,78.6603,6.4495,175.00,82.00,166.87,162.48,-0.3312,0,correlation -0.33 <= 0.7
2,78.5972,6.4580,158.00,139.00,165.70,163.87,0.6958,0,correlation 0.70 <= 0.7
2,78.6439,6.4820,176.00,83.00,166.90,163.18,0.0201,0,correlation 0.02 <= 0.7
2,78.6157,6.4887,173.00,163.00,166.46,163.73,0.5928,0,correlation 0.59 <= 0.7
2,78.6370,6.5120,179.00,147.00,166.81,163.69,0.3606,0,correlation 0.36 <= 0.7
2,78.6493,6.4876,175.00,83.00,166.82,162.81,-0.1497,0,correlation -0.15 <= 0.7
2,78.5912,6.3840,159.00,139.00,165.55,164.02,0.7434,0,centroids differ by 1.5 km
2,78.6305,6.4352,177.00,149.00,167.00,164.06,0.4941,0,correlation 0.49 <= 0.7
2,78.4011,4.3235,123.00,127.00,154.29,163.89,0.5591,0,correlation 0.56 <= 0.7
2,78.4142,4.2572,126.00,125.00,157.01,164.13,0.5975,0,correlation 0.60 <= 0.7
2,78.3423,4.2608,123.00,129.00,158.48,167.01,0.4214,0,correlation 0.42 <= 0.7
2,78.3424,4.3260,117.00,130.42,158.17,167.31,0.3626,0,correlation 0.36 <= 0.7
2,78.4127,4.2654,123.00,125.00,156.78,164.06,0.5954,0,correlation 0.60 <= 0.7
2,78.3707,4.3708,119.00,127.00,153.93,164.94,0.5144,0,correlation 0.51 <= 0.7
2,78.3893,4.3598,121.00,125.00,153.20,164.21,0.5206,0,correlation 0.52 <= 0.7
2,78.4037,4.2512,123.00,129.00,155.53,163.91,0.5747,0,correlation 0.57 <= 0.7
2,78.4141,4.2912,126.00,123.00,156.18,164.05,0.5941,0,correlation 0.59 <= 0.7
2,78.3680,4.3949,119.00,127.00,154.12,165.20,0.4948,0,correlation 0.49 <= 0.7
2,78.3626,4.2742,119.00,129.00,155.44,165.18,0.5425,0,correlation 0.54 <= 0.7
2,78.3758,4.3609,119.00,125.00,153.48,164.68,0.5213,0,correlation 0.52 <= 0.7
2,78.3819,4.3425,121.00,125.00,153.24,164.41,0.5249,0,correlation 0.52 <= 0.7
2,78.3673,4.3393,119.00,127.00,154.48,165.04,0.5221,0,correlation 0.52 <= 0.7
2,78.4172,4.3428,127.00,123.00,156.57,164.03,0.5860,0,correlation 0.59 <= 0.7
2,78.3885,4.3915,121.00,125.00,153.08,164.28,0.5124,0,correlation 0.51 <= 0.7
2,78.4203,4.2666,127.00,123.00,157.87,164.33,0.5920,0,correlation 0.59 <= 0.7
2,78.3625,4.3579,119.00,128.00,155.02,165.45,0.4973,0,correlation 0.50 <= 0.7
2,78.3946,4.2459,123.00,129.00,154.59,163.93,0.5506,0,correlation 0.55 <= 0.7
2,78.3385,4.3220,125.00,135.00,158.76,167.67,0.3267,0,correlation 0.33 <= 0.7
2,78.3738,4.2969,119.00,127.00,153.96,164.61,0.5470,0,correlation 0.55 <= 0.7
2,78.3894,4.2944,121.00,129.00,153.40,164.11,0.5362,0,correlation 0.54 <= 0.7
2,78.3647,4.2663,119.00,127.00,155.18,165.02,0.5503,0,correlation 0.55 <= 0.7
2,78.3641,4.2549,119.00,129.00,155.32,165.03,0.5540,0,correlation 0.55 <= 0.7
2,78.3307,4.3324,125.00,135.00,159.71,168.38,0.2145,0,correlation 0.21 <= 0.7
2,78.4143,4.3598,125.00,125.00,156.13,163.95,0.5849,0,correlation 0.58 <= 0.7
2,78.3548,4.3090,119.00,130.00,156.39,165.93,0.4854,0,correlation 0.49 <= 0.7
2,78.3723,4.3246,119.00,127.00,153.98,164.74,0.5354,0,correlation 0.54 <= 0.7
2,78.3796,4.3026,121.00,127.00,153.50,164.43,0.5398,0,correlation 0.54 <= 0.7
2,78.3620,4.3444,119.00,128.00,155.16,165.44,0.5037,0,correlation 0.50 <= 0.7
2,78.3775,4.2631,121.00,127.00,153.80,164.43,0.5547,0,correlation 0.55 <= 0.7
2,78.3897,4.2749,121.00,129.00,153.47,164.08,0.5400,0,correlation 0.54 <= 0.7
2,78.3879,4.2456,121.00,129.00,153.52,164.09,0.5465,0,correlation 0.55 <= 0.7
2,78.3852,4.2565,121.00,129.00,153.48,164.18,0.5464,0,correlation 0.55 <= 0.7
2,78.3722,4.3892,119.00,125.00,153.68,164.93,0.5062,0,correlation 0.51 <= 0.7
2,78.3838,4.3473,121.00,125.00,153.18,164.37,0.5219,0,correlation 0.52 <= 0.7
2,78.3677,2.7479,137.00,143.00,166.47,166.00,0.7816,1,
2,78.4215,2.7562,139.00,125.00,164.27,165.90,0.0084,0,correlation 0.01 <= 0.7
2,78.3636,2.6472,135.00,145.00,167.32,166.14,0.7994,0,centroids differ by 1.2 km
2,78.3508,2.7223,143.00,149.00,168.46,166.07,0.8450,0,centroids differ by 2.4 km
2,78.3985,2.7690,137.00,129.00,163.42,166.26,0.4231,0,correlation 0.42 <= 0.7
2,78.3740,2.7522,135.00,151.00,165.71,166.02,0.7458,1,
2,78.3564,2.7872,139.00,147.00,167.65,165.95,0.8252,0,centroids differ by 1.7 km
2,78.3927,2.7883,137.00,133.00,163.69,166.24,0.5446,0,correlation 0.54 <= 0.7
2,78.4250,2.6542,141.00,127.00,164.91,165.63,-0.0537,0,correlation -0.05 <= 0.7
2,78.4119,2.7365,139.00,127.00,163.53,166.09,0.1515,0,correlation 0.15 <= 0.7
2,78.3376,2.7583,143.00,149.00,169.47,165.96,0.8416,0,centroids differ by 3.5 km
2,78.3903,2.7691,137.00,135.00,163.95,166.24,0.5758,0,correlation 0.58 <= 0.7
2,78.3889,2.7531,137.00,135.00,164.14,166.25,0.5926,0,correlation 0.59 <= 0.7
2,78.3444,2.7362,143.00,149.00,169.00,166.04,0.8540,0,centroids differ by 3.0 km
2,78.3395,2.7340,143.00,149.00,169.38,166.03,0.8484,0,centroids differ by 3.4 km
2,78.3570,2.7252,142.00,147.00,167.79,166.03,0.8254,0,centroids differ by 1.8 km
2,78.4125,2.7077,139.00,127.00,163.64,166.06,0.1325,0,correlation 0.13 <= 0.7
2,78.4021,2.7364,137.00,127.00,163.42,166.23,0.3319,0,correlation 0.33 <= 0.7
2,78.3830,2.6616,137.00,135.00,165.08,166.30,0.6466,0,correlation 0.65 <= 0.7
2,78.3826,2.7011,137.00,135.00,164.96,166.23,0.6610,0,correlation 0.66 <= 0.7
2,78.3799,2.7819,135.00,149.00,164.92,166.03,0.7036,0,centroids differ by 1.1 km
2,78.3900,2.7898,135.00,133.00,163.90,166.21,0.5883,0,correlation 0.59 <= 0.7
2,78.4215,2.7036,141.00,127.00,164.39,165.83,-0.0025,0,correlation -0.00 <= 0.7
2,78.3483,2.7624,143.00,149.00,168.57,165.99,0.8491,0,centroids differ by 2.6 km
2,78.3959,2.6581,137.00,129.00,163.99,166.27,0.4270,0,correlation 0.43 <= 0.7
2,78.3464,2.6865,143.00,149.00,168.96,166.14,0.8539,0,centroids differ by 2.8 km
2,78.3994,2.7189,137.00,129.00,163.57,166.25,0.3813,0,correlation 0.38 <= 0.7
2,78.3910,2.7170,137.00,135.00,164.10,166.29,0.5456,0,correlation 0.55 <= 0.7
2,78.4029,2.6624,139.00,129.00,163.66,166.19,0.2909,0,correlation 0.29 <= 0.7
2,78.3778,2.6821,137.00,135.00,165.55,166.18,0.7074,1,
2,78.4144,2.7751,139.00,127.00,163.56,166.08,0.1228,0,correlation 0.12 <= 0.7
2,78.4000,2.7896,137.00,129.00,163.29,166.25,0.3993,0,correlation 0.40 <= 0.7
2,78.4276,2.7092,141.00,123.00,165.14,165.65,-0.0903,0,correlation -0.09 <= 0.7
2,78.3364,2.6569,157.00,151.00,169.76,166.21,0.8332,0,centroids differ by 3.5 km
2,78.3860,2.7669,137.00,135.00,164.35,166.18,0.6361,0,correlation 0.64 <= 0.7
2,78.3442,2.6551,143.00,149.00,169.22,166.21,0.8544,0,centroids differ by 3.0 km
2,78.8213,7.8974,185.00,205.00,172.17,167.64,0.5616,0,correlation 0.56 <= 0.7
2,78.7878,7.9107,181.00,80.00,170.66,163.03,-0.4310,0,correlation -0.43 <= 0.7
2,78.8758,7.8874,195.00,225.00,175.45,168.04,0.5958,0,correlation 0.60 <= 0.7
2,78.8363,7.9172,191.00,145.00,173.04,169.15,0.5628,0,correlation 0.56 <= 0.7
2,78.8637,7.9202,195.00,233.00,174.74,168.93,0.6709,0,correlation 0.67 <= 0.7
2,78.8567,7.9047,193.00,235.00,174.27,169.13,0.6475,0,correlation 0.65 <= 0.7
2,78.8759,7.8627,197.00,227.00,175.39,168.05,0.5879,0,correlation 0.59 <= 0.7
2,78.7900,7.8312,185.00,80.00,170.75,163.24,-0.4403,0,correlation -0.44 <= 0.7
2,78.8018,7.8876,183.00,143.00,171.25,164.97,0.1815,0,correlation 0.18 <= 0.7
2,78.8467,7.8548,193.00,237.00,173.53,169.41,0.5985,0,correlation 0.60 <= 0.7
2,78.8405,7.8931,191.00,145.00,173.24,169.39,0.5763,0,correlation 0.58 <= 0.7
2,78.8788,7.8395,197.00,221.00,175.53,167.78,0.5533,0,correlation 0.55 <= 0.7
2,78.7877,7.8223,185.00,82.00,170.66,162.89,-0.5047,0,correlation -0.50 <= 0.7
2,78.8775,7.8967,195.00,225.00,175.57,167.86,0.5865,0,correlation 0.59 <= 0.7
2,78.7889,7.8694,183.00,80.00,170.71,163.13,-0.4336,0,correlation -0.43 <= 0.7
2,78.7948,7.7813,185.00,147.00,170.94,163.90,-0.3428,0,correlation -0.34 <= 0.7
2,78.8104,7.7865,185.00,209.00,171.60,166.11,0.4679,0,correlation 0.47 <= 0.7
2,78.8040,7.7993,185.00,145.00,171.32,165.18,0.2037,0,correlation 0.20 <= 0.7
2,78.8782,7.9196,196.00,217.00,175.67,167.74,0.5888,0,correlation 0.59 <= 0.7
2,78.8307,7.8438,185.00,147.00,172.61,168.63,0.4913,0,correlation 0.49 <= 0.7
2,78.8211,7.8931,185.00,205.00,172.15,167.61,0.5618,0,correlation 0.56 <= 0.7
2,78.8202,7.8321,185.00,207.00,172.06,167.44,0.5391,0,correlation 0.54 <= 0.7
2,78.8001,7.9225,181.00,141.00,171.18,164.76,0.1078,0,correlation 0.11 <= 0.7
2,78.7902,7.7802,184.00,83.00,170.76,163.21,-0.4808,0,correlation -0.48 <= 0.7
2,78.8829,7.7865,197.00,225.00,175.64,167.46,0.4944,0,correlation 0.49 <= 0.7
2,78.8094,7.8252,183.00,207.00,171.56,165.95,0.4669,0,correlation 0.47 <= 0.7
2,78.8130,7.8507,183.00,205.00,171.74,166.52,0.5447,0,correlation 0.54 <= 0.7
2,78.8282,7.9146,191.00,145.00,172.56,168.37,0.5241,0,correlation 0.52 <= 0.7
2,78.8136,7.8073,185.00,207.00,171.74,166.56,0.5258,0,correlation 0.53 <= 0.7
2,78.8708,7.8447,195.00,239.00,175.02,168.54,0.6177,0,correlation 0.62 <= 0.7
2,78.8282,7.9126,191.00,145.00,172.56,168.38,0.5243,0,correlation 0.52 <= 0.7
2,78.8435,7.8668,193.00,235.00,173.37,169.46,0.5892,0,correlation 0.59 <= 0.7
2,78.7908,7.8503,183.00,80.00,170.78,163.40,-0.3992,0,correlation -0.40 <= 0.7
2,78.7874,7.7989,184.00,83.00,170.64,162.81,-0.5322,0,correlation -0.53 <= 0.7
2,78.8513,7.8023,195.00,241.00,173.70,169.17,0.5679,0,correlation 0.57 <= 0.7
2,78.8710,7.8140,197.00,241.00,174.96,168.57,0.6042,0,correlation 0.60 <= 0.7
2,78.7358,12.9658,145.00,249.00,169.14,166.25,0.3274,0,correlation 0.33 <= 0.7
2,78.7918,12.9397,179.00,161.00,172.78,168.10,0.9111,0,centroids differ by 4.7 km
2,78.8288,12.9073,185.00,231.00,174.47,171.36,0.7770,0,LYR peak not clear against upper and lower means
2,78.8330,13.0109,179.00,249.00,174.97,170.93,0.7569,0,LYR peak not clear against upper and lower means
2,78.8134,12.9905,181.00,237.00,174.03,171.93,0.8326,0,LYR peak not clear against upper and lower means
2,78.8046,12.9549,179.00,217.00,173.45,170.98,0.9043,0,centroids differ by 2.5 km
2,78.7623,12.9849,149.00,127.00,171.06,163.69,-0.3720,0,correlation -0.37 <= 0.7
2,78.7705,12.9733,151.00,127.00,171.58,163.96,-0.0685,0,correlation -0.07 <= 0.7
2,78.7786,12.9929,177.00,131.00,172.12,165.31,0.3831,0,correlation 0.38 <= 0.7
2,78.7940,12.9519,179.00,183.00,172.92,168.72,0.9337,0,centroids differ by 4.2 km
2,78.7882,12.9997,177.00,161.00,172.70,167.47,0.8441,0,centroids differ by 5.2 km
2,78.8001,12.9145,181.00,205.00,173.19,170.08,0.9484,0,centroids differ by 3.1 km
2,78.8059,12.9419,181.00,219.00,173.51,171.12,0.9014,0,centroids differ by 2.4 km
2,78.7411,13.0243,145.00,80.00,169.58,165.72,0.3826,0,correlation 0.38 <= 0.7
2,78.7446,12.9648,147.00,127.00,169.77,165.56,0.1471,0,correlation 0.15 <= 0.7
2,78.8148,12.9178,181.00,229.00,173.88,171.71,0.8601,0,NYA peak not clear against upper and lower means
2,78.8260,12.8923,183.00,227.00,174.32,171.46,0.7872,0,LYR peak not clear against upper and lower means
2,78.7442,13.0279,147.00,135.00,169.84,165.48,0.2832,0,correlation 0.28 <= 0.7
2,78.8228,13.0084,179.00,249.00,174.56,171.83,0.7945,0,LYR peak not clear against upper and lower means
2,78.7736,12.9212,151.00,123.00,171.65,163.83,-0.0971,0,correlation -0.10 <= 0.7
2,78.8021,13.0105,179.00,219.00,173.44,170.67,0.9036,0,LYR peak not clear against upper and lower means
2,78.7499,12.9438,148.00,125.00,170.11,164.70,-0.4029,0,correlation -0.40 <= 0.7
2,78.7579,12.9683,149.00,127.00,170.68,163.87,-0.4969,0,correlation -0.50 <= 0.7
2,78.7394,12.9918,146.00,249.00,169.42,165.95,0.3517,0,correlation 0.35 <= 0.7
2,78.7569,12.9652,149.00,127.00,170.60,163.94,-0.5065,0,correlation -0.51 <= 0.7
2,78.7388,12.9701,146.00,249.00,169.38,166.12,0.3454,0,correlation 0.35 <= 0.7
2,78.8288,13.0394,179.00,249.00,174.89,171.34,0.7737,0,LYR peak not clear against upper and lower means
2,78.7973,12.8995,181.00,199.00,173.02,169.40,0.9565,0,centroids differ by 3.6 km
2,78.7527,13.0116,147.00,133.00,170.44,164.49,-0.2524,0,correlation -0.25 <= 0.7
2,78.7556,12.9246,149.00,121.00,170.47,163.96,-0.6271,0,correlation -0.63 <= 0.7
2,78.7502,12.9716,147.00,127.00,170.14,164.76,-0.2891,0,correlation -0.29 <= 0.7
2,78.7935,12.9494,179.00,183.00,172.89,168.58,0.9303,0,centroids differ by 4.3 km
2,78.7872,12.9455,179.00,153.00,172.54,166.96,0.7972,0,centroids differ by 5.6 km
2,78.7424,13.0003,146.00,131.00,169.64,165.68,0.3216,0,correlation 0.32 <= 0.7
2,78.7370,12.9931,145.00,249.00,169.27,166.09,0.3586,0,correlation 0.36 <= 0.7
2,78.7798,12.8928,153.00,121.00,171.97,164.71,0.2794,0,correlation 0.28 <= 0.7
2,78.7997,8.7097,177.00,159.00,171.52,163.39,0.1913,0,correlation 0.19 <= 0.7
2,78.8669,8.8476,177.00,227.00,174.04,168.97,0.4930,0,correlation 0.49 <= 0.7
2,78.8242,8.7069,175.00,187.00,172.95,166.50,0.7299,0,centroids differ by 6.5 km
2,78.8397,8.7738,175.00,181.00,173.25,168.31,0.8405,0,centroids differ by 4.9 km
2,78.7703,8.7287,173.00,99.00,169.66,159.91,-0.3245,0,correlation -0.32 <= 0.7
2,78.7970,8.8289,171.00,153.00,171.33,162.81,0.0607,0,correlation 0.06 <= 0.7
2,78.8036,8.8077,173.00,155.00,171.73,163.81,0.2600,0,correlation 0.26 <= 0.7
2,78.7765,8.7057,173.00,99.00,170.03,160.95,-0.2412,0,correlation -0.24 <= 0.7
2,78.8653,8.7669,177.00,231.00,174.06,168.99,0.5248,0,correlation 0.52 <= 0.7
2,78.8210,8.7794,173.00,157.00,172.65,165.90,0.6449,0,correlation 0.64 <= 0.7
2,78.8233,8.8455,173.00,177.00,172.51,166.00,0.6877,0,correlation 0.69 <= 0.7
2,78.8502,8.8505,175.00,199.00,173.28,168.50,0.7309,0,centroids differ by 4.8 km
2,78.8087,8.7689,173.00,159.00,172.05,164.52,0.4274,0,correlation 0.43 <= 0.7
2,78.7932,8.8050,174.00,109.00,171.11,162.41,0.0028,0,correlation 0.00 <= 0.7
2,78.8570,8.7639,177.00,231.00,173.76,168.88,0.6501,0,correlation 0.65 <= 0.7
2,78.8134,8.8397,173.00,109.00,172.17,164.81,0.4608,0,correlation 0.46 <= 0.7
2,78.8501,8.8100,175.00,205.00,173.40,168.63,0.7394,0,centroids differ by 4.8 km
2,78.8118,8.8366,173.00,155.00,172.11,164.65,0.4372,0,correlation 0.44 <= 0.7
2,78.8179,8.7366,175.00,113.00,172.59,165.66,0.5967,0,correlation 0.60 <= 0.7
2,78.8463,8.7247,177.00,185.00,173.61,168.78,0.8031,0,NYA peak not clear against upper and lower means
2,78.8213,8.7262,175.00,161.00,172.78,166.10,0.6605,0,correlation 0.66 <= 0.7
2,78.8599,8.7992,177.00,229.00,173.78,168.89,0.5879,0,correlation 0.59 <= 0.7
2,78.8306,8.8375,173.00,177.00,172.75,166.93,0.8190,0,centroids differ by 5.8 km
2,78.8210,8.7490,175.00,113.00,172.72,166.03,0.6627,0,correlation 0.66 <= 0.7
2,78.8450,8.7629,177.00,183.00,173.43,168.65,0.8064,0,centroids differ by 4.8 km
2,78.8590,8.8426,175.00,225.00,173.68,168.78,0.5937,0,correlation 0.59 <= 0.7
2,78.7807,8.7620,173.00,91.00,170.29,161.54,-0.1547,0,correlation -0.15 <= 0.7
2,78.8686,8.7165,179.00,237.00,174.28,168.98,0.4969,0,correlation 0.50 <= 0.7
2,78.8526,8.7365,177.00,211.00,173.73,168.85,0.7263,0,centroids differ by 4.9 km
2,78.8035,8.8181,171.00,155.00,171.71,163.80,0.2568,0,correlation 0.26 <= 0.7
2,78.7999,8.8369,171.00,153.00,171.48,163.24,0.1399,0,correlation 0.14 <= 0.7
2,78.8062,8.7981,173.00,157.00,171.88,164.14,0.3434,0,correlation 0.34 <= 0.7
2,78.8081,8.7220,173.00,161.00,172.07,164.57,0.4410,0,correlation 0.44 <= 0.7
2,78.8419,8.8146,175.00,179.00,173.16,168.35,0.8192,0,centroids differ by 4.8 km
2,78.8602,8.7456,177.00,233.00,173.91,168.91,0.6055,0,correlation 0.61 <= 0.7
2,78.7993,8.8065,171.00,155.00,171.48,163.21,0.1373,0,correlation 0.14 <= 0.7
2,78.4264,8.8067,111.00,121.00,150.72,165.05,0.5886,0,correlation 0.59 <= 0.7
2,78.4884,8.8463,131.00,105.00,155.45,160.95,0.3981,0,correlation 0.40 <= 0.7
2,78.5165,8.8522,139.00,95.00,156.74,159.53,0.3591,0,correlation 0.36 <= 0.7
2,78.5143,8.8454,139.00,95.00,156.84,159.65,0.3410,0,correlation 0.34 <= 0.7
2,78.4742,8.7395,119.00,109.00,153.82,161.32,0.6147,0,correlation 0.61 <= 0.7
2,78.4249,8.7401,113.00,123.00,150.96,164.65,0.6562,0,correlation 0.66 <= 0.7
2,78.4875,8.8565,131.00,103.00,155.37,161.05,0.4003,0,correlation 0.40 <= 0.7
2,78.4477,8.8010,115.00,115.00,151.77,163.36,0.7508,0,centroids differ by 11.6 km
2,78.4635,8.7948,117.00,109.00,152.96,162.26,0.7015,0,centroids differ by 9.3 km
2,78.4220,8.8109,111.00,127.00,150.61,165.35,0.5272,0,correlation 0.53 <= 0.7
2,78.4612,8.7495,119.00,109.00,152.86,162.17,0.7477,0,centroids differ by 9.3 km
2,78.5018,8.7866,135.00,97.00,156.79,160.07,0.3029,0,correlation 0.30 <= 0.7
2,78.4712,8.8602,118.00,105.00,153.51,162.09,0.5787,0,correlation 0.58 <= 0.7
2,78.4913,8.7578,133.00,107.00,155.61,160.47,0.3953,0,correlation 0.40 <= 0.7
2,78.5017,8.7645,134.00,97.00,156.76,160.00,0.3105,0,correlation 0.31 <= 0.7
2,78.4635,8.7740,117.00,109.00,153.00,162.14,0.7144,0,centroids differ by 9.1 km
2,78.4705,8.8601,118.00,105.00,153.45,162.14,0.5866,0,correlation 0.59 <= 0.7
2,78.5042,8.7836,135.00,97.00,156.96,159.94,0.2991,0,correlation 0.30 <= 0.7
2,78.4341,8.8603,113.00,119.00,150.77,164.92,0.5929,0,correlation 0.59 <= 0.7
2,78.4761,8.7458,119.00,109.00,153.98,161.23,0.5876,0,correlation 0.59 <= 0.7
2,78.5071,8.7691,135.00,97.00,157.14,159.75,0.3101,0,correlation 0.31 <= 0.7
2,78.4655,8.7468,119.00,109.00,153.18,161.89,0.7108,0,centroids differ by 8.7 km
2,78.4717,8.8251,118.00,105.00,153.55,161.86,0.6013,0,correlation 0.60 <= 0.7
2,78.4955,8.8244,132.04,103.00,156.23,160.48,0.3434,0,correlation 0.34 <= 0.7
2,78.4546,8.7824,117.00,113.00,152.32,162.79,0.7622,0,centroids differ by 10.5 km
2,78.4885,8.8714,131.00,103.00,155.53,161.04,0.3832,0,correlation 0.38 <= 0.7
2,78.4460,8.8574,115.00,115.00,151.55,163.91,0.6857,0,correlation 0.69 <= 0.7
2,78.4660,8.8567,117.00,109.00,153.07,162.44,0.6314,0,correlation 0.63 <= 0.7
2,78.4461,8.7698,115.00,117.00,151.70,163.29,0.7743,0,centroids differ by 11.6 km
2,78.4731,8.7969,118.00,107.00,153.68,161.64,0.6018,0,correlation 0.60 <= 0.7
2,78.4363,8.7840,113.00,119.00,151.13,164.09,0.7154,0,centroids differ by 13.0 km
2,78.4797,8.8421,129.00,105.00,154.38,161.43,0.4926,0,correlation 0.49 <= 0.7
2,78.5096,8.7992,133.00,97.00,157.13,159.73,0.3116,0,correlation 0.31 <= 0.7
2,78.5038,8.8090,135.00,97.00,156.90,160.06,0.2946,0,correlation 0.29 <= 0.7
2,78.4732,8.8681,118.00,105.00,153.70,162.00,0.5512,0,correlation 0.55 <= 0.7
2,78.4580,8.7513,117.00,111.00,152.61,162.40,0.7682,0,centroids differ by 9.8 km
2,78.4334,8.0732,123.00,131.00,154.33,162.56,0.8424,0,centroids differ by 8.2 km
2,78.4043,8.0923,121.00,133.00,153.93,164.87,0.6630,0,correlation 0.66 <= 0.7
2,78.4386,8.1226,123.00,129.00,154.03,162.18,0.8492,0,centroids differ by 8.1 km
2,78.4043,8.1566,121.00,131.00,153.79,164.86,0.6539,0,correlation 0.65 <= 0.7
2,78.4092,8.0863,123.00,133.00,154.18,164.54,0.7220,0,centroids differ by 10.4 km
2,78.4605,8.1010,123.00,111.00,154.38,160.45,0.7959,0,centroids differ by 6.1 km
2,78.4244,8.0687,123.00,133.00,154.49,163.35,0.8307,0,centroids differ by 8.9 km
2,78.4450,8.0581,125.00,121.00,154.33,161.62,0.8340,0,centroids differ by 7.3 km
2,78.4061,8.1230,123.00,131.00,153.95,164.76,0.6801,0,correlation 0.68 <= 0.7
2,78.4608,8.1685,121.00,119.00,154.12,160.52,0.7884,0,centroids differ by 6.4 km
2,78.4312,8.1051,123.00,131.00,154.20,162.81,0.8452,0,centroids differ by 8.6 km
2,78.4409,8.0454,125.00,121.00,154.41,161.94,0.8363,0,centroids differ by 7.5 km
2,78.4279,8.1162,123.00,131.00,154.19,163.11,0.8404,0,centroids differ by 8.9 km
2,78.3929,8.0889,119.00,135.00,153.05,165.59,0.4901,0,correlation 0.49 <= 0.7
2,78.4305,8.1336,123.00,129.00,154.05,162.91,0.8468,0,centroids differ by 8.9 km
2,78.4430,8.1501,123.00,127.00,153.88,161.86,0.8460,0,centroids differ by 8.0 km
2,78.4289,8.0998,123.00,131.00,154.26,163.00,0.8417,0,centroids differ by 8.7 km
2,78.4122,8.1872,123.00,129.00,153.92,164.34,0.7362,0,centroids differ by 10.4 km
2,78.4577,8.1244,123.00,111.00,154.20,160.68,0.8044,0,centroids differ by 6.5 km
2,78.4631,8.0476,123.00,111.00,154.67,160.29,0.7861,0,centroids differ by 5.6 km
2,78.4024,8.1629,121.00,131.00,153.69,164.98,0.6286,0,correlation 0.63 <= 0.7
2,78.3859,8.1630,117.00,139.00,152.27,165.92,0.3717,0,correlation 0.37 <= 0.7
2,78.4033,8.1581,121.00,131.00,153.74,164.92,0.6412,0,correlation 0.64 <= 0.7
2,78.3848,8.1018,117.00,141.00,152.08,166.02,0.3438,0,correlation 0.34 <= 0.7
2,78.4273,8.1665,123.00,129.00,153.92,163.23,0.8377,0,centroids differ by 9.3 km
2,78.4528,8.1502,123.00,119.00,153.97,161.10,0.8192,0,centroids differ by 7.1 km
2,78.3690,8.1497,113.00,145.00,149.47,167.01,-0.0418,0,correlation -0.04 <= 0.7
2,78.4452,8.1350,123.00,119.00,153.96,161.66,0.8372,0,centroids differ by 7.7 km
2,78.4011,8.1847,119.00,132.00,153.56,165.05,0.6088,0,correlation 0.61 <= 0.7
2,78.3752,8.1681,115.00,143.00,150.71,166.62,0.1271,0,correlation 0.13 <= 0.7
2,78.4342,8.1410,123.00,129.00,153.97,162.59,0.8537,0,centroids differ by 8.6 km
2,78.4646,8.0398,123.00,110.00,154.74,160.20,0.7783,0,centroids differ by 5.5 km
2,78.4659,8.1193,123.00,109.00,154.51,160.14,0.7704,0,centroids differ by 5.6 km
2,78.4441,8.1061,123.00,121.00,154.10,161.72,0.8377,0,centroids differ by 7.6 km
2,78.3774,8.1410,115.00,143.00,151.03,166.44,0.1836,0,correlation 0.18 <= 0.7
2,78.4585,8.1250,123.00,111.00,154.22,160.62,0.8012,0,centroids differ by 6.4 km
2,78.4050,3.5500,131.00,133.00,158.59,165.54,0.5320,0,correlation 0.53 <= 0.7
2,78.4238,3.6411,131.00,135.00,160.79,165.71,0.5207,0,correlation 0.52 <= 0.7
2,78.3881,3.6212,127.00,133.00,158.24,164.97,0.6207,0,correlation 0.62 <= 0.7
2,78.3980,3.5433,129.00,135.00,158.32,165.41,0.5606,0,correlation 0.56 <= 0.7
2,78.3954,3.6136,129.00,133.00,158.05,165.21,0.5777,0,correlation 0.58 <= 0.7
2,78.4052,3.6077,129.00,133.00,158.46,165.43,0.5429,0,correlation 0.54 <= 0.7
2,78.4401,3.5435,137.00,117.00,163.23,166.20,0.1202,0,correlation 0.12 <= 0.7
2,78.4491,3.5062,141.00,115.00,164.47,166.17,-0.1524,0,correlation -0.15 <= 0.7
2,78.4194,3.5713,131.00,137.00,160.24,165.75,0.5099,0,correlation 0.51 <= 0.7
2,78.3943,3.5820,129.00,135.00,158.18,165.26,0.5829,0,correlation 0.58 <= 0.7
2,78.3828,3.6382,127.00,135.00,158.53,164.73,0.6540,0,correlation 0.65 <= 0.7
2,78.4482,3.5597,141.00,115.00,164.26,166.19,-0.0933,0,correlation -0.09 <= 0.7
2,78.4495,3.5751,141.00,115.00,164.38,166.18,-0.1149,0,correlation -0.11 <= 0.7
2,78.3942,3.5836,129.00,135.00,158.17,165.25,0.5835,0,correlation 0.58 <= 0.7
2,78.3779,3.5037,129.00,137.00,159.64,164.91,0.6881,0,correlation 0.69 <= 0.7
2,78.4414,3.5973,139.00,118.40,163.30,166.15,0.1407,0,correlation 0.14 <= 0.7
2,78.3781,3.6268,127.00,135.00,159.06,164.57,0.6824,0,correlation 0.68 <= 0.7
2,78.3717,3.5945,127.00,137.00,159.95,164.43,0.7148,0,centroids differ by 4.5 km
2,78.3819,3.5777,127.00,135.00,158.90,164.88,0.6606,0,correlation 0.66 <= 0.7
2,78.4370,3.6202,135.00,121.00,162.66,166.08,0.2915,0,correlation 0.29 <= 0.7
2,78.3921,3.6126,129.00,133.00,158.11,165.12,0.5961,0,correlation 0.60 <= 0.7
2,78.3762,3.6479,127.00,135.00,159.16,164.45,0.6898,0,correlation 0.69 <= 0.7
2,78.4061,3.5107,131.00,133.00,158.78,165.64,0.5207,0,correlation 0.52 <= 0.7
2,78.3650,3.5653,127.00,139.00,160.95,164.37,0.7394,0,centroids differ by 3.4 km
2,78.4132,3.6363,129.00,131.00,159.27,165.52,0.5478,0,correlation 0.55 <= 0.7
2,78.3641,3.6253,127.00,141.00,160.80,164.30,0.7292,0,centroids differ by 3.5 km
2,78.3900,3.5861,129.00,135.00,158.29,165.12,0.6091,0,correlation 0.61 <= 0.7
2,78.4364,3.5703,137.00,121.00,162.68,166.13,0.2538,0,correlation 0.25 <= 0.7
2,78.3554,3.5202,128.62,143.00,162.44,164.43,0.7630,0,centroids differ by 2.0 km
2,78.4313,3.5092,137.00,123.00,162.07,166.15,0.3164,0,correlation 0.32 <= 0.7
2,78.4143,3.5373,131.00,129.00,159.58,165.73,0.5091,0,correlation 0.51 <= 0.7
2,78.4292,3.5757,135.00,121.00,161.67,165.97,0.4155,0,correlation 0.42 <= 0.7
2,78.3969,3.5450,129.00,135.00,158.30,165.38,0.5668,0,correlation 0.57 <= 0.7
2,78.4186,3.6240,131.00,127.00,160.04,165.64,0.5377,0,correlation 0.54 <= 0.7
2,78.3706,3.5642,127.00,137.00,160.24,164.48,0.7226,0,centroids differ by 4.2 km
2,78.3685,3.6117,127.00,139.00,160.27,164.33,0.7229,0,centroids differ by 4.1 km
2,78.7885,13.3659,167.00,173.00,174.18,169.62,0.8902,0,centroids differ by 4.6 km
2,78.8329,13.3902,174.00,249.00,175.08,170.65,0.6267,0,correlation 0.63 <= 0.7
2,78.8056,13.4487,169.00,225.00,174.50,170.80,0.8359,0,NYA peak not clear against upper and lower means
2,78.7772,13.3616,165.00,173.00,173.82,168.03,0.8234,0,centroids differ by 5.8 km
2,78.7715,13.4232,163.00,177.00,173.54,167.19,0.8168,0,centroids differ by 6.4 km
2,78.7952,13.3638,167.00,175.00,174.29,170.08,0.8998,0,NYA peak not clear against upper and lower means
2,78.8042,13.4964,187.00,229.00,174.61,170.82,0.8608,0,LYR peak not clear against upper and lower means
2,78.7713,13.3605,163.00,171.00,173.47,166.87,0.7434,0,centroids differ by 6.6 km
2,78.7696,13.4464,163.00,179.00,173.39,166.89,0.8150,0,centroids differ by 6.5 km
2,78.8281,13.3586,170.00,249.00,174.90,171.06,0.6375,0,correlation 0.64 <= 0.7
2,78.8354,13.4048,193.00,249.00,175.17,170.40,0.6284,0,correlation 0.63 <= 0.7
2,78.7547,13.3736,161.00,173.00,172.46,165.11,0.5541,0,correlation 0.55 <= 0.7
2,78.7831,13.4563,162.00,183.00,173.75,169.42,0.9074,0,centroids differ by 4.3 km
2,78.8309,13.4985,205.00,249.00,175.33,169.90,0.6232,0,correlation 0.62 <= 0.7
2,78.7517,13.4893,159.00,187.00,172.68,165.23,0.5940,0,correlation 0.59 <= 0.7
2,78.7781,13.4274,165.00,179.00,173.67,168.53,0.8780,0,centroids differ by 5.1 km
2,78.7639,13.4509,161.00,181.00,173.21,165.95,0.7536,0,centroids differ by 7.3 km
2,78.7549,13.4288,161.00,179.00,172.77,165.23,0.6267,0,correlation 0.63 <= 0.7
2,78.7723,13.3809,163.00,175.00,173.64,167.18,0.7795,0,centroids differ by 6.5 km
2,78.7704,13.3776,163.00,171.00,173.51,166.78,0.7485,0,centroids differ by 6.7 km
2,78.7422,13.4334,159.00,87.00,171.87,164.52,-0.1314,0,correlation -0.13 <= 0.7
2,78.7653,13.3978,163.00,175.00,173.29,165.94,0.6999,0,correlation 0.70 <= 0.7
2,78.7807,13.4422,163.00,181.00,173.67,169.03,0.8963,0,centroids differ by 4.6 km
2,78.7436,13.3552,159.00,83.00,171.32,164.78,0.0812,0,correlation 0.08 <= 0.7
2,78.7921,13.4042,167.00,177.00,174.02,170.16,0.8961,0,centroids differ by 3.9 km
2,78.8027,13.4457,164.15,221.00,174.39,170.76,0.8600,0,NYA peak not clear against upper and lower means
2,78.7678,13.4996,161.00,185.00,173.26,166.83,0.8211,0,centroids differ by 6.4 km
2,78.7741,13.3866,165.00,175.00,173.75,167.58,0.8087,0,centroids differ by 6.2 km
2,78.8239,13.4387,191.00,239.00,175.00,170.78,0.6832,0,correlation 0.68 <= 0.7
2,78.8288,13.4051,173.72,249.00,175.03,170.73,0.6339,0,correlation 0.63 <= 0.7
2,78.7870,13.4529,162.00,183.00,173.89,169.93,0.9100,0,centroids differ by 4.0 km
2,78.8101,13.3635,169.00,227.00,174.45,170.96,0.7925,0,NYA peak not clear against upper and lower means
2,78.8283,13.3673,173.91,249.00,174.92,171.01,0.6348,0,correlation 0.63 <= 0.7
2,78.8180,13.3797,168.00,219.00,174.69,171.14,0.7266,0,NYA peak not clear against upper and lower means
2,78.7546,13.4007,161.00,177.00,172.58,165.17,0.5940,0,correlation 0.59 <= 0.7
2,78.8339,13.4661,205.00,247.00,175.28,169.91,0.6093,0,correlation 0.61 <= 0.7
2,78.3216,3.8332,143.00,138.00,164.08,167.17,0.4646,0,correlation 0.46 <= 0.7
2,78.2983,3.8150,84.00,145.00,164.39,168.84,-0.0589,0,correlation -0.06 <= 0.7
2,78.3775,3.7118,125.00,135.00,157.91,164.33,0.6774,0,correlation 0.68 <= 0.7
2,78.3102,3.7700,151.00,137.00,165.02,167.85,0.2566,0,correlation 0.26 <= 0.7
2,78.3629,3.7266,125.00,139.00,159.65,164.34,0.7092,0,centroids differ by 4.7 km
2,78.3340,3.7238,131.00,137.00,163.32,165.93,0.6482,0,correlation 0.65 <= 0.7
2,78.3766,3.7463,125.00,137.00,157.84,164.23,0.6764,0,correlation 0.68 <= 0.7
2,78.3295,3.8511,143.00,138.00,163.36,166.63,0.5605,0,correlation 0.56 <= 0.7
2,78.3318,3.7262,145.00,137.00,163.52,166.09,0.6285,0,correlation 0.63 <= 0.7
2,78.3810,3.7157,127.00,133.00,157.55,164.43,0.6605,0,correlation 0.66 <= 0.7
2,78.3030,3.8038,171.00,145.00,164.24,168.49,0.0559,0,correlation 0.06 <= 0.7
2,78.3432,3.8442,131.00,135.00,161.86,165.64,0.6576,0,correlation 0.66 <= 0.7
2,78.3652,3.8543,123.00,137.00,158.74,164.35,0.6781,0,correlation 0.68 <= 0.7
2,78.3646,3.7645,125.00,139.00,159.25,164.31,0.6994,0,correlation 0.70 <= 0.7
2,78.2972,3.7577,86.00,145.00,165.60,168.71,-0.0686,0,correlation -0.07 <= 0.7
2,78.3251,3.8033,143.00,141.00,163.89,166.81,0.5269,0,correlation 0.53 <= 0.7
2,78.3125,3.7887,153.00,137.00,164.84,167.74,0.3037,0,correlation 0.30 <= 0.7
2,78.3829,3.8336,125.00,135.00,156.86,164.19,0.6405,0,correlation 0.64 <= 0.7
2,78.3464,3.7994,131.00,135.00,161.62,165.33,0.6811,0,correlation 0.68 <= 0.7
2,78.3444,3.8552,129.00,135.00,161.66,165.59,0.6577,0,correlation 0.66 <= 0.7
2,78.3595,3.7269,126.00,139.00,160.13,164.47,0.7115,0,centroids differ by 4.3 km
2,78.3609,3.7573,126.00,139.00,159.80,164.45,0.7032,0,centroids differ by 4.7 km
2,78.3495,3.7722,123.00,135.00,161.32,165.08,0.6936,0,correlation 0.69 <= 0.7
2,78.3050,3.7118,151.00,139.00,165.40,168.01,0.1403,0,correlation 0.14 <= 0.7
2,78.3246,3.7844,145.00,141.00,163.99,166.79,0.5272,0,correlation 0.53 <= 0.7
2,78.3768,3.8477,125.00,137.00,157.36,164.10,0.6599,0,correlation 0.66 <= 0.7
2,78.3608,3.7714,126.00,139.00,159.74,164.46,0.6999,0,correlation 0.70 <= 0.7
2,78.3111,3.8553,151.65,137.00,163.72,168.11,0.2327,0,correlation 0.23 <= 0.7
2,78.3655,3.7508,125.00,139.00,159.20,164.28,0.7017,0,centroids differ by 5.1 km
2,78.2946,3.7454,86.00,147.00,165.69,168.84,-0.1370,0,correlation -0.14 <= 0.7
2,78.3210,3.8399,143.00,138.00,163.08,167.24,0.4383,0,correlation 0.44 <= 0.7
2,78.3446,3.7895,131.00,135.00,161.89,165.42,0.6796,0,correlation 0.68 <= 0.7
2,78.3539,3.7725,123.00,137.00,160.71,164.81,0.6998,0,correlation 0.70 <= 0.7
2,78.3001,3.7868,86.00,145.00,165.45,168.63,0.0039,0,correlation 0.00 <= 0.7
2,78.2967,3.8171,84.00,145.00,164.44,168.95,-0.0969,0,correlation -0.10 <= 0.7
2,78.3660,3.7680,125.00,139.00,159.04,164.27,0.6976,0,correlation 0.70 <= 0.7
2,78.4974,7.9040,131.00,109.00,156.69,159.72,0.6640,0,correlation 0.66 <= 0.7
2,78.5668,7.9546,157.00,135.00,160.94,159.19,0.7873,0,centroids differ by 1.7 km
2,78.5357,7.9319,147.00,111.00,159.60,159.92,0.7536,1,
2,78.5285,7.8647,134.98,113.00,158.91,160.22,0.7506,0,centroids differ by 1.3 km
2,78.5533,7.8352,151.00,139.00,160.83,159.84,0.7935,1,
2,78.5282,7.8287,134.73,80.00,158.93,160.32,0.7440,0,NYA peak not clear against upper and lower means
2,78.5447,7.9371,147.00,157.00,160.37,159.80,0.7755,1,
2,78.5536,7.9515,151.00,135.00,160.88,159.60,0.8014,0,centroids differ by 1.3 km
2,78.5246,7.9367,135.00,112.00,158.58,159.86,0.7354,0,centroids differ by 1.3 km
2,78.5549,7.8673,153.00,139.00,160.92,159.72,0.7860,0,centroids differ by 1.2 km
2,78.5716,7.8905,149.00,137.00,161.10,159.31,0.8078,0,centroids differ by 1.8 km
2,78.5262,7.8734,134.08,113.00,158.73,160.19,0.7468,0,centroids differ by 1.5 km
2,78.5148,7.9510,133.00,109.00,157.79,159.65,0.6850,0,correlation 0.68 <= 0.7
2,78.4838,7.9155,129.00,113.00,155.88,159.66,0.6939,0,correlation 0.69 <= 0.7
2,78.5012,7.9302,131.00,107.00,156.89,159.63,0.6569,0,correlation 0.66 <= 0.7
2,78.4853,7.8452,129.00,112.18,156.15,159.96,0.6908,0,correlation 0.69 <= 0.7
2,78.5410,7.8629,149.00,80.00,159.98,160.04,0.7775,0,NYA peak not clear against upper and lower means
2,78.5313,7.9388,145.00,111.00,159.19,159.92,0.7499,1,
2,78.5725,7.9309,157.00,135.00,160.91,159.14,0.8115,0,centroids differ by 1.8 km
2,78.5446,7.9100,147.00,157.00,160.32,159.88,0.7840,1,
2,78.5251,7.8700,134.00,113.00,158.65,160.20,0.7440,0,centroids differ by 1.5 km
2,78.5785,7.9578,159.00,135.00,160.67,158.91,0.8104,0,centroids differ by 1.8 km
2,78.4859,7.8971,129.00,113.00,156.03,159.73,0.6911,0,correlation 0.69 <= 0.7
2,78.5718,7.9229,157.00,135.00,160.96,159.18,0.8103,0,centroids differ by 1.8 km
2,78.4887,7.8964,129.00,113.00,156.18,159.72,0.6815,0,correlation 0.68 <= 0.7
2,78.5392,7.8915,149.00,80.00,159.86,160.01,0.7674,0,NYA peak not clear against upper and lower means
2,78.4837,7.8992,128.00,113.00,155.92,159.74,0.6949,0,correlation 0.69 <= 0.7
2,78.5245,7.8239,135.00,80.00,158.67,160.37,0.7391,0,NYA peak not clear against upper and lower means
2,78.4854,7.8684,129.00,113.00,156.09,159.86,0.6928,0,correlation 0.69 <= 0.7
2,78.5186,7.9213,133.00,133.00,158.11,159.83,0.7103,0,centroids differ by 1.7 km
2,78.5512,7.8733,150.26,139.00,160.73,159.83,0.8081,1,
2,78.5795,7.8737,157.00,134.00,161.07,159.17,0.7867,0,centroids differ by 1.9 km
2,78.5406,7.8902,149.00,159.00,159.98,159.99,0.7717,1,
2,78.5063,7.9268,131.00,109.00,157.25,159.70,0.6629,0,correlation 0.66 <= 0.7
2,78.5548,7.9254,151.00,137.00,160.92,159.63,0.7999,0,centroids differ by 1.3 km
2,78.4857,7.9367,129.00,113.00,155.91,159.55,0.6888,0,correlation 0.69 <= 0.7
2,78.4472,1.2668,157.00,121.00,175.34,159.98,-0.0145,0,correlation -0.01 <= 0.7
2,78.4009,1.3147,153.00,131.00,172.37,162.70,0.5476,0,correlation 0.55 <= 0.7
2,78.3796,1.3075,152.00,137.00,174.13,163.35,0.5331,0,correlation 0.53 <= 0.7
2,78.4578,1.2821,161.00,121.00,176.81,159.33,-0.2714,0,correlation -0.27 <= 0.7
2,78.3926,1.3531,151.00,131.00,172.86,163.07,0.5524,0,correlation 0.55 <= 0.7
2,78.4058,1.2540,153.00,131.00,173.05,162.36,0.5392,0,correlation 0.54 <= 0.7
2,78.4272,1.2628,155.00,125.00,173.10,161.28,0.4064,0,correlation 0.41 <= 0.7
2,78.4161,1.3410,153.00,128.12,171.74,162.09,0.5088,0,correlation 0.51 <= 0.7
2,78.4551,1.3286,160.00,119.00,176.34,159.63,-0.2185,0,correlation -0.22 <= 0.7
2,78.3948,1.3609,151.00,131.00,172.66,163.01,0.5536,0,correlation 0.55 <= 0.7
2,78.4152,1.2906,153.00,128.00,172.66,161.99,0.5076,0,correlation 0.51 <= 0.7
2,78.4193,1.3418,153.00,125.00,171.78,161.93,0.4835,0,correlation 0.48 <= 0.7
2,78.4036,1.3227,153.00,131.00,172.18,162.62,0.5483,0,correlation 0.55 <= 0.7
2,78.4434,1.2799,157.00,123.10,174.79,160.26,0.0833,0,correlation 0.08 <= 0.7
2,78.4354,1.2565,157.00,124.96,173.82,160.71,0.2797,0,correlation 0.28 <= 0.7
2,78.3914,1.3268,151.00,133.00,173.04,163.06,0.5484,0,correlation 0.55 <= 0.7
2,78.3718,1.3538,155.00,139.00,174.67,163.63,0.5573,0,correlation 0.56 <= 0.7
2,78.4486,1.2835,157.00,121.00,175.50,159.93,-0.0529,0,correlation -0.05 <= 0.7
2,78.3983,1.2851,153.00,131.00,172.65,162.73,0.5437,0,correlation 0.54 <= 0.7
2,78.3718,1.2716,149.00,139.00,174.89,163.47,0.5208,0,correlation 0.52 <= 0.7
2,78.3687,1.3467,155.00,139.00,174.94,163.70,0.5644,0,correlation 0.56 <= 0.7
2,78.3757,1.3699,149.00,137.00,174.29,163.55,0.5513,0,correlation 0.55 <= 0.7
2,78.3799,1.3757,151.54,137.00,173.91,163.46,0.5468,0,correlation 0.55 <= 0.7
2,78.4192,1.3862,153.00,127.53,171.66,162.07,0.4889,0,correlation 0.49 <= 0.7
2,78.4496,1.3819,155.00,121.00,174.70,160.16,-0.0943,0,correlation -0.09 <= 0.7
2,78.3827,1.3632,151.00,135.00,173.70,163.38,0.5455,0,correlation 0.55 <= 0.7
2,78.4280,1.2957,155.00,125.00,173.06,161.34,0.3996,0,correlation 0.40 <= 0.7
2,78.4477,1.3345,157.00,121.00,175.29,160.14,-0.0363,0,correlation -0.04 <= 0.7
2,78.4462,1.3240,157.00,121.00,175.09,160.21,0.0060,0,correlation 0.01 <= 0.7
2,78.4592,1.2824,163.00,121.00,177.00,159.24,-0.2986,0,correlation -0.30 <= 0.7
2,78.3722,1.3710,155.00,139.00,174.59,163.65,0.5633,0,correlation 0.56 <= 0.7
2,78.3753,1.3455,149.00,137.00,174.39,163.51,0.5447,0,correlation 0.54 <= 0.7
2,78.4370,1.3247,155.00,125.00,173.11,160.82,0.2392,0,correlation 0.24 <= 0.7
2,78.4139,1.2979,153.00,128.42,171.91,162.08,0.5146,0,correlation 0.51 <= 0.7
2,78.4303,1.3336,155.00,125.00,172.38,161.31,0.3662,0,correlation 0.37 <= 0.7
2,78.4375,1.3711,155.00,125.00,173.05,160.94,0.2293,0,correlation 0.23 <= 0.7
2,78.5489,11.5658,109.00,125.00,148.63,165.61,0.4323,0,correlation 0.43 <= 0.7
2,78.5610,11.5015,111.00,119.00,149.48,163.52,0.7371,0,centroids differ by 14.0 km
2,78.5758,11.4501,115.00,113.00,150.53,161.03,0.8350,0,centroids differ by 10.5 km
2,78.5277,11.4713,109.00,141.00,148.99,168.72,-0.0378,0,correlation -0.04 <= 0.7
2,78.5268,11.5393,109.00,139.00,148.33,168.78,-0.0725,0,correlation -0.07 <= 0.7
2,78.5267,11.5933,107.00,145.00,147.89,168.92,-0.1098,0,correlation -0.11 <= 0.7
2,78.6024,11.5859,115.00,91.00,153.02,156.47,0.6664,0,correlation 0.67 <= 0.7
2,78.5683,11.5861,113.00,111.00,149.80,162.25,0.7482,0,centroids differ by 12.5 km
2,78.5430,11.4966,111.00,131.00,148.80,166.55,0.3250,0,correlation 0.33 <= 0.7
2,78.5504,11.5041,111.00,125.00,148.98,165.35,0.5152,0,correlation 0.52 <= 0.7
2,78.5772,11.4538,115.00,113.00,150.62,160.75,0.8306,0,centroids differ by 10.1 km
2,78.6099,11.4494,119.80,91.00,153.39,155.10,0.6649,0,correlation 0.66 <= 0.7
2,78.5213,11.4804,109.00,143.00,148.95,169.44,-0.1678,0,correlation -0.17 <= 0.7
2,78.5448,11.5264,109.00,127.00,148.66,166.23,0.3610,0,correlation 0.36 <= 0.7
2,78.5967,11.4937,117.00,99.00,152.16,157.15,0.6919,0,correlation 0.69 <= 0.7
2,78.6031,11.5239,117.00,93.00,152.91,156.17,0.6619,0,correlation 0.66 <= 0.7
2,78.6064,11.5709,117.00,89.00,153.38,155.82,0.6581,0,correlation 0.66 <= 0.7
2,78.5273,11.5099,109.00,139.00,148.61,168.71,-0.0469,0,correlation -0.05 <= 0.7
2,78.5740,11.4894,113.00,113.00,150.34,161.18,0.8097,0,centroids differ by 10.8 km
2,78.5748,11.4525,115.00,113.00,150.45,161.23,0.8331,0,centroids differ by 10.8 km
2,78.5262,11.5610,107.00,141.00,148.14,168.88,-0.1043,0,correlation -0.10 <= 0.7
2,78.5724,11.5691,113.00,109.00,150.11,161.43,0.7734,0,centroids differ by 11.3 km
2,78.5789,11.4998,115.00,109.00,150.65,160.21,0.7885,0,centroids differ by 9.6 km
2,78.6170,11.4972,119.00,87.00,154.26,154.38,0.6114,0,correlation 0.61 <= 0.7
2,78.5821,11.4681,115.00,109.00,150.92,159.79,0.8005,0,centroids differ by 8.9 km
2,78.5835,11.5643,115.00,103.00,151.03,159.43,0.7306,0,centroids differ by 8.4 km
2,78.5695,11.5866,113.00,111.00,149.89,162.01,0.7524,0,centroids differ by 12.1 km
2,78.5574,11.5492,111.00,119.00,149.15,164.17,0.6448,0,correlation 0.64 <= 0.7
2,78.5312,11.5087,109.00,137.00,148.61,168.21,0.0386,0,correlation 0.04 <= 0.7
2,78.5380,11.5553,109.00,131.00,148.31,167.27,0.1696,0,correlation 0.17 <= 0.7
2,78.6046,11.5693,117.00,91.00,153.19,156.07,0.6607,0,correlation 0.66 <= 0.7
2,78.5351,11.4712,109.00,137.00,148.95,167.71,0.1386,0,correlation 0.14 <= 0.7
2,78.6203,11.4596,119.00,85.00,154.50,154.16,0.5771,0,correlation 0.58 <= 0.7
2,78.5710,11.4614,113.00,117.00,150.18,161.92,0.8177,0,centroids differ by 11.7 km
2,78.5506,11.4663,111.00,127.00,149.19,165.37,0.5206,0,correlation 0.52 <= 0.7
2,78.5295,11.5456,109.00,137.00,148.27,168.44,-0.0194,0,correlation -0.02 <= 0.7
2,78.5951,6.9810,165.00,135.00,164.54,161.78,0.5466,0,correlation 0.55 <= 0.7
2,78.6104,6.9951,169.00,123.00,164.90,162.15,0.5435,0,correlation 0.54 <= 0.7
2,78.6068,7.1048,167.00,117.00,164.43,161.56,0.5253,0,correlation 0.53 <= 0.7
2,78.6437,7.0069,151.00,133.00,164.85,162.78,0.5708,0,correlation 0.57 <= 0.7
2,78.6284,6.9996,177.00,149.00,164.80,162.28,0.5366,0,correlation 0.54 <= 0.7
2,78.6515,6.9891,153.00,133.00,165.09,162.79,0.3846,0,correlation 0.38 <= 0.7
2,78.6828,7.0213,163.00,83.00,167.12,163.08,-0.2668,0,correlation -0.27 <= 0.7
2,78.6036,7.1042,167.00,119.00,164.41,161.49,0.5159,0,correlation 0.52 <= 0.7
2,78.6899,7.0516,165.00,187.00,167.59,163.43,-0.1161,0,correlation -0.12 <= 0.7
2,78.6553,7.0328,153.00,113.00,165.23,162.66,0.2741,0,correlation 0.27 <= 0.7
2,78.6429,7.0361,151.00,133.00,164.75,162.65,0.5795,0,correlation 0.58 <= 0.7
2,78.6029,6.9997,169.00,121.00,164.75,161.91,0.5454,0,correlation 0.55 <= 0.7
2,78.6823,6.9751,165.00,85.00,167.06,163.09,-0.2642,0,correlation -0.26 <= 0.7
2,78.6691,7.0307,161.00,83.00,166.21,162.47,-0.1973,0,correlation -0.20 <= 0.7
2,78.6824,7.0211,163.00,83.00,167.09,163.05,-0.2733,0,correlation -0.27 <= 0.7
2,78.6326,7.1054,149.00,145.00,164.37,161.99,0.5720,0,correlation 0.57 <= 0.7
2,78.6553,7.0298,153.00,113.00,165.23,162.66,0.2714,0,correlation 0.27 <= 0.7
2,78.6730,7.0974,161.00,83.00,166.50,162.50,-0.2569,0,correlation -0.26 <= 0.7
2,78.6217,7.0810,175.00,121.00,164.48,161.88,0.5256,0,correlation 0.53 <= 0.7
2,78.6687,7.0684,161.00,83.00,166.20,162.42,-0.1694,0,correlation -0.17 <= 0.7
2,78.6745,7.0163,161.00,83.00,166.57,162.64,-0.2917,0,correlation -0.29 <= 0.7
2,78.6130,7.0791,166.00,121.00,164.55,161.86,0.5448,0,correlation 0.54 <= 0.7
2,78.6347,6.9619,151.00,147.00,164.94,162.60,0.5827,0,correlation 0.58 <= 0.7
2,78.6751,7.0560,161.00,83.00,166.63,162.64,-0.2947,0,correlation -0.29 <= 0.7
2,78.6181,6.9921,167.00,123.00,164.92,162.21,0.5045,0,correlation 0.50 <= 0.7
2,78.6417,6.9732,151.00,135.00,164.94,162.83,0.5841,0,correlation 0.58 <= 0.7
2,78.6898,7.0770,163.00,83.00,167.58,163.41,-0.1373,0,correlation -0.14 <= 0.7
2,78.6130,7.1053,165.00,117.15,164.43,161.73,0.5463,0,correlation 0.55 <= 0.7
2,78.6908,6.9862,165.00,189.00,167.62,163.57,-0.0833,0,correlation -0.08 <= 0.7
2,78.6748,6.9736,163.00,83.00,166.56,162.70,-0.2971,0,correlation -0.30 <= 0.7
2,78.6298,6.9675,177.00,149.00,164.94,162.43,0.5474,0,correlation 0.55 <= 0.7
2,78.6728,7.0114,161.00,83.00,166.45,162.57,-0.2719,0,correlation -0.27 <= 0.7
2,78.6367,7.0227,151.00,145.00,164.71,162.46,0.5841,0,correlation 0.58 <= 0.7
2,78.6527,7.0276,153.00,133.00,165.08,162.74,0.3759,0,correlation 0.38 <= 0.7
2,78.6311,7.0499,177.00,147.00,164.57,162.17,0.5594,0,correlation 0.56 <= 0.7
2,78.6724,7.0997,161.00,83.00,166.46,162.48,-0.2446,0,correlation -0.24 <= 0.7
2,78.8689,6.6320,207.00,193.00,172.75,165.85,0.1028,0,correlation 0.10 <= 0.7
2,78.7959,6.5960,185.00,92.16,171.22,162.33,-0.4253,0,correlation -0.43 <= 0.7
2,78.8177,6.6560,195.00,80.00,171.64,163.97,0.2011,0,correlation 0.20 <= 0.7
2,78.8282,6.6550,197.00,80.00,171.91,164.77,0.4133,0,correlation 0.41 <= 0.7
2,78.8048,6.6025,185.00,80.00,171.37,162.93,-0.2188,0,correlation -0.22 <= 0.7
2,78.8799,6.6452,211.00,249.00,173.04,165.01,-0.3294,0,correlation -0.33 <= 0.7
2,78.8796,6.6823,208.00,249.00,173.10,165.10,-0.3162,0,correlation -0.32 <= 0.7
2,78.8779,6.6535,207.00,249.00,172.99,165.20,-0.2640,0,correlation -0.26 <= 0.7
2,78.8558,6.6369,207.00,193.00,172.48,166.34,0.4137,0,correlation 0.41 <= 0.7
2,78.8618,6.7110,205.00,189.00,172.65,166.47,0.2731,0,correlation 0.27 <= 0.7
2,78.8078,6.7087,195.00,80.00,171.44,163.37,-0.1115,0,correlation -0.11 <= 0.7
2,78.8584,6.6286,207.00,193.00,172.52,166.29,0.3831,0,correlation 0.38 <= 0.7
2,78.8177,6.7285,195.00,80.00,171.72,164.20,0.2282,0,correlation 0.23 <= 0.7
2,78.8354,6.6774,205.00,80.00,172.11,165.50,0.5141,0,correlation 0.51 <= 0.7
2,78.8321,6.6711,197.00,80.00,172.03,165.18,0.4796,0,correlation 0.48 <= 0.7
2,78.8071,6.5968,185.00,80.00,171.41,163.07,-0.1527,0,correlation -0.15 <= 0.7
2,78.8776,6.6928,208.00,249.00,173.05,165.29,-0.2571,0,correlation -0.26 <= 0.7
2,78.8151,6.6018,197.00,80.00,171.55,163.64,0.1036,0,correlation 0.10 <= 0.7
2,78.8269,6.6370,197.00,80.00,171.86,164.59,0.3814,0,correlation 0.38 <= 0.7
2,78.8207,6.5854,197.00,80.00,171.65,163.97,0.2416,0,correlation 0.24 <= 0.7
2,78.8319,6.6053,197.00,80.00,171.95,164.91,0.4625,0,correlation 0.46 <= 0.7
2,78.8133,6.6169,197.00,80.00,171.52,163.55,0.0539,0,correlation 0.05 <= 0.7
2,78.8016,6.6973,183.00,80.00,171.32,162.89,-0.3014,0,correlation -0.30 <= 0.7
2,78.8112,6.6756,195.00,80.00,171.50,163.55,0.0024,0,correlation 0.00 <= 0.7
2,78.8433,6.5876,207.00,195.00,172.20,165.76,0.5585,0,correlation 0.56 <= 0.7
2,78.8404,6.7046,205.00,191.00,172.23,166.02,0.5305,0,correlation 0.53 <= 0.7
2,78.8168,6.6490,195.00,80.00,171.61,163.89,0.1736,0,correlation 0.17 <= 0.7
2,78.8014,6.6542,185.00,80.00,171.31,162.80,-0.3085,0,correlation -0.31 <= 0.7
2,78.8930,6.6056,211.00,80.00,173.41,164.03,-0.5164,0,correlation -0.52 <= 0.7
2,78.8895,6.7189,209.00,249.00,173.49,164.50,-0.4180,0,correlation -0.42 <= 0.7
2,78.8829,6.6134,210.00,249.00,173.08,164.68,-0.4270,0,correlation -0.43 <= 0.7
2,78.8658,6.6692,207.00,191.00,172.71,166.16,0.1893,0,correlation 0.19 <= 0.7
2,78.8725,6.7168,208.00,249.00,172.92,165.78,-0.0840,0,correlation -0.08 <= 0.7
2,78.8835,6.6578,211.00,249.00,173.18,164.74,-0.4129,0,correlation -0.41 <= 0.7
2,78.8587,6.6906,207.00,191.00,172.57,166.50,0.3450,0,correlation 0.35 <= 0.7
2,78.8766,6.5893,209.00,249.00,172.87,165.16,-0.2062,0,correlation -0.21 <= 0.7
2,78.6411,6.9388,173.00,135.00,165.06,162.89,0.5814,0,correlation 0.58 <= 0.7
2,78.6616,6.9295,155.00,115.00,165.63,162.50,-0.0394,0,correlation -0.04 <= 0.7
2,78.6531,6.8354,175.00,119.00,165.54,162.74,0.1713,0,correlation 0.17 <= 0.7
2,78.6172,6.8201,173.00,155.00,165.59,162.68,0.5032,0,correlation 0.50 <= 0.7
2,78.6655,6.8486,157.00,87.00,165.88,162.50,-0.1787,0,correlation -0.18 <= 0.7
2,78.6669,6.8733,165.00,87.00,165.95,162.50,-0.2026,0,correlation -0.20 <= 0.7
2,78.6129,6.8394,173.00,141.00,165.47,162.65,0.5183,0,correlation 0.52 <= 0.7
2,78.6158,6.9187,171.00,125.00,165.23,162.44,0.5065,0,correlation 0.51 <= 0.7
2,78.6280,6.9421,177.00,149.00,165.08,162.48,0.5353,0,correlation 0.54 <= 0.7
2,78.6567,6.9229,155.00,117.00,165.40,162.62,0.1291,0,correlation 0.13 <= 0.7
2,78.6243,6.8175,170.00,153.00,165.63,162.75,0.5194,0,correlation 0.52 <= 0.7
2,78.6494,6.8507,175.00,119.00,165.44,162.90,0.3342,0,correlation 0.33 <= 0.7
2,78.6006,6.9134,165.00,121.00,164.92,162.19,0.5707,0,correlation 0.57 <= 0.7
2,78.6281,6.8202,170.00,153.00,165.60,162.83,0.5447,0,correlation 0.54 <= 0.7
2,78.6593,6.8838,155.00,117.00,165.55,162.53,0.0097,0,correlation 0.01 <= 0.7
2,78.6588,6.9467,155.00,115.00,165.47,162.55,0.0611,0,correlation 0.06 <= 0.7
2,78.6252,6.8249,170.00,153.00,165.60,162.75,0.5249,0,correlation 0.52 <= 0.7
2,78.6108,6.8610,169.00,127.00,165.36,162.60,0.5392,0,correlation 0.54 <= 0.7
2,78.6278,6.8768,169.00,151.00,165.37,162.64,0.5360,0,correlation 0.54 <= 0.7
2,78.6319,6.8654,178.00,149.00,165.38,162.80,0.5697,0,correlation 0.57 <= 0.7
2,78.6254,6.9167,167.00,151.00,165.21,162.48,0.5123,0,correlation 0.51 <= 0.7
2,78.6711,6.8546,165.00,87.00,166.22,162.63,-0.2771,0,correlation -0.28 <= 0.7
2,78.5871,6.8625,161.00,137.00,164.39,161.96,0.5671,0,correlation 0.57 <= 0.7
2,78.6165,6.8095,173.00,129.00,165.62,162.71,0.5042,0,correlation 0.50 <= 0.7
2,78.6193,6.8635,171.00,127.00,165.45,162.55,0.4935,0,correlation 0.49 <= 0.7
2,78.6709,6.8399,165.00,87.00,166.20,162.62,-0.2829,0,correlation -0.28 <= 0.7
2,78.6271,6.8587,169.00,151.00,165.45,162.69,0.5309,0,correlation 0.53 <= 0.7
2,78.6097,6.8516,169.00,127.00,165.36,162.62,0.5474,0,correlation 0.55 <= 0.7
2,78.6242,6.8933,169.00,151.00,165.33,162.52,0.5089,0,correlation 0.51 <= 0.7
2,78.6464,6.9399,173.00,135.00,165.11,162.95,0.5027,0,correlation 0.50 <= 0.7
2,78.6501,6.8643,153.00,137.00,165.41,162.87,0.3247,0,correlation 0.32 <= 0.7
2,78.6716,6.8102,165.00,87.00,166.25,162.66,-0.2952,0,correlation -0.30 <= 0.7
2,78.6574,6.8997,155.00,117.00,165.46,162.60,0.0822,0,correlation 0.08 <= 0.7
2,78.5905,6.9055,167.00,137.00,164.50,161.94,0.5647,0,correlation 0.56 <= 0.7
2,78.5945,6.8521,167.00,125.00,164.79,162.28,0.5816,0,correlation 0.58 <= 0.7
2,78.6782,6.8687,165.00,87.00,166.68,162.96,-0.3034,0,correlation -0.30 <= 0.7
2,78.5015,8.7070,134.00,99.00,156.70,159.79,0.3383,0,correlation 0.34 <= 0.7
2,78.4841,8.7131,120.16,109.00,154.71,160.66,0.4992,0,correlation 0.50 <= 0.7
2,78.4326,8.7389,113.00,121.00,151.16,164.06,0.7296,0,centroids differ by 12.9 km
2,78.5066,8.7596,134.00,97.00,157.13,159.74,0.3116,0,correlation 0.31 <= 0.7
2,78.5047,8.8022,135.00,97.00,156.96,159.99,0.2955,0,correlation 0.30 <= 0.7
2,78.4571,8.7548,117.00,113.00,152.54,162.47,0.7714,0,centroids differ by 9.9 km
2,78.5239,8.7380,141.00,88.00,157.30,158.85,0.4311,0,correlation 0.43 <= 0.7
2,78.4538,8.7202,117.00,113.00,152.34,162.53,0.8053,0,centroids differ by 10.2 km
2,78.4774,8.7336,120.00,109.00,154.09,161.11,0.5771,0,correlation 0.58 <= 0.7
2,78.5147,8.7630,133.00,91.00,157.32,159.32,0.3524,0,correlation 0.35 <= 0.7
2,78.4505,8.6886,117.00,115.00,152.17,162.59,0.8282,0,centroids differ by 10.4 km
2,78.4815,8.7505,120.00,107.00,154.46,160.93,0.5173,0,correlation 0.52 <= 0.7
2,78.4472,8.6913,117.00,117.00,151.95,162.82,0.8257,0,centroids differ by 10.9 km
2,78.4356,8.7132,113.00,121.00,151.36,163.71,0.7663,0,centroids differ by 12.4 km
2,78.4559,8.7648,117.00,113.00,152.44,162.61,0.7704,0,centroids differ by 10.2 km
2,78.4570,8.7911,117.00,113.00,152.49,162.67,0.7461,0,centroids differ by 10.2 km
2,78.4857,8.8038,129.00,105.00,155.03,160.92,0.4444,0,correlation 0.44 <= 0.7
2,78.5264,8.7546,142.00,89.00,157.08,158.80,0.4509,0,correlation 0.45 <= 0.7
2,78.5263,8.7382,142.00,89.00,157.21,158.76,0.4508,0,correlation 0.45 <= 0.7
2,78.4824,8.7304,120.00,109.00,154.54,160.81,0.5154,0,correlation 0.52 <= 0.7
2,78.5208,8.7109,141.00,91.00,157.58,158.92,0.4069,0,correlation 0.41 <= 0.7
2,78.5008,8.7909,135.00,97.00,156.70,160.14,0.3064,0,correlation 0.31 <= 0.7
2,78.5265,8.7235,143.00,89.00,157.33,158.72,0.4521,0,correlation 0.45 <= 0.7
2,78.4653,8.8020,117.00,107.00,153.08,162.18,0.6811,0,correlation 0.68 <= 0.7
2,78.4676,8.7185,119.00,109.00,153.37,161.61,0.6978,0,correlation 0.70 <= 0.7
2,78.4664,8.7135,119.00,109.00,153.29,161.67,0.7130,0,centroids differ by 8.4 km
2,78.4712,8.6926,119.00,111.00,153.66,161.31,0.6673,0,correlation 0.67 <= 0.7
2,78.4946,8.6891,133.00,101.00,155.87,160.05,0.3761,0,correlation 0.38 <= 0.7
2,78.4967,8.7154,133.00,99.00,156.17,160.06,0.3509,0,correlation 0.35 <= 0.7
2,78.4466,8.7720,115.00,117.00,151.74,163.27,0.7738,0,centroids differ by 11.5 km
2,78.4494,8.7635,117.00,115.00,151.96,163.03,0.7829,0,centroids differ by 11.1 km
2,78.5235,8.7711,141.00,88.00,157.06,158.92,0.4296,0,correlation 0.43 <= 0.7
2,78.4361,8.6974,113.00,121.00,151.42,163.59,0.7782,0,centroids differ by 12.2 km
2,78.5151,8.6873,137.00,91.00,157.68,159.10,0.3759,0,correlation 0.38 <= 0.7
2,78.4788,8.6835,120.00,109.00,154.22,160.82,0.5775,0,correlation 0.58 <= 0.7
2,78.4688,8.7362,119.00,109.00,153.41,161.63,0.6799,0,correlation 0.68 <= 0.7
2,78.6133,10.6046,129.00,139.00,156.58,160.30,0.9130,0,centroids differ by 3.7 km
2,78.6255,10.6009,131.00,135.00,156.97,159.48,0.8194,0,centroids differ by 2.5 km
2,78.6585,10.6043,133.00,83.00,158.10,160.67,0.0835,0,correlation 0.08 <= 0.7
2,78.6398,10.5220,133.00,96.00,157.89,159.91,0.3050,0,correlation 0.31 <= 0.7
2,78.6292,10.5362,131.00,139.00,157.49,160.12,0.6923,0,correlation 0.69 <= 0.7
2,78.6336,10.5329,131.00,99.00,157.65,160.01,0.5600,0,correlation 0.56 <= 0.7
2,78.6526,10.5117,133.00,89.00,158.31,160.30,-0.0350,0,correlation -0.03 <= 0.7
2,78.6496,10.6242,133.00,87.00,157.57,159.86,0.3450,0,correlation 0.35 <= 0.7
2,78.6181,10.5790,129.00,141.00,156.88,160.21,0.8814,0,centroids differ by 3.3 km
2,78.5985,10.6109,131.00,141.00,156.05,162.00,0.8829,0,centroids differ by 6.0 km
2,78.6299,10.6011,131.00,133.00,157.10,159.41,0.7683,0,centroids differ by 2.3 km
2,78.6096,10.4830,133.00,153.00,157.06,161.85,0.8831,0,centroids differ by 4.8 km
2,78.6469,10.6057,133.00,89.00,157.56,159.79,0.3712,0,correlation 0.37 <= 0.7
2,78.6628,10.5768,133.00,83.00,158.43,161.21,-0.0934,0,correlation -0.09 <= 0.7
2,78.6136,10.5676,131.00,143.00,156.81,160.71,0.9034,0,centroids differ by 3.9 km
2,78.6474,10.6098,133.00,89.00,157.55,159.80,0.3681,0,correlation 0.37 <= 0.7
2,78.6506,10.5696,133.00,86.00,157.91,160.06,0.1616,0,correlation 0.16 <= 0.7
2,78.6530,10.5596,133.00,86.00,158.05,160.23,0.0794,0,correlation 0.08 <= 0.7
2,78.6260,10.5159,131.00,141.00,157.51,160.38,0.7203,0,centroids differ by 2.9 km
2,78.6203,10.4979,133.00,145.00,157.42,160.82,0.7965,0,centroids differ by 3.4 km
2,78.5976,10.5852,131.00,143.00,156.13,162.42,0.8654,0,centroids differ by 6.3 km
2,78.6117,10.5086,133.00,149.00,157.03,161.45,0.8921,0,centroids differ by 4.4 km
2,78.6392,10.5998,131.00,105.00,157.34,159.59,0.5932,0,correlation 0.59 <= 0.7
2,78.6465,10.4864,133.00,91.00,158.30,160.02,0.0286,0,correlation 0.03 <= 0.7
2,78.6558,10.6219,133.00,82.00,157.89,160.35,0.1943,0,correlation 0.19 <= 0.7
2,78.6460,10.5871,133.00,91.00,157.64,159.82,0.3387,0,correlation 0.34 <= 0.7
2,78.6115,10.5713,131.00,143.00,156.72,160.87,0.9115,0,centroids differ by 4.2 km
2,78.6151,10.6244,129.00,135.00,156.50,159.86,0.9062,0,centroids differ by 3.4 km
2,78.6544,10.5776,133.00,84.00,158.02,160.31,0.0993,0,correlation 0.10 <= 0.7
2,78.5879,10.4915,131.00,155.00,156.31,164.68,0.6669,0,correlation 0.67 <= 0.7
2,78.6201,10.5147,133.00,143.00,157.33,160.70,0.8215,0,centroids differ by 3.4 km
2,78.6234,10.4894,133.00,145.00,157.58,160.69,0.7190,0,centroids differ by 3.1 km
2,78.6427,10.5813,131.00,92.00,157.57,159.77,0.4284,0,correlation 0.43 <= 0.7
2,78.5902,10.4848,131.00,153.00,156.40,164.36,0.7049,0,centroids differ by 8.0 km
2,78.6006,10.6253,129.00,139.00,156.05,161.54,0.9006,0,centroids differ by 5.5 km
2,78.6058,10.5955,131.00,139.00,156.38,161.22,0.9162,0,centroids differ by 4.8 km
2,78.3149,3.9764,143.00,141.00,163.19,168.28,0.2597,0,correlation 0.26 <= 0.7
2,78.3401,3.9501,129.00,135.00,160.94,166.13,0.6013,0,correlation 0.60 <= 0.7
2,78.3708,3.9768,123.00,135.00,156.61,164.25,0.6441,0,correlation 0.64 <= 0.7
2,78.3473,3.9469,121.00,133.00,160.01,165.60,0.6302,0,correlation 0.63 <= 0.7
2,78.3086,3.9526,151.00,143.00,163.66,168.64,0.1473,0,correlation 0.15 <= 0.7
2,78.3798,3.8959,125.00,135.00,156.84,164.07,0.6424,0,correlation 0.64 <= 0.7
2,78.3224,3.9814,141.00,135.00,162.62,167.70,0.3899,0,correlation 0.39 <= 0.7
2,78.3210,4.0058,141.00,135.00,162.66,167.92,0.3524,0,correlation 0.35 <= 0.7
2,78.3950,3.9025,125.00,131.00,156.30,164.41,0.5809,0,correlation 0.58 <= 0.7
2,78.3692,3.9022,123.00,137.00,157.98,164.24,0.6641,0,correlation 0.66 <= 0.7
2,78.3551,3.9375,123.66,133.00,158.95,165.06,0.6518,0,correlation 0.65 <= 0.7
2,78.3975,3.9662,125.00,129.00,156.24,164.31,0.5749,0,correlation 0.57 <= 0.7
2,78.3138,3.9339,145.00,139.00,163.37,168.20,0.2595,0,correlation 0.26 <= 0.7
2,78.3174,3.8780,145.00,135.00,163.27,167.70,0.3533,0,correlation 0.35 <= 0.7
2,78.3629,4.0037,123.00,131.00,157.53,164.67,0.6391,0,correlation 0.64 <= 0.7
2,78.3393,3.8918,129.00,135.00,161.25,166.03,0.6201,0,correlation 0.62 <= 0.7
2,78.3173,3.8818,145.00,135.00,163.26,167.73,0.3501,0,correlation 0.35 <= 0.7
2,78.3557,3.8698,124.35,135.00,160.01,164.89,0.6725,0,correlation 0.67 <= 0.7
2,78.3691,3.8662,123.00,137.00,158.17,164.23,0.6721,0,correlation 0.67 <= 0.7
2,78.3531,3.9921,121.00,133.00,158.98,165.30,0.6303,0,correlation 0.63 <= 0.7
2,78.3037,3.9116,169.00,143.00,164.00,168.83,0.0545,0,correlation 0.05 <= 0.7
2,78.3779,3.9429,123.00,135.00,156.00,164.04,0.6401,0,correlation 0.64 <= 0.7
2,78.3182,3.8743,145.00,135.00,163.22,167.62,0.3701,0,correlation 0.37 <= 0.7
2,78.3775,3.9964,123.00,135.00,155.79,164.07,0.6287,0,correlation 0.63 <= 0.7
2,78.3046,3.8715,149.00,143.00,164.04,168.63,0.0843,0,correlation 0.08 <= 0.7
2,78.3458,3.9755,128.00,133.00,160.10,165.77,0.6157,0,correlation 0.62 <= 0.7
2,78.3068,3.9275,149.00,143.00,163.81,168.68,0.1173,0,correlation 0.12 <= 0.7
2,78.3371,3.8728,131.00,135.00,161.56,166.14,0.6138,0,correlation 0.61 <= 0.7
2,78.3164,3.9003,145.00,135.00,163.28,167.87,0.3263,0,correlation 0.33 <= 0.7
2,78.3775,3.8965,125.00,135.00,157.05,164.06,0.6495,0,correlation 0.65 <= 0.7
2,78.3498,3.9040,124.54,133.00,159.84,165.34,0.6531,0,correlation 0.65 <= 0.7
2,78.3986,4.0043,125.00,129.00,155.43,164.24,0.5735,0,correlation 0.57 <= 0.7
2,78.3957,3.9032,125.00,129.00,156.32,164.44,0.5785,0,correlation 0.58 <= 0.7
2,78.3729,3.8801,125.00,137.00,157.63,164.13,0.6639,0,correlation 0.66 <= 0.7
2,78.3063,3.8784,149.00,143.00,163.94,168.54,0.1201,0,correlation 0.12 <= 0.7
2,78.3769,3.9387,123.00,135.00,156.92,164.05,0.6444,0,correlation 0.64 <= 0.7
2,78.4660,8.3650,123.00,111.00,153.81,160.53,0.7427,0,centroids differ by 6.7 km
2,78.4464,8.4345,117.00,119.00,152.74,162.09,0.8755,0,centroids differ by 9.3 km
2,78.4618,8.3721,121.00,119.00,153.54,160.82,0.7873,0,centroids differ by 7.3 km
2,78.4848,8.3487,125.00,103.00,155.11,159.54,0.5998,0,correlation 0.60 <= 0.7
2,78.4312,8.4487,119.00,121.00,152.41,163.11,0.8423,0,centroids differ by 10.7 km
2,78.4785,8.4146,123.00,109.00,154.59,159.97,0.6195,0,correlation 0.62 <= 0.7
2,78.4255,8.4191,119.00,123.00,152.57,163.45,0.8084,0,centroids differ by 10.9 km
2,78.4580,8.4511,119.00,119.00,153.15,161.29,0.8350,0,centroids differ by 8.1 km
2,78.4819,8.4715,123.00,107.00,154.71,159.92,0.5714,0,correlation 0.57 <= 0.7
2,78.4721,8.3805,123.00,111.00,154.19,160.22,0.6854,0,correlation 0.69 <= 0.7
2,78.4234,8.4147,119.00,125.00,152.61,163.58,0.7940,0,centroids differ by 11.0 km
2,78.4158,8.3503,119.00,129.00,153.08,164.06,0.7417,0,centroids differ by 11.0 km
2,78.4727,8.4470,121.00,109.00,154.13,160.33,0.6694,0,correlation 0.67 <= 0.7
2,78.4168,8.4592,119.00,127.00,152.46,164.03,0.7318,0,centroids differ by 11.6 km
2,78.4050,8.3445,118.00,131.00,153.16,164.72,0.6437,0,correlation 0.64 <= 0.7
2,78.4733,8.3978,123.00,109.00,154.25,160.19,0.6704,0,correlation 0.67 <= 0.7
2,78.4418,8.3418,119.00,123.00,153.01,162.29,0.8758,0,centroids differ by 9.3 km
2,78.4491,8.4834,117.00,119.00,152.65,162.00,0.8706,0,centroids differ by 9.3 km
2,78.4056,8.4114,119.00,131.00,152.87,164.71,0.6349,0,correlation 0.63 <= 0.7
2,78.4084,8.4054,119.00,131.00,152.89,164.51,0.6674,0,correlation 0.67 <= 0.7
2,78.4001,8.3753,119.00,133.00,152.95,165.06,0.5766,0,correlation 0.58 <= 0.7
2,78.4527,8.4827,119.00,117.00,152.80,161.79,0.8585,0,centroids differ by 9.0 km
2,78.3933,8.4011,117.00,135.00,152.65,165.54,0.4706,0,correlation 0.47 <= 0.7
2,78.3926,8.4683,117.00,135.00,152.42,165.73,0.4258,0,correlation 0.43 <= 0.7
2,78.4052,8.4668,117.00,131.00,152.59,164.80,0.6118,0,correlation 0.61 <= 0.7
2,78.4527,8.3501,119.00,121.00,153.24,161.44,0.8546,0,centroids differ by 8.2 km
2,78.4780,8.3818,123.00,111.00,154.61,159.91,0.6338,0,correlation 0.63 <= 0.7
2,78.4252,8.4107,119.00,123.00,152.62,163.47,0.8072,0,centroids differ by 10.8 km
2,78.4694,8.3996,123.00,111.00,153.97,160.40,0.7090,0,centroids differ by 6.4 km
2,78.4794,8.4371,123.00,109.00,154.62,159.97,0.6037,0,correlation 0.60 <= 0.7
2,78.4349,8.4664,117.00,119.00,152.36,162.88,0.8593,0,centroids differ by 10.5 km
2,78.4138,8.4701,117.00,129.00,152.44,164.24,0.7001,0,centroids differ by 11.8 km
2,78.4483,8.3826,119.00,121.00,152.99,161.86,0.8728,0,centroids differ by 8.9 km
2,78.4761,8.4216,123.00,109.00,154.41,160.09,0.6375,0,correlation 0.64 <= 0.7
2,78.4163,8.3616,119.00,129.00,153.01,164.02,0.7446,0,centroids differ by 11.0 km
2,78.4565,8.4280,119.00,119.00,153.14,161.34,0.8441,0,centroids differ by 8.2 km
2,78.3787,4.2166,121.00,127.00,154.72,164.32,0.5689,0,correlation 0.57 <= 0.7
2,78.3481,4.2367,120.78,131.78,157.75,166.31,0.4891,0,correlation 0.49 <= 0.7
2,78.3039,4.1778,145.00,151.00,162.36,169.71,-0.0407,0,correlation -0.04 <= 0.7
2,78.3790,4.1260,121.00,131.00,155.08,164.17,0.5933,0,correlation 0.59 <= 0.7
2,78.3829,4.1422,123.00,133.00,154.78,164.09,0.5806,0,correlation 0.58 <= 0.7
2,78.3115,4.2560,141.00,147.54,161.70,169.49,0.0308,0,correlation 0.03 <= 0.7
2,78.3630,4.1249,121.00,129.00,156.92,164.85,0.6032,0,correlation 0.60 <= 0.7
2,78.3395,4.1731,127.00,132.00,159.24,166.90,0.4662,0,correlation 0.47 <= 0.7
2,78.3347,4.2405,125.00,133.00,159.59,167.66,0.3614,0,correlation 0.36 <= 0.7
2,78.3391,4.1927,127.00,129.00,159.21,167.03,0.4464,0,correlation 0.45 <= 0.7
2,78.3961,4.1184,125.00,131.00,154.98,163.96,0.5666,0,correlation 0.57 <= 0.7
2,78.3838,4.2205,121.00,129.00,154.44,164.16,0.5599,0,correlation 0.56 <= 0.7
2,78.3937,4.1410,123.00,131.00,154.79,163.93,0.5636,0,correlation 0.56 <= 0.7
2,78.3914,4.2435,123.00,131.00,153.62,163.99,0.5469,0,correlation 0.55 <= 0.7
2,78.3176,4.1530,141.00,139.00,161.50,168.71,0.1881,0,correlation 0.19 <= 0.7
2,78.3673,4.1924,121.00,129.00,156.01,164.72,0.5841,0,correlation 0.58 <= 0.7
2,78.3149,4.2009,141.00,141.00,161.59,169.07,0.1121,0,correlation 0.11 <= 0.7
2,78.3456,4.2247,121.00,131.68,158.17,166.50,0.4812,0,correlation 0.48 <= 0.7
2,78.3310,4.1287,127.00,131.00,161.36,167.54,0.4110,0,correlation 0.41 <= 0.7
2,78.3763,4.2373,121.00,127.00,154.01,164.43,0.5634,0,correlation 0.56 <= 0.7
2,78.3700,4.1476,121.00,129.00,155.90,164.53,0.5975,0,correlation 0.60 <= 0.7
2,78.3594,4.1890,121.00,129.00,156.31,165.20,0.5713,0,correlation 0.57 <= 0.7
2,78.3197,4.2049,139.00,141.00,161.20,168.75,0.1822,0,correlation 0.18 <= 0.7
2,78.3722,4.2570,121.00,127.00,154.31,164.61,0.5609,0,correlation 0.56 <= 0.7
2,78.3706,4.1690,121.00,129.00,155.73,164.53,0.5913,0,correlation 0.59 <= 0.7
2,78.3516,4.1458,119.00,131.00,158.51,165.73,0.5650,0,correlation 0.57 <= 0.7
2,78.3988,4.2125,123.00,129.00,155.01,163.91,0.5621,0,correlation 0.56 <= 0.7
2,78.3581,4.1332,121.00,129.00,157.59,165.19,0.5904,0,correlation 0.59 <= 0.7
2,78.3203,4.2082,139.00,141.00,161.14,168.72,0.1887,0,correlation 0.19 <= 0.7
2,78.3487,4.1262,119.00,131.00,159.02,165.91,0.5620,0,correlation 0.56 <= 0.7
2,78.3571,4.1630,121.00,129.00,157.59,165.32,0.5764,0,correlation 0.58 <= 0.7
2,78.3212,4.1666,139.00,139.00,161.18,168.49,0.2368,0,correlation 0.24 <= 0.7
2,78.3854,4.2363,121.00,129.00,153.55,164.14,0.5515,0,correlation 0.55 <= 0.7
2,78.3012,4.2582,151.00,151.00,162.33,170.25,-0.1206,0,correlation -0.12 <= 0.7
2,78.3302,4.1157,127.00,131.00,161.49,167.56,0.4111,0,correlation 0.41 <= 0.7
2,78.3251,4.2270,139.00,137.00,160.66,168.42,0.2410,0,correlation 0.24 <= 0.7
2,78.4847,8.0493,127.00,109.00,155.60,159.17,0.6808,0,correlation 0.68 <= 0.7
2,78.4648,8.0076,125.00,110.99,154.86,160.18,0.7739,0,centroids differ by 5.3 km
2,78.4233,8.0496,125.00,133.00,154.59,163.43,0.8262,0,centroids differ by 8.8 km
2,78.4304,8.0688,123.00,131.00,154.40,162.82,0.8409,0,centroids differ by 8.4 km
2,78.4707,8.0318,123.00,109.00,154.98,159.82,0.7443,0,centroids differ by 4.8 km
2,78.4943,8.0683,129.00,109.00,156.20,158.98,0.6424,0,correlation 0.64 <= 0.7
2,78.4951,8.0586,129.00,109.00,156.27,159.01,0.6444,0,correlation 0.64 <= 0.7
2,78.4298,8.1430,123.00,129.00,154.01,162.98,0.8461,0,centroids differ by 9.0 km
2,78.4381,7.9995,125.00,123.00,154.68,162.14,0.8351,0,centroids differ by 7.5 km
2,78.4483,8.0244,125.00,123.00,154.50,161.31,0.8327,0,centroids differ by 6.8 km
2,78.4477,8.1449,123.00,119.00,153.93,161.48,0.8331,0,centroids differ by 7.5 km
2,78.4947,8.0510,129.00,109.00,156.25,159.03,0.6476,0,correlation 0.65 <= 0.7
2,78.4953,8.0376,129.00,109.00,156.32,159.07,0.6495,0,correlation 0.65 <= 0.7
2,78.4443,8.0424,125.00,121.00,154.41,161.67,0.8341,0,centroids differ by 7.3 km
2,78.4044,8.0719,121.00,133.00,153.97,164.87,0.6673,0,correlation 0.67 <= 0.7
2,78.4954,8.0199,129.00,109.00,156.36,159.14,0.6519,0,correlation 0.65 <= 0.7
2,78.4263,8.0940,123.00,131.00,154.33,163.21,0.8365,0,centroids differ by 8.9 km
2,78.4712,8.0101,125.00,111.00,155.07,159.80,0.7429,0,centroids differ by 4.7 km
2,78.4793,8.0713,127.00,109.00,155.25,159.40,0.7079,0,centroids differ by 4.2 km
2,78.4971,8.0345,129.00,109.00,156.44,159.09,0.6459,0,correlation 0.65 <= 0.7
2,78.4332,8.0995,123.00,131.00,154.20,162.62,0.8470,0,centroids differ by 8.4 km
2,78.4741,8.0553,125.00,109.00,155.03,159.65,0.7307,0,centroids differ by 4.6 km
2,78.4516,8.1010,123.00,119.00,154.17,161.13,0.8237,0,centroids differ by 7.0 km
2,78.4077,8.1044,123.00,133.00,154.08,164.65,0.7027,0,centroids differ by 10.6 km
2,78.4210,8.0177,125.00,133.00,154.72,163.59,0.8169,0,centroids differ by 8.9 km
2,78.4133,8.0397,125.00,135.00,154.46,164.24,0.7646,0,centroids differ by 9.8 km
2,78.4629,8.0177,125.00,113.00,154.77,160.30,0.7854,0,centroids differ by 5.5 km
2,78.4983,8.1232,129.00,107.00,156.39,158.85,0.6174,0,correlation 0.62 <= 0.7
2,78.4619,8.0280,125.00,113.00,154.70,160.36,0.7915,0,centroids differ by 5.7 km
2,78.4437,8.0710,125.00,121.00,154.27,161.72,0.8355,0,centroids differ by 7.5 km
2,78.4973,8.0094,129.00,107.00,156.50,159.18,0.6468,0,correlation 0.65 <= 0.7
2,78.4294,8.0020,125.00,133.00,154.78,162.84,0.8336,0,centroids differ by 8.1 km
2,78.4900,8.0333,129.00,109.00,155.97,159.11,0.6627,0,correlation 0.66 <= 0.7
2,78.4455,8.0956,123.00,121.00,154.15,161.61,0.8343,0,centroids differ by 7.5 km
2,78.4329,8.1256,123.00,129.00,154.06,162.69,0.8503,0,centroids differ by 8.6 km
2,78.4842,8.0851,127.00,109.00,155.51,159.19,0.6808,0,correlation 0.68 <= 0.7
2,78.5989,6.9261,165.00,123.00,164.82,162.11,0.5661,0,correlation 0.57 <= 0.7
2,78.6476,6.9988,153.00,133.00,164.95,162.86,0.5074,0,correlation 0.51 <= 0.7
2,78.5992,6.9946,167.00,121.00,164.65,161.85,0.5448,0,correlation 0.54 <= 0.7
2,78.6727,7.0107,161.00,83.00,166.44,162.57,-0.2716,0,correlation -0.27 <= 0.7
2,78.5930,6.9033,167.00,137.00,164.62,162.04,0.5651,0,correlation 0.57 <= 0.7
2,78.6508,6.9645,153.00,135.00,165.12,162.83,0.3945,0,correlation 0.39 <= 0.7
2,78.6373,7.0100,151.00,145.00,164.76,162.53,0.5860,0,correlation 0.59 <= 0.7
2,78.5754,7.0090,151.00,80.00,163.46,160.47,0.5382,0,correlation 0.54 <= 0.7
2,78.5934,7.0139,165.00,133.00,164.39,161.55,0.5386,0,correlation 0.54 <= 0.7
2,78.5885,7.0308,163.00,85.00,164.13,161.21,0.5492,0,correlation 0.55 <= 0.7
2,78.6589,6.9829,163.00,115.00,165.47,162.57,0.0871,0,correlation 0.09 <= 0.7
2,78.6529,6.9396,153.00,115.00,165.24,162.76,0.2939,0,correlation 0.29 <= 0.7
2,78.5997,6.9016,167.00,123.00,164.91,162.21,0.5741,0,correlation 0.57 <= 0.7
2,78.6519,6.9304,153.00,117.00,165.23,162.80,0.3267,0,correlation 0.33 <= 0.7
2,78.6023,6.9323,165.00,121.00,164.92,162.16,0.5665,0,correlation 0.57 <= 0.7
2,78.6161,7.0205,166.00,123.00,164.81,162.12,0.5197,0,correlation 0.52 <= 0.7
2,78.6139,6.9215,171.00,125.00,165.20,162.43,0.5171,0,correlation 0.52 <= 0.7
2,78.6145,6.9668,169.00,125.00,165.03,162.29,0.5168,0,correlation 0.52 <= 0.7
2,78.6549,6.9871,153.00,115.00,165.23,162.69,0.2538,0,correlation 0.25 <= 0.7
2,78.5837,6.9825,159.00,85.00,163.98,161.17,0.5644,0,correlation 0.56 <= 0.7
2,78.6430,6.8909,153.00,137.00,165.24,163.01,0.5440,0,correlation 0.54 <= 0.7
2,78.5954,7.0215,163.00,133.00,164.44,161.61,0.5364,0,correlation 0.54 <= 0.7
2,78.5835,6.9999,165.00,85.00,163.93,161.07,0.5658,0,correlation 0.57 <= 0.7
2,78.5872,6.9464,165.00,86.00,164.23,161.56,0.5564,0,correlation 0.56 <= 0.7
2,78.6458,6.9506,173.00,135.00,165.07,162.94,0.5211,0,correlation 0.52 <= 0.7
2,78.6598,6.9026,155.00,117.00,165.56,162.53,0.0009,0,correlation 0.00 <= 0.7
2,78.6427,6.9751,151.00,135.00,164.94,162.85,0.5757,0,correlation 0.58 <= 0.7
2,78.6518,6.9446,153.00,135.00,165.19,162.80,0.3404,0,correlation 0.34 <= 0.7
2,78.5905,6.9206,167.00,135.00,164.46,161.86,0.5589,0,correlation 0.56 <= 0.7
2,78.6160,6.8858,171.00,127.00,165.35,162.52,0.5025,0,correlation 0.50 <= 0.7
2,78.6087,6.8933,171.00,127.00,165.21,162.47,0.5542,0,correlation 0.55 <= 0.7
2,78.5981,7.0085,166.50,121.00,164.57,161.76,0.5384,0,correlation 0.54 <= 0.7
2,78.6261,6.9356,167.00,151.00,165.12,162.45,0.5185,0,correlation 0.52 <= 0.7
2,78.6656,7.0287,161.00,83.00,165.96,162.45,-0.1151,0,correlation -0.12 <= 0.7
2,78.6132,7.0158,166.00,123.00,164.83,162.11,0.5320,0,correlation 0.53 <= 0.7
2,78.6098,6.9850,169.00,121.96,164.93,162.17,0.5454,0,correlation 0.55 <= 0.7
2,78.4575,8.8646,117.00,111.00,152.43,163.08,0.6728,0,correlation 0.67 <= 0.7
2,78.3922,8.8342,111.00,135.00,150.70,166.88,0.0883,0,correlation 0.09 <= 0.7
2,78.4513,8.8047,117.00,115.00,152.03,163.13,0.7486,0,centroids differ by 11.1 km
2,78.3931,8.8876,111.00,133.00,150.37,167.05,0.0419,0,correlation 0.04 <= 0.7
2,78.4229,8.7514,113.00,123.00,150.90,164.88,0.6197,0,correlation 0.62 <= 0.7
2,78.4536,8.8744,117.00,113.00,152.11,163.44,0.6715,0,correlation 0.67 <= 0.7
2,78.4264,8.8535,111.00,125.00,150.53,165.38,0.5166,0,correlation 0.52 <= 0.7
2,78.4559,8.8511,117.00,113.00,152.33,163.11,0.6934,0,correlation 0.69 <= 0.7
2,78.4751,8.8130,118.19,105.00,153.87,161.59,0.5671,0,correlation 0.57 <= 0.7
2,78.4447,8.8681,115.00,115.00,151.44,164.11,0.6667,0,correlation 0.67 <= 0.7
2,78.3967,8.7832,113.00,133.00,150.92,166.48,0.2018,0,correlation 0.20 <= 0.7
2,78.4434,8.8212,115.00,117.00,151.43,163.82,0.7185,0,centroids differ by 12.4 km
2,78.4572,8.7878,117.00,113.00,152.51,162.64,0.7478,0,centroids differ by 10.1 km
2,78.3839,8.8158,113.00,137.00,150.85,167.17,-0.0004,0,correlation -0.00 <= 0.7
2,78.4413,8.8351,115.00,117.00,151.26,164.10,0.6910,0,correlation 0.69 <= 0.7
2,78.4036,8.8247,113.00,131.00,150.53,166.32,0.2461,0,correlation 0.25 <= 0.7
2,78.4093,8.8317,113.00,129.00,150.43,166.09,0.3165,0,correlation 0.32 <= 0.7
2,78.4431,8.8088,115.00,117.00,151.43,163.76,0.7301,0,centroids differ by 12.3 km
2,78.4332,8.8429,113.00,119.00,150.79,164.85,0.6103,0,correlation 0.61 <= 0.7
2,78.4286,8.7676,113.00,121.00,150.92,164.59,0.6647,0,correlation 0.66 <= 0.7
2,78.4179,8.8581,111.00,127.00,150.33,165.83,0.3955,0,correlation 0.40 <= 0.7
2,78.4490,8.8917,115.00,113.00,151.73,163.94,0.6499,0,correlation 0.65 <= 0.7
2,78.4288,8.8355,111.00,121.97,150.67,165.10,0.5745,0,correlation 0.57 <= 0.7
2,78.3979,8.8496,111.00,133.00,150.50,166.69,0.1406,0,correlation 0.14 <= 0.7
2,78.4628,8.7747,117.00,109.00,152.94,162.19,0.7204,0,centroids differ by 9.3 km
2,78.4785,8.8394,129.00,105.00,154.24,161.49,0.5083,0,correlation 0.51 <= 0.7
2,78.4109,8.7550,113.00,131.00,150.84,165.67,0.4384,0,correlation 0.44 <= 0.7
2,78.4371,8.8645,113.00,117.00,150.92,164.73,0.6163,0,correlation 0.62 <= 0.7
2,78.3891,8.7617,113.00,135.00,151.11,166.77,0.1151,0,correlation 0.12 <= 0.7
2,78.4046,8.7654,113.00,131.00,150.87,166.05,0.3314,0,correlation 0.33 <= 0.7
2,78.4255,8.7465,113.00,123.00,150.95,164.66,0.6561,0,correlation 0.66 <= 0.7
2,78.4469,8.8665,115.00,115.00,151.60,163.91,0.6778,0,correlation 0.68 <= 0.7
2,78.4118,8.8189,113.00,129.00,150.50,165.94,0.3639,0,correlation 0.36 <= 0.7
2,78.4279,8.8717,111.00,125.00,150.51,165.40,0.5056,0,correlation 0.51 <= 0.7
2,78.4569,8.7545,117.00,113.00,152.52,162.49,0.7728,0,centroids differ by 10.0 km
2,78.4587,8.8555,117.00,111.00,152.53,162.94,0.6784,0,correlation 0.68 <= 0.7
2,78.3826,2.2536,141.00,135.00,168.34,165.90,0.5972,0,correlation 0.60 <= 0.7
2,78.3211,2.2455,171.00,157.00,172.15,167.17,0.5882,0,correlation 0.59 <= 0.7
2,78.3744,2.1845,141.00,137.00,169.46,165.95,0.6976,0,correlation 0.70 <= 0.7
2,78.3116,2.2983,169.00,157.00,172.34,167.21,0.2703,0,correlation 0.27 <= 0.7
2,78.3299,2.2589,163.00,155.00,171.79,166.98,0.7627,0,centroids differ by 4.8 km
2,78.3092,2.2655,195.28,157.00,172.41,167.30,0.1610,0,correlation 0.16 <= 0.7
2,78.3696,2.2516,141.42,143.00,169.72,166.25,0.7359,0,centroids differ by 3.5 km
2,78.3635,2.3015,145.00,141.00,169.34,166.45,0.7748,0,centroids differ by 2.9 km
2,78.3370,2.2011,163.00,153.00,172.56,166.84,0.8387,0,centroids differ by 5.7 km
2,78.3215,2.2909,168.26,157.00,172.08,167.12,0.5999,0,correlation 0.60 <= 0.7
2,78.3295,2.2074,165.00,157.00,172.91,167.02,0.7721,0,centroids differ by 5.9 km
2,78.3448,2.1796,149.00,161.00,172.15,166.66,0.8480,0,centroids differ by 5.5 km
2,78.3773,2.2177,142.00,135.00,169.03,165.95,0.6658,0,correlation 0.67 <= 0.7
2,78.3159,2.2755,169.00,157.00,172.27,167.21,0.4264,0,correlation 0.43 <= 0.7
2,78.3596,2.1956,148.00,143.00,170.91,166.43,0.7962,0,centroids differ by 4.5 km
2,78.3345,2.2751,163.00,155.00,171.56,166.89,0.8127,0,centroids differ by 4.7 km
2,78.3548,2.2992,147.00,143.00,170.17,166.52,0.8222,0,centroids differ by 3.6 km
2,78.3946,2.1956,143.00,133.00,167.45,165.34,0.4388,0,correlation 0.44 <= 0.7
2,78.3223,2.2593,168.34,157.00,172.09,167.14,0.6193,0,correlation 0.62 <= 0.7
2,78.3077,2.3159,96.00,157.00,172.38,167.20,0.1119,0,correlation 0.11 <= 0.7
2,78.3459,2.2672,149.00,159.00,170.94,166.65,0.8489,0,centroids differ by 4.3 km
2,78.3562,2.1817,149.00,143.00,171.26,166.49,0.8130,0,centroids differ by 4.8 km
2,78.3841,2.2459,141.00,135.00,168.20,165.84,0.5757,0,correlation 0.58 <= 0.7
2,78.3921,2.2917,141.00,133.00,167.29,165.74,0.4575,0,correlation 0.46 <= 0.7
2,78.3436,2.2437,149.00,161.00,172.09,166.70,0.8526,0,centroids differ by 5.4 km
2,78.3384,2.3159,161.00,153.00,171.29,166.79,0.8388,0,centroids differ by 4.5 km
2,78.3696,2.1691,143.00,137.00,170.00,166.07,0.7379,0,centroids differ by 3.9 km
2,78.3140,2.2669,169.00,157.00,172.32,167.25,0.3553,0,correlation 0.36 <= 0.7
2,78.3665,2.2361,145.00,143.00,170.10,166.31,0.7586,0,centroids differ by 3.8 km
2,78.3735,2.3099,139.00,139.00,168.28,166.26,0.7019,0,centroids differ by 2.0 km
2,78.3561,2.3003,147.00,143.00,170.05,166.51,0.8156,0,centroids differ by 3.5 km
2,78.3727,2.2539,141.99,135.00,169.38,166.17,0.7090,0,centroids differ by 3.2 km
2,78.3775,2.2853,141.00,135.00,168.74,166.10,0.6587,0,correlation 0.66 <= 0.7
2,78.3253,2.2369,165.00,157.00,172.01,167.10,0.6854,0,correlation 0.69 <= 0.7
2,78.3279,2.1843,165.00,157.00,173.01,167.06,0.7482,0,centroids differ by 6.0 km
2,78.3510,2.2454,149.00,159.00,171.53,166.57,0.8374,0,centroids differ by 5.0 km
2,78.5834,6.5524,155.00,133.00,164.82,163.07,0.6711,0,correlation 0.67 <= 0.7
2,78.6314,6.6228,177.00,145.00,166.37,163.62,0.5614,0,correlation 0.56 <= 0.7
2,78.6454,6.6512,171.00,123.00,166.16,163.14,0.2227,0,correlation 0.22 <= 0.7
2,78.5995,6.6606,165.00,133.00,165.42,163.23,0.6505,0,correlation 0.65 <= 0.7
2,78.5764,6.6238,153.00,80.00,164.29,162.31,0.5783,0,correlation 0.58 <= 0.7
2,78.5538,6.6202,151.00,83.00,162.77,160.55,0.3249,0,correlation 0.32 <= 0.7
2,78.6035,6.6257,171.00,133.00,165.68,163.36,0.6148,0,correlation 0.61 <= 0.7
2,78.6123,6.6270,171.00,161.00,166.01,163.26,0.5457,0,correlation 0.55 <= 0.7
2,78.6468,6.6591,171.00,123.00,166.11,163.07,0.1835,0,correlation 0.18 <= 0.7
2,78.6074,6.6441,171.00,133.00,165.80,163.26,0.5731,0,correlation 0.57 <= 0.7
2,78.5522,6.6350,151.00,83.00,162.63,160.37,0.3150,0,correlation 0.32 <= 0.7
2,78.5912,6.5893,155.81,131.16,165.15,163.28,0.6947,0,correlation 0.69 <= 0.7
2,78.5612,6.6674,151.00,80.00,163.22,160.89,0.3939,0,correlation 0.39 <= 0.7
2,78.5511,6.6606,151.00,80.00,162.51,160.16,0.3110,0,correlation 0.31 <= 0.7
2,78.5861,6.5515,155.00,131.00,164.97,163.21,0.6903,0,correlation 0.69 <= 0.7
2,78.5857,6.6016,155.00,131.00,164.84,163.00,0.6655,0,correlation 0.67 <= 0.7
2,78.6116,6.6470,171.00,133.00,165.94,163.20,0.5447,0,correlation 0.54 <= 0.7
2,78.5763,6.6293,153.00,80.00,164.27,162.28,0.5748,0,correlation 0.57 <= 0.7
2,78.5538,6.6474,151.00,80.00,162.72,160.42,0.3276,0,correlation 0.33 <= 0.7
2,78.5524,6.5904,151.00,83.00,162.72,160.56,0.3087,0,correlation 0.31 <= 0.7
2,78.6450,6.6738,183.00,123.00,166.07,163.17,0.2777,0,correlation 0.28 <= 0.7
2,78.6203,6.5404,173.00,161.00,166.46,163.67,0.5835,0,correlation 0.58 <= 0.7
2,78.5688,6.5860,153.00,83.00,163.87,161.91,0.5078,0,correlation 0.51 <= 0.7
2,78.5485,6.6016,151.00,83.00,162.44,160.20,0.2819,0,correlation 0.28 <= 0.7
2,78.6366,6.6741,173.00,143.00,166.14,163.47,0.5226,0,correlation 0.52 <= 0.7
2,78.5935,6.5475,156.32,135.00,165.34,163.55,0.7118,0,centroids differ by 1.8 km
2,78.5548,6.6122,151.00,83.00,162.85,160.65,0.3319,0,correlation 0.33 <= 0.7
2,78.5556,6.6348,151.00,84.00,162.87,160.62,0.3407,0,correlation 0.34 <= 0.7
2,78.5995,6.5625,159.00,135.00,165.60,163.59,0.6688,0,correlation 0.67 <= 0.7
2,78.5811,6.6582,153.00,80.00,164.48,162.51,0.6086,0,correlation 0.61 <= 0.7
2,78.5948,6.5642,159.00,135.00,165.37,163.51,0.7013,0,centroids differ by 1.9 km
2,78.6254,6.6264,177.00,157.00,166.32,163.48,0.5670,0,correlation 0.57 <= 0.7
2,78.5608,6.5686,153.00,80.00,163.34,161.32,0.4007,0,correlation 0.40 <= 0.7
2,78.5800,6.6322,155.00,82.00,164.47,162.54,0.6129,0,correlation 0.61 <= 0.7
2,78.6209,6.5625,175.00,159.00,166.42,163.60,0.5760,0,correlation 0.58 <= 0.7
2,78.6170,6.6028,171.00,161.00,166.22,163.37,0.5529,0,correlation 0.55 <= 0.7
2,78.4506,8.1495,123.00,119.00,153.94,161.26,0.8256,0,centroids differ by 7.3 km
2,78.4033,8.0411,121.00,135.00,153.96,164.94,0.6579,0,correlation 0.66 <= 0.7
2,78.4972,8.0393,129.00,109.00,156.44,159.07,0.6444,0,correlation 0.64 <= 0.7
2,78.4938,8.0601,129.00,109.00,156.18,159.00,0.6468,0,correlation 0.65 <= 0.7
2,78.4790,8.1295,127.00,107.00,155.11,159.45,0.6987,0,correlation 0.70 <= 0.7
2,78.4657,8.1844,123.00,109.00,154.26,160.22,0.7634,0,centroids differ by 6.0 km
2,78.4005,8.0545,121.00,135.00,153.73,165.12,0.6159,0,correlation 0.62 <= 0.7
2,78.4888,8.1848,127.00,105.00,155.64,159.10,0.6367,0,correlation 0.64 <= 0.7
2,78.4361,8.1360,123.00,129.00,153.98,162.42,0.8540,0,centroids differ by 8.4 km
2,78.4400,8.1557,123.00,127.00,153.86,162.11,0.8544,0,centroids differ by 8.3 km
2,78.4573,8.1752,121.00,117.00,153.99,160.80,0.8029,0,centroids differ by 6.8 km
2,78.4469,8.1696,123.00,119.00,153.81,161.57,0.8385,0,centroids differ by 7.8 km
2,78.4646,8.1592,121.00,109.00,154.30,160.25,0.7717,0,centroids differ by 6.0 km
2,78.4830,8.0617,127.00,109.00,155.48,159.23,0.6889,0,correlation 0.69 <= 0.7
2,78.4711,8.1193,124.00,109.00,154.71,159.86,0.7444,0,centroids differ by 5.1 km
2,78.4089,8.1146,123.00,133.00,154.09,164.56,0.7152,0,centroids differ by 10.5 km
2,78.4809,8.1538,127.00,105.00,155.17,159.38,0.6841,0,correlation 0.68 <= 0.7
2,78.4028,8.0505,121.00,135.00,153.91,164.97,0.6493,0,correlation 0.65 <= 0.7
2,78.4682,8.0452,123.00,111.00,154.85,159.98,0.7585,0,centroids differ by 5.1 km
2,78.4164,8.1613,123.00,131.00,154.07,164.04,0.7779,0,centroids differ by 10.0 km
2,78.4360,8.0870,125.00,129.00,154.23,162.36,0.8435,0,centroids differ by 8.1 km
2,78.4905,8.0533,129.00,109.00,155.97,159.05,0.6572,0,correlation 0.66 <= 0.7
2,78.4833,8.1051,127.00,105.00,155.42,159.24,0.6832,0,correlation 0.68 <= 0.7
2,78.4143,8.0838,122.00,133.00,154.34,164.20,0.7686,0,centroids differ by 9.9 km
2,78.4940,8.1673,127.00,105.00,156.02,158.88,0.6155,0,correlation 0.62 <= 0.7
2,78.4241,8.1521,123.00,131.00,154.05,163.48,0.8244,0,centroids differ by 9.4 km
2,78.4194,8.1846,121.00,129.00,153.94,163.84,0.7949,0,centroids differ by 9.9 km
2,78.4938,8.1279,129.00,107.00,156.08,158.88,0.6251,0,correlation 0.63 <= 0.7
2,78.4532,8.0855,123.00,121.00,154.26,160.98,0.8209,0,centroids differ by 6.7 km
2,78.4518,8.0938,123.00,119.00,154.21,161.10,0.8238,0,centroids differ by 6.9 km
2,78.4136,8.0579,125.00,133.00,154.41,164.24,0.7649,0,centroids differ by 9.8 km
2,78.4114,8.1823,123.00,129.00,153.93,164.39,0.7298,0,centroids differ by 10.5 km
2,78.4273,8.0593,123.00,131.00,154.50,163.09,0.8366,0,centroids differ by 8.6 km
2,78.4764,8.0389,125.00,111.00,155.18,159.54,0.7216,0,centroids differ by 4.4 km
2,78.4852,8.0484,127.00,109.00,155.64,159.15,0.6784,0,correlation 0.68 <= 0.7
2,78.4285,8.1045,123.00,131.00,154.24,163.04,0.8412,0,centroids differ by 8.8 km
2,78.3486,2.1276,149.00,145.00,172.00,166.60,0.8363,0,centroids differ by 5.4 km
2,78.3566,2.0723,151.00,145.00,171.53,166.33,0.8099,0,centroids differ by 5.2 km
2,78.3668,2.1292,141.00,137.00,170.42,166.07,0.7580,0,centroids differ by 4.3 km
2,78.3347,2.0992,165.00,163.00,172.84,166.87,0.8147,0,centroids differ by 6.0 km
2,78.3101,2.1778,195.00,159.00,173.54,167.43,0.2086,0,correlation 0.21 <= 0.7
2,78.3146,2.1140,171.00,159.00,173.52,167.42,0.3851,0,correlation 0.39 <= 0.7
2,78.3783,2.0979,143.00,137.00,169.36,165.61,0.6710,0,correlation 0.67 <= 0.7
2,78.3683,2.1668,143.00,137.00,170.15,166.11,0.7474,0,centroids differ by 4.0 km
2,78.3112,2.0604,197.00,161.00,173.63,167.53,0.2324,0,correlation 0.23 <= 0.7
2,78.3279,2.1043,167.00,157.00,173.13,167.06,0.7387,0,centroids differ by 6.1 km
2,78.3861,2.0865,143.00,137.00,168.62,165.31,0.5662,0,correlation 0.57 <= 0.7
2,78.3651,2.0707,147.00,139.00,170.77,165.99,0.7730,0,centroids differ by 4.8 km
2,78.3434,2.0545,151.00,145.00,172.49,166.68,0.8334,0,centroids differ by 5.8 km
2,78.3123,2.1323,195.00,159.00,173.55,167.46,0.2951,0,correlation 0.30 <= 0.7
2,78.3051,2.0643,98.00,161.00,173.69,167.66,-0.0420,0,correlation -0.04 <= 0.7
2,78.3218,2.1086,173.00,159.00,173.34,167.22,0.6130,0,correlation 0.61 <= 0.7
2,78.3067,2.1378,201.00,159.00,173.61,167.53,0.0453,0,correlation 0.05 <= 0.7
2,78.3257,2.1466,167.00,157.00,173.16,167.12,0.7057,0,centroids differ by 6.0 km
2,78.3137,2.1749,171.00,159.00,173.48,167.38,0.3568,0,correlation 0.36 <= 0.7
2,78.3344,2.1587,165.00,153.00,172.77,166.90,0.8192,0,centroids differ by 5.9 km
2,78.3383,2.0516,165.00,163.00,172.75,166.78,0.8241,0,centroids differ by 6.0 km
2,78.3238,2.1682,177.00,157.00,173.20,167.17,0.6681,0,correlation 0.67 <= 0.7
2,78.3615,2.1537,147.00,143.00,170.85,166.31,0.7874,0,centroids differ by 4.5 km
2,78.3237,2.1774,177.00,157.00,173.19,167.16,0.6669,0,correlation 0.67 <= 0.7
2,78.3693,2.1185,141.00,137.00,170.21,165.95,0.7448,0,centroids differ by 4.3 km
2,78.3054,2.1318,98.00,159.00,173.63,167.56,-0.0156,0,correlation -0.02 <= 0.7
2,78.3805,2.1718,143.00,137.00,168.86,165.74,0.6337,0,correlation 0.63 <= 0.7
2,78.3523,2.0775,151.00,145.00,171.85,166.49,0.8237,0,centroids differ by 5.4 km
2,78.3081,2.1399,197.81,159.00,173.60,167.51,0.1083,0,correlation 0.11 <= 0.7
2,78.3583,2.1394,149.00,145.00,171.19,166.39,0.8033,0,centroids differ by 4.8 km
2,78.3575,2.0915,151.00,145.00,171.40,166.34,0.8072,0,centroids differ by 5.1 km
2,78.3903,2.1932,143.00,135.00,167.82,165.49,0.4959,0,correlation 0.50 <= 0.7
2,78.3641,2.1978,143.00,143.00,170.47,166.32,0.7736,0,centroids differ by 4.2 km
2,78.3961,2.1167,143.00,135.00,167.65,165.02,0.4424,0,correlation 0.44 <= 0.7
2,78.3811,2.0788,143.00,137.00,169.15,165.46,0.6374,0,correlation 0.64 <= 0.7
2,78.3220,2.1387,170.23,159.00,173.29,167.22,0.6218,0,correlation 0.62 <= 0.7
2,78.8235,9.7384,161.00,155.00,170.58,166.12,0.1733,0,correlation 0.17 <= 0.7
2,78.8566,9.7564,170.02,229.00,172.48,168.87,0.5674,0,correlation 0.57 <= 0.7
2,78.8860,9.6965,177.00,243.00,174.00,167.95,0.5874,0,correlation 0.59 <= 0.7
2,78.8579,9.7842,173.00,227.00,172.56,168.60,0.5404,0,correlation 0.54 <= 0.7
2,78.8733,9.7026,175.00,239.00,173.38,168.08,0.5674,0,correlation 0.57 <= 0.7
2,78.8931,9.6860,179.00,249.00,174.33,167.83,0.5600,0,correlation 0.56 <= 0.7
2,78.8938,9.7253,179.00,249.00,174.36,167.75,0.5138,0,correlation 0.51 <= 0.7
2,78.8436,9.6986,165.00,161.00,171.74,169.81,0.6234,0,correlation 0.62 <= 0.7
2,78.8314,9.6753,163.00,161.00,171.09,167.03,0.4589,0,correlation 0.46 <= 0.7
2,78.8770,9.7751,175.00,231.00,173.56,167.97,0.5627,0,correlation 0.56 <= 0.7
2,78.8278,9.7029,163.00,159.00,170.85,166.60,0.3439,0,correlation 0.34 <= 0.7
2,78.8843,9.6840,177.00,243.00,173.92,167.92,0.5944,0,correlation 0.59 <= 0.7
2,78.8590,9.7245,171.00,233.00,172.61,168.91,0.5774,0,correlation 0.58 <= 0.7
2,78.8212,9.7210,163.00,141.00,170.46,165.87,0.1049,0,correlation 0.10 <= 0.7
2,78.8238,9.6982,163.00,159.00,170.64,166.15,0.2172,0,correlation 0.22 <= 0.7
2,78.8636,9.7039,169.00,235.00,172.87,168.67,0.5699,0,correlation 0.57 <= 0.7
2,78.8488,9.7408,165.00,211.00,172.03,169.59,0.6385,0,correlation 0.64 <= 0.7
2,78.8631,9.7626,173.00,229.00,172.83,168.43,0.5417,0,correlation 0.54 <= 0.7
2,78.8220,9.7394,161.00,153.00,170.48,165.95,0.1152,0,correlation 0.12 <= 0.7
2,78.8385,9.7634,163.00,155.00,171.42,169.04,0.5710,0,correlation 0.57 <= 0.7
2,78.8791,9.7901,175.00,231.00,173.67,168.05,0.5571,0,correlation 0.56 <= 0.7
2,78.8341,9.7720,163.00,155.00,171.16,168.03,0.4693,0,correlation 0.47 <= 0.7
2,78.8742,9.7346,175.00,235.00,173.41,167.96,0.5618,0,correlation 0.56 <= 0.7
2,78.8368,9.6890,163.00,161.00,171.37,168.20,0.5449,0,correlation 0.54 <= 0.7
2,78.8227,9.8014,161.00,151.00,170.47,166.00,0.0972,0,correlation 0.10 <= 0.7
2,78.8787,9.6794,177.00,243.00,173.65,167.95,0.5886,0,correlation 0.59 <= 0.7
2,78.8847,9.7947,177.00,245.00,173.96,168.15,0.5437,0,correlation 0.54 <= 0.7
2,78.8016,9.7961,161.00,119.00,169.18,162.57,-0.4685,0,correlation -0.47 <= 0.7
2,78.8931,9.7219,179.00,249.00,174.32,167.82,0.5287,0,correlation 0.53 <= 0.7
2,78.8687,9.6948,175.00,239.00,173.14,168.40,0.5630,0,correlation 0.56 <= 0.7
2,78.8511,9.7147,165.00,215.00,172.18,169.65,0.6418,0,correlation 0.64 <= 0.7
2,78.8582,9.7869,173.00,225.00,172.58,168.56,0.5374,0,correlation 0.54 <= 0.7
2,78.8186,9.8153,159.00,133.00,170.21,165.52,-0.0864,0,correlation -0.09 <= 0.7
2,78.8554,9.6947,167.00,235.00,172.42,169.43,0.6262,0,correlation 0.63 <= 0.7
2,78.8603,9.8059,173.00,225.00,172.68,168.37,0.5267,0,correlation 0.53 <= 0.7
2,78.8549,9.7051,167.00,233.00,172.39,169.39,0.6218,0,correlation 0.62 <= 0.7
2,78.4587,7.7375,129.00,119.00,156.02,161.25,0.7478,0,centroids differ by 5.2 km
2,78.4918,7.6451,131.00,117.00,157.06,160.94,0.6950,0,correlation 0.70 <= 0.7
2,78.5043,7.7133,133.00,141.00,157.55,160.60,0.7103,0,centroids differ by 3.0 km
2,78.4709,7.6770,131.00,119.00,156.39,161.05,0.7181,0,centroids differ by 4.7 km
2,78.5051,7.6219,135.00,83.00,157.81,160.95,0.7193,0,centroids differ by 3.1 km
2,78.4501,7.7263,129.00,119.00,156.10,161.83,0.7703,0,centroids differ by 5.7 km
2,78.4981,7.6378,133.00,143.00,157.37,160.90,0.7075,0,centroids differ by 3.5 km
2,78.5056,7.7108,133.00,141.00,157.64,160.62,0.7136,0,centroids differ by 3.0 km
2,78.5402,7.6198,138.99,147.00,160.08,160.50,0.7507,1,
2,78.4883,7.6817,129.00,115.00,156.82,160.82,0.6947,0,correlation 0.69 <= 0.7
2,78.5424,7.7439,145.00,143.00,160.06,160.24,0.7950,1,
2,78.4739,7.7293,129.00,119.00,156.22,160.69,0.7163,0,centroids differ by 4.5 km
2,78.5357,7.6687,138.00,80.00,159.70,160.47,0.7456,0,NYA peak not clear against upper and lower means
2,78.5346,7.6129,137.00,80.00,159.76,160.59,0.7268,0,NYA peak not clear against upper and lower means
2,78.4485,7.7187,129.00,121.00,156.15,161.96,0.7721,0,centroids differ by 5.8 km
2,78.5126,7.7041,135.00,80.00,158.14,160.70,0.7194,0,NYA peak not clear against upper and lower means
2,78.5366,7.6506,138.00,147.00,159.79,160.49,0.7485,1,
2,78.5045,7.7027,133.00,141.00,157.59,160.64,0.7110,0,centroids differ by 3.1 km
2,78.5137,7.7556,135.00,80.00,158.11,160.54,0.7196,0,NYA peak not clear against upper and lower means
2,78.4668,7.6196,131.00,121.00,156.63,161.48,0.7166,0,centroids differ by 4.9 km
2,78.4870,7.7072,129.00,115.00,156.68,160.68,0.6908,0,correlation 0.69 <= 0.7
2,78.5079,7.7176,133.00,141.00,157.78,160.61,0.7175,0,centroids differ by 2.8 km
2,78.4670,7.6664,131.00,121.00,156.40,161.22,0.7230,0,centroids differ by 4.8 km
2,78.5084,7.6789,135.00,83.00,157.90,160.76,0.7212,0,NYA peak not clear against upper and lower means
2,78.4690,7.6941,131.00,119.00,156.29,161.01,0.7223,0,centroids differ by 4.7 km
2,78.4977,7.7571,133.00,115.00,157.04,160.42,0.6926,0,correlation 0.69 <= 0.7
2,78.4594,7.6734,131.00,121.00,156.36,161.46,0.7299,0,centroids differ by 5.1 km
2,78.5257,7.7106,135.00,80.00,158.99,160.60,0.7076,0,NYA peak not clear against upper and lower means
2,78.5262,7.6130,137.00,80.00,159.26,160.69,0.6703,0,correlation 0.67 <= 0.7
2,78.5124,7.6971,135.00,80.00,158.15,160.72,0.7205,0,NYA peak not clear against upper and lower means
2,78.5197,7.7405,135.00,80.00,158.54,160.62,0.7205,0,NYA peak not clear against upper and lower means
2,78.4611,7.7031,131.00,121.00,156.20,161.23,0.7315,0,centroids differ by 5.0 km
2,78.4851,7.7452,129.00,113.00,156.48,160.48,0.6895,0,correlation 0.69 <= 0.7
2,78.5093,7.6269,135.00,83.00,158.07,160.92,0.7151,0,NYA peak not clear against upper and lower means
2,78.4700,7.6917,129.00,119.00,156.31,161.00,0.7213,0,centroids differ by 4.7 km
2,78.4984,7.7443,133.00,115.00,157.11,160.47,0.6940,0,correlation 0.69 <= 0.7
2,78.6196,7.2408,173.00,117.00,163.74,161.27,0.5816,0,correlation 0.58 <= 0.7
2,78.6801,7.3171,159.00,88.29,166.95,162.81,-0.3188,0,correlation -0.32 <= 0.7
2,78.5854,7.3074,161.00,80.00,163.27,160.13,0.5969,0,correlation 0.60 <= 0.7
2,78.6182,7.1937,161.00,115.43,163.96,161.44,0.5717,0,correlation 0.57 <= 0.7
2,78.5872,7.2042,163.00,80.00,163.63,160.42,0.5610,0,correlation 0.56 <= 0.7
2,78.6548,7.3283,157.00,123.00,165.30,162.00,0.3406,0,correlation 0.34 <= 0.7
2,78.6366,7.2590,149.00,139.00,164.02,161.45,0.5492,0,correlation 0.55 <= 0.7
2,78.5863,7.2100,162.57,80.00,163.57,160.35,0.5648,0,correlation 0.56 <= 0.7
2,78.6177,7.2699,173.00,113.27,163.61,161.16,0.5830,0,correlation 0.58 <= 0.7
2,78.5937,7.2491,165.00,80.00,163.69,160.55,0.5358,0,correlation 0.54 <= 0.7
2,78.6136,7.3056,159.00,113.00,163.44,160.98,0.5687,0,correlation 0.57 <= 0.7
2,78.6361,7.2560,149.00,139.00,164.01,161.45,0.5511,0,correlation 0.55 <= 0.7
2,78.6737,7.2296,161.00,80.00,166.57,162.47,-0.2400,0,correlation -0.24 <= 0.7
2,78.6536,7.1905,159.00,127.00,165.16,162.42,0.3909,0,correlation 0.39 <= 0.7
2,78.6491,7.2042,159.00,127.00,164.82,162.22,0.4873,0,correlation 0.49 <= 0.7
2,78.6546,7.3009,157.00,125.00,165.28,162.10,0.3506,0,correlation 0.35 <= 0.7
2,78.6389,7.2836,149.00,139.00,164.13,161.43,0.5289,0,correlation 0.53 <= 0.7
2,78.6208,7.2983,167.00,114.00,163.52,161.10,0.5882,0,correlation 0.59 <= 0.7
2,78.6363,7.3023,149.00,139.00,163.96,161.26,0.5234,0,correlation 0.52 <= 0.7
2,78.6084,7.2367,161.00,115.00,163.82,161.13,0.5332,0,correlation 0.53 <= 0.7
2,78.5906,7.2681,165.00,80.00,163.55,160.36,0.5536,0,correlation 0.55 <= 0.7
2,78.5962,7.1878,165.00,82.00,163.97,160.89,0.5167,0,correlation 0.52 <= 0.7
2,78.6603,7.2493,157.00,109.00,165.67,162.30,0.1711,0,correlation 0.17 <= 0.7
2,78.6379,7.3284,157.00,137.00,164.06,161.21,0.4987,0,correlation 0.50 <= 0.7
2,78.6012,7.2355,162.00,80.00,163.83,160.95,0.5145,0,correlation 0.51 <= 0.7
2,78.6181,7.2130,172.00,115.95,163.87,161.35,0.5754,0,correlation 0.58 <= 0.7
2,78.6264,7.1930,147.00,119.00,163.97,161.47,0.5567,0,correlation 0.56 <= 0.7
2,78.5837,7.3131,161.00,80.00,163.19,160.07,0.6092,0,correlation 0.61 <= 0.7
2,78.6656,7.2712,159.00,107.00,166.03,162.27,-0.0104,0,correlation -0.01 <= 0.7
2,78.6278,7.3117,147.00,115.00,163.60,161.09,0.5580,0,correlation 0.56 <= 0.7
2,78.6581,7.2762,157.00,125.00,165.52,162.25,0.2619,0,correlation 0.26 <= 0.7
2,78.6320,7.2209,149.00,141.00,163.97,161.46,0.5580,0,correlation 0.56 <= 0.7
2,78.6322,7.2375,149.00,141.00,163.92,161.40,0.5561,0,correlation 0.56 <= 0.7
2,78.6756,7.2995,159.00,88.53,166.68,162.55,-0.2698,0,correlation -0.27 <= 0.7
2,78.6476,7.2025,159.00,129.00,164.72,162.16,0.5093,0,correlation 0.51 <= 0.7
2,78.6801,7.2118,161.00,80.00,166.98,162.83,-0.3143,0,correlation -0.31 <= 0.7
2,78.4803,7.9989,127.00,111.00,155.48,159.39,0.7033,0,centroids differ by 3.9 km
2,78.5252,7.9766,135.00,109.00,158.64,159.65,0.7262,0,centroids differ by 1.0 km
2,78.5022,7.9736,131.00,107.00,156.89,159.41,0.6463,0,correlation 0.65 <= 0.7
2,78.5221,8.0394,133.00,129.00,158.36,159.23,0.6928,0,correlation 0.69 <= 0.7
2,78.5349,7.9612,147.00,109.00,159.58,159.82,0.7495,1,
2,78.4971,7.9548,129.00,107.00,156.57,159.45,0.6550,0,correlation 0.65 <= 0.7
2,78.4777,7.9605,127.00,113.00,155.48,159.58,0.7111,0,centroids differ by 4.1 km
2,78.5286,7.9720,141.00,109.00,158.96,159.74,0.7390,1,
2,78.5116,7.9227,133.00,109.00,157.61,159.75,0.6787,0,correlation 0.68 <= 0.7
2,78.5289,8.0149,147.00,131.00,159.05,159.49,0.7258,1,
2,78.5337,7.9471,147.00,111.00,159.43,159.89,0.7517,1,
2,78.4675,8.0576,123.00,111.00,154.78,160.02,0.7631,0,centroids differ by 5.2 km
2,78.5556,7.9974,148.02,133.00,160.90,159.45,0.7976,0,centroids differ by 1.5 km
2,78.4626,8.0308,125.00,113.00,154.71,160.33,0.7885,0,centroids differ by 5.6 km
2,78.5394,8.0516,146.11,107.00,160.14,159.43,0.7306,1,
2,78.5051,8.0112,131.00,105.00,157.02,159.22,0.6387,0,correlation 0.64 <= 0.7
2,78.5425,8.0468,147.00,107.00,160.37,159.43,0.7349,1,
2,78.5260,7.9626,135.00,111.91,158.71,159.75,0.7337,0,centroids differ by 1.0 km
2,78.5113,7.9629,131.00,109.00,157.53,159.55,0.6663,0,correlation 0.67 <= 0.7
2,78.5181,7.9379,133.00,133.00,158.04,159.74,0.7042,0,centroids differ by 1.7 km
2,78.5056,7.9693,131.00,107.00,157.13,159.47,0.6516,0,correlation 0.65 <= 0.7
2,78.5563,8.0068,148.00,133.00,160.89,159.41,0.7982,0,centroids differ by 1.5 km
2,78.5542,7.9537,151.00,135.00,160.90,159.58,0.8015,0,centroids differ by 1.3 km
2,78.5462,8.0127,145.00,153.00,160.58,159.57,0.7565,0,centroids differ by 1.0 km
2,78.5102,7.9841,131.00,107.00,157.43,159.44,0.6577,0,correlation 0.66 <= 0.7
2,78.4797,7.9431,127.00,113.00,155.61,159.59,0.7023,0,centroids differ by 4.0 km
2,78.4771,7.9934,126.00,111.00,155.34,159.53,0.7180,0,centroids differ by 4.2 km
2,78.5183,8.0550,133.00,105.00,158.00,159.13,0.6698,0,correlation 0.67 <= 0.7
2,78.5067,7.9165,131.00,109.00,157.30,159.75,0.6669,0,correlation 0.67 <= 0.7
2,78.5119,7.9544,131.00,109.00,157.59,159.60,0.6710,0,correlation 0.67 <= 0.7
2,78.4701,7.9651,125.00,113.00,155.19,159.94,0.7447,0,centroids differ by 4.7 km
2,78.4685,7.9166,125.00,113.00,155.33,160.16,0.7452,0,centroids differ by 4.8 km
2,78.5474,7.9263,149.00,137.00,160.54,159.79,0.7908,1,
2,78.4982,8.0054,129.00,107.00,156.57,159.19,0.6442,0,correlation 0.64 <= 0.7
2,78.4914,7.9737,129.00,111.00,156.17,159.36,0.6701,0,correlation 0.67 <= 0.7
2,78.4870,8.0172,129.00,111.00,155.81,159.18,0.6733,0,correlation 0.67 <= 0.7
2,78.5410,8.1016,146.24,105.00,160.30,159.21,0.7172,0,centroids differ by 1.1 km
2,78.5503,8.2039,143.00,103.00,160.28,158.78,0.7359,0,centroids differ by 1.5 km
2,78.5794,8.1410,133.00,127.00,160.02,158.36,0.7864,0,centroids differ by 1.7 km
2,78.5925,8.1929,141.00,123.00,160.82,157.95,0.6938,0,correlation 0.69 <= 0.7
2,78.5718,8.1252,151.00,129.00,160.08,158.58,0.7850,0,centroids differ by 1.5 km
2,78.5174,8.2297,143.00,99.00,157.94,158.64,0.5933,0,correlation 0.59 <= 0.7
2,78.5960,8.1129,141.00,124.00,161.04,158.03,0.6783,0,correlation 0.68 <= 0.7
2,78.5790,8.1937,133.00,125.00,159.88,158.21,0.7634,0,centroids differ by 1.7 km
2,78.6093,8.1481,143.00,123.00,162.10,157.57,0.5010,0,correlation 0.50 <= 0.7
2,78.5654,8.1993,131.00,127.00,159.82,158.64,0.8136,0,centroids differ by 1.2 km
2,78.5172,8.1658,135.00,101.00,157.90,158.79,0.6204,0,correlation 0.62 <= 0.7
2,78.5506,8.1394,146.00,103.00,160.57,159.08,0.7417,0,centroids differ by 1.5 km
2,78.6151,8.1889,143.00,121.43,162.51,157.24,0.4043,0,correlation 0.40 <= 0.7
2,78.5898,8.1333,139.00,125.00,160.57,158.13,0.7427,0,centroids differ by 2.4 km
2,78.5355,8.1456,145.00,106.00,159.89,158.91,0.6893,0,correlation 0.69 <= 0.7
2,78.5927,8.1434,141.00,125.00,160.80,158.03,0.7068,0,centroids differ by 2.8 km
2,78.5399,8.2171,144.68,123.00,160.11,158.63,0.6833,0,correlation 0.68 <= 0.7
2,78.5336,8.2212,143.73,101.00,159.70,158.57,0.6563,0,correlation 0.66 <= 0.7
2,78.5899,8.1752,141.00,127.00,160.59,158.06,0.7303,0,centroids differ by 2.5 km
2,78.5244,8.1171,145.00,125.00,158.69,158.92,0.6692,0,correlation 0.67 <= 0.7
2,78.5912,8.1068,143.00,125.00,160.66,158.16,0.7353,0,centroids differ by 2.5 km
2,78.6061,8.2235,141.00,119.73,161.89,157.47,0.4907,0,correlation 0.49 <= 0.7
2,78.5184,8.1781,141.00,101.00,158.04,158.76,0.6188,0,correlation 0.62 <= 0.7
2,78.5366,8.1153,145.36,105.00,159.98,159.09,0.7054,1,
2,78.5316,8.1883,144.00,123.00,159.53,158.71,0.6639,0,correlation 0.66 <= 0.7
2,78.5838,8.1728,133.00,127.00,160.15,158.20,0.7703,0,centroids differ by 1.9 km
2,78.5843,8.1121,135.00,129.00,160.23,158.34,0.7890,0,centroids differ by 1.9 km
2,78.5924,8.1261,141.00,125.00,160.76,158.09,0.7175,0,centroids differ by 2.7 km
2,78.5784,8.1201,133.00,129.00,160.07,158.43,0.7912,0,centroids differ by 1.6 km
2,78.5379,8.1464,145.00,106.00,160.09,158.96,0.6967,0,correlation 0.70 <= 0.7
2,78.5840,8.2085,141.00,125.00,160.14,158.07,0.7512,0,centroids differ by 2.1 km
2,78.5923,8.1207,141.00,125.00,160.75,158.11,0.7206,0,centroids differ by 2.6 km
2,78.5763,8.1320,133.00,127.00,160.01,158.45,0.7837,0,centroids differ by 1.6 km
2,78.5202,8.1165,139.00,103.00,158.20,158.92,0.6542,0,correlation 0.65 <= 0.7
2,78.5524,8.1033,146.00,149.00,160.68,159.23,0.7599,0,centroids differ by 1.5 km
2,78.5690,8.2299,131.00,125.00,159.58,158.44,0.8100,0,centroids differ by 1.1 km
2,78.5945,12.8022,114.00,137.00,155.81,162.61,0.8352,0,centroids differ by 6.8 km
2,78.6458,12.9379,123.00,80.00,161.12,161.63,-0.1320,0,correlation -0.13 <= 0.7
2,78.5606,12.8070,107.00,201.00,152.84,165.77,-0.3511,0,correlation -0.35 <= 0.7
2,78.6140,12.8578,117.00,113.00,157.78,160.51,0.7605,0,centroids differ by 2.7 km
2,78.5647,12.9045,108.31,173.00,153.50,165.30,-0.2726,0,correlation -0.27 <= 0.7
2,78.5871,12.8010,115.00,151.00,155.12,163.25,0.6596,0,correlation 0.66 <= 0.7
2,78.6332,12.9073,119.00,84.00,159.83,160.84,0.1735,0,correlation 0.17 <= 0.7
2,78.5746,12.8473,110.00,163.00,154.17,164.43,0.1748,0,correlation 0.17 <= 0.7
2,78.6046,12.8448,117.00,127.00,156.81,161.50,0.8715,0,centroids differ by 4.7 km
2,78.5983,12.8392,111.00,139.00,156.25,162.20,0.8748,0,centroids differ by 5.9 km
2,78.5596,12.9297,109.00,179.00,153.17,165.69,-0.4829,0,correlation -0.48 <= 0.7
2,78.5568,12.8509,106.00,211.00,152.64,166.10,-0.5573,0,correlation -0.56 <= 0.7
2,78.6036,12.9328,113.00,123.00,157.08,161.05,0.8316,0,centroids differ by 4.0 km
2,78.6097,12.8411,117.00,121.00,157.28,160.94,0.8342,0,centroids differ by 3.7 km
2,78.6292,12.8620,119.00,83.00,159.25,160.58,0.3779,0,correlation 0.38 <= 0.7
2,78.6344,12.8976,119.00,85.00,159.91,160.87,0.1472,0,correlation 0.15 <= 0.7
2,78.6030,12.8112,115.00,127.00,156.59,161.84,0.8974,0,centroids differ by 5.3 km
2,78.6254,12.8869,119.00,85.00,158.97,160.55,0.4626,0,correlation 0.46 <= 0.7
2,78.5652,12.8432,109.00,207.00,153.35,165.39,-0.2630,0,correlation -0.26 <= 0.7
2,78.5807,12.8307,113.00,157.00,154.67,163.82,0.4388,0,correlation 0.44 <= 0.7
2,78.6149,12.9365,117.00,117.00,158.16,160.48,0.6447,0,correlation 0.64 <= 0.7
2,78.5813,12.9338,109.70,153.00,155.03,163.39,0.5656,0,correlation 0.57 <= 0.7
2,78.6473,12.8248,123.00,82.00,160.86,161.62,-0.1518,0,correlation -0.15 <= 0.7
2,78.5695,12.8919,111.00,169.00,153.89,164.83,-0.0406,0,correlation -0.04 <= 0.7
2,78.6427,12.8740,121.00,82.00,160.63,161.32,-0.0823,0,correlation -0.08 <= 0.7
2,78.5865,12.7981,115.00,153.00,155.06,163.32,0.6396,0,correlation 0.64 <= 0.7
2,78.6552,12.9069,125.00,80.00,161.86,162.48,-0.1143,0,correlation -0.11 <= 0.7
2,78.6375,12.8488,121.00,80.00,159.99,160.93,0.1220,0,correlation 0.12 <= 0.7
2,78.5724,12.8213,111.00,165.00,153.89,164.73,0.0771,0,correlation 0.08 <= 0.7
2,78.5826,12.8952,111.00,149.00,155.04,163.42,0.5567,0,correlation 0.56 <= 0.7
2,78.5564,12.8775,107.00,215.00,152.71,166.11,-0.6047,0,correlation -0.60 <= 0.7
2,78.6488,12.8773,121.00,80.00,161.22,161.88,-0.2218,0,correlation -0.22 <= 0.7
2,78.5678,12.9414,108.05,167.00,153.88,164.74,-0.0440,0,correlation -0.04 <= 0.7
2,78.6496,12.8587,123.00,80.00,161.22,161.94,-0.2404,0,correlation -0.24 <= 0.7
2,78.6244,12.9082,119.00,87.00,158.96,160.62,0.4679,0,correlation 0.47 <= 0.7
2,78.6491,12.9096,124.00,80.00,161.36,161.90,-0.1770,0,correlation -0.18 <= 0.7
2,78.2769,2.9199,107.00,153.00,169.90,167.54,-0.6062,0,correlation -0.61 <= 0.7
2,78.3505,2.8840,141.00,147.00,167.09,165.74,0.8393,0,centroids differ by 1.3 km
2,78.3073,2.9267,185.51,155.00,169.66,165.94,0.2352,0,correlation 0.24 <= 0.7
2,78.2740,2.9411,90.00,153.00,168.79,167.72,-0.6474,0,correlation -0.65 <= 0.7
2,78.2975,2.9104,92.00,153.00,169.84,166.38,-0.1094,0,correlation -0.11 <= 0.7
2,78.3183,2.8947,165.00,153.00,169.31,165.57,0.5567,0,correlation 0.56 <= 0.7
2,78.2710,2.8946,107.00,153.00,169.90,167.82,-0.6886,0,correlation -0.69 <= 0.7
2,78.2768,3.0094,106.00,151.00,168.75,167.69,-0.5947,0,correlation -0.59 <= 0.7
2,78.3585,2.9435,135.00,145.00,166.01,165.70,0.8093,1,
2,78.3373,2.8633,155.00,149.00,168.27,165.67,0.8322,0,centroids differ by 2.6 km
2,78.2869,2.9437,107.00,151.00,168.83,167.01,-0.4240,0,correlation -0.42 <= 0.7
2,78.3230,2.8907,157.00,153.00,169.09,165.51,0.6614,0,correlation 0.66 <= 0.7
2,78.3327,2.9744,155.00,149.00,168.34,165.30,0.7948,0,centroids differ by 3.0 km
2,78.2802,2.9152,107.00,153.00,169.91,167.34,-0.5548,0,correlation -0.55 <= 0.7
2,78.2754,2.8992,107.00,153.00,169.91,167.58,-0.6323,0,correlation -0.63 <= 0.7
2,78.3369,2.9095,141.00,147.00,168.21,165.53,0.8285,0,centroids differ by 2.7 km
2,78.3624,2.8782,133.00,145.00,165.78,165.82,0.7967,1,
2,78.3449,2.9918,141.00,145.00,167.31,165.41,0.8427,0,centroids differ by 1.9 km
2,78.3549,3.0042,137.00,145.00,166.21,165.52,0.8220,1,
2,78.3517,3.0092,139.00,145.00,166.55,165.47,0.8307,0,centroids differ by 1.1 km
2,78.3492,2.8665,141.00,147.00,167.27,165.77,0.8425,0,centroids differ by 1.5 km
2,78.3692,2.9333,134.00,143.00,164.76,165.76,0.7662,0,centroids differ by 1.0 km
2,78.2899,2.8845,107.00,153.00,169.94,166.77,-0.3564,0,correlation -0.36 <= 0.7
2,78.3195,2.9172,160.15,153.00,169.23,165.51,0.5862,0,correlation 0.59 <= 0.7
2,78.2736,2.9551,90.00,153.00,168.78,167.77,-0.6504,0,correlation -0.65 <= 0.7
2,78.3187,2.8813,165.00,153.00,169.32,165.58,0.5627,0,correlation 0.56 <= 0.7
2,78.3681,2.8940,133.00,145.00,165.04,165.80,0.7733,1,
2,78.3641,2.9270,135.00,145.00,165.40,165.75,0.7881,1,
2,78.2883,2.8685,107.00,153.00,169.96,166.84,-0.4009,0,correlation -0.40 <= 0.7
2,78.3064,2.9166,185.99,155.00,169.69,165.98,0.2027,0,correlation 0.20 <= 0.7
2,78.3101,2.9129,161.00,155.00,169.60,165.82,0.3231,0,correlation 0.32 <= 0.7
2,78.3577,2.8840,135.00,145.00,166.30,165.80,0.8143,1,
2,78.3185,2.9427,163.92,153.00,169.24,165.51,0.5635,0,correlation 0.56 <= 0.7
2,78.3689,2.9952,134.00,143.00,164.55,165.69,0.7632,0,centroids differ by 1.1 km
2,78.3008,2.9504,92.00,151.00,169.76,166.24,0.0180,0,correlation 0.02 <= 0.7
2,78.3005,2.9272,92.00,153.00,169.79,166.24,0.0023,0,correlation 0.00 <= 0.7
2,78.3929,4.2377,123.00,131.00,154.50,163.96,0.5499,0,correlation 0.55 <= 0.7
2,78.4094,4.2338,123.00,125.00,156.33,164.04,0.5922,0,correlation 0.59 <= 0.7
2,78.3823,4.2362,121.00,127.00,153.64,164.23,0.5566,0,correlation 0.56 <= 0.7
2,78.3860,4.2758,121.00,127.00,153.41,164.18,0.5411,0,correlation 0.54 <= 0.7
2,78.4141,4.1481,125.00,125.00,157.11,164.41,0.6042,0,correlation 0.60 <= 0.7
2,78.4327,4.2169,132.00,123.00,159.59,164.81,0.5453,0,correlation 0.55 <= 0.7
2,78.4364,4.1847,133.00,123.00,160.11,164.94,0.5208,0,correlation 0.52 <= 0.7
2,78.4049,4.2414,123.00,127.00,155.70,163.94,0.5798,0,correlation 0.58 <= 0.7
2,78.4106,4.2511,123.00,125.00,156.48,164.03,0.5939,0,correlation 0.59 <= 0.7
2,78.4578,4.2444,151.00,123.00,163.09,165.50,0.1025,0,correlation 0.10 <= 0.7
2,78.4594,4.2628,151.00,123.00,163.35,165.53,0.0564,0,correlation 0.06 <= 0.7
2,78.4607,4.2171,151.00,111.00,163.58,165.64,0.0181,0,correlation 0.02 <= 0.7
2,78.4600,4.2162,151.00,111.00,163.47,165.62,0.0371,0,correlation 0.04 <= 0.7
2,78.3996,4.1980,123.00,129.00,155.12,163.92,0.5655,0,correlation 0.57 <= 0.7
2,78.3763,4.2277,121.00,127.00,154.06,164.42,0.5661,0,correlation 0.57 <= 0.7
2,78.4350,4.1904,133.00,123.00,159.91,164.90,0.5333,0,correlation 0.53 <= 0.7
2,78.4332,4.2840,131.00,121.00,159.55,164.70,0.5237,0,correlation 0.52 <= 0.7
2,78.4687,4.2807,153.00,111.00,164.91,165.76,-0.2045,0,correlation -0.20 <= 0.7
2,78.4673,4.1818,153.00,111.00,164.71,165.86,-0.1876,0,correlation -0.19 <= 0.7
2,78.4504,4.2483,143.00,117.00,161.94,165.25,0.2902,0,correlation 0.29 <= 0.7
2,78.4473,4.2630,143.00,119.00,161.47,165.11,0.3509,0,correlation 0.35 <= 0.7
2,78.4667,4.2666,153.00,111.00,164.58,165.73,-0.1536,0,correlation -0.15 <= 0.7
2,78.4532,4.2419,143.00,117.00,162.37,165.36,0.2237,0,correlation 0.22 <= 0.7
2,78.4490,4.1529,143.00,119.00,161.85,165.39,0.3208,0,correlation 0.32 <= 0.7
2,78.3853,4.1912,123.00,131.00,154.51,164.08,0.5648,0,correlation 0.56 <= 0.7
2,78.4065,4.2559,123.00,127.00,155.90,163.94,0.5840,0,correlation 0.58 <= 0.7
2,78.4515,4.2574,143.00,117.00,162.09,165.27,0.2647,0,correlation 0.26 <= 0.7
2,78.4001,4.2239,123.00,129.00,155.12,163.91,0.5646,0,correlation 0.56 <= 0.7
2,78.4585,4.1991,151.00,111.00,163.24,165.61,0.0793,0,correlation 0.08 <= 0.7
2,78.3903,4.2223,123.00,131.00,154.44,164.00,0.5520,0,correlation 0.55 <= 0.7
2,78.4083,4.2094,123.00,125.00,156.21,164.06,0.5904,0,correlation 0.59 <= 0.7
2,78.3931,4.2803,123.00,129.00,153.61,163.99,0.5426,0,correlation 0.54 <= 0.7
2,78.4169,4.2630,127.00,123.00,157.39,164.21,0.5971,0,correlation 0.60 <= 0.7
2,78.4107,4.2905,123.00,125.00,155.68,163.97,0.5904,0,correlation 0.59 <= 0.7
2,78.4328,4.1959,133.00,123.00,159.63,164.85,0.5495,0,correlation 0.55 <= 0.7
2,78.4100,4.2458,123.00,125.00,156.41,164.03,0.5932,0,correlation 0.59 <= 0.7
2,78.3780,7.0008,109.00,145.00,147.99,167.69,-0.1376,0,correlation -0.14 <= 0.7
2,78.4356,7.0535,135.00,133.00,158.04,165.63,0.5597,0,correlation 0.56 <= 0.7
2,78.3785,6.9955,109.00,145.00,148.07,167.70,-0.1289,0,correlation -0.13 <= 0.7
2,78.4165,7.0556,131.00,141.00,155.78,166.18,0.5901,0,correlation 0.59 <= 0.7
2,78.4069,7.0049,129.00,143.00,153.89,166.64,0.4856,0,correlation 0.49 <= 0.7
2,78.3802,7.0094,109.00,145.00,148.33,167.62,-0.0896,0,correlation -0.09 <= 0.7
2,78.4604,7.0742,141.00,165.00,159.23,164.54,0.5269,0,correlation 0.53 <= 0.7
2,78.4209,6.9446,133.00,138.00,156.36,166.55,0.5259,0,correlation 0.53 <= 0.7
2,78.4527,7.0567,141.00,135.00,159.05,165.01,0.5107,0,correlation 0.51 <= 0.7
2,78.3783,6.9317,109.00,147.00,148.01,167.87,-0.1521,0,correlation -0.15 <= 0.7
2,78.4545,6.9670,141.00,169.00,159.40,165.22,0.4597,0,correlation 0.46 <= 0.7
2,78.3743,7.0335,107.00,145.00,147.51,167.64,-0.1930,0,correlation -0.19 <= 0.7
2,78.4585,6.9292,143.00,99.00,159.67,165.10,0.4432,0,correlation 0.44 <= 0.7
2,78.4394,6.9966,137.00,135.00,158.44,165.83,0.5084,0,correlation 0.51 <= 0.7
2,78.3631,7.0351,99.00,159.00,146.50,167.94,-0.3654,0,correlation -0.37 <= 0.7
2,78.4058,7.0025,129.00,143.00,153.66,166.68,0.4694,0,correlation 0.47 <= 0.7
2,78.4611,7.0571,141.00,165.00,159.31,164.56,0.5185,0,correlation 0.52 <= 0.7
2,78.4581,6.9687,141.00,169.00,159.53,165.02,0.4674,0,correlation 0.47 <= 0.7
2,78.3877,6.9335,115.00,145.00,149.54,167.58,0.0453,0,correlation 0.05 <= 0.7
2,78.4107,7.0132,131.00,143.00,154.67,166.50,0.5313,0,correlation 0.53 <= 0.7
2,78.3938,6.9649,117.00,143.00,150.87,167.27,0.2021,0,correlation 0.20 <= 0.7
2,78.4422,7.0476,137.00,133.00,158.54,165.48,0.5325,0,correlation 0.53 <= 0.7
2,78.4554,7.0234,141.00,165.00,159.26,164.97,0.4918,0,correlation 0.49 <= 0.7
2,78.3720,6.9488,101.00,147.00,147.29,167.96,-0.2612,0,correlation -0.26 <= 0.7
2,78.3818,6.9868,109.00,145.00,148.56,167.64,-0.0634,0,correlation -0.06 <= 0.7
2,78.3824,6.9871,109.00,145.00,148.66,167.62,-0.0508,0,correlation -0.05 <= 0.7
2,78.4600,7.0358,141.00,165.00,159.36,164.69,0.5066,0,correlation 0.51 <= 0.7
2,78.4592,7.0544,141.00,165.00,159.28,164.67,0.5120,0,correlation 0.51 <= 0.7
2,78.4418,7.0589,137.00,133.00,158.49,165.44,0.5412,0,correlation 0.54 <= 0.7
2,78.4563,6.9509,141.00,169.00,159.51,165.18,0.4528,0,correlation 0.45 <= 0.7
2,78.3897,7.0755,115.00,141.00,150.30,167.17,0.1628,0,correlation 0.16 <= 0.7
2,78.3930,7.0461,117.00,141.00,150.94,167.11,0.2295,0,correlation 0.23 <= 0.7
2,78.3854,7.0585,115.00,143.00,149.34,167.35,0.0478,0,correlation 0.05 <= 0.7
2,78.3954,6.9330,117.00,145.00,151.15,167.26,0.2264,0,correlation 0.23 <= 0.7
2,78.4454,7.0371,137.00,135.00,158.76,165.42,0.5152,0,correlation 0.52 <= 0.7
2,78.3709,7.0666,101.00,145.00,147.11,167.62,-0.2399,0,correlation -0.24 <= 0.7
2,78.5038,7.2343,137.00,87.00,158.86,161.70,0.5139,0,correlation 0.51 <= 0.7
2,78.4989,7.1991,137.00,89.00,158.88,161.97,0.5119,0,correlation 0.51 <= 0.7
2,78.4677,7.3235,137.00,127.00,158.11,163.24,0.6423,0,correlation 0.64 <= 0.7
2,78.5320,7.2881,141.00,159.00,160.23,160.79,0.5291,0,correlation 0.53 <= 0.7
2,78.4419,7.2185,135.00,130.00,158.09,164.58,0.6308,0,correlation 0.63 <= 0.7
2,78.4563,7.1933,139.00,131.00,158.67,164.28,0.5850,0,correlation 0.58 <= 0.7
2,78.5345,7.3029,141.00,159.00,160.38,160.70,0.5512,0,correlation 0.55 <= 0.7
2,78.4526,7.1929,139.00,129.00,158.58,164.41,0.5905,0,correlation 0.59 <= 0.7
2,78.5275,7.2848,141.00,159.00,159.91,161.00,0.5124,0,correlation 0.51 <= 0.7
2,78.4987,7.1987,137.00,89.00,158.88,161.98,0.5128,0,correlation 0.51 <= 0.7
2,78.4629,7.2526,137.00,129.00,158.46,163.75,0.6118,0,correlation 0.61 <= 0.7
2,78.4478,7.2012,137.00,129.00,158.40,164.49,0.6019,0,correlation 0.60 <= 0.7
2,78.4729,7.2483,137.00,157.00,158.48,163.30,0.6354,0,correlation 0.64 <= 0.7
2,78.4684,7.3259,137.00,127.00,158.10,163.20,0.6439,0,correlation 0.64 <= 0.7
2,78.4511,7.2427,137.00,127.00,158.37,164.19,0.6155,0,correlation 0.62 <= 0.7
2,78.4857,7.3295,135.00,89.00,158.14,162.43,0.6849,0,correlation 0.68 <= 0.7
2,78.5316,7.2385,141.00,161.00,160.27,160.73,0.4984,0,correlation 0.50 <= 0.7
2,78.4908,7.2857,137.00,89.00,158.39,162.30,0.6559,0,correlation 0.66 <= 0.7
2,78.5252,7.2966,141.00,159.00,159.73,161.08,0.5207,0,correlation 0.52 <= 0.7
2,78.4957,7.2528,137.00,89.00,158.61,162.07,0.5910,0,correlation 0.59 <= 0.7
2,78.4489,7.3321,137.00,123.00,157.97,163.74,0.6620,0,correlation 0.66 <= 0.7
2,78.5036,7.3143,135.00,87.00,158.58,161.58,0.5808,0,correlation 0.58 <= 0.7
2,78.5101,7.2139,137.00,83.00,159.11,161.52,0.4867,0,correlation 0.49 <= 0.7
2,78.4669,7.2513,137.00,129.00,158.46,163.57,0.6161,0,correlation 0.62 <= 0.7
2,78.5180,7.2063,139.00,163.00,159.44,161.31,0.4624,0,correlation 0.46 <= 0.7
2,78.4967,7.1945,137.00,89.00,158.86,162.09,0.5245,0,correlation 0.52 <= 0.7
2,78.4966,7.2915,135.00,87.00,158.48,161.96,0.6162,0,correlation 0.62 <= 0.7
2,78.5090,7.2487,137.00,83.00,158.96,161.49,0.5110,0,correlation 0.51 <= 0.7
2,78.5304,7.3176,141.00,157.00,160.07,160.92,0.5432,0,correlation 0.54 <= 0.7
2,78.4943,7.2790,137.00,89.00,158.48,162.10,0.6257,0,correlation 0.63 <= 0.7
2,78.4686,7.2976,137.00,155.00,158.23,163.31,0.6342,0,correlation 0.63 <= 0.7
2,78.4913,7.2986,137.00,89.00,158.35,162.25,0.6619,0,correlation 0.66 <= 0.7
2,78.4514,7.3086,137.00,127.00,158.12,163.79,0.6446,0,correlation 0.64 <= 0.7
2,78.4896,7.2428,137.00,89.00,158.57,162.44,0.6327,0,correlation 0.63 <= 0.7
2,78.4564,7.1970,139.00,131.00,158.66,164.26,0.5873,0,correlation 0.59 <= 0.7
2,78.5111,7.2679,137.00,83.00,158.97,161.41,0.5221,0,correlation 0.52 <= 0.7
2,78.3600,1.6289,155.00,143.00,174.10,164.97,0.7522,0,centroids differ by 9.1 km
2,78.3097,1.5977,203.00,171.00,176.09,167.52,0.0023,0,correlation 0.00 <= 0.7
2,78.3107,1.6467,203.00,171.00,176.06,167.50,0.0865,0,correlation 0.09 <= 0.7
2,78.3329,1.6055,171.00,153.00,175.60,166.50,0.6269,0,correlation 0.63 <= 0.7
2,78.4034,1.6235,149.00,129.00,170.47,163.36,0.5532,0,correlation 0.55 <= 0.7
2,78.3656,1.6013,153.00,143.00,173.72,164.53,0.7240,0,centroids differ by 9.2 km
2,78.3854,1.6924,147.00,133.00,171.64,164.06,0.5845,0,correlation 0.58 <= 0.7
2,78.3388,1.6864,169.00,145.00,175.27,166.36,0.7233,0,centroids differ by 8.9 km
2,78.3861,1.6253,149.00,135.00,171.79,163.86,0.5717,0,correlation 0.57 <= 0.7
2,78.3826,1.6439,147.00,135.00,172.05,163.99,0.6005,0,correlation 0.60 <= 0.7
2,78.3596,1.5835,157.00,143.00,174.23,164.82,0.7424,0,centroids differ by 9.4 km
2,78.3903,1.6778,147.00,133.00,171.24,163.89,0.5498,0,correlation 0.55 <= 0.7
2,78.3655,1.6117,153.00,143.00,173.70,164.58,0.7281,0,centroids differ by 9.1 km
2,78.3403,1.6500,171.00,145.00,175.25,166.17,0.7231,0,centroids differ by 9.1 km
2,78.3463,1.7103,155.00,143.00,174.86,165.98,0.7691,0,centroids differ by 8.9 km
2,78.3208,1.6686,177.00,153.00,175.89,167.18,0.4557,0,correlation 0.46 <= 0.7
2,78.3899,1.7295,147.00,133.00,171.10,164.05,0.5520,0,correlation 0.55 <= 0.7
2,78.3471,1.6869,155.00,143.00,174.86,165.87,0.7686,0,centroids differ by 9.0 km
2,78.3240,1.6818,176.42,151.00,174.75,167.08,0.5227,0,correlation 0.52 <= 0.7
2,78.3540,1.6130,155.00,145.00,174.57,165.28,0.7626,0,centroids differ by 9.3 km
2,78.3629,1.6705,151.00,143.00,173.76,164.95,0.7538,0,centroids differ by 8.8 km
2,78.3653,1.6072,153.00,143.00,173.72,164.57,0.7272,0,centroids differ by 9.2 km
2,78.3213,1.6886,177.00,153.00,174.81,167.17,0.4650,0,correlation 0.46 <= 0.7
2,78.3836,1.6177,149.00,135.00,172.04,163.90,0.5884,0,correlation 0.59 <= 0.7
2,78.3698,1.6351,145.00,143.00,173.26,164.43,0.7085,0,centroids differ by 8.8 km
2,78.3349,1.7039,171.00,151.00,174.40,166.62,0.6958,0,correlation 0.70 <= 0.7
2,78.3699,1.6608,145.00,143.00,173.18,164.51,0.7124,0,centroids differ by 8.7 km
2,78.3874,1.6670,147.00,133.00,171.54,163.93,0.5664,0,correlation 0.57 <= 0.7
2,78.3779,1.7130,148.00,133.00,172.29,164.34,0.6590,0,correlation 0.66 <= 0.7
2,78.3120,1.5885,203.00,171.00,176.09,167.44,0.0944,0,correlation 0.09 <= 0.7
2,78.3120,1.6134,203.00,171.00,176.07,167.44,0.1153,0,correlation 0.12 <= 0.7
2,78.3843,1.7126,147.00,133.00,171.69,164.14,0.5966,0,correlation 0.60 <= 0.7
2,78.3388,1.7009,169.00,145.00,175.25,166.40,0.7277,0,centroids differ by 8.9 km
2,78.3897,1.7078,147.00,133.00,171.19,163.99,0.5532,0,correlation 0.55 <= 0.7
2,78.3331,1.7174,171.00,151.00,174.44,166.73,0.6845,0,correlation 0.68 <= 0.7
2,78.3930,1.6373,149.00,133.00,171.14,163.70,0.5493,0,correlation 0.55 <= 0.7
2,78.8776,9.4525,173.00,249.00,173.67,168.25,0.5956,0,correlation 0.60 <= 0.7
2,78.9281,9.5239,185.00,249.00,175.72,165.76,0.2774,0,correlation 0.28 <= 0.7
2,78.9339,9.5600,185.00,249.00,175.85,165.32,0.1563,0,correlation 0.16 <= 0.7
2,78.9155,9.5097,183.00,221.00,175.31,166.22,0.4243,0,correlation 0.42 <= 0.7
2,78.8578,9.5319,168.00,233.00,172.64,170.12,0.6851,0,correlation 0.69 <= 0.7
2,78.8557,9.4797,169.00,241.00,172.64,170.34,0.6777,0,correlation 0.68 <= 0.7
2,78.8479,9.5663,165.00,171.00,172.11,169.95,0.6795,0,correlation 0.68 <= 0.7
2,78.9236,9.4592,185.00,227.00,175.58,165.84,0.3826,0,correlation 0.38 <= 0.7
2,78.8411,9.4931,169.00,175.00,171.88,167.86,0.6794,0,correlation 0.68 <= 0.7
2,78.9240,9.5466,185.00,249.00,175.60,166.05,0.3085,0,correlation 0.31 <= 0.7
2,78.8532,9.4776,169.00,179.00,172.53,170.15,0.6894,0,correlation 0.69 <= 0.7
2,78.8954,9.5400,181.00,249.00,174.46,167.41,0.6579,0,correlation 0.66 <= 0.7
2,78.9254,9.4691,185.00,227.00,175.64,165.81,0.3581,0,correlation 0.36 <= 0.7
2,78.9049,9.5008,183.00,221.00,174.87,166.93,0.6095,0,correlation 0.61 <= 0.7
2,78.8853,9.4818,173.00,171.00,174.02,167.58,0.6402,0,correlation 0.64 <= 0.7
2,78.9197,9.5735,183.00,249.00,175.46,166.35,0.3412,0,correlation 0.34 <= 0.7
2,78.8806,9.5557,173.00,165.00,173.77,167.89,0.6462,0,correlation 0.65 <= 0.7
2,78.9348,9.4756,187.00,109.00,175.90,165.24,0.2160,0,correlation 0.22 <= 0.7
2,78.9051,9.4979,183.00,221.00,174.88,166.91,0.6076,0,correlation 0.61 <= 0.7
2,78.8624,9.4627,169.00,241.00,172.96,169.89,0.6720,0,correlation 0.67 <= 0.7
2,78.9136,9.5839,183.00,249.00,175.22,166.61,0.3937,0,correlation 0.39 <= 0.7
2,78.8979,9.4551,181.00,173.00,174.59,167.02,0.6171,0,correlation 0.62 <= 0.7
2,78.8855,9.5429,179.00,249.00,174.02,167.62,0.6573,0,correlation 0.66 <= 0.7
2,78.9086,9.4819,183.00,223.00,175.04,166.68,0.5718,0,correlation 0.57 <= 0.7
2,78.9206,9.5785,183.00,249.00,175.49,166.30,0.3231,0,correlation 0.32 <= 0.7
2,78.8904,9.5486,179.00,249.00,174.25,167.50,0.6624,0,correlation 0.66 <= 0.7
2,78.9222,9.4706,185.00,225.00,175.54,165.91,0.3883,0,correlation 0.39 <= 0.7
2,78.8412,9.5400,167.00,173.00,171.81,168.17,0.6610,0,correlation 0.66 <= 0.7
2,78.9132,9.5432,183.00,249.00,175.21,166.44,0.4274,0,correlation 0.43 <= 0.7
2,78.8450,9.5246,167.00,175.00,172.04,168.94,0.6833,0,correlation 0.68 <= 0.7
2,78.8886,9.4592,173.00,173.00,174.18,167.38,0.6279,0,correlation 0.63 <= 0.7
2,78.9059,9.4906,183.00,221.00,174.91,166.87,0.6035,0,correlation 0.60 <= 0.7
2,78.8776,9.5231,171.00,249.00,173.64,168.18,0.6256,0,correlation 0.63 <= 0.7
2,78.8901,9.5464,179.00,249.00,174.23,167.50,0.6633,0,correlation 0.66 <= 0.7
2,78.9331,9.5906,185.00,249.00,175.81,165.37,0.1425,0,correlation 0.14 <= 0.7
2,78.9030,9.5019,183.00,221.00,174.79,167.01,0.6264,0,correlation 0.63 <= 0.7
2,78.3145,2.7660,163.00,155.00,169.63,165.86,0.4324,0,correlation 0.43 <= 0.7
2,78.3418,2.7195,143.00,149.00,169.24,166.07,0.8526,0,centroids differ by 3.2 km
2,78.3074,2.6836,189.33,157.00,170.97,166.13,0.1935,0,correlation 0.19 <= 0.7
2,78.3323,2.6856,157.00,151.00,169.96,166.14,0.8036,0,centroids differ by 3.8 km
2,78.3771,2.7662,135.00,151.00,165.30,166.03,0.7247,1,
2,78.3640,2.7126,137.00,146.00,167.05,166.03,0.7998,0,centroids differ by 1.0 km
2,78.3403,2.6734,143.00,151.00,169.46,166.17,0.8492,0,centroids differ by 3.3 km
2,78.3854,2.6342,137.00,137.00,164.95,166.34,0.6052,0,correlation 0.61 <= 0.7
2,78.3070,2.6528,190.12,157.00,171.01,166.21,0.1683,0,correlation 0.17 <= 0.7
2,78.3928,2.6934,137.00,135.00,164.06,166.30,0.5027,0,correlation 0.50 <= 0.7
2,78.3853,2.7132,137.00,135.00,164.64,166.26,0.6311,0,correlation 0.63 <= 0.7
2,78.3124,2.7399,163.00,155.00,169.73,165.94,0.3610,0,correlation 0.36 <= 0.7
2,78.3819,2.7757,135.00,135.00,164.73,166.08,0.6841,0,correlation 0.68 <= 0.7
2,78.3682,2.6440,137.31,153.00,166.82,166.15,0.7752,1,
2,78.3472,2.6935,143.00,149.00,168.87,166.13,0.8530,0,centroids differ by 2.7 km
2,78.3107,2.6748,187.00,157.00,170.91,166.12,0.3086,0,correlation 0.31 <= 0.7
2,78.3118,2.6823,165.00,155.00,170.87,166.09,0.3469,0,correlation 0.35 <= 0.7
2,78.4019,2.7038,137.00,129.00,163.54,166.22,0.3239,0,correlation 0.32 <= 0.7
2,78.3631,2.6854,135.00,146.00,167.24,166.09,0.8024,0,centroids differ by 1.2 km
2,78.3904,2.7096,137.00,135.00,164.18,166.30,0.5539,0,correlation 0.55 <= 0.7
2,78.3296,2.7014,159.00,151.00,170.08,166.08,0.7748,0,centroids differ by 4.0 km
2,78.3443,2.7454,143.00,149.00,168.98,166.02,0.8539,0,centroids differ by 3.0 km
2,78.3377,2.7159,157.00,149.00,169.56,166.07,0.8414,0,centroids differ by 3.5 km
2,78.3298,2.7562,157.00,151.00,169.97,165.92,0.7801,0,centroids differ by 4.1 km
2,78.3231,2.7156,159.00,151.00,170.40,166.00,0.6675,0,correlation 0.67 <= 0.7
2,78.3929,2.7260,137.00,135.00,163.92,166.29,0.5163,0,correlation 0.52 <= 0.7
2,78.3147,2.7344,163.00,155.00,169.66,165.94,0.4339,0,correlation 0.43 <= 0.7
2,78.3667,2.7520,137.00,145.00,166.58,165.99,0.7868,1,
2,78.3750,2.7007,137.00,151.00,165.80,166.11,0.7339,1,
2,78.3390,2.7334,143.00,149.00,169.43,166.03,0.8467,0,centroids differ by 3.4 km
2,78.3627,2.7000,137.00,147.00,167.24,166.06,0.8050,0,centroids differ by 1.2 km
2,78.3182,2.7371,167.00,153.00,170.58,165.92,0.5533,0,correlation 0.55 <= 0.7
2,78.3969,2.6685,137.00,129.00,163.89,166.26,0.4098,0,correlation 0.41 <= 0.7
2,78.3745,2.7320,135.00,151.00,165.73,166.05,0.7414,1,
2,78.3202,2.7400,162.41,151.00,170.49,165.91,0.6047,0,correlation 0.60 <= 0.7
2,78.3938,2.6898,137.00,133.00,164.00,166.30,0.4834,0,correlation 0.48 <= 0.7
2,78.4884,7.5301,131.00,121.00,157.38,161.50,0.6928,0,correlation 0.69 <= 0.7
2,78.5231,7.6307,137.00,80.00,159.03,160.73,0.6723,0,correlation 0.67 <= 0.7
2,78.4923,7.6105,131.00,119.00,157.20,161.09,0.6969,0,correlation 0.70 <= 0.7
2,78.5116,7.6351,135.00,83.00,158.21,160.89,0.7119,0,NYA peak not clear against upper and lower means
2,78.5120,7.6625,135.00,80.00,158.18,160.82,0.7158,0,NYA peak not clear against upper and lower means
2,78.5377,7.5497,139.00,149.00,160.09,160.63,0.7049,1,
2,78.5477,7.5504,139.80,149.00,160.70,160.37,0.7527,1,
2,78.5632,7.6257,154.51,147.00,161.59,159.97,0.7926,0,centroids differ by 1.6 km
2,78.5547,7.6568,153.00,145.00,161.03,160.16,0.7963,1,
2,78.5790,7.5917,157.00,145.00,162.25,159.72,0.6970,0,correlation 0.70 <= 0.7
2,78.5122,7.5922,135.00,83.00,158.33,160.94,0.6939,0,correlation 0.69 <= 0.7
2,78.5055,7.6341,135.00,83.00,157.80,160.91,0.7202,0,centroids differ by 3.1 km
2,78.5320,7.5900,137.00,80.00,159.66,160.65,0.7032,0,NYA peak not clear against upper and lower means
2,78.5086,7.5990,135.00,83.00,158.09,161.00,0.7094,0,NYA peak not clear against upper and lower means
2,78.5645,7.6309,155.00,145.00,161.65,159.94,0.7891,0,centroids differ by 1.7 km
2,78.5605,7.6349,153.00,147.00,161.42,160.06,0.8027,0,centroids differ by 1.4 km
2,78.5757,7.5524,159.00,80.00,162.28,159.79,0.7038,0,NYA peak not clear against upper and lower means
2,78.5085,7.5651,135.00,83.00,158.15,161.08,0.7006,0,NYA peak not clear against upper and lower means
2,78.5104,7.6293,135.00,83.00,158.14,160.91,0.7134,0,NYA peak not clear against upper and lower means
2,78.5040,7.5603,135.00,85.00,157.88,161.16,0.7139,0,centroids differ by 3.3 km
2,78.5662,7.5869,153.00,144.00,161.81,159.88,0.7705,0,centroids differ by 1.9 km
2,78.5507,7.6099,155.00,147.00,160.80,160.29,0.7778,1,
2,78.5535,7.5974,153.00,147.00,161.02,160.22,0.7910,1,
2,78.5750,7.6008,157.00,145.00,162.14,159.74,0.7200,0,centroids differ by 2.4 km
2,78.4878,7.5282,131.00,121.00,157.37,161.52,0.6917,0,correlation 0.69 <= 0.7
2,78.5320,7.6672,137.00,80.00,159.47,160.53,0.7163,0,NYA peak not clear against upper and lower means
2,78.5411,7.5555,139.00,149.00,160.27,160.55,0.7142,1,
2,78.5803,7.5490,159.00,80.00,162.41,159.77,0.6803,0,correlation 0.68 <= 0.7
2,78.5159,7.5405,137.00,83.00,158.68,160.95,0.6513,0,correlation 0.65 <= 0.7
2,78.5821,7.6028,156.00,145.00,162.24,159.70,0.6886,0,correlation 0.69 <= 0.7
2,78.5767,7.5290,159.00,80.00,162.38,159.79,0.6895,0,correlation 0.69 <= 0.7
2,78.5246,7.5327,139.00,80.00,159.31,160.81,0.6458,0,correlation 0.65 <= 0.7
2,78.5598,7.6348,153.00,147.00,161.38,160.08,0.8039,0,centroids differ by 1.3 km
2,78.4875,7.6140,131.00,119.00,157.03,161.16,0.6913,0,correlation 0.69 <= 0.7
2,78.5535,7.5676,155.00,149.00,161.07,160.23,0.7867,1,
2,78.5016,7.5352,133.00,85.00,157.83,161.28,0.7144,0,centroids differ by 3.5 km
2,78.4311,8.4831,117.00,123.00,152.24,163.17,0.8355,0,centroids differ by 10.9 km
2,78.3637,8.4657,111.00,147.00,149.48,167.59,-0.2319,0,correlation -0.23 <= 0.7
2,78.3938,8.4769,117.00,135.00,152.43,165.66,0.4420,0,correlation 0.44 <= 0.7
2,78.4074,8.4099,119.00,131.00,152.87,164.58,0.6552,0,correlation 0.66 <= 0.7
2,78.3944,8.4375,117.00,133.00,152.58,165.52,0.4733,0,correlation 0.47 <= 0.7
2,78.3967,8.4613,116.00,133.00,152.56,165.40,0.4989,0,correlation 0.50 <= 0.7
2,78.3713,8.4719,111.00,145.00,150.66,167.14,-0.0383,0,correlation -0.04 <= 0.7
2,78.3913,8.5056,117.00,136.00,152.26,165.90,0.3824,0,correlation 0.38 <= 0.7
2,78.4588,8.4990,119.00,117.00,153.09,161.40,0.8284,0,centroids differ by 8.3 km
2,78.4270,8.4378,119.00,122.00,152.46,163.37,0.8166,0,centroids differ by 10.9 km
2,78.4431,8.4306,117.00,121.00,152.66,162.30,0.8773,0,centroids differ by 9.6 km
2,78.4167,8.4497,119.00,127.00,152.51,164.02,0.7346,0,centroids differ by 11.5 km
2,78.3886,8.5423,115.00,139.00,152.05,166.14,0.3124,0,correlation 0.31 <= 0.7
2,78.4081,8.4154,119.00,131.00,152.84,164.54,0.6612,0,correlation 0.66 <= 0.7
2,78.4472,8.4382,117.00,119.00,152.75,162.04,0.8747,0,centroids differ by 9.3 km
2,78.3669,8.5228,111.00,145.00,150.10,167.45,-0.1645,0,correlation -0.16 <= 0.7
2,78.3631,8.4964,111.00,147.00,149.46,167.64,-0.2541,0,correlation -0.25 <= 0.7
2,78.3889,8.5047,115.00,139.00,152.18,166.06,0.3408,0,correlation 0.34 <= 0.7
2,78.4377,8.4608,117.00,119.00,152.42,162.69,0.8702,0,centroids differ by 10.3 km
2,78.3598,8.4165,109.00,149.00,148.63,167.78,-0.3281,0,correlation -0.33 <= 0.7
2,78.4491,8.4412,117.00,119.00,152.81,161.91,0.8709,0,centroids differ by 9.1 km
2,78.4310,8.4324,119.00,121.00,152.49,163.10,0.8426,0,centroids differ by 10.6 km
2,78.4499,8.4461,117.00,119.00,152.81,161.87,0.8690,0,centroids differ by 9.1 km
2,78.4252,8.4592,119.00,125.00,152.35,163.50,0.8002,0,centroids differ by 11.2 km
2,78.4434,8.5125,117.00,117.00,152.35,162.41,0.8774,0,centroids differ by 10.1 km
2,78.4234,8.5155,117.00,125.00,152.07,163.72,0.7706,0,centroids differ by 11.6 km
2,78.4572,8.4741,119.00,117.00,153.05,161.44,0.8393,0,centroids differ by 8.4 km
2,78.4527,8.4227,119.00,119.00,152.99,161.61,0.8614,0,centroids differ by 8.6 km
2,78.4450,8.4573,117.00,119.00,152.61,162.21,0.8767,0,centroids differ by 9.6 km
2,78.4294,8.4883,117.00,123.00,152.20,163.28,0.8241,0,centroids differ by 11.1 km
2,78.4475,8.4873,117.00,119.00,152.58,162.11,0.8734,0,centroids differ by 9.5 km
2,78.4319,8.3957,119.00,121.00,152.68,163.01,0.8510,0,centroids differ by 10.3 km
2,78.3689,8.4166,111.00,147.00,150.25,167.23,-0.0804,0,correlation -0.08 <= 0.7
2,78.3762,8.4555,113.00,143.00,151.24,166.82,0.0871,0,correlation 0.09 <= 0.7
2,78.4568,8.4579,119.00,119.00,153.07,161.40,0.8426,0,centroids differ by 8.3 km
2,78.4009,8.4665,116.00,131.00,152.59,165.10,0.5581,0,correlation 0.56 <= 0.7
2,78.8452,8.2020,189.00,217.00,174.08,168.62,0.8372,0,centroids differ by 5.5 km
2,78.8253,8.1599,187.00,135.00,172.69,167.79,0.6564,0,correlation 0.66 <= 0.7
2,78.7975,8.1282,179.00,133.00,171.10,164.26,0.1893,0,correlation 0.19 <= 0.7
2,78.8648,8.1372,187.00,249.00,175.19,168.81,0.7319,0,NYA peak not clear against upper and lower means
2,78.8641,8.1485,187.00,249.00,175.16,168.84,0.7373,0,NYA peak not clear against upper and lower means
2,78.8412,8.1808,189.00,217.00,173.80,168.64,0.8311,0,centroids differ by 5.2 km
2,78.7882,8.2055,177.00,131.00,170.67,163.03,-0.1220,0,correlation -0.12 <= 0.7
2,78.7854,8.0858,177.00,135.00,170.55,162.74,-0.3417,0,correlation -0.34 <= 0.7
2,78.8359,8.1788,187.00,217.00,173.43,168.53,0.7774,0,centroids differ by 4.9 km
2,78.7853,8.1125,177.00,80.00,170.54,162.72,-0.3195,0,correlation -0.32 <= 0.7
2,78.7945,8.1149,179.00,133.00,170.95,163.93,0.0264,0,correlation 0.03 <= 0.7
2,78.7834,8.1756,177.00,80.00,170.45,162.42,-0.3173,0,correlation -0.32 <= 0.7
2,78.8360,8.2060,187.00,215.00,173.48,168.45,0.7987,0,centroids differ by 5.0 km
2,78.8076,8.1644,185.00,189.00,171.65,165.63,0.6063,0,correlation 0.61 <= 0.7
2,78.8134,8.0696,181.00,193.00,171.88,166.57,0.6352,0,correlation 0.64 <= 0.7
2,78.7768,8.1453,177.00,80.00,170.17,161.39,-0.4500,0,correlation -0.45 <= 0.7
2,78.8155,8.1368,187.00,191.00,172.07,166.79,0.6703,0,correlation 0.67 <= 0.7
2,78.8202,8.1482,187.00,193.00,172.36,167.30,0.6732,0,correlation 0.67 <= 0.7
2,78.8488,8.0772,191.00,223.00,174.11,168.87,0.7675,0,NYA peak not clear against upper and lower means
2,78.8540,8.0815,191.00,223.00,174.47,169.00,0.7737,0,NYA peak not clear against upper and lower means
2,78.8069,8.1036,179.00,191.00,171.56,165.64,0.5684,0,correlation 0.57 <= 0.7
2,78.8054,8.0850,181.00,191.00,171.47,165.43,0.5224,0,correlation 0.52 <= 0.7
2,78.7682,8.1879,175.00,117.00,169.80,160.31,-0.4784,0,correlation -0.48 <= 0.7
2,78.7724,8.1398,177.00,117.00,169.99,160.81,-0.4772,0,correlation -0.48 <= 0.7
2,78.8030,8.0831,181.00,135.00,171.35,165.09,0.4361,0,correlation 0.44 <= 0.7
2,78.7828,8.1712,177.00,80.00,170.43,162.34,-0.3378,0,correlation -0.34 <= 0.7
2,78.8158,8.1603,185.00,189.00,172.12,166.76,0.6801,0,correlation 0.68 <= 0.7
2,78.7922,8.0766,179.00,135.00,170.85,163.73,-0.1122,0,correlation -0.11 <= 0.7
2,78.8389,8.0876,189.00,223.00,173.47,168.93,0.7384,0,centroids differ by 4.5 km
2,78.7970,8.1710,179.00,131.00,171.09,164.10,0.1978,0,correlation 0.20 <= 0.7
2,78.8369,8.1755,187.00,217.00,173.49,168.59,0.7902,0,centroids differ by 4.9 km
2,78.8029,8.0698,181.00,135.00,171.34,165.10,0.4266,0,correlation 0.43 <= 0.7
2,78.8300,8.1896,187.00,133.00,173.06,168.16,0.7113,0,centroids differ by 4.9 km
2,78.7926,8.0850,179.00,135.00,170.87,163.76,-0.0898,0,correlation -0.09 <= 0.7
2,78.7716,8.0755,179.00,119.00,169.97,160.75,-0.5040,0,correlation -0.50 <= 0.7
2,78.8096,8.1081,179.00,191.00,171.71,166.05,0.6285,0,correlation 0.63 <= 0.7
2,78.3268,2.0991,167.00,157.00,173.17,167.09,0.7192,0,centroids differ by 6.1 km
2,78.3335,2.0628,165.00,153.00,172.95,166.89,0.7988,0,centroids differ by 6.1 km
2,78.3359,1.9727,167.00,147.00,172.99,166.83,0.7926,0,centroids differ by 6.2 km
2,78.3843,1.9709,145.00,137.00,170.00,164.98,0.5991,0,correlation 0.60 <= 0.7
2,78.3521,2.0388,151.00,145.00,171.96,166.44,0.8220,0,centroids differ by 5.5 km
2,78.3057,2.0934,98.00,161.00,173.66,167.61,-0.0079,0,correlation -0.01 <= 0.7
2,78.3947,2.0429,145.00,129.00,168.81,164.82,0.4739,0,correlation 0.47 <= 0.7
2,78.3195,1.9937,173.00,159.00,173.53,167.29,0.5266,0,correlation 0.53 <= 0.7
2,78.3024,2.0109,98.00,161.00,173.74,167.76,-0.1846,0,correlation -0.18 <= 0.7
2,78.3733,2.0592,144.28,137.00,170.02,165.66,0.7235,0,centroids differ by 4.4 km
2,78.3915,2.0210,145.00,137.00,169.15,164.87,0.5102,0,correlation 0.51 <= 0.7
2,78.3423,2.0419,151.00,147.00,172.57,166.70,0.8310,0,centroids differ by 5.9 km
2,78.3634,2.0047,145.00,139.00,171.99,165.90,0.7831,0,centroids differ by 6.1 km
2,78.3677,2.0828,147.00,137.00,170.49,165.92,0.7584,0,centroids differ by 4.6 km
2,78.3831,2.0423,143.00,137.00,169.87,165.27,0.6110,0,correlation 0.61 <= 0.7
2,78.3924,2.0226,145.00,129.00,169.07,164.85,0.5012,0,correlation 0.50 <= 0.7
2,78.3020,1.9770,98.00,163.00,173.75,167.81,-0.2056,0,correlation -0.21 <= 0.7
2,78.3364,2.0959,165.00,163.00,172.77,166.82,0.8236,0,centroids differ by 5.9 km
2,78.3254,2.0150,168.00,155.00,173.33,167.12,0.6786,0,correlation 0.68 <= 0.7
2,78.3291,1.9840,169.00,165.00,173.23,166.99,0.7321,0,centroids differ by 6.2 km
2,78.3542,2.0179,151.00,147.00,171.85,166.32,0.8159,0,centroids differ by 5.5 km
2,78.3980,2.0379,145.00,129.00,168.58,164.70,0.4418,0,correlation 0.44 <= 0.7
2,78.3001,2.0958,98.00,161.00,173.68,167.70,-0.2612,0,correlation -0.26 <= 0.7
2,78.3474,2.0563,151.00,145.00,172.24,166.60,0.8322,0,centroids differ by 5.6 km
2,78.3440,2.0231,151.00,147.00,172.52,166.66,0.8290,0,centroids differ by 5.9 km
2,78.3703,2.0574,141.00,137.00,170.32,165.76,0.7457,0,centroids differ by 4.6 km
2,78.3953,2.0578,143.00,129.00,168.70,164.85,0.4643,0,correlation 0.46 <= 0.7
2,78.3843,2.0790,143.00,137.00,168.83,165.35,0.5910,0,correlation 0.59 <= 0.7
2,78.3027,1.9822,98.00,161.00,173.75,167.79,-0.1749,0,correlation -0.17 <= 0.7
2,78.3951,1.9774,145.00,129.00,169.02,164.61,0.4838,0,correlation 0.48 <= 0.7
2,78.3736,2.0976,143.58,137.00,169.85,165.75,0.7176,0,centroids differ by 4.1 km
2,78.3951,1.9730,145.00,129.00,169.04,164.60,0.4848,0,correlation 0.48 <= 0.7
2,78.3762,2.0764,144.00,137.00,169.65,165.61,0.6968,0,correlation 0.70 <= 0.7
2,78.3011,1.9765,98.00,163.00,173.76,167.83,-0.2484,0,correlation -0.25 <= 0.7
2,78.3099,2.0068,197.00,161.00,173.69,167.58,0.1670,0,correlation 0.17 <= 0.7
2,78.3789,2.0551,143.00,137.00,169.45,165.46,0.6657,0,correlation 0.67 <= 0.7
2,78.3486,3.3035,137.00,145.00,165.01,164.64,0.8094,1,
2,78.3263,3.2578,151.00,149.00,167.14,165.26,0.6914,0,correlation 0.69 <= 0.7
2,78.2930,3.1750,90.00,147.00,168.57,167.07,-0.2035,0,correlation -0.20 <= 0.7
2,78.2956,3.2005,90.00,147.00,168.50,166.97,-0.1165,0,correlation -0.12 <= 0.7
2,78.2858,3.1881,105.00,149.00,168.63,167.55,-0.3887,0,correlation -0.39 <= 0.7
2,78.3081,3.1859,181.11,147.00,168.23,166.16,0.2901,0,correlation 0.29 <= 0.7
2,78.3399,3.1793,139.00,147.00,166.30,164.85,0.8150,0,centroids differ by 1.4 km
2,78.3107,3.3050,157.00,145.00,166.90,166.28,0.3503,0,correlation 0.35 <= 0.7
2,78.3366,3.2175,137.00,149.00,166.47,164.84,0.7929,0,centroids differ by 1.6 km
2,78.2894,3.2924,88.00,151.00,167.43,167.60,-0.2964,0,correlation -0.30 <= 0.7
2,78.3553,3.2101,135.00,143.00,164.55,165.00,0.8087,1,
2,78.3288,3.1982,151.00,149.00,167.11,165.09,0.7304,0,centroids differ by 2.0 km
2,78.3335,3.2272,151.00,149.00,166.69,164.93,0.7704,0,centroids differ by 1.8 km
2,78.3404,3.1866,137.00,147.00,166.24,164.84,0.8158,0,centroids differ by 1.4 km
2,78.2826,3.3203,103.00,148.00,167.47,168.10,-0.4475,0,correlation -0.45 <= 0.7
2,78.3598,3.3181,130.99,141.00,163.55,164.80,0.7859,0,centroids differ by 1.2 km
2,78.3127,3.2965,157.00,145.00,166.82,166.14,0.4030,0,correlation 0.40 <= 0.7
2,78.2972,3.1803,90.00,147.00,168.50,166.82,-0.0701,0,correlation -0.07 <= 0.7
2,78.2926,3.2465,88.00,147.00,167.43,167.28,-0.2168,0,correlation -0.22 <= 0.7
2,78.2896,3.3092,88.00,148.00,167.41,167.63,-0.2898,0,correlation -0.29 <= 0.7
2,78.3362,3.2261,137.00,149.00,166.47,164.84,0.7897,0,centroids differ by 1.6 km
2,78.3314,3.1837,151.00,149.00,166.95,165.00,0.7580,0,centroids differ by 2.0 km
2,78.2936,3.1924,90.00,147.00,168.54,167.07,-0.1832,0,correlation -0.18 <= 0.7
2,78.3680,3.1755,132.00,141.00,163.10,165.37,0.7595,0,centroids differ by 2.3 km
2,78.2927,3.2156,90.00,147.00,168.54,167.19,-0.2054,0,correlation -0.21 <= 0.7
2,78.2950,3.1741,90.00,147.00,168.54,166.94,-0.1427,0,correlation -0.14 <= 0.7
2,78.3691,3.2944,129.00,139.00,162.44,165.12,0.7475,0,centroids differ by 2.7 km
2,78.3678,3.2954,129.00,139.00,162.61,165.09,0.7539,0,centroids differ by 2.5 km
2,78.2799,3.2499,105.00,149.76,167.52,168.05,-0.5093,0,correlation -0.51 <= 0.7
2,78.3128,3.2029,157.00,147.00,168.02,165.91,0.4273,0,correlation 0.43 <= 0.7
2,78.3013,3.2779,88.00,145.00,167.24,166.80,0.0632,0,correlation 0.06 <= 0.7
2,78.3162,3.1853,161.00,147.00,167.89,165.68,0.5123,0,correlation 0.51 <= 0.7
2,78.3684,3.2851,129.00,139.00,162.58,165.13,0.7519,0,centroids differ by 2.5 km
2,78.3311,3.2807,151.00,149.00,166.74,165.07,0.7416,0,centroids differ by 1.7 km
2,78.3673,3.2645,129.00,141.00,162.81,165.15,0.7585,0,centroids differ by 2.3 km
2,78.3112,3.2335,157.00,145.00,168.05,166.08,0.3831,0,correlation 0.38 <= 0.7
2,78.3196,2.9607,160.00,153.00,169.15,165.46,0.5914,0,correlation 0.59 <= 0.7
2,78.4093,2.8486,137.00,127.00,163.09,166.18,0.2354,0,correlation 0.24 <= 0.7
2,78.4083,2.8628,137.00,127.00,163.02,166.19,0.2597,0,correlation 0.26 <= 0.7
2,78.3715,2.8545,135.00,143.00,164.79,165.87,0.7607,0,centroids differ by 1.1 km
2,78.3841,2.9201,135.00,139.00,163.12,165.89,0.6765,0,correlation 0.68 <= 0.7
2,78.3546,2.9509,140.00,145.00,166.42,165.64,0.8237,1,
2,78.3632,2.9694,133.84,145.00,165.35,165.70,0.7886,1,
2,78.3808,2.9701,133.00,139.00,163.25,165.81,0.6996,0,correlation 0.70 <= 0.7
2,78.3599,2.9742,137.00,145.00,165.73,165.65,0.8024,1,
2,78.3639,2.9016,135.00,145.00,165.53,165.79,0.7905,1,
2,78.3215,2.9786,157.00,153.00,169.02,165.39,0.6328,0,correlation 0.63 <= 0.7
2,78.3937,2.8984,135.00,133.00,162.42,166.12,0.5623,0,correlation 0.56 <= 0.7
2,78.3767,2.9440,133.00,143.00,163.81,165.79,0.7265,0,centroids differ by 2.0 km
2,78.4129,2.9854,137.00,125.00,162.15,166.23,0.2342,0,correlation 0.23 <= 0.7
2,78.3193,2.8425,163.00,153.00,169.34,165.65,0.5754,0,correlation 0.58 <= 0.7
2,78.3828,2.8531,135.00,149.00,164.31,165.96,0.6846,0,correlation 0.68 <= 0.7
2,78.4087,2.9337,137.00,125.00,162.06,166.23,0.2893,0,correlation 0.29 <= 0.7
2,78.3284,2.9211,155.00,151.00,168.73,165.42,0.7507,0,centroids differ by 3.3 km
2,78.3247,2.8447,157.00,151.00,169.08,165.62,0.6905,0,correlation 0.69 <= 0.7
2,78.3885,2.9853,133.00,147.00,162.45,165.88,0.6375,0,correlation 0.64 <= 0.7
2,78.3268,2.9643,155.00,151.00,168.75,165.33,0.7257,0,centroids differ by 3.4 km
2,78.3208,2.9164,167.00,153.00,169.16,165.49,0.6150,0,correlation 0.62 <= 0.7
2,78.4124,2.8779,137.00,125.00,163.17,166.15,0.1934,0,correlation 0.19 <= 0.7
2,78.3596,2.9534,137.00,145.00,165.84,165.70,0.8041,1,
2,78.3225,2.9635,157.00,153.00,168.99,165.39,0.6521,0,correlation 0.65 <= 0.7
2,78.3762,2.8927,135.00,141.00,164.09,165.85,0.7326,0,centroids differ by 1.8 km
2,78.3387,2.8870,141.00,147.00,168.12,165.62,0.8373,0,centroids differ by 2.5 km
2,78.3900,2.8583,135.00,133.00,163.62,166.10,0.6072,0,correlation 0.61 <= 0.7
2,78.3232,2.9552,157.00,153.00,168.97,165.39,0.6663,0,correlation 0.67 <= 0.7
2,78.3623,2.9875,131.00,145.00,165.39,165.65,0.7919,1,
2,78.3953,2.9695,135.00,131.00,162.04,166.06,0.5528,0,correlation 0.55 <= 0.7
2,78.3379,2.8879,141.00,147.00,168.17,165.61,0.8344,0,centroids differ by 2.6 km
2,78.3674,2.8786,133.00,145.00,165.20,165.82,0.7775,1,
2,78.4131,2.9843,137.00,125.00,162.17,166.23,0.2295,0,correlation 0.23 <= 0.7
2,78.3908,2.9432,135.00,131.00,162.43,165.98,0.6099,0,correlation 0.61 <= 0.7
2,78.4033,2.9131,137.00,131.00,162.03,166.24,0.3895,0,correlation 0.39 <= 0.7
2,78.3893,4.0778,123.00,133.00,154.87,163.95,0.5794,0,correlation 0.58 <= 0.7
2,78.3943,4.0574,125.00,131.00,155.04,164.01,0.5740,0,correlation 0.57 <= 0.7
2,78.4368,4.0752,133.00,123.00,160.34,165.14,0.5289,0,correlation 0.53 <= 0.7
2,78.4000,4.0618,125.00,127.00,155.42,164.15,0.5736,0,correlation 0.57 <= 0.7
2,78.3785,4.0368,123.00,135.00,155.52,164.08,0.6163,0,correlation 0.62 <= 0.7
2,78.3928,4.1495,123.00,131.00,154.73,163.92,0.5634,0,correlation 0.56 <= 0.7
2,78.4723,4.0844,155.00,107.00,165.61,166.04,-0.3485,0,correlation -0.35 <= 0.7
2,78.4502,4.1445,143.00,119.00,162.03,165.44,0.2927,0,correlation 0.29 <= 0.7
2,78.4340,4.0100,131.00,125.00,160.84,165.19,0.5540,0,correlation 0.55 <= 0.7
2,78.4623,4.1016,153.00,113.00,163.94,165.84,-0.0645,0,correlation -0.06 <= 0.7
2,78.3898,4.0440,125.00,133.00,154.98,163.97,0.5834,0,correlation 0.58 <= 0.7
2,78.4672,4.0462,155.00,109.00,165.55,166.01,-0.2780,0,correlation -0.28 <= 0.7
2,78.4237,4.0307,131.00,125.00,158.65,164.93,0.6160,0,correlation 0.62 <= 0.7
2,78.4629,4.1067,153.00,113.00,164.03,165.85,-0.0802,0,correlation -0.08 <= 0.7
2,78.4211,4.1354,129.00,125.00,158.14,164.66,0.6076,0,correlation 0.61 <= 0.7
2,78.4726,4.1481,155.00,107.00,165.64,165.99,-0.3351,0,correlation -0.34 <= 0.7
2,78.3842,4.1059,123.00,133.00,154.87,164.02,0.5872,0,correlation 0.59 <= 0.7
2,78.4515,4.0059,145.00,115.00,163.16,165.71,0.2093,0,correlation 0.21 <= 0.7
2,78.4190,4.0596,128.00,125.00,157.94,164.78,0.6135,0,correlation 0.61 <= 0.7
2,78.3998,4.1095,125.00,129.00,155.30,164.04,0.5713,0,correlation 0.57 <= 0.7
2,78.4217,4.0515,131.00,125.00,158.34,164.86,0.6160,0,correlation 0.62 <= 0.7
2,78.3976,4.1241,125.00,129.00,155.08,163.98,0.5669,0,correlation 0.57 <= 0.7
2,78.4736,4.0824,155.00,107.00,165.84,166.05,-0.3745,0,correlation -0.37 <= 0.7
2,78.4126,4.1086,125.00,125.00,156.94,164.47,0.6020,0,correlation 0.60 <= 0.7
2,78.3763,4.0203,123.00,135.00,155.80,164.12,0.6252,0,correlation 0.63 <= 0.7
2,78.4308,4.0714,131.00,125.00,159.56,165.00,0.5838,0,correlation 0.58 <= 0.7
2,78.4046,4.1199,125.00,127.00,155.81,164.15,0.5815,0,correlation 0.58 <= 0.7
2,78.4586,4.0367,153.00,113.00,164.16,165.85,0.0022,0,correlation 0.00 <= 0.7
2,78.4377,4.1104,133.00,123.00,160.39,165.10,0.5162,0,correlation 0.52 <= 0.7
2,78.4586,4.1163,151.00,113.00,163.33,165.73,0.0574,0,correlation 0.06 <= 0.7
2,78.4507,4.1039,145.00,119.00,162.16,165.53,0.2732,0,correlation 0.27 <= 0.7
2,78.4583,4.1158,151.00,113.00,163.28,165.72,0.0675,0,correlation 0.07 <= 0.7
2,78.4057,4.1466,125.00,127.00,155.92,164.12,0.5844,0,correlation 0.58 <= 0.7
2,78.4673,4.1186,153.00,110.29,164.75,165.93,-0.2121,0,correlation -0.21 <= 0.7
2,78.3969,4.1189,125.00,131.00,155.04,163.97,0.5667,0,correlation 0.57 <= 0.7
2,78.3973,4.1225,125.00,129.00,155.06,163.98,0.5668,0,correlation 0.57 <= 0.7
2,78.4064,1.6798,149.00,128.00,170.12,163.42,0.5368,0,correlation 0.54 <= 0.7
2,78.4523,1.6978,157.00,121.00,173.71,161.02,-0.1863,0,correlation -0.19 <= 0.7
2,78.4316,1.7064,151.00,125.00,170.86,162.40,0.3269,0,correlation 0.33 <= 0.7
2,78.4465,1.6736,153.00,121.00,172.92,161.37,-0.0317,0,correlation -0.03 <= 0.7
2,78.3946,1.6307,149.00,133.00,171.03,163.65,0.5499,0,correlation 0.55 <= 0.7
2,78.3961,1.6446,149.00,133.00,170.87,163.64,0.5465,0,correlation 0.55 <= 0.7
2,78.4072,1.5952,149.00,129.00,170.38,163.13,0.5509,0,correlation 0.55 <= 0.7
2,78.4175,1.6845,149.00,127.00,169.98,162.99,0.4938,0,correlation 0.49 <= 0.7
2,78.3813,1.7203,147.00,133.00,171.94,164.25,0.6264,0,correlation 0.63 <= 0.7
2,78.4338,1.6630,151.00,123.50,171.21,162.11,0.2889,0,correlation 0.29 <= 0.7
2,78.3922,1.6189,149.00,133.00,171.28,163.68,0.5535,0,correlation 0.55 <= 0.7
2,78.4489,1.6691,153.00,121.00,173.28,161.17,-0.0955,0,correlation -0.10 <= 0.7
2,78.4232,1.5960,151.00,127.00,170.45,162.49,0.4597,0,correlation 0.46 <= 0.7
2,78.3929,1.7206,147.00,133.00,170.88,163.94,0.5352,0,correlation 0.54 <= 0.7
2,78.4264,1.6869,151.00,125.00,170.42,162.62,0.4115,0,correlation 0.41 <= 0.7
2,78.3935,1.6212,149.00,133.00,171.16,163.65,0.5521,0,correlation 0.55 <= 0.7
2,78.4230,1.6923,151.00,125.00,170.18,162.79,0.4473,0,correlation 0.45 <= 0.7
2,78.3924,1.6697,147.00,133.00,171.08,163.81,0.5448,0,correlation 0.54 <= 0.7
2,78.4452,1.7353,151.00,121.00,172.61,161.68,-0.0079,0,correlation -0.01 <= 0.7
2,78.3728,1.6731,145.00,141.00,172.90,164.42,0.6952,0,correlation 0.70 <= 0.7
2,78.4613,1.7156,157.00,118.00,174.87,160.40,-0.3844,0,correlation -0.38 <= 0.7
2,78.4476,1.6391,153.00,121.00,173.14,161.16,-0.0567,0,correlation -0.06 <= 0.7
2,78.4044,1.6011,149.00,129.00,170.49,163.26,0.5563,0,correlation 0.56 <= 0.7
2,78.4169,1.6527,151.00,127.00,170.08,162.92,0.5025,0,correlation 0.50 <= 0.7
2,78.4241,1.6380,151.00,127.00,170.38,162.57,0.4476,0,correlation 0.45 <= 0.7
2,78.3924,1.5928,149.00,133.00,171.34,163.61,0.5572,0,correlation 0.56 <= 0.7
2,78.3741,1.7351,145.00,141.00,172.58,164.57,0.6988,0,correlation 0.70 <= 0.7
2,78.4637,1.6239,159.00,117.00,175.37,159.92,-0.4174,0,correlation -0.42 <= 0.7
2,78.3843,1.5884,149.00,135.00,172.07,163.81,0.5782,0,correlation 0.58 <= 0.7
2,78.4094,1.6678,149.00,127.00,170.06,163.26,0.5345,0,correlation 0.53 <= 0.7
2,78.4206,1.6495,151.00,127.00,170.17,162.77,0.4805,0,correlation 0.48 <= 0.7
2,78.4471,1.6550,153.00,121.00,173.04,161.26,-0.0449,0,correlation -0.04 <= 0.7
2,78.3650,1.6785,151.00,143.00,173.57,164.86,0.7460,0,centroids differ by 8.7 km
2,78.4039,1.6361,149.00,129.00,170.40,163.38,0.5501,0,correlation 0.55 <= 0.7
2,78.4231,1.6911,151.00,125.00,170.18,162.78,0.4472,0,correlation 0.45 <= 0.7
2,78.3915,1.6435,149.00,133.00,171.26,163.76,0.5513,0,correlation 0.55 <= 0.7
2,78.6249,11.0151,125.00,109.00,154.85,154.18,0.6203,0,correlation 0.62 <= 0.7
2,78.6224,10.9200,125.00,111.00,154.93,155.18,0.7137,1,
2,78.5425,10.9783,119.00,147.00,152.67,168.52,0.0418,0,correlation 0.04 <= 0.7
2,78.5655,10.9654,121.00,135.00,153.23,164.56,0.5833,0,correlation 0.58 <= 0.7
2,78.5975,11.0340,121.00,113.00,153.31,158.15,0.8935,0,centroids differ by 4.8 km
2,78.5497,10.9588,119.00,143.00,152.91,167.42,0.2035,0,correlation 0.20 <= 0.7
2,78.5453,10.9642,119.00,145.00,152.80,168.12,0.1012,0,correlation 0.10 <= 0.7
2,78.6199,10.9752,123.00,113.00,154.61,155.02,0.7238,0,NYA peak not clear against upper and lower means
2,78.6126,10.9451,125.00,121.00,154.37,156.17,0.8238,0,centroids differ by 1.8 km
2,78.5706,10.9968,119.00,129.00,153.09,163.37,0.7028,0,centroids differ by 10.3 km
2,78.5465,11.0393,119.00,139.00,152.41,167.66,0.1713,0,correlation 0.17 <= 0.7
2,78.5906,10.9233,123.00,135.00,153.95,160.07,0.8987,0,centroids differ by 6.1 km
2,78.6191,11.0282,123.00,109.00,154.42,154.75,0.6938,0,correlation 0.69 <= 0.7
2,78.5716,10.9145,123.00,133.00,153.65,163.81,0.6540,0,correlation 0.65 <= 0.7
2,78.5381,11.0535,117.00,143.00,152.18,169.17,-0.0712,0,correlation -0.07 <= 0.7
2,78.6332,10.9350,127.00,105.00,155.61,154.10,0.5151,0,correlation 0.52 <= 0.7
2,78.6105,11.0463,121.00,117.00,153.82,155.99,0.7996,0,centroids differ by 2.2 km
2,78.6244,11.0108,125.00,109.00,154.82,154.27,0.6325,0,correlation 0.63 <= 0.7
2,78.6035,11.0053,123.00,123.00,153.68,157.23,0.8703,0,centroids differ by 3.5 km
2,78.5694,10.9859,121.00,131.00,153.15,163.67,0.6750,0,correlation 0.68 <= 0.7
2,78.5470,10.9772,119.00,143.00,152.76,167.78,0.1537,0,correlation 0.15 <= 0.7
2,78.5911,11.0473,121.00,117.00,153.05,159.13,0.9004,0,centroids differ by 6.1 km
2,78.5754,10.9844,121.00,127.00,153.25,162.49,0.7770,0,centroids differ by 9.2 km
2,78.6242,10.9592,125.00,107.00,154.92,154.64,0.6668,0,correlation 0.67 <= 0.7
2,78.6065,11.0185,123.00,121.00,153.73,156.69,0.8462,0,centroids differ by 3.0 km
2,78.6092,10.9536,123.00,121.00,154.18,156.57,0.8470,0,centroids differ by 2.4 km
2,78.6118,11.0528,121.00,115.00,153.87,155.78,0.7829,0,centroids differ by 1.9 km
2,78.6278,10.9217,125.00,109.00,155.27,154.63,0.6188,0,correlation 0.62 <= 0.7
2,78.5853,11.0452,121.00,119.00,152.94,160.17,0.8886,0,centroids differ by 7.2 km
2,78.6111,11.0500,121.00,115.00,153.84,155.91,0.7927,0,centroids differ by 2.1 km
2,78.6215,10.9827,123.00,113.00,154.69,154.77,0.6951,0,correlation 0.70 <= 0.7
2,78.5578,10.9446,121.00,139.00,153.18,166.13,0.3900,0,correlation 0.39 <= 0.7
2,78.5490,11.0432,119.00,137.00,152.44,167.20,0.2428,0,correlation 0.24 <= 0.7
2,78.6077,10.9339,123.00,123.00,154.25,156.97,0.8665,0,centroids differ by 2.7 km
2,78.6290,11.0293,125.00,105.00,155.12,153.69,0.5452,0,correlation 0.55 <= 0.7
2,78.5959,11.0115,121.00,115.00,153.40,158.57,0.9011,0,centroids differ by 5.2 km
2,78.3723,3.2794,131.00,139.00,162.11,165.24,0.7331,0,centroids differ by 3.1 km
2,78.3292,3.2315,151.00,149.00,167.00,165.11,0.7303,0,centroids differ by 1.9 km
2,78.3690,3.2722,131.00,139.00,162.57,165.17,0.7502,0,centroids differ by 2.6 km
2,78.3560,3.2651,131.00,141.00,164.26,164.85,0.8017,1,
2,78.3713,3.3170,129.00,139.00,162.08,165.13,0.7363,0,centroids differ by 3.0 km
2,78.3504,3.2293,137.00,143.00,165.07,164.82,0.8178,1,
2,78.3426,3.2900,137.00,147.00,165.71,164.70,0.8051,0,centroids differ by 1.0 km
2,78.3055,3.2658,88.00,145.00,167.14,166.52,0.1954,0,correlation 0.20 <= 0.7
2,78.3433,3.2294,137.00,147.00,165.83,164.76,0.8176,0,centroids differ by 1.1 km
2,78.3071,3.3003,179.38,145.00,167.04,166.50,0.2497,0,correlation 0.25 <= 0.7
2,78.3075,3.2332,157.00,145.00,168.19,166.31,0.2740,0,correlation 0.27 <= 0.7
2,78.3372,3.2636,137.00,147.00,166.29,164.82,0.7894,0,centroids differ by 1.5 km
2,78.3022,3.2526,88.00,145.00,167.25,166.69,0.0887,0,correlation 0.09 <= 0.7
2,78.3813,3.2498,131.00,139.00,161.23,165.51,0.6783,0,correlation 0.68 <= 0.7
2,78.2972,3.2930,88.00,147.00,167.31,167.11,-0.0673,0,correlation -0.07 <= 0.7
2,78.3490,3.1972,137.00,143.00,165.34,164.89,0.8226,1,
2,78.3310,3.3066,149.00,147.00,166.68,165.12,0.7359,0,centroids differ by 1.6 km
2,78.3191,3.1730,155.00,149.00,167.76,165.51,0.5758,0,correlation 0.58 <= 0.7
2,78.3587,3.2286,129.00,141.00,164.06,165.03,0.7964,1,
2,78.3495,3.2897,137.00,145.00,164.95,164.67,0.8114,1,
2,78.3648,3.1817,131.90,141.00,163.48,165.29,0.7738,0,centroids differ by 1.8 km
2,78.3088,3.2719,157.00,145.00,167.02,166.33,0.2960,0,correlation 0.30 <= 0.7
2,78.3782,3.2095,131.00,141.00,161.74,165.51,0.6998,0,correlation 0.70 <= 0.7
2,78.3169,3.2291,160.20,147.00,167.78,165.72,0.5250,0,correlation 0.52 <= 0.7
2,78.3935,3.1896,133.00,135.00,160.50,165.80,0.5847,0,correlation 0.58 <= 0.7
2,78.3483,3.2813,137.00,145.00,165.13,164.68,0.8136,1,
2,78.3122,3.2831,157.00,145.00,166.86,166.14,0.3896,0,correlation 0.39 <= 0.7
2,78.3341,3.1799,151.00,149.00,166.76,164.92,0.7812,0,centroids differ by 1.8 km
2,78.3745,3.2957,131.00,139.00,161.78,165.26,0.7203,0,centroids differ by 3.5 km
2,78.3381,3.2135,137.00,147.00,166.36,164.82,0.8017,0,centroids differ by 1.5 km
2,78.3230,3.2961,151.00,145.00,166.25,165.51,0.6233,0,correlation 0.62 <= 0.7
2,78.3178,3.1821,161.00,149.00,167.81,165.59,0.5479,0,correlation 0.55 <= 0.7
2,78.3114,3.2573,157.00,145.00,168.00,166.13,0.3900,0,correlation 0.39 <= 0.7
2,78.3901,3.2166,131.00,139.00,160.59,165.72,0.6149,0,correlation 0.61 <= 0.7
2,78.3381,3.3166,137.00,147.00,166.05,164.83,0.7844,0,centroids differ by 1.2 km
2,78.3729,3.2762,131.00,139.00,162.06,165.26,0.7303,0,centroids differ by 3.2 km
2,78.3993,2.4950,139.00,131.00,165.20,166.06,0.3305,0,correlation 0.33 <= 0.7
2,78.4137,2.5579,141.00,129.00,164.90,165.77,0.0916,0,correlation 0.09 <= 0.7
2,78.3797,2.5016,139.00,139.00,166.87,166.38,0.6500,0,correlation 0.65 <= 0.7
2,78.3845,2.5468,139.00,137.00,166.17,166.35,0.5906,0,correlation 0.59 <= 0.7
2,78.3531,2.4649,147.00,147.00,169.86,166.46,0.8360,0,centroids differ by 3.4 km
2,78.3896,2.5160,139.00,131.00,165.82,166.27,0.4977,0,correlation 0.50 <= 0.7
2,78.3947,2.5553,139.00,131.00,165.24,166.23,0.4164,0,correlation 0.42 <= 0.7
2,78.3580,2.5407,144.00,147.00,169.14,166.33,0.8190,0,centroids differ by 2.8 km
2,78.4108,2.5461,141.00,129.00,164.83,165.84,0.1359,0,correlation 0.14 <= 0.7
2,78.3899,2.5020,139.00,131.00,165.84,166.24,0.4897,0,correlation 0.49 <= 0.7
2,78.3850,2.5246,139.00,133.00,166.22,166.34,0.5766,0,correlation 0.58 <= 0.7
2,78.3224,2.4977,166.00,153.00,170.73,166.66,0.6271,0,correlation 0.63 <= 0.7
2,78.4187,2.4879,141.00,123.00,165.41,165.37,0.0550,0,correlation 0.05 <= 0.7
2,78.4160,2.5952,141.00,127.00,164.92,165.78,0.0588,0,correlation 0.06 <= 0.7
2,78.3951,2.5131,139.00,131.00,165.38,166.17,0.4039,0,correlation 0.40 <= 0.7
2,78.4147,2.5562,141.00,129.00,164.95,165.72,0.0797,0,correlation 0.08 <= 0.7
2,78.4016,2.5581,139.00,131.00,164.85,166.11,0.2932,0,correlation 0.29 <= 0.7
2,78.4012,2.5993,139.00,129.00,164.71,166.17,0.3042,0,correlation 0.30 <= 0.7
2,78.3383,2.5009,159.00,153.00,170.93,166.57,0.8448,0,centroids differ by 4.4 km
2,78.4152,2.5966,141.00,127.00,164.87,165.82,0.0677,0,correlation 0.07 <= 0.7
2,78.3620,2.5472,139.00,155.00,168.70,166.30,0.8009,0,centroids differ by 2.4 km
2,78.4105,2.4584,141.00,131.00,165.11,165.58,0.1614,0,correlation 0.16 <= 0.7
2,78.3845,2.4755,139.00,133.00,166.46,166.30,0.5721,0,correlation 0.57 <= 0.7
2,78.3212,2.4832,166.00,153.00,170.80,166.70,0.5952,0,correlation 0.60 <= 0.7
2,78.3233,2.5992,161.00,153.00,170.55,166.36,0.6615,0,correlation 0.66 <= 0.7
2,78.3911,2.5486,139.00,131.00,165.55,166.27,0.4787,0,correlation 0.48 <= 0.7
2,78.3384,2.5718,145.00,151.00,169.80,166.43,0.8397,0,centroids differ by 3.4 km
2,78.3306,2.5750,159.00,153.00,170.23,166.43,0.7775,0,centroids differ by 3.8 km
2,78.3789,2.4613,139.00,139.00,167.11,166.36,0.6515,0,correlation 0.65 <= 0.7
2,78.3739,2.4971,137.00,139.00,167.53,166.40,0.7117,0,centroids differ by 1.1 km
2,78.3291,2.4721,161.00,153.00,171.50,166.70,0.7634,0,centroids differ by 4.8 km
2,78.3439,2.5847,145.00,151.00,169.41,166.36,0.8532,0,centroids differ by 3.0 km
2,78.3797,2.5745,137.00,137.00,166.58,166.37,0.6640,0,correlation 0.66 <= 0.7
2,78.3921,2.4533,139.00,131.00,165.86,166.13,0.4498,0,correlation 0.45 <= 0.7
2,78.4119,2.4588,141.00,131.00,165.14,165.53,0.1457,0,correlation 0.15 <= 0.7
2,78.3899,2.5523,139.00,131.00,165.64,166.29,0.5006,0,correlation 0.50 <= 0.7
2,78.7054,-3.2149,142.00,181.00,193.62,174.33,0.5258,0,correlation 0.53 <= 0.7
2,78.8048,-3.1039,169.00,96.00,192.80,169.96,0.8159,0,NYA peak not clear against upper and lower means
2,78.7129,-3.0785,151.00,179.00,192.65,173.15,0.5772,0,correlation 0.58 <= 0.7
2,78.7091,-3.0938,153.00,179.00,192.63,173.14,0.5476,0,correlation 0.55 <= 0.7
2,78.7289,-3.1300,159.00,179.00,192.67,173.21,0.6928,0,correlation 0.69 <= 0.7
2,78.7793,-3.0748,165.00,173.00,192.66,171.00,0.9046,0,centroids differ by 21.7 km
2,78.7538,-3.1437,165.00,175.00,192.67,172.75,0.8553,0,centroids differ by 19.9 km
2,78.7657,-3.1838,165.00,175.00,192.66,172.50,0.9010,0,centroids differ by 20.2 km
2,78.7193,-3.1146,159.00,179.00,192.65,173.20,0.6317,0,correlation 0.63 <= 0.7
2,78.7673,-3.1081,165.00,175.00,192.66,172.38,0.8999,0,centroids differ by 20.3 km
2,78.7063,-3.1600,153.00,181.00,192.59,173.21,0.5187,0,correlation 0.52 <= 0.7
2,78.7805,-3.0743,165.00,173.00,192.66,170.95,0.9030,0,centroids differ by 21.7 km
2,78.7981,-3.1344,169.00,141.00,192.71,171.28,0.8528,0,centroids differ by 21.4 km
2,78.7122,-3.1529,153.00,179.00,192.61,173.26,0.5670,0,correlation 0.57 <= 0.7
2,78.8037,-3.0800,167.00,96.00,192.78,170.00,0.8247,0,NYA peak not clear against upper and lower means
2,78.7440,-3.1231,159.00,177.00,192.68,172.97,0.7997,0,LYR peak not clear against upper and lower means
2,78.7221,-3.1290,159.00,179.00,192.65,173.22,0.6510,0,correlation 0.65 <= 0.7
2,78.7260,-3.0895,159.00,179.00,192.68,173.15,0.6779,0,correlation 0.68 <= 0.7
2,78.7593,-3.2113,165.00,177.00,192.67,172.68,0.8831,0,centroids differ by 20.0 km
2,78.7637,-3.0804,163.00,175.00,192.67,172.42,0.8914,0,centroids differ by 20.2 km
2,78.7299,-3.0731,159.00,179.00,192.69,173.12,0.7024,0,LYR peak not clear against upper and lower means
2,78.7552,-3.2063,165.00,177.00,192.67,172.79,0.8643,0,centroids differ by 19.9 km
2,78.7400,-3.0858,159.00,177.00,192.69,173.00,0.7751,0,LYR peak not clear against upper and lower means
2,78.7829,-3.1226,165.00,173.00,192.66,170.86,0.9002,0,centroids differ by 21.8 km
2,78.8033,-3.1370,169.00,141.00,192.77,171.10,0.8205,0,centroids differ by 21.7 km
2,78.7492,-3.1528,159.00,174.37,192.67,172.88,0.8299,0,LYR peak not clear against upper and lower means
2,78.7433,-3.1340,159.00,177.00,192.68,173.00,0.7957,0,LYR peak not clear against upper and lower means
2,78.7699,-3.1985,165.00,175.00,192.67,172.41,0.9104,0,centroids differ by 20.3 km
2,78.7216,-3.1596,159.00,179.00,192.64,173.26,0.6450,0,correlation 0.64 <= 0.7
2,78.7257,-3.1441,159.00,179.00,192.66,173.24,0.6717,0,correlation 0.67 <= 0.7
2,78.7301,-3.1584,159.00,177.00,192.66,173.25,0.6993,0,correlation 0.70 <= 0.7
2,78.7424,-3.0790,159.00,177.00,192.69,172.95,0.7903,0,LYR peak not clear against upper and lower means
2,78.7080,-3.1910,153.00,181.00,192.58,174.32,0.5280,0,correlation 0.53 <= 0.7
2,78.7659,-3.1368,165.00,175.00,192.66,172.44,0.8982,0,centroids differ by 20.2 km
2,78.7685,-3.1103,165.00,175.00,192.66,172.35,0.9025,0,centroids differ by 20.3 km
2,78.7716,-3.2093,165.00,177.00,192.67,172.37,0.9128,0,centroids differ by 20.3 km
2,78.3163,2.7454,163.00,155.00,169.59,165.90,0.4823,0,correlation 0.48 <= 0.7
2,78.3304,2.7972,157.00,149.00,168.85,165.79,0.7759,0,centroids differ by 3.1 km
2,78.2816,2.8115,107.00,153.00,169.99,167.15,-0.5554,0,correlation -0.56 <= 0.7
2,78.3078,2.7404,92.00,157.00,169.84,166.02,0.2015,0,correlation 0.20 <= 0.7
2,78.3166,2.7492,163.00,155.00,169.58,165.89,0.4920,0,correlation 0.49 <= 0.7
2,78.2998,2.8573,92.00,157.00,169.86,166.26,-0.0497,0,correlation -0.05 <= 0.7
2,78.3437,2.8256,143.00,147.00,167.89,165.82,0.8495,0,centroids differ by 2.1 km
2,78.3222,2.8259,159.00,153.00,169.24,165.67,0.6404,0,correlation 0.64 <= 0.7
2,78.3602,2.8047,139.00,147.00,167.16,165.92,0.8108,0,centroids differ by 1.2 km
2,78.3742,2.8083,135.00,141.00,165.46,165.94,0.7456,1,
2,78.3180,2.7369,167.00,153.00,170.59,165.92,0.5489,0,correlation 0.55 <= 0.7
2,78.3303,2.7470,157.00,151.00,169.96,165.95,0.7852,0,centroids differ by 4.0 km
2,78.2878,2.8013,107.00,155.00,170.01,166.81,-0.4330,0,correlation -0.43 <= 0.7
2,78.2929,2.7527,92.00,159.00,170.01,166.57,-0.3149,0,correlation -0.31 <= 0.7
2,78.3485,2.7254,143.00,149.00,168.67,166.07,0.8501,0,centroids differ by 2.6 km
2,78.3310,2.8291,157.00,149.00,168.75,165.71,0.7830,0,centroids differ by 3.0 km
2,78.3524,2.8572,141.00,147.00,166.98,165.82,0.8333,0,centroids differ by 1.2 km
2,78.3725,2.7508,135.00,151.00,165.89,166.01,0.7557,1,
2,78.3420,2.8266,143.00,147.00,168.02,165.81,0.8479,0,centroids differ by 2.2 km
2,78.3158,2.7254,167.00,155.00,170.69,165.96,0.4853,0,correlation 0.49 <= 0.7
2,78.2827,2.7384,109.00,155.00,170.04,167.04,-0.5533,0,correlation -0.55 <= 0.7
2,78.2917,2.7809,92.00,157.00,170.00,166.61,-0.3362,0,correlation -0.34 <= 0.7
2,78.3604,2.8429,133.00,145.00,166.14,165.86,0.8063,1,
2,78.2783,2.7592,109.00,155.00,170.00,167.28,-0.6208,0,correlation -0.62 <= 0.7
2,78.2895,2.8327,107.00,153.00,169.98,166.74,-0.3792,0,correlation -0.38 <= 0.7
2,78.3035,2.7964,92.00,157.00,169.86,166.12,0.0629,0,correlation 0.06 <= 0.7
2,78.3025,2.8310,92.00,157.00,169.85,166.15,0.0393,0,correlation 0.04 <= 0.7
2,78.3638,2.8168,133.00,145.00,166.69,165.90,0.7970,1,
2,78.2847,2.7464,109.00,155.00,170.04,166.94,-0.5128,0,correlation -0.51 <= 0.7
2,78.3497,2.7550,143.00,149.00,168.46,166.01,0.8467,0,centroids differ by 2.5 km
2,78.3763,2.8407,135.00,141.00,165.08,165.91,0.7330,1,
2,78.3368,2.7260,157.00,149.00,169.60,166.04,0.8377,0,centroids differ by 3.6 km
2,78.3050,2.8389,92.00,157.00,169.80,166.05,0.1324,0,correlation 0.13 <= 0.7
2,78.3637,2.7939,133.00,147.00,166.78,165.93,0.7982,1,
2,78.2777,2.8532,107.00,153.00,169.94,167.41,-0.6093,0,correlation -0.61 <= 0.7
2,78.3596,2.8283,139.00,147.00,166.29,165.88,0.8103,1,
2,78.5094,7.3172,137.00,85.00,158.76,161.37,0.5533,0,correlation 0.55 <= 0.7
2,78.4915,7.4073,133.00,89.00,157.92,161.93,0.7008,0,centroids differ by 4.0 km
2,78.4990,7.3248,135.00,87.00,158.42,161.77,0.6244,0,correlation 0.62 <= 0.7
2,78.5228,7.3581,139.00,157.00,159.47,161.08,0.5707,0,correlation 0.57 <= 0.7
2,78.4715,7.4492,135.00,123.00,157.49,162.41,0.6773,0,correlation 0.68 <= 0.7
2,78.5384,7.3953,141.00,155.00,160.46,160.64,0.6238,0,correlation 0.62 <= 0.7
2,78.5006,7.3911,133.00,85.00,158.23,161.61,0.6612,0,correlation 0.66 <= 0.7
2,78.4819,7.3417,135.00,155.00,158.06,162.53,0.6790,0,correlation 0.68 <= 0.7
2,78.5093,7.3374,137.00,85.00,158.71,161.34,0.5651,0,correlation 0.57 <= 0.7
2,78.4949,7.3291,135.00,87.00,158.30,162.00,0.6593,0,correlation 0.66 <= 0.7
2,78.5380,7.3599,141.00,155.00,160.52,160.63,0.6050,0,correlation 0.60 <= 0.7
2,78.5340,7.3621,141.00,157.00,160.24,160.81,0.5832,0,correlation 0.58 <= 0.7
2,78.4983,7.3356,135.00,87.00,158.36,161.80,0.6387,0,correlation 0.64 <= 0.7
2,78.5443,7.3549,141.00,80.00,160.90,160.36,0.6358,0,correlation 0.64 <= 0.7
2,78.4575,7.3779,135.00,125.00,157.85,163.20,0.6593,0,correlation 0.66 <= 0.7
2,78.5508,7.3423,142.00,80.00,161.32,160.09,0.6623,0,correlation 0.66 <= 0.7
2,78.4594,7.3174,135.00,125.00,158.14,163.54,0.6410,0,correlation 0.64 <= 0.7
2,78.4754,7.3930,135.00,125.00,157.78,162.56,0.6677,0,correlation 0.67 <= 0.7
2,78.5138,7.3856,137.00,85.00,158.83,161.17,0.5822,0,correlation 0.58 <= 0.7
2,78.4933,7.3287,135.00,87.00,158.26,162.08,0.6683,0,correlation 0.67 <= 0.7
2,78.5440,7.3822,141.00,80.00,160.82,160.41,0.6512,0,correlation 0.65 <= 0.7
2,78.4763,7.3643,135.00,153.00,157.92,162.67,0.6659,0,correlation 0.67 <= 0.7
2,78.4640,7.3302,135.00,125.00,158.07,163.34,0.6438,0,correlation 0.64 <= 0.7
2,78.4825,7.3205,137.00,155.00,158.16,162.60,0.6778,0,correlation 0.68 <= 0.7
2,78.4794,7.4539,133.00,123.00,157.52,162.12,0.6800,0,correlation 0.68 <= 0.7
2,78.4981,7.4146,133.00,87.00,158.08,161.67,0.6885,0,correlation 0.69 <= 0.7
2,78.5184,7.3346,139.00,80.00,159.22,161.17,0.5562,0,correlation 0.56 <= 0.7
2,78.4908,7.3924,135.00,89.00,157.96,162.01,0.6980,0,correlation 0.70 <= 0.7
2,78.4841,7.3470,135.00,155.00,158.05,162.44,0.6872,0,correlation 0.69 <= 0.7
2,78.5383,7.4473,141.00,153.00,160.35,160.68,0.6473,0,correlation 0.65 <= 0.7
2,78.5479,7.3228,143.00,80.00,161.19,160.13,0.6281,0,correlation 0.63 <= 0.7
2,78.5473,7.3794,141.00,80.00,161.03,160.28,0.6692,0,correlation 0.67 <= 0.7
2,78.4659,7.3859,135.00,123.00,157.80,162.95,0.6614,0,correlation 0.66 <= 0.7
2,78.5288,7.4079,139.00,155.00,159.82,160.93,0.6019,0,correlation 0.60 <= 0.7
2,78.4599,7.4123,133.00,123.00,157.67,162.92,0.6685,0,correlation 0.67 <= 0.7
2,78.4931,7.3938,135.00,87.00,158.02,161.91,0.6942,0,correlation 0.69 <= 0.7
2,78.3567,1.5210,157.00,145.00,174.58,164.79,0.7241,0,centroids differ by 9.8 km
2,78.3298,1.4760,175.00,147.00,175.83,166.34,0.4970,0,correlation 0.50 <= 0.7
2,78.3644,1.4734,151.00,137.00,174.97,164.18,0.6643,0,correlation 0.66 <= 0.7
2,78.3688,1.5288,153.00,137.00,173.64,164.14,0.6686,0,correlation 0.67 <= 0.7
2,78.3251,1.5109,178.77,155.00,175.92,166.74,0.4332,0,correlation 0.43 <= 0.7
2,78.3805,1.5775,147.00,135.00,172.46,163.88,0.6006,0,correlation 0.60 <= 0.7
2,78.3726,1.4870,147.00,137.00,174.25,163.88,0.6180,0,correlation 0.62 <= 0.7
2,78.3489,1.4995,157.00,145.00,175.07,165.21,0.7222,0,centroids differ by 9.9 km
2,78.3315,1.4915,173.00,147.00,175.77,166.27,0.5356,0,correlation 0.54 <= 0.7
2,78.3623,1.5389,156.00,145.00,174.12,164.49,0.7149,0,centroids differ by 9.6 km
2,78.3981,1.5229,149.00,130.00,171.89,163.28,0.5628,0,correlation 0.56 <= 0.7
2,78.3438,1.5230,157.00,147.00,175.28,165.60,0.7101,0,centroids differ by 9.7 km
2,78.3665,1.6032,153.00,143.00,173.64,164.48,0.7200,0,centroids differ by 9.2 km
2,78.3405,1.6022,171.00,145.00,175.31,166.02,0.7067,0,centroids differ by 9.3 km
2,78.3346,1.5218,173.00,147.00,175.63,166.16,0.6097,0,correlation 0.61 <= 0.7
2,78.3639,1.4941,153.00,137.00,174.10,164.26,0.6813,0,correlation 0.68 <= 0.7
2,78.3962,1.6094,149.00,133.00,170.98,163.55,0.5555,0,correlation 0.56 <= 0.7
2,78.3764,1.5682,147.00,135.00,172.86,163.96,0.6299,0,correlation 0.63 <= 0.7
2,78.3701,1.6066,149.00,135.00,173.32,164.31,0.6966,0,correlation 0.70 <= 0.7
2,78.3722,1.5023,147.00,137.00,173.42,163.93,0.6299,0,correlation 0.63 <= 0.7
2,78.4147,1.5677,151.00,127.00,170.30,162.78,0.5245,0,correlation 0.52 <= 0.7
2,78.3442,1.5103,157.00,147.00,175.28,165.53,0.7074,0,centroids differ by 9.7 km
2,78.3884,1.5467,149.00,135.00,171.82,163.60,0.5626,0,correlation 0.56 <= 0.7
2,78.3515,1.5275,157.00,145.00,174.89,165.14,0.7338,0,centroids differ by 9.7 km
2,78.3731,1.5109,147.00,137.00,173.31,163.92,0.6283,0,correlation 0.63 <= 0.7
2,78.4013,1.5816,149.00,130.00,170.71,163.32,0.5617,0,correlation 0.56 <= 0.7
2,78.3807,1.5395,149.00,135.00,172.56,163.79,0.5869,0,correlation 0.59 <= 0.7
2,78.3466,1.5928,157.00,145.00,175.04,165.64,0.7434,0,centroids differ by 9.4 km
2,78.4162,1.5552,151.00,127.00,171.10,162.69,0.5176,0,correlation 0.52 <= 0.7
2,78.3316,1.5216,173.00,147.00,175.73,166.35,0.5590,0,correlation 0.56 <= 0.7
2,78.4043,1.5137,150.00,129.00,171.52,163.03,0.5588,0,correlation 0.56 <= 0.7
2,78.4045,1.4699,151.00,129.00,171.66,162.91,0.5563,0,correlation 0.56 <= 0.7
2,78.3543,1.5534,157.00,145.00,174.67,165.04,0.7422,0,centroids differ by 9.6 km
2,78.4198,1.5888,151.00,127.00,170.33,162.63,0.4897,0,correlation 0.49 <= 0.7
2,78.4216,1.5831,151.00,127.00,170.42,162.53,0.4739,0,correlation 0.47 <= 0.7
2,78.3261,1.5212,175.00,155.00,175.89,166.70,0.4591,0,correlation 0.46 <= 0.7
2,78.7492,6.3397,205.00,195.00,170.60,164.68,0.2955,0,correlation 0.30 <= 0.7
2,78.7163,6.3008,175.00,217.00,168.72,165.51,0.4430,0,correlation 0.44 <= 0.7
2,78.7891,6.3492,179.00,80.00,171.41,161.84,-0.4314,0,correlation -0.43 <= 0.7
2,78.7287,6.3721,177.00,215.00,169.50,165.54,0.7031,0,centroids differ by 4.0 km
2,78.7764,6.3099,207.00,95.00,171.43,162.03,-0.3824,0,correlation -0.38 <= 0.7
2,78.7592,6.2680,207.00,199.00,171.03,163.74,0.0227,0,correlation 0.02 <= 0.7
2,78.7786,6.3556,177.00,115.00,171.38,161.95,-0.4071,0,correlation -0.41 <= 0.7
2,78.7853,6.2675,179.00,80.00,171.55,161.85,-0.4048,0,correlation -0.40 <= 0.7
2,78.7574,6.2618,207.00,199.00,170.95,163.93,0.0821,0,correlation 0.08 <= 0.7
2,78.7519,6.2900,205.00,197.00,170.72,164.48,0.2514,0,correlation 0.25 <= 0.7
2,78.7204,6.3066,175.00,217.00,168.94,165.56,0.5613,0,correlation 0.56 <= 0.7
2,78.7745,6.2618,209.00,117.00,171.48,162.18,-0.3461,0,correlation -0.35 <= 0.7
2,78.7207,6.3502,175.00,215.00,168.99,165.55,0.5641,0,correlation 0.56 <= 0.7
2,78.7546,6.3384,205.00,197.00,170.86,164.16,0.1411,0,correlation 0.14 <= 0.7
2,78.7688,6.4058,205.00,175.00,171.21,162.55,-0.3105,0,correlation -0.31 <= 0.7
2,78.7101,6.4013,173.00,213.00,168.43,165.31,0.2800,0,correlation 0.28 <= 0.7
2,78.7822,6.2995,179.00,80.00,171.49,161.89,-0.4014,0,correlation -0.40 <= 0.7
2,78.6908,6.3954,165.00,213.00,167.43,164.20,-0.0396,0,correlation -0.04 <= 0.7
2,78.7151,6.3761,175.00,213.00,168.69,165.47,0.3858,0,correlation 0.39 <= 0.7
2,78.7000,6.2754,175.00,217.00,167.89,164.89,0.0883,0,correlation 0.09 <= 0.7
2,78.7563,6.3265,205.00,197.00,170.93,164.00,0.0924,0,correlation 0.09 <= 0.7
2,78.7205,6.4012,175.00,213.00,169.03,165.54,0.5509,0,correlation 0.55 <= 0.7
2,78.7604,6.3372,205.00,177.00,171.08,163.53,-0.0509,0,correlation -0.05 <= 0.7
2,78.7890,6.3068,179.00,80.00,171.49,161.84,-0.4273,0,correlation -0.43 <= 0.7
2,78.7118,6.3226,173.00,215.00,168.48,165.40,0.3081,0,correlation 0.31 <= 0.7
2,78.6933,6.3246,165.00,215.00,167.58,164.44,-0.0170,0,correlation -0.02 <= 0.7
2,78.7245,6.3870,175.00,213.00,169.26,165.56,0.6339,0,correlation 0.63 <= 0.7
2,78.7570,6.3045,205.00,197.00,170.95,163.94,0.0806,0,correlation 0.08 <= 0.7
2,78.7454,6.2669,179.00,199.00,170.37,164.97,0.4164,0,correlation 0.42 <= 0.7
2,78.7519,6.3412,205.00,195.00,170.73,164.45,0.2227,0,correlation 0.22 <= 0.7
2,78.7674,6.3606,207.00,177.00,171.25,162.74,-0.2569,0,correlation -0.26 <= 0.7
2,78.7340,6.3480,177.00,195.00,169.80,165.48,0.6616,0,correlation 0.66 <= 0.7
2,78.7597,6.3206,205.00,197.00,171.07,163.61,-0.0213,0,correlation -0.02 <= 0.7
2,78.7323,6.2791,177.00,197.00,169.62,165.51,0.6959,0,correlation 0.70 <= 0.7
2,78.7074,6.4018,173.00,213.00,168.28,165.22,0.2343,0,correlation 0.23 <= 0.7
2,78.6932,6.2909,165.00,217.00,167.61,164.46,-0.0284,0,correlation -0.03 <= 0.7
2,78.6644,10.5867,133.00,83.00,158.51,161.44,-0.1093,0,correlation -0.11 <= 0.7
2,78.5884,10.5705,129.00,151.00,155.89,164.02,0.7336,0,centroids differ by 8.1 km
2,78.6673,10.6126,133.00,80.00,158.66,161.90,-0.1228,0,correlation -0.12 <= 0.7
2,78.6524,10.6181,133.00,85.00,157.73,160.06,0.2577,0,correlation 0.26 <= 0.7
2,78.6247,10.6157,129.00,135.00,156.85,159.31,0.8292,0,centroids differ by 2.5 km
2,78.6447,10.5478,133.00,93.00,157.85,159.88,0.2435,0,correlation 0.24 <= 0.7
2,78.6674,10.5251,135.00,86.00,158.87,161.92,-0.3095,0,correlation -0.31 <= 0.7
2,78.6294,10.5113,131.00,113.00,157.65,160.26,0.6227,0,correlation 0.62 <= 0.7
2,78.6371,10.5319,133.00,96.00,157.75,159.94,0.4375,0,correlation 0.44 <= 0.7
2,78.5802,10.5075,125.00,159.00,155.97,165.79,0.5098,0,correlation 0.51 <= 0.7
2,78.5928,10.5480,129.00,149.00,156.13,163.50,0.7898,0,centroids differ by 7.4 km
2,78.5761,10.5065,125.00,161.00,155.81,166.41,0.3984,0,correlation 0.40 <= 0.7
2,78.5796,10.5441,126.00,157.00,155.79,165.62,0.5268,0,correlation 0.53 <= 0.7
2,78.6160,10.5156,133.00,147.00,157.16,161.00,0.8743,0,centroids differ by 3.8 km
2,78.5803,10.4988,127.00,159.00,156.01,165.83,0.5038,0,correlation 0.50 <= 0.7
2,78.6275,10.4775,133.00,115.00,157.78,160.51,0.5759,0,correlation 0.58 <= 0.7
2,78.5902,10.5365,129.00,151.00,156.12,164.01,0.7424,0,centroids differ by 7.9 km
2,78.6746,10.5805,135.00,80.00,159.23,163.15,-0.4310,0,correlation -0.43 <= 0.7
2,78.6392,10.6213,131.00,103.00,157.21,159.40,0.6360,0,correlation 0.64 <= 0.7
2,78.6221,10.5495,131.00,141.00,157.19,160.26,0.8314,0,centroids differ by 3.1 km
2,78.5998,10.5176,131.00,147.00,156.51,162.74,0.8547,0,centroids differ by 6.2 km
2,78.6418,10.5201,133.00,95.00,157.95,159.91,0.2343,0,correlation 0.23 <= 0.7
2,78.6302,10.4985,133.00,113.00,157.75,160.28,0.5546,0,correlation 0.55 <= 0.7
2,78.5787,10.5986,127.00,151.00,155.49,165.31,0.5425,0,correlation 0.54 <= 0.7
2,78.6255,10.5707,131.00,137.00,157.16,159.87,0.8040,0,centroids differ by 2.7 km
2,78.6200,10.5658,131.00,141.00,157.02,160.21,0.8641,0,centroids differ by 3.2 km
2,78.6110,10.5662,131.00,143.00,156.73,160.98,0.9113,0,centroids differ by 4.3 km
2,78.6219,10.4992,133.00,143.00,157.47,160.71,0.7696,0,centroids differ by 3.2 km
2,78.6469,10.5776,133.00,91.00,157.73,159.87,0.2777,0,correlation 0.28 <= 0.7
2,78.6366,10.6241,131.00,129.00,157.12,159.26,0.6913,0,correlation 0.69 <= 0.7
2,78.5832,10.6134,127.00,149.00,155.53,164.45,0.6560,0,correlation 0.66 <= 0.7
2,78.5868,10.5903,129.00,151.00,155.74,164.09,0.7168,0,centroids differ by 8.3 km
2,78.5827,10.5426,129.00,155.00,155.88,165.17,0.5980,0,correlation 0.60 <= 0.7
2,78.6709,10.5112,135.00,83.00,159.11,162.41,-0.4243,0,correlation -0.42 <= 0.7
2,78.5972,10.5712,131.00,145.00,156.18,162.62,0.8557,0,centroids differ by 6.4 km
2,78.6203,10.5384,131.00,143.00,157.19,160.48,0.8453,0,centroids differ by 3.3 km
2,78.7770,11.2961,155.00,89.00,167.66,162.60,-0.2414,0,correlation -0.24 <= 0.7
2,78.8001,11.3565,153.00,143.00,169.39,165.00,0.1429,0,correlation 0.14 <= 0.7
2,78.8201,11.3129,155.00,163.00,170.50,166.92,0.8975,0,centroids differ by 3.6 km
2,78.8598,11.2761,169.00,207.00,172.38,168.77,0.8014,0,centroids differ by 3.6 km
2,78.8256,11.3016,161.00,167.00,170.79,167.66,0.8064,0,centroids differ by 3.1 km
2,78.7866,11.3033,155.00,143.00,168.45,163.38,-0.0342,0,correlation -0.03 <= 0.7
2,78.8649,11.3301,169.00,195.00,172.54,168.86,0.9035,0,NYA peak not clear against upper and lower means
2,78.8613,11.3729,161.00,235.00,172.41,168.93,0.8937,0,centroids differ by 3.5 km
2,78.8353,11.2651,163.00,181.00,171.29,168.88,0.6545,0,correlation 0.65 <= 0.7
2,78.8020,11.3563,153.00,143.00,169.50,165.22,0.2411,0,correlation 0.24 <= 0.7
2,78.7858,11.2827,155.00,147.00,168.34,163.26,-0.0006,0,correlation -0.00 <= 0.7
2,78.8471,11.3559,167.00,249.00,171.86,168.79,0.6256,0,correlation 0.63 <= 0.7
2,78.8371,11.3482,164.00,249.00,171.47,168.42,0.5483,0,correlation 0.55 <= 0.7
2,78.8623,11.3635,169.00,239.00,172.45,168.91,0.8995,0,NYA peak not clear against upper and lower means
2,78.7972,11.3908,153.00,133.00,169.25,164.82,-0.2014,0,correlation -0.20 <= 0.7
2,78.8136,11.3993,159.00,137.00,170.23,166.45,0.5680,0,correlation 0.57 <= 0.7
2,78.8195,11.3567,159.00,151.00,170.52,166.89,0.8205,0,centroids differ by 3.6 km
2,78.7801,11.2711,155.00,80.00,167.83,162.76,-0.0963,0,correlation -0.10 <= 0.7
2,78.8209,11.3839,159.00,145.00,170.65,167.23,0.6885,0,correlation 0.69 <= 0.7
2,78.7794,11.3246,155.00,141.00,167.95,162.98,-0.3235,0,correlation -0.32 <= 0.7
2,78.8551,11.3262,167.00,249.00,172.18,168.72,0.7870,0,NYA peak not clear against upper and lower means
2,78.7852,11.2678,157.00,159.00,168.24,163.21,0.0299,0,correlation 0.03 <= 0.7
2,78.8392,11.2738,163.00,181.00,171.51,168.95,0.6820,0,correlation 0.68 <= 0.7
2,78.8086,11.3848,155.00,139.00,169.91,165.93,0.4557,0,correlation 0.46 <= 0.7
2,78.8061,11.3080,155.00,157.00,169.71,165.32,0.6431,0,correlation 0.64 <= 0.7
2,78.8448,11.3291,167.00,249.00,171.78,168.59,0.5857,0,correlation 0.59 <= 0.7
2,78.8699,11.2702,171.00,213.00,172.70,169.10,0.8685,0,NYA peak not clear against upper and lower means
2,78.8510,11.3896,167.00,249.00,172.03,168.85,0.7436,0,NYA peak not clear against upper and lower means
2,78.8646,11.4090,161.00,231.00,172.53,169.45,0.8829,0,centroids differ by 3.1 km
2,78.8372,11.2965,163.00,175.00,171.45,168.73,0.6930,0,correlation 0.69 <= 0.7
2,78.8407,11.3940,165.00,249.00,171.59,168.88,0.5217,0,correlation 0.52 <= 0.7
2,78.7974,11.2844,157.00,159.00,169.17,164.24,0.3973,0,correlation 0.40 <= 0.7
2,78.7935,11.3506,153.00,141.00,168.99,164.17,-0.1550,0,correlation -0.15 <= 0.7
2,78.8143,11.3065,155.00,161.00,170.17,166.04,0.8552,0,centroids differ by 4.1 km
2,78.7930,11.4038,151.00,127.00,168.99,164.39,-0.4823,0,correlation -0.48 <= 0.7
2,78.8462,11.3336,167.00,249.00,171.83,168.63,0.5985,0,correlation 0.60 <= 0.7
2,78.6360,7.0765,171.00,141.00,164.51,162.20,0.5805,0,correlation 0.58 <= 0.7
2,78.6101,7.0939,165.00,118.00,164.49,161.71,0.5403,0,correlation 0.54 <= 0.7
2,78.5999,7.0321,169.00,121.00,164.57,161.72,0.5336,0,correlation 0.53 <= 0.7
2,78.6577,7.1278,159.00,111.00,165.43,162.48,0.2286,0,correlation 0.23 <= 0.7
2,78.6185,7.1388,173.00,119.00,164.22,161.64,0.5522,0,correlation 0.55 <= 0.7
2,78.5749,7.0233,151.00,80.00,163.40,160.39,0.5412,0,correlation 0.54 <= 0.7
2,78.5706,7.1414,149.00,80.00,162.92,159.94,0.5855,0,correlation 0.59 <= 0.7
2,78.6107,7.0156,169.00,123.00,164.82,162.06,0.5409,0,correlation 0.54 <= 0.7
2,78.6384,7.1011,171.00,143.00,164.47,162.19,0.5826,0,correlation 0.58 <= 0.7
2,78.5873,7.0450,163.00,85.00,164.05,161.06,0.5534,0,correlation 0.55 <= 0.7
2,78.6372,7.0591,171.00,141.00,164.59,162.33,0.5852,0,correlation 0.59 <= 0.7
2,78.5714,7.0831,149.00,80.00,163.08,160.07,0.5627,0,correlation 0.56 <= 0.7
2,78.6203,7.0672,174.00,121.00,164.56,161.93,0.5201,0,correlation 0.52 <= 0.7
2,78.6625,7.0299,161.00,113.00,165.73,162.47,-0.0217,0,correlation -0.02 <= 0.7
2,78.6295,7.0943,149.00,145.00,164.39,161.93,0.5509,0,correlation 0.55 <= 0.7
2,78.5661,7.0220,148.00,80.00,162.90,159.97,0.5166,0,correlation 0.52 <= 0.7
2,78.6165,7.0507,165.00,121.00,164.67,161.99,0.5246,0,correlation 0.52 <= 0.7
2,78.6308,7.0629,149.00,145.00,164.52,162.10,0.5570,0,correlation 0.56 <= 0.7
2,78.5809,7.0367,165.00,82.36,163.72,160.70,0.5586,0,correlation 0.56 <= 0.7
2,78.5891,7.1435,161.00,83.00,163.87,160.70,0.5473,0,correlation 0.55 <= 0.7
2,78.6012,7.1285,167.00,119.00,164.28,161.35,0.5125,0,correlation 0.51 <= 0.7
2,78.5818,7.0364,165.00,82.74,163.77,160.76,0.5598,0,correlation 0.56 <= 0.7
2,78.6652,7.0267,161.00,83.00,165.93,162.46,-0.1050,0,correlation -0.11 <= 0.7
2,78.6402,7.0748,171.00,143.00,164.59,162.38,0.5882,0,correlation 0.59 <= 0.7
2,78.5906,7.0462,163.00,85.00,164.19,161.24,0.5402,0,correlation 0.54 <= 0.7
2,78.5915,7.1337,161.00,83.00,163.99,160.89,0.5380,0,correlation 0.54 <= 0.7
2,78.6525,7.0389,153.00,133.00,165.07,162.73,0.3837,0,correlation 0.38 <= 0.7
2,78.6637,7.1394,159.00,111.00,165.87,162.34,0.0000,0,correlation 0.00 <= 0.7
2,78.6611,7.1291,159.00,111.00,165.68,162.40,0.0907,0,correlation 0.09 <= 0.7
2,78.6190,7.0264,165.00,123.00,164.76,162.10,0.5116,0,correlation 0.51 <= 0.7
2,78.6559,7.1158,159.00,155.00,165.29,162.54,0.2990,0,correlation 0.30 <= 0.7
2,78.6527,7.0994,161.00,131.00,165.06,162.62,0.4113,0,correlation 0.41 <= 0.7
2,78.5777,7.1151,163.00,80.00,163.38,160.23,0.5710,0,correlation 0.57 <= 0.7
2,78.6153,7.1328,173.00,117.84,164.28,161.64,0.5520,0,correlation 0.55 <= 0.7
2,78.6610,7.0355,161.00,113.00,165.62,162.49,0.0364,0,correlation 0.04 <= 0.7
2,78.6206,7.0515,175.00,123.00,164.63,161.99,0.5139,0,correlation 0.51 <= 0.7
2,78.3660,3.9869,123.00,133.00,157.18,164.47,0.6449,0,correlation 0.64 <= 0.7
2,78.3519,3.8989,124.08,133.00,159.57,165.20,0.6582,0,correlation 0.66 <= 0.7
2,78.3648,3.8966,123.00,137.00,158.59,164.41,0.6692,0,correlation 0.67 <= 0.7
2,78.3812,3.9358,123.00,135.00,156.54,164.01,0.6318,0,correlation 0.63 <= 0.7
2,78.3363,3.9451,129.00,135.00,161.41,166.40,0.5767,0,correlation 0.58 <= 0.7
2,78.3429,3.8723,131.00,135.00,161.80,165.73,0.6463,0,correlation 0.65 <= 0.7
2,78.3577,3.9869,123.32,131.00,158.34,164.97,0.6397,0,correlation 0.64 <= 0.7
2,78.3853,3.9859,123.00,133.00,155.29,164.00,0.6079,0,correlation 0.61 <= 0.7
2,78.3109,4.0162,149.89,141.00,163.37,168.71,0.1655,0,correlation 0.17 <= 0.7
2,78.3105,3.9043,149.00,143.00,163.65,168.34,0.2033,0,correlation 0.20 <= 0.7
2,78.3762,3.9708,123.00,135.00,156.04,164.09,0.6376,0,correlation 0.64 <= 0.7
2,78.2952,3.8951,84.00,147.00,164.35,169.31,-0.1288,0,correlation -0.13 <= 0.7
2,78.3175,3.9635,143.00,135.00,163.03,168.03,0.3143,0,correlation 0.31 <= 0.7
2,78.3732,3.9666,123.00,135.00,156.38,164.16,0.6432,0,correlation 0.64 <= 0.7
2,78.3257,3.9854,141.00,133.00,162.32,167.43,0.4356,0,correlation 0.44 <= 0.7
2,78.3828,3.9425,123.00,135.00,156.40,164.01,0.6253,0,correlation 0.63 <= 0.7
2,78.3736,3.9643,123.00,135.00,156.35,164.15,0.6431,0,correlation 0.64 <= 0.7
2,78.3448,3.9000,129.00,135.00,160.54,165.67,0.6406,0,correlation 0.64 <= 0.7
2,78.3410,3.9998,129.00,133.00,160.64,166.20,0.5832,0,correlation 0.58 <= 0.7
2,78.3527,3.9740,121.00,133.00,159.13,165.29,0.6360,0,correlation 0.64 <= 0.7
2,78.2980,3.8935,84.00,147.00,164.26,169.13,-0.0685,0,correlation -0.07 <= 0.7
2,78.2975,3.9130,84.00,147.00,164.25,169.23,-0.0809,0,correlation -0.08 <= 0.7
2,78.3812,3.9906,123.00,135.00,155.51,164.01,0.6208,0,correlation 0.62 <= 0.7
2,78.2971,3.9218,84.00,147.00,164.24,169.28,-0.0888,0,correlation -0.09 <= 0.7
2,78.3166,3.9949,143.00,141.00,163.02,168.22,0.2821,0,correlation 0.28 <= 0.7
2,78.3435,3.9449,129.00,133.00,160.52,165.86,0.6195,0,correlation 0.62 <= 0.7
2,78.3266,3.9561,141.00,136.00,162.32,167.22,0.4669,0,correlation 0.47 <= 0.7
2,78.3457,3.8718,129.00,135.00,161.42,165.54,0.6560,0,correlation 0.66 <= 0.7
2,78.2999,3.9261,84.00,147.00,164.13,169.13,-0.0303,0,correlation -0.03 <= 0.7
2,78.3355,3.9156,129.00,135.00,161.59,166.38,0.5830,0,correlation 0.58 <= 0.7
2,78.3273,4.0129,141.00,133.00,162.09,167.40,0.4396,0,correlation 0.44 <= 0.7
2,78.3040,3.9240,155.00,143.00,163.96,168.85,0.0586,0,correlation 0.06 <= 0.7
2,78.3648,4.0048,123.00,131.00,157.26,164.56,0.6395,0,correlation 0.64 <= 0.7
2,78.3160,3.8993,145.00,135.00,163.31,167.90,0.3175,0,correlation 0.32 <= 0.7
2,78.3394,3.9192,129.00,135.00,161.14,166.09,0.6107,0,correlation 0.61 <= 0.7
2,78.3345,3.9806,129.00,136.00,161.49,166.64,0.5455,0,correlation 0.55 <= 0.7
2,78.3809,1.6371,147.00,135.00,172.24,164.02,0.6141,0,correlation 0.61 <= 0.7
2,78.3549,1.5794,157.00,145.00,174.57,165.10,0.7530,0,centroids differ by 9.5 km
2,78.3765,1.5834,147.00,135.00,172.82,164.00,0.6345,0,correlation 0.63 <= 0.7
2,78.3448,1.5615,157.00,145.00,175.18,165.66,0.7300,0,centroids differ by 9.5 km
2,78.3530,1.5101,157.00,145.00,174.83,164.98,0.7255,0,centroids differ by 9.9 km
2,78.3831,1.5041,149.00,135.00,173.23,163.63,0.5647,0,correlation 0.56 <= 0.7
2,78.3361,1.6347,171.00,153.00,175.46,166.39,0.6785,0,correlation 0.68 <= 0.7
2,78.3959,1.6086,149.00,133.00,171.01,163.56,0.5554,0,correlation 0.56 <= 0.7
2,78.3534,1.5173,157.00,145.00,174.80,164.98,0.7271,0,centroids differ by 9.8 km
2,78.3718,1.5182,153.00,137.00,173.41,163.99,0.6419,0,correlation 0.64 <= 0.7
2,78.3551,1.5241,157.00,145.00,174.68,164.90,0.7277,0,centroids differ by 9.8 km
2,78.3530,1.5420,157.00,145.00,174.78,165.09,0.7375,0,centroids differ by 9.7 km
2,78.4005,1.5573,149.00,130.00,170.84,163.28,0.5647,0,correlation 0.56 <= 0.7
2,78.3531,1.5776,157.00,145.00,174.70,165.21,0.7530,0,centroids differ by 9.5 km
2,78.3776,1.5719,147.00,135.00,172.74,163.94,0.6215,0,correlation 0.62 <= 0.7
2,78.4033,1.6142,149.00,129.00,170.50,163.34,0.5551,0,correlation 0.56 <= 0.7
2,78.3961,1.5110,149.00,131.00,172.09,163.32,0.5632,0,correlation 0.56 <= 0.7
2,78.3753,1.5385,149.40,135.00,173.04,163.92,0.6265,0,correlation 0.63 <= 0.7
2,78.3958,1.5615,149.00,133.00,171.18,163.45,0.5618,0,correlation 0.56 <= 0.7
2,78.3527,1.4994,157.00,145.00,174.87,164.96,0.7214,0,centroids differ by 9.9 km
2,78.3595,1.5394,157.00,145.00,174.33,164.67,0.7260,0,centroids differ by 9.7 km
2,78.3985,1.4964,151.00,131.00,171.95,163.20,0.5630,0,correlation 0.56 <= 0.7
2,78.3447,1.5739,157.00,145.00,175.17,165.71,0.7322,0,centroids differ by 9.5 km
2,78.3263,1.5167,175.00,155.00,175.88,166.68,0.4605,0,correlation 0.46 <= 0.7
2,78.3967,1.5868,149.00,131.00,171.02,163.48,0.5602,0,correlation 0.56 <= 0.7
2,78.3962,1.6183,149.00,133.00,170.94,163.57,0.5536,0,correlation 0.55 <= 0.7
2,78.3225,1.5305,178.24,155.00,175.96,166.94,0.3887,0,correlation 0.39 <= 0.7
2,78.3471,1.5963,157.00,145.00,175.01,165.63,0.7451,0,centroids differ by 9.4 km
2,78.3543,1.5021,157.00,145.00,174.77,164.88,0.7200,0,centroids differ by 9.9 km
2,78.3467,1.5995,157.00,145.00,175.03,165.66,0.7444,0,centroids differ by 9.4 km
2,78.3417,1.5323,157.00,147.00,175.36,165.75,0.6956,0,correlation 0.70 <= 0.7
2,78.3559,1.5141,157.00,145.00,174.65,164.82,0.7225,0,centroids differ by 9.8 km
2,78.3169,1.6212,179.00,153.00,176.00,167.29,0.3068,0,correlation 0.31 <= 0.7
2,78.3397,1.5773,171.00,145.00,175.38,166.00,0.6905,0,correlation 0.69 <= 0.7
2,78.3231,1.5484,178.02,153.00,175.93,166.94,0.4177,0,correlation 0.42 <= 0.7
2,78.3659,1.5710,153.00,143.00,173.77,164.40,0.7088,0,centroids differ by 9.4 km
2,78.4279,8.7306,113.00,121.00,151.06,164.35,0.6969,0,correlation 0.70 <= 0.7
2,78.4335,8.7713,113.00,119.00,151.06,164.21,0.7077,0,centroids differ by 13.1 km
2,78.4802,8.7566,121.00,107.00,154.34,161.04,0.5316,0,correlation 0.53 <= 0.7
2,78.4575,8.7322,117.00,111.00,152.61,162.33,0.7812,0,centroids differ by 9.7 km
2,78.4022,8.7598,113.00,131.00,150.94,166.14,0.3062,0,correlation 0.31 <= 0.7
2,78.3955,8.7691,113.00,133.00,151.03,166.48,0.2015,0,correlation 0.20 <= 0.7
2,78.4706,8.7681,119.00,107.00,153.51,161.65,0.6441,0,correlation 0.64 <= 0.7
2,78.4596,8.6578,119.00,111.00,152.89,161.86,0.7961,0,centroids differ by 9.0 km
2,78.3870,8.7625,113.00,137.00,151.10,166.88,0.0844,0,correlation 0.08 <= 0.7
2,78.4516,8.7479,117.00,115.00,152.15,162.80,0.7931,0,centroids differ by 10.7 km
2,78.4310,8.6807,113.00,121.00,151.35,163.83,0.7577,0,centroids differ by 12.5 km
2,78.3923,8.7270,113.00,135.00,151.29,166.50,0.2019,0,correlation 0.20 <= 0.7
2,78.4395,8.7744,113.00,119.00,151.30,163.79,0.7438,0,centroids differ by 12.5 km
2,78.4847,8.7350,125.00,107.00,154.79,160.70,0.4846,0,correlation 0.48 <= 0.7
2,78.4517,8.7076,117.00,115.00,152.21,162.59,0.8178,0,centroids differ by 10.4 km
2,78.4120,8.7542,113.00,131.00,150.84,165.61,0.4559,0,correlation 0.46 <= 0.7
2,78.4019,8.6825,113.00,133.00,151.42,165.83,0.3967,0,correlation 0.40 <= 0.7
2,78.4266,8.7880,113.00,121.00,150.80,164.90,0.6169,0,correlation 0.62 <= 0.7
2,78.4614,8.7413,119.00,109.00,152.89,162.12,0.7503,0,centroids differ by 9.2 km
2,78.3965,8.7389,113.00,133.00,151.18,166.34,0.2518,0,correlation 0.25 <= 0.7
2,78.4450,8.6830,115.00,117.00,151.84,162.93,0.8255,0,centroids differ by 11.1 km
2,78.4056,8.7131,115.00,133.00,151.16,165.76,0.4139,0,correlation 0.41 <= 0.7
2,78.4682,8.7641,119.00,107.00,153.34,161.79,0.6744,0,correlation 0.67 <= 0.7
2,78.3973,8.7659,113.00,133.00,151.01,166.39,0.2314,0,correlation 0.23 <= 0.7
2,78.4647,8.6647,119.00,111.00,153.25,161.58,0.7475,0,centroids differ by 8.3 km
2,78.4188,8.7689,113.00,126.00,150.77,165.29,0.5396,0,correlation 0.54 <= 0.7
2,78.4790,8.7039,120.00,109.00,154.22,160.89,0.5693,0,correlation 0.57 <= 0.7
2,78.4503,8.6752,117.00,113.00,152.17,162.54,0.8347,0,centroids differ by 10.4 km
2,78.4202,8.6552,115.00,125.00,151.33,164.42,0.6787,0,correlation 0.68 <= 0.7
2,78.4107,8.7194,115.00,131.00,151.05,165.50,0.4842,0,correlation 0.48 <= 0.7
2,78.3987,8.6572,115.00,135.00,151.62,165.90,0.3772,0,correlation 0.38 <= 0.7
2,78.4494,8.7589,117.00,115.00,151.96,163.00,0.7862,0,centroids differ by 11.0 km
2,78.3989,8.6712,113.00,135.00,151.53,165.95,0.3628,0,correlation 0.36 <= 0.7
2,78.4618,8.6911,119.00,111.00,153.00,161.86,0.7679,0,centroids differ by 8.9 km
2,78.4840,8.7752,127.00,107.00,154.77,160.91,0.4773,0,correlation 0.48 <= 0.7
2,78.3973,8.6867,113.00,135.00,151.47,166.10,0.3208,0,correlation 0.32 <= 0.7
2,78.8637,11.6509,165.00,249.00,173.16,169.84,0.7306,0,NYA peak not clear against upper and lower means
2,78.8521,11.6790,163.00,237.00,172.77,169.48,0.7729,0,NYA peak not clear against upper and lower means
2,78.8440,11.6457,163.00,213.00,172.25,168.48,0.7844,0,centroids differ by 3.8 km
2,78.8224,11.6633,159.00,165.00,171.02,166.67,0.5999,0,correlation 0.60 <= 0.7
2,78.8547,11.6558,163.00,239.00,172.82,169.58,0.7514,0,NYA peak not clear against upper and lower means
2,78.8667,11.6270,165.00,249.00,173.23,169.94,0.7366,0,NYA peak not clear against upper and lower means
2,78.7863,11.6132,151.00,249.00,168.88,165.89,-0.0341,0,correlation -0.03 <= 0.7
2,78.8294,11.6068,161.00,245.00,171.27,167.69,0.5955,0,correlation 0.60 <= 0.7
2,78.8032,11.6118,157.00,183.00,169.85,166.47,0.8407,0,centroids differ by 3.4 km
2,78.8087,11.5980,159.00,199.00,170.14,166.77,0.6950,0,correlation 0.70 <= 0.7
2,78.8792,11.5832,167.00,249.00,173.56,169.98,0.7949,0,NYA peak not clear against upper and lower means
2,78.8155,11.6548,159.00,249.00,170.59,166.55,0.4953,0,correlation 0.50 <= 0.7
2,78.8279,11.6018,161.00,243.00,171.17,167.69,0.5700,0,correlation 0.57 <= 0.7
2,78.8202,11.6418,159.00,249.00,170.83,166.82,0.5488,0,correlation 0.55 <= 0.7
2,78.8554,11.5603,165.00,231.00,172.55,169.59,0.8008,0,NYA peak not clear against upper and lower means
2,78.8146,11.6365,159.00,249.00,170.51,166.67,0.4810,0,correlation 0.48 <= 0.7
2,78.8813,11.6845,167.00,249.00,173.78,169.50,0.6738,0,correlation 0.67 <= 0.7
2,78.8499,11.6070,163.00,223.00,172.44,169.16,0.7791,0,centroids differ by 3.3 km
2,78.8337,11.6294,161.00,187.00,171.59,167.60,0.6914,0,correlation 0.69 <= 0.7
2,78.7961,11.6092,157.00,163.00,169.47,166.11,0.7144,0,centroids differ by 3.4 km
2,78.8817,11.6734,167.00,249.00,173.76,169.49,0.6768,0,correlation 0.68 <= 0.7
2,78.7899,11.6945,155.00,185.00,169.16,165.64,0.7431,0,centroids differ by 3.5 km
2,78.8287,11.6746,161.00,179.00,171.45,166.88,0.7164,0,centroids differ by 4.6 km
2,78.8022,11.6285,157.00,177.00,169.81,166.40,0.7645,0,centroids differ by 3.4 km
2,78.8067,11.6512,157.00,247.00,170.09,166.33,0.4587,0,correlation 0.46 <= 0.7
2,78.8722,11.6502,167.00,249.00,173.43,169.85,0.7065,0,NYA peak not clear against upper and lower means
2,78.8368,11.6389,161.00,195.00,171.80,167.73,0.7396,0,centroids differ by 4.1 km
2,78.8165,11.6865,151.00,153.00,170.74,166.26,0.5150,0,correlation 0.52 <= 0.7
2,78.8560,11.6305,165.00,239.00,172.82,169.65,0.7492,0,NYA peak not clear against upper and lower means
2,78.7838,11.5616,153.00,83.00,168.60,164.77,-0.4741,0,correlation -0.47 <= 0.7
2,78.8062,11.6953,157.00,227.00,170.14,165.95,0.1657,0,correlation 0.17 <= 0.7
2,78.7891,11.6872,155.00,191.00,169.11,165.73,0.6438,0,correlation 0.64 <= 0.7
2,78.8179,11.6838,151.00,155.00,170.81,166.32,0.5501,0,correlation 0.55 <= 0.7
2,78.7863,11.6256,153.65,241.00,168.90,166.01,-0.0487,0,correlation -0.05 <= 0.7
2,78.8792,11.6988,167.00,249.00,173.74,169.58,0.6738,0,correlation 0.67 <= 0.7
2,78.8221,11.6280,153.00,249.00,170.91,167.05,0.5530,0,correlation 0.55 <= 0.7
2,78.8503,10.3943,173.00,249.00,172.37,169.56,0.5728,0,correlation 0.57 <= 0.7
2,78.7790,10.4232,155.00,80.00,167.38,164.07,-0.3680,0,correlation -0.37 <= 0.7
2,78.8178,10.4830,161.00,187.00,170.78,167.53,0.6051,0,correlation 0.61 <= 0.7
2,78.8726,10.4304,173.00,209.00,172.99,169.05,0.6833,0,correlation 0.68 <= 0.7
2,78.7918,10.3632,159.00,87.00,168.36,163.52,-0.3400,0,correlation -0.34 <= 0.7
2,78.8670,10.3844,187.00,215.00,172.87,169.07,0.6594,0,correlation 0.66 <= 0.7
2,78.7896,10.4387,157.00,80.00,168.31,163.99,-0.2247,0,correlation -0.22 <= 0.7
2,78.8564,10.4237,173.00,249.00,172.42,169.33,0.5688,0,correlation 0.57 <= 0.7
2,78.8539,10.4471,171.00,247.00,172.25,169.33,0.5513,0,correlation 0.55 <= 0.7
2,78.8069,10.3989,161.00,195.00,169.74,166.01,0.3889,0,correlation 0.39 <= 0.7
2,78.8067,10.3634,161.00,109.00,169.62,165.64,0.2417,0,correlation 0.24 <= 0.7
2,78.7950,10.4700,157.00,89.00,168.85,164.46,-0.1361,0,correlation -0.14 <= 0.7
2,78.7775,10.4560,155.00,80.00,167.30,164.44,-0.3194,0,correlation -0.32 <= 0.7
2,78.8607,10.3855,173.00,249.00,172.67,169.28,0.6037,0,correlation 0.60 <= 0.7
2,78.8137,10.4539,161.00,189.00,170.54,166.75,0.5069,0,correlation 0.51 <= 0.7
2,78.8537,10.4847,171.00,241.00,172.15,169.18,0.5577,0,correlation 0.56 <= 0.7
2,78.8541,10.5005,183.00,239.00,172.14,169.08,0.5713,0,correlation 0.57 <= 0.7
2,78.7855,10.3945,157.00,85.00,167.88,163.64,-0.3998,0,correlation -0.40 <= 0.7
2,78.7848,10.3811,157.00,85.00,167.82,163.53,-0.4318,0,correlation -0.43 <= 0.7
2,78.8194,10.4159,161.00,195.00,170.92,167.83,0.5498,0,correlation 0.55 <= 0.7
2,78.8091,10.4941,159.00,183.00,170.23,165.98,0.4908,0,correlation 0.49 <= 0.7
2,78.8573,10.3727,173.00,249.00,172.64,169.41,0.5823,0,correlation 0.58 <= 0.7
2,78.7987,10.4174,159.00,103.00,169.05,164.46,-0.1048,0,correlation -0.10 <= 0.7
2,78.8165,10.4104,161.00,195.00,170.67,167.29,0.5110,0,correlation 0.51 <= 0.7
2,78.7751,10.4737,155.00,80.00,167.12,164.76,-0.2378,0,correlation -0.24 <= 0.7
2,78.7839,10.4473,157.00,80.00,167.82,164.11,-0.3227,0,correlation -0.32 <= 0.7
2,78.7977,10.4295,159.00,103.00,169.00,164.42,-0.1180,0,correlation -0.12 <= 0.7
2,78.7773,10.3939,153.00,83.00,167.22,164.01,-0.3619,0,correlation -0.36 <= 0.7
2,78.8560,10.3876,173.00,249.00,172.55,169.39,0.5725,0,correlation 0.57 <= 0.7
2,78.8260,10.4938,164.75,191.00,171.13,168.42,0.6062,0,correlation 0.61 <= 0.7
2,78.8569,10.4957,171.00,239.00,172.26,169.03,0.6044,0,correlation 0.60 <= 0.7
2,78.7850,10.4660,157.00,80.00,167.96,164.25,-0.2643,0,correlation -0.26 <= 0.7
2,78.8535,10.4618,171.00,245.00,172.19,169.28,0.5496,0,correlation 0.55 <= 0.7
2,78.8378,10.3690,165.00,211.00,171.99,169.24,0.5194,0,correlation 0.52 <= 0.7
2,78.8072,10.4895,159.00,183.00,170.06,166.04,0.5188,0,correlation 0.52 <= 0.7
2,78.8413,10.4520,171.00,241.00,171.86,169.40,0.5620,0,correlation 0.56 <= 0.7
2,78.7544,12.9198,149.00,121.00,170.39,164.09,-0.6206,0,correlation -0.62 <= 0.7
2,78.7654,12.9246,151.00,123.00,171.10,163.39,-0.5134,0,correlation -0.51 <= 0.7
2,78.7612,12.9178,150.00,121.00,170.81,163.47,-0.6452,0,correlation -0.65 <= 0.7
2,78.7724,12.9163,151.00,121.00,171.55,163.67,-0.1908,0,correlation -0.19 <= 0.7
2,78.7485,12.9765,147.00,129.00,170.03,165.00,-0.1626,0,correlation -0.16 <= 0.7
2,78.7498,12.9903,147.00,131.00,170.15,164.83,-0.2022,0,correlation -0.20 <= 0.7
2,78.8305,12.8972,185.00,249.00,174.52,171.27,0.7696,0,LYR peak not clear against upper and lower means
2,78.8273,12.9140,183.00,233.00,174.42,171.43,0.7820,0,LYR peak not clear against upper and lower means
2,78.7746,12.9806,177.00,129.00,171.86,164.54,0.1732,0,correlation 0.17 <= 0.7
2,78.8040,12.9893,179.00,221.00,173.46,170.98,0.8936,0,centroids differ by 2.5 km
2,78.7840,12.9175,153.00,147.00,172.31,165.95,0.6261,0,correlation 0.63 <= 0.7
2,78.8305,12.9599,181.00,243.00,174.79,171.23,0.7655,0,LYR peak not clear against upper and lower means
2,78.8290,12.9820,179.00,249.00,174.77,171.35,0.7658,0,LYR peak not clear against upper and lower means
2,78.7929,12.9820,177.00,169.00,172.92,168.53,0.9237,0,centroids differ by 4.4 km
2,78.8317,12.8519,185.00,249.00,174.53,171.30,0.7461,0,LYR peak not clear against upper and lower means
2,78.8317,12.8504,185.00,249.00,174.52,171.31,0.7457,0,NYA peak not clear against upper and lower means
2,78.7862,12.9681,179.00,155.00,172.52,166.82,0.7617,0,centroids differ by 5.7 km
2,78.8077,12.8558,183.00,211.00,173.49,170.93,0.9260,0,centroids differ by 2.6 km
2,78.7917,12.9266,179.00,161.00,172.75,168.03,0.9097,0,centroids differ by 4.7 km
2,78.8415,12.8758,187.00,249.00,174.95,170.46,0.7158,0,LYR peak not clear against upper and lower means
2,78.8047,12.9679,179.00,219.00,173.47,171.05,0.8969,0,centroids differ by 2.4 km
2,78.8167,12.9821,181.00,239.00,174.17,172.03,0.8259,0,LYR peak not clear against upper and lower means
2,78.8355,12.9697,181.00,247.00,174.99,170.77,0.7539,0,LYR peak not clear against upper and lower means
2,78.7756,12.8891,153.00,119.00,171.68,163.84,-0.0920,0,correlation -0.09 <= 0.7
2,78.8167,12.9674,181.00,237.00,174.10,171.98,0.8326,0,LYR peak not clear against upper and lower means
2,78.8081,12.9896,179.00,227.00,173.70,171.51,0.8627,0,LYR peak not clear against upper and lower means
2,78.7765,12.8639,153.00,115.00,171.70,163.94,-0.0841,0,correlation -0.08 <= 0.7
2,78.7711,12.8722,152.00,117.00,171.39,163.39,-0.4226,0,correlation -0.42 <= 0.7
2,78.7892,12.8975,154.00,155.00,172.57,167.27,0.8516,0,LYR peak not clear against upper and lower means
2,78.7669,12.8946,151.00,119.00,171.15,163.29,-0.5609,0,correlation -0.56 <= 0.7
2,78.7742,12.8988,153.00,119.00,171.62,163.73,-0.1469,0,correlation -0.15 <= 0.7
2,78.8060,12.9449,181.00,219.00,173.52,171.15,0.8986,0,centroids differ by 2.4 km
2,78.8065,12.9665,179.00,223.00,173.56,171.28,0.8834,0,centroids differ by 2.3 km
2,78.7610,12.9480,149.00,123.00,170.85,163.59,-0.5459,0,correlation -0.55 <= 0.7
2,78.7646,12.8983,151.00,119.00,171.01,163.29,-0.6329,0,correlation -0.63 <= 0.7
2,78.8326,12.9336,185.00,239.00,174.79,171.11,0.7647,0,LYR peak not clear against upper and lower means
2,78.4059,3.4921,131.00,133.00,158.81,165.66,0.5171,0,correlation 0.52 <= 0.7
2,78.3560,3.5434,125.00,143.00,162.26,164.42,0.7578,0,centroids differ by 2.2 km
2,78.3714,3.4302,129.00,137.00,160.74,164.87,0.7278,0,centroids differ by 4.1 km
2,78.4027,3.4609,131.00,135.00,158.72,165.65,0.5266,0,correlation 0.53 <= 0.7
2,78.3519,3.5673,131.00,143.00,162.70,164.56,0.7540,0,centroids differ by 1.9 km
2,78.3484,3.4409,135.00,145.00,163.64,164.57,0.7828,1,
2,78.3799,3.4412,129.00,137.00,159.72,165.11,0.6798,0,correlation 0.68 <= 0.7
2,78.3789,3.5516,127.00,135.00,159.31,164.83,0.6802,0,correlation 0.68 <= 0.7
2,78.3929,3.4389,129.00,135.00,158.77,165.47,0.5908,0,correlation 0.59 <= 0.7
2,78.3468,3.4334,135.00,145.00,163.85,164.61,0.7833,1,
2,78.3236,3.5417,147.00,141.00,165.68,166.08,0.5944,0,correlation 0.59 <= 0.7
2,78.3374,3.5260,135.00,141.00,164.55,165.18,0.7333,1,
2,78.4062,3.5050,131.00,133.00,158.80,165.65,0.5190,0,correlation 0.52 <= 0.7
2,78.3386,3.5536,133.00,141.00,164.35,165.17,0.7318,1,
2,78.3582,3.4941,129.00,141.00,162.20,164.42,0.7654,0,centroids differ by 2.2 km
2,78.4114,3.4724,131.00,139.00,159.36,165.79,0.4909,0,correlation 0.49 <= 0.7
2,78.3620,3.4539,127.00,139.00,161.85,164.51,0.7642,0,centroids differ by 2.7 km
2,78.4115,3.4681,131.00,139.00,159.38,165.80,0.4888,0,correlation 0.49 <= 0.7
2,78.3656,3.5593,127.00,139.00,160.89,164.38,0.7390,0,centroids differ by 3.5 km
2,78.3944,3.4418,131.00,135.00,158.71,165.50,0.5801,0,correlation 0.58 <= 0.7
2,78.3567,3.5491,125.00,141.00,162.15,164.41,0.7559,0,centroids differ by 2.3 km
2,78.3273,3.4371,149.00,143.00,165.65,165.57,0.6649,0,correlation 0.66 <= 0.7
2,78.4051,3.4889,131.00,133.00,158.76,165.65,0.5194,0,correlation 0.52 <= 0.7
2,78.3962,3.5533,129.00,135.00,158.27,165.35,0.5708,0,correlation 0.57 <= 0.7
2,78.3559,3.5026,129.00,143.00,162.46,164.43,0.7658,0,centroids differ by 2.0 km
2,78.3291,3.4440,149.00,143.00,165.50,165.47,0.6843,0,correlation 0.68 <= 0.7
2,78.3995,3.5438,129.00,133.00,158.34,165.44,0.5524,0,correlation 0.55 <= 0.7
2,78.4139,3.4336,133.00,139.00,160.51,165.90,0.4640,0,correlation 0.46 <= 0.7
2,78.4131,3.4843,131.00,129.00,159.53,165.80,0.4905,0,correlation 0.49 <= 0.7
2,78.3758,3.4596,129.00,137.00,160.08,164.94,0.7031,0,centroids differ by 4.9 km
2,78.3323,3.4869,147.00,141.00,165.13,165.38,0.7059,1,
2,78.3344,3.4873,135.00,141.00,164.94,165.25,0.7237,1,
2,78.3317,3.4797,147.00,141.00,165.19,165.40,0.7028,1,
2,78.3246,3.5666,147.00,139.00,165.54,166.09,0.6040,0,correlation 0.60 <= 0.7
2,78.3377,3.5503,133.00,141.00,164.44,165.21,0.7284,1,
2,78.4072,3.5651,131.00,133.00,158.73,165.56,0.5299,0,correlation 0.53 <= 0.7
2,78.3958,7.8052,121.00,143.00,153.31,165.50,0.5532,0,correlation 0.55 <= 0.7
2,78.4101,7.9340,123.00,137.00,154.59,164.40,0.7446,0,centroids differ by 9.8 km
2,78.4113,7.9320,123.00,137.00,154.67,164.30,0.7556,0,centroids differ by 9.6 km
2,78.3915,7.8637,121.00,141.00,152.75,165.75,0.4692,0,correlation 0.47 <= 0.7
2,78.4203,7.9027,127.00,137.00,155.13,163.55,0.8090,0,centroids differ by 8.4 km
2,78.4238,7.8220,129.00,129.00,155.53,163.38,0.8144,0,centroids differ by 7.9 km
2,78.4134,7.8680,125.00,139.00,154.94,164.11,0.7723,0,centroids differ by 9.2 km
2,78.3823,7.9338,119.00,139.00,151.39,166.27,0.2610,0,correlation 0.26 <= 0.7
2,78.3890,7.8704,119.00,141.00,152.37,165.90,0.4142,0,correlation 0.41 <= 0.7
2,78.3600,7.9445,103.00,149.00,146.66,167.40,-0.3147,0,correlation -0.31 <= 0.7
2,78.4130,7.8712,125.00,139.00,154.91,164.14,0.7696,0,centroids differ by 9.2 km
2,78.4167,7.8167,125.00,131.00,155.25,163.92,0.7879,0,centroids differ by 8.7 km
2,78.3779,7.8448,117.00,141.00,150.26,166.57,0.1239,0,correlation 0.12 <= 0.7
2,78.4073,7.9250,123.00,139.00,154.42,164.61,0.7173,0,centroids differ by 10.2 km
2,78.3889,7.8544,119.00,141.00,152.34,165.91,0.4119,0,correlation 0.41 <= 0.7
2,78.3640,7.9494,106.00,147.00,147.56,167.19,-0.2170,0,correlation -0.22 <= 0.7
2,78.3938,7.8174,121.00,143.00,153.06,165.63,0.5168,0,correlation 0.52 <= 0.7
2,78.3938,7.9271,121.00,139.00,153.11,165.57,0.5170,0,correlation 0.52 <= 0.7
2,78.4160,7.8577,125.00,139.00,155.09,163.91,0.7870,0,centroids differ by 8.8 km
2,78.3778,7.8460,117.00,141.00,150.26,166.57,0.1236,0,correlation 0.12 <= 0.7
2,78.3653,7.8904,105.00,149.00,147.63,167.18,-0.2019,0,correlation -0.20 <= 0.7
2,78.4292,7.8520,127.00,127.00,155.52,162.93,0.8281,0,centroids differ by 7.4 km
2,78.3975,7.8745,121.00,141.00,153.57,165.33,0.5858,0,correlation 0.59 <= 0.7
2,78.4436,7.8890,127.00,117.00,155.24,161.77,0.8327,0,centroids differ by 6.5 km
2,78.4481,7.8666,127.00,117.00,155.35,161.57,0.8181,0,centroids differ by 6.2 km
2,78.3898,7.9192,119.00,139.00,152.56,165.82,0.4352,0,correlation 0.44 <= 0.7
2,78.4375,7.9214,125.00,127.00,155.12,162.18,0.8353,0,centroids differ by 7.1 km
2,78.3838,7.8058,119.00,143.00,151.32,166.29,0.2755,0,correlation 0.28 <= 0.7
2,78.4299,7.8064,129.00,131.00,155.73,162.93,0.8281,0,centroids differ by 7.2 km
2,78.4389,7.8389,127.00,119.00,155.56,162.20,0.8311,0,centroids differ by 6.6 km
2,78.4419,7.8673,127.00,119.00,155.38,161.94,0.8311,0,centroids differ by 6.6 km
2,78.4248,7.8990,127.00,127.00,155.26,163.20,0.8225,0,centroids differ by 7.9 km
2,78.3931,7.8045,121.00,143.00,152.94,165.69,0.5005,0,correlation 0.50 <= 0.7
2,78.4176,7.8790,127.00,137.00,155.11,163.77,0.7966,0,centroids differ by 8.7 km
2,78.3719,7.8184,117.00,143.00,148.83,166.92,-0.0547,0,correlation -0.05 <= 0.7
2,78.4139,7.8544,125.00,139.00,154.99,164.08,0.7750,0,centroids differ by 9.1 km
2,78.4405,3.9300,135.00,129.00,161.82,165.55,0.4389,0,correlation 0.44 <= 0.7
2,78.4352,3.9894,135.00,124.00,161.02,165.25,0.5383,0,correlation 0.54 <= 0.7
2,78.4716,3.9437,157.00,109.00,166.35,166.12,-0.4279,0,correlation -0.43 <= 0.7
2,78.4824,3.9323,175.00,109.00,168.16,166.06,-0.5570,0,correlation -0.56 <= 0.7
2,78.4463,4.0115,136.00,127.00,162.44,165.56,0.3457,0,correlation 0.35 <= 0.7
2,78.4612,3.9961,153.00,112.33,164.61,165.97,-0.1178,0,correlation -0.12 <= 0.7
2,78.4780,4.0616,157.00,107.00,167.39,166.07,-0.4880,0,correlation -0.49 <= 0.7
2,78.4209,4.0604,129.00,125.00,158.22,164.82,0.6149,0,correlation 0.61 <= 0.7
2,78.4388,4.0420,135.00,123.00,160.66,165.27,0.5003,0,correlation 0.50 <= 0.7
2,78.4793,3.9382,159.00,109.00,167.63,166.10,-0.5302,0,correlation -0.53 <= 0.7
2,78.4693,3.9432,155.00,109.00,165.97,166.11,-0.3816,0,correlation -0.38 <= 0.7
2,78.4317,3.9279,133.00,125.00,160.67,165.29,0.5660,0,correlation 0.57 <= 0.7
2,78.4516,3.9162,145.00,115.00,163.30,165.88,0.1514,0,correlation 0.15 <= 0.7
2,78.4399,3.9258,135.00,129.00,161.75,165.54,0.4477,0,correlation 0.45 <= 0.7
2,78.4785,4.0503,157.00,107.00,167.46,166.08,-0.4941,0,correlation -0.49 <= 0.7
2,78.4252,3.9897,131.00,127.00,159.70,165.03,0.6130,0,correlation 0.61 <= 0.7
2,78.3911,3.9813,125.00,131.00,155.20,164.07,0.5906,0,correlation 0.59 <= 0.7
2,78.4507,4.0164,145.00,115.00,163.03,165.68,0.2365,0,correlation 0.24 <= 0.7
2,78.4748,3.9640,157.00,109.00,166.89,166.11,-0.4763,0,correlation -0.48 <= 0.7
2,78.4863,4.0047,173.00,107.00,168.75,166.04,-0.5422,0,correlation -0.54 <= 0.7
2,78.4169,4.0454,127.00,127.00,157.65,164.75,0.6113,0,correlation 0.61 <= 0.7
2,78.4836,4.0345,173.00,107.00,168.31,166.07,-0.5253,0,correlation -0.53 <= 0.7
2,78.4511,3.9370,145.00,115.00,163.20,165.83,0.1813,0,correlation 0.18 <= 0.7
2,78.4030,4.0421,125.00,127.00,155.75,164.31,0.5758,0,correlation 0.58 <= 0.7
2,78.4502,4.0255,145.00,115.00,162.94,165.65,0.2551,0,correlation 0.26 <= 0.7
2,78.4435,3.9221,137.00,129.00,162.22,165.65,0.3730,0,correlation 0.37 <= 0.7
2,78.4351,3.9310,135.00,123.00,161.11,165.39,0.5269,0,correlation 0.53 <= 0.7
2,78.4411,3.9304,135.00,129.00,161.89,165.57,0.4276,0,correlation 0.43 <= 0.7
2,78.4488,3.9216,145.00,115.00,162.91,165.80,0.2380,0,correlation 0.24 <= 0.7
2,78.4455,3.9989,135.00,119.00,162.35,165.56,0.3584,0,correlation 0.36 <= 0.7
2,78.4025,3.9462,127.00,129.00,156.67,164.58,0.5730,0,correlation 0.57 <= 0.7
2,78.4796,3.9490,159.00,109.00,167.68,166.10,-0.5303,0,correlation -0.53 <= 0.7
2,78.4240,3.9166,131.00,127.00,159.62,165.14,0.6122,0,correlation 0.61 <= 0.7
2,78.4487,3.9884,136.00,115.00,162.79,165.67,0.2789,0,correlation 0.28 <= 0.7
2,78.3922,3.9639,125.00,131.00,156.05,164.13,0.5897,0,correlation 0.59 <= 0.7
2,78.4566,4.0160,145.00,115.00,163.89,165.84,0.0550,0,correlation 0.06 <= 0.7
2,78.3592,4.0691,121.00,131.00,157.73,165.01,0.6169,0,correlation 0.62 <= 0.7
2,78.3426,4.1348,127.00,135.00,159.88,166.45,0.5207,0,correlation 0.52 <= 0.7
2,78.3263,4.1357,139.00,135.00,160.84,167.97,0.3390,0,correlation 0.34 <= 0.7
2,78.3904,4.0762,123.00,131.00,154.88,163.95,0.5770,0,correlation 0.58 <= 0.7
2,78.3665,4.1800,121.00,129.00,156.18,164.74,0.5878,0,correlation 0.59 <= 0.7
2,78.3192,4.1298,141.00,139.00,161.44,168.51,0.2300,0,correlation 0.23 <= 0.7
2,78.3086,4.0482,147.00,145.00,163.44,168.98,0.1080,0,correlation 0.11 <= 0.7
2,78.3481,4.1538,119.00,132.00,158.99,166.03,0.5437,0,correlation 0.54 <= 0.7
2,78.4039,4.0987,125.00,127.00,155.76,164.18,0.5795,0,correlation 0.58 <= 0.7
2,78.4001,4.1566,125.00,129.00,155.25,163.97,0.5696,0,correlation 0.57 <= 0.7
2,78.3346,4.1770,127.00,131.00,159.85,167.42,0.4114,0,correlation 0.41 <= 0.7
2,78.3191,4.0773,141.00,139.00,162.62,168.33,0.2775,0,correlation 0.28 <= 0.7
2,78.3787,4.1268,121.00,131.00,155.10,164.18,0.5937,0,correlation 0.59 <= 0.7
2,78.3539,4.1803,121.29,131.00,157.16,165.62,0.5560,0,correlation 0.56 <= 0.7
2,78.3996,4.0777,125.00,129.00,155.35,164.09,0.5730,0,correlation 0.57 <= 0.7
2,78.3580,4.0313,121.00,131.00,158.09,165.03,0.6276,0,correlation 0.63 <= 0.7
2,78.3204,4.0350,141.00,137.00,162.63,168.09,0.3242,0,correlation 0.32 <= 0.7
2,78.3695,4.1613,121.00,129.00,155.90,164.57,0.5938,0,correlation 0.59 <= 0.7
2,78.3869,4.1286,123.00,133.00,154.71,163.98,0.5761,0,correlation 0.58 <= 0.7
2,78.3096,4.1203,148.27,143.00,162.16,169.15,0.0793,0,correlation 0.08 <= 0.7
2,78.3485,4.0976,121.86,131.00,159.18,165.86,0.5745,0,correlation 0.57 <= 0.7
2,78.3640,4.1526,121.00,129.00,156.66,164.83,0.5954,0,correlation 0.60 <= 0.7
2,78.3479,4.0645,122.98,133.00,159.41,165.82,0.5879,0,correlation 0.59 <= 0.7
2,78.3971,4.0755,125.00,131.00,155.15,164.04,0.5715,0,correlation 0.57 <= 0.7
2,78.3580,4.1364,121.00,129.00,157.59,165.20,0.5891,0,correlation 0.59 <= 0.7
2,78.3825,4.0455,123.00,133.00,155.19,164.01,0.6057,0,correlation 0.61 <= 0.7
2,78.3428,4.1363,126.00,132.85,159.85,166.43,0.5212,0,correlation 0.52 <= 0.7
2,78.3448,4.1170,123.00,135.00,159.64,166.20,0.5443,0,correlation 0.54 <= 0.7
2,78.3472,4.1673,121.00,132.00,158.20,166.14,0.5288,0,correlation 0.53 <= 0.7
2,78.3643,4.0978,121.00,129.00,156.88,164.73,0.6127,0,correlation 0.61 <= 0.7
2,78.3307,4.1625,127.00,131.00,160.31,167.71,0.3768,0,correlation 0.38 <= 0.7
2,78.3403,4.1106,127.00,133.97,160.29,166.57,0.5198,0,correlation 0.52 <= 0.7
2,78.3377,4.0915,127.00,133.96,160.71,166.74,0.5102,0,correlation 0.51 <= 0.7
2,78.3851,4.1209,123.00,133.00,154.78,164.01,0.5814,0,correlation 0.58 <= 0.7
2,78.3281,4.0462,141.00,133.00,161.93,167.48,0.4294,0,correlation 0.43 <= 0.7
2,78.3445,4.0725,125.00,133.00,159.87,166.12,0.5668,0,correlation 0.57 <= 0.7
2,78.8190,9.3356,167.00,147.00,170.88,164.45,0.3450,0,correlation 0.35 <= 0.7
2,78.8122,9.3027,165.00,149.00,170.53,163.33,0.1530,0,correlation 0.15 <= 0.7
2,78.8128,9.2746,165.00,151.00,170.61,163.45,0.1852,0,correlation 0.19 <= 0.7
2,78.8473,9.3494,171.00,187.00,172.47,168.03,0.7007,0,centroids differ by 4.4 km
2,78.8376,9.3766,169.00,183.00,171.91,167.01,0.6668,0,correlation 0.67 <= 0.7
2,78.8440,9.3191,171.00,189.00,172.35,167.53,0.6928,0,correlation 0.69 <= 0.7
2,78.7990,9.3865,161.00,127.00,169.60,161.65,-0.1604,0,correlation -0.16 <= 0.7
2,78.8733,9.2731,175.00,195.00,173.77,169.01,0.5676,0,correlation 0.57 <= 0.7
2,78.8598,9.3544,173.00,189.00,173.05,169.98,0.6633,0,correlation 0.66 <= 0.7
2,78.7996,9.3377,163.00,129.00,169.73,161.77,-0.1210,0,correlation -0.12 <= 0.7
2,78.8683,9.3531,171.00,249.00,173.43,169.55,0.6292,0,correlation 0.63 <= 0.7
2,78.8444,9.3520,171.00,187.00,172.32,167.66,0.7003,0,centroids differ by 4.7 km
2,78.8661,9.4109,169.00,249.00,173.22,169.64,0.6520,0,correlation 0.65 <= 0.7
2,78.8074,9.3837,163.00,127.00,170.13,162.45,-0.0103,0,correlation -0.01 <= 0.7
2,78.8741,9.4126,171.00,249.00,173.56,168.66,0.6009,0,correlation 0.60 <= 0.7
2,78.8424,9.3704,171.00,185.00,172.18,167.51,0.6942,0,correlation 0.69 <= 0.7
2,78.8351,9.3424,169.00,165.00,171.81,166.75,0.6552,0,correlation 0.66 <= 0.7
2,78.8165,9.2975,165.00,149.00,170.80,164.04,0.2781,0,correlation 0.28 <= 0.7
2,78.8350,9.3944,169.00,183.00,171.74,166.77,0.6423,0,correlation 0.64 <= 0.7
2,78.8245,9.3666,167.00,145.00,171.16,165.47,0.4748,0,correlation 0.47 <= 0.7
2,78.8462,9.3534,171.00,187.00,172.41,167.89,0.7024,0,centroids differ by 4.5 km
2,78.7981,9.3033,165.00,131.00,169.78,161.75,-0.1295,0,correlation -0.13 <= 0.7
2,78.8679,9.4084,169.00,249.00,173.30,169.42,0.6408,0,correlation 0.64 <= 0.7
2,78.8657,9.3283,173.00,249.00,173.36,169.92,0.6382,0,correlation 0.64 <= 0.7
2,78.8732,9.3031,173.00,249.00,173.71,168.99,0.5765,0,correlation 0.58 <= 0.7
2,78.8499,9.2723,171.00,193.00,172.73,167.99,0.6852,0,correlation 0.69 <= 0.7
2,78.8436,9.3976,171.00,183.00,172.19,167.76,0.7023,0,centroids differ by 4.4 km
2,78.8553,9.4052,171.00,183.00,172.75,169.93,0.6895,0,correlation 0.69 <= 0.7
2,78.7836,9.3838,163.00,87.00,168.91,160.40,-0.2881,0,correlation -0.29 <= 0.7
2,78.8391,9.2944,169.00,191.00,172.10,167.05,0.6829,0,correlation 0.68 <= 0.7
2,78.8169,9.3117,167.00,149.00,170.80,164.09,0.2855,0,correlation 0.29 <= 0.7
2,78.8621,9.3004,173.00,193.00,173.24,169.77,0.6453,0,correlation 0.65 <= 0.7
2,78.8472,9.4132,171.00,183.00,172.33,168.44,0.7049,0,centroids differ by 3.9 km
2,78.8583,9.3822,171.00,185.00,172.94,170.03,0.6723,0,correlation 0.67 <= 0.7
2,78.8153,9.3452,167.00,147.00,170.65,163.79,0.2154,0,correlation 0.22 <= 0.7
2,78.8534,9.2714,173.00,193.00,172.90,168.41,0.6776,0,correlation 0.68 <= 0.7
2,78.8395,12.4418,167.00,249.00,174.02,168.95,0.8040,0,NYA peak not clear against upper and lower means
2,78.7935,12.5262,159.00,149.00,171.88,167.03,0.7233,0,centroids differ by 4.9 km
2,78.7805,12.5363,155.00,133.00,171.10,165.18,0.1187,0,correlation 0.12 <= 0.7
2,78.8104,12.5551,162.00,179.00,172.85,169.36,0.8973,0,centroids differ by 3.5 km
2,78.8301,12.4988,165.00,193.00,173.76,169.40,0.8877,0,NYA peak not clear against upper and lower means
2,78.8571,12.5202,169.00,249.00,174.88,168.66,0.8037,0,LYR peak not clear against upper and lower means
2,78.8564,12.5683,169.00,239.00,174.91,169.27,0.8769,0,LYR peak not clear against upper and lower means
2,78.8370,12.4495,167.00,249.00,173.93,169.10,0.8338,0,NYA peak not clear against upper and lower means
2,78.7847,12.4773,157.00,133.00,171.19,165.30,0.2648,0,correlation 0.26 <= 0.7
2,78.8119,12.5026,163.00,167.00,172.83,168.92,0.9283,0,centroids differ by 3.9 km
2,78.8511,12.5462,168.00,229.00,174.71,169.32,0.8881,0,LYR peak not clear against upper and lower means
2,78.8320,12.4523,167.00,249.00,173.71,169.18,0.8606,0,NYA peak not clear against upper and lower means
2,78.7940,12.5078,157.00,145.00,171.88,166.95,0.7317,0,centroids differ by 4.9 km
2,78.8219,12.4945,165.00,179.00,173.30,169.34,0.8989,0,centroids differ by 4.0 km
2,78.8160,12.5585,163.00,179.00,173.19,169.77,0.8725,0,centroids differ by 3.4 km
2,78.7844,12.5677,157.00,143.00,171.42,166.08,0.4094,0,correlation 0.41 <= 0.7
2,78.7896,12.5650,159.00,151.00,171.71,166.87,0.6065,0,correlation 0.61 <= 0.7
2,78.8009,12.5533,161.00,169.00,172.32,168.25,0.8593,0,centroids differ by 4.1 km
2,78.7796,12.4256,149.00,119.00,170.58,164.25,-0.3133,0,correlation -0.31 <= 0.7
2,78.8188,12.5072,163.00,175.00,173.16,169.32,0.9028,0,centroids differ by 3.8 km
2,78.8610,12.4358,170.00,249.00,174.99,168.33,0.8466,0,LYR peak not clear against upper and lower means
2,78.8573,12.4966,169.00,249.00,174.90,168.41,0.7823,0,LYR peak not clear against upper and lower means
2,78.7771,12.4304,149.00,117.00,170.39,164.06,-0.5357,0,correlation -0.54 <= 0.7
2,78.8391,12.5414,165.96,211.00,174.38,169.65,0.8874,0,LYR peak not clear against upper and lower means
2,78.7969,12.4890,159.00,155.00,172.03,167.24,0.8016,0,centroids differ by 4.8 km
2,78.7724,12.5083,155.00,97.00,170.38,164.05,-0.6156,0,correlation -0.62 <= 0.7
2,78.7832,12.4426,159.00,127.00,170.93,164.78,0.0546,0,correlation 0.05 <= 0.7
2,78.8217,12.5197,164.00,181.00,173.35,169.59,0.8783,0,centroids differ by 3.8 km
2,78.8230,12.5557,164.00,189.00,173.59,169.98,0.8368,0,centroids differ by 3.6 km
2,78.8432,12.5218,166.00,215.00,174.51,169.41,0.9089,0,LYR peak not clear against upper and lower means
2,78.8630,12.5019,170.00,249.00,175.02,168.14,0.7722,0,NYA peak not clear against upper and lower means
2,78.8571,12.4578,169.89,249.00,174.89,168.26,0.8158,0,LYR peak not clear against upper and lower means
2,78.7878,12.5301,157.00,143.00,171.57,166.22,0.5218,0,correlation 0.52 <= 0.7
2,78.8001,12.4709,159.00,157.00,172.18,167.59,0.8606,0,centroids differ by 4.6 km
2,78.7784,12.5639,155.00,133.00,171.03,164.90,-0.0663,0,correlation -0.07 <= 0.7
2,78.8617,12.5340,171.00,249.00,175.01,168.49,0.7875,0,NYA peak not clear against upper and lower means
2,78.5870,12.7666,115.00,151.00,155.02,163.32,0.6569,0,correlation 0.66 <= 0.7
2,78.5818,12.7279,113.00,183.00,154.40,163.74,0.4962,0,correlation 0.50 <= 0.7
2,78.6423,12.7794,123.00,99.00,160.19,160.92,0.0864,0,correlation 0.09 <= 0.7
2,78.6293,12.7672,121.00,101.00,158.89,159.95,0.4178,0,correlation 0.42 <= 0.7
2,78.6623,12.6855,125.00,80.00,161.65,162.54,-0.2576,0,correlation -0.26 <= 0.7
2,78.6244,12.6651,119.00,107.00,158.10,160.38,0.6429,0,correlation 0.64 <= 0.7
2,78.6108,12.7271,117.00,123.00,157.03,161.40,0.9186,0,centroids differ by 4.4 km
2,78.6264,12.6827,119.00,107.00,158.33,160.19,0.5645,0,correlation 0.56 <= 0.7
2,78.6184,12.7093,115.00,113.00,157.69,160.79,0.7856,0,centroids differ by 3.1 km
2,78.6542,12.7269,125.00,87.00,161.08,161.85,-0.1204,0,correlation -0.12 <= 0.7
2,78.5802,12.6990,111.00,177.00,154.17,163.82,0.4925,0,correlation 0.49 <= 0.7
2,78.6330,12.6914,117.00,97.00,158.94,159.64,0.3308,0,correlation 0.33 <= 0.7
2,78.6397,12.6991,123.00,93.00,159.60,159.72,0.2014,0,correlation 0.20 <= 0.7
2,78.6163,12.7462,117.00,115.00,157.59,160.89,0.8082,0,centroids differ by 3.3 km
2,78.6332,12.6928,117.00,95.00,158.96,159.63,0.3261,0,correlation 0.33 <= 0.7
2,78.5951,12.6661,115.00,169.00,155.44,162.39,0.8173,0,centroids differ by 6.9 km
2,78.5791,12.6788,111.00,175.00,154.02,163.83,0.5192,0,correlation 0.52 <= 0.7
2,78.6060,12.7704,115.00,129.00,156.74,161.71,0.9214,0,centroids differ by 5.0 km
2,78.5825,12.7277,113.00,183.00,154.47,163.67,0.5200,0,correlation 0.52 <= 0.7
2,78.6329,12.6564,117.00,101.00,158.83,159.76,0.3566,0,correlation 0.36 <= 0.7
2,78.6175,12.7105,115.00,113.00,157.61,160.86,0.8061,0,centroids differ by 3.2 km
2,78.6052,12.7720,115.00,129.00,156.68,161.77,0.9229,0,centroids differ by 5.1 km
2,78.5711,12.7349,109.00,187.00,153.51,164.74,0.1811,0,correlation 0.18 <= 0.7
2,78.6462,12.7453,123.00,95.00,160.41,160.94,0.0442,0,correlation 0.04 <= 0.7
2,78.6171,12.6528,118.00,117.00,157.39,160.85,0.8456,0,centroids differ by 3.5 km
2,78.5861,12.7148,113.00,181.00,154.76,163.30,0.6312,0,correlation 0.63 <= 0.7
2,78.6366,12.7839,121.00,101.00,159.66,160.51,0.2397,0,correlation 0.24 <= 0.7
2,78.5864,12.6820,112.00,173.00,154.71,163.18,0.6486,0,correlation 0.65 <= 0.7
2,78.6446,12.7693,123.00,97.00,160.35,161.03,0.0408,0,correlation 0.04 <= 0.7
2,78.6332,12.6583,117.00,99.00,158.86,159.73,0.3445,0,correlation 0.34 <= 0.7
2,78.6524,12.7726,123.00,80.00,161.09,161.96,-0.1945,0,correlation -0.19 <= 0.7
2,78.6254,12.7816,119.00,105.00,158.57,160.03,0.5223,0,correlation 0.52 <= 0.7
2,78.5744,12.6777,111.00,177.00,153.60,164.21,0.4412,0,correlation 0.44 <= 0.7
2,78.6168,12.6673,118.00,117.00,157.41,160.90,0.8474,0,centroids differ by 3.5 km
2,78.5711,12.7739,111.00,193.00,153.60,164.84,0.0661,0,correlation 0.07 <= 0.7
2,78.6439,12.7520,123.00,95.00,160.22,160.76,0.0915,0,correlation 0.09 <= 0.7
2,78.4284,3.8044,133.00,125.00,160.43,165.46,0.5606,0,correlation 0.56 <= 0.7
2,78.3839,3.7763,125.00,133.00,157.04,164.37,0.6404,0,correlation 0.64 <= 0.7
2,78.4053,3.8330,127.00,129.00,157.17,164.95,0.5697,0,correlation 0.57 <= 0.7
2,78.3888,3.8409,125.00,131.00,156.52,164.36,0.6107,0,correlation 0.61 <= 0.7
2,78.4439,3.8407,137.00,117.00,162.43,165.84,0.3097,0,correlation 0.31 <= 0.7
2,78.3613,3.8418,123.00,137.00,159.35,164.52,0.6836,0,correlation 0.68 <= 0.7
2,78.3907,3.8009,127.00,131.00,156.62,164.57,0.6009,0,correlation 0.60 <= 0.7
2,78.3496,3.8877,127.00,133.00,160.80,165.32,0.6602,0,correlation 0.66 <= 0.7
2,78.4433,3.8266,137.00,117.00,162.37,165.86,0.3147,0,correlation 0.31 <= 0.7
2,78.3455,3.8202,131.00,135.00,161.65,165.43,0.6729,0,correlation 0.67 <= 0.7
2,78.4271,3.7621,133.00,125.00,160.31,165.53,0.5551,0,correlation 0.56 <= 0.7
2,78.3888,3.7726,127.00,133.00,156.79,164.57,0.6128,0,correlation 0.61 <= 0.7
2,78.3791,3.7856,125.00,135.00,157.41,164.21,0.6620,0,correlation 0.66 <= 0.7
2,78.4057,3.8911,127.00,129.00,157.12,164.83,0.5741,0,correlation 0.57 <= 0.7
2,78.3668,3.8529,125.00,137.00,158.53,164.30,0.6768,0,correlation 0.68 <= 0.7
2,78.4277,3.8075,133.00,125.00,160.32,165.43,0.5683,0,correlation 0.57 <= 0.7
2,78.3625,3.7850,125.00,139.00,159.44,164.40,0.6963,0,correlation 0.70 <= 0.7
2,78.4126,3.8919,127.00,129.00,157.99,164.99,0.5974,0,correlation 0.60 <= 0.7
2,78.3899,3.7581,127.00,133.00,156.80,164.66,0.6065,0,correlation 0.61 <= 0.7
2,78.4418,3.7704,137.00,119.00,162.28,165.93,0.3117,0,correlation 0.31 <= 0.7
2,78.4108,3.8475,127.00,129.00,157.81,165.05,0.5869,0,correlation 0.59 <= 0.7
2,78.3673,3.7741,125.00,139.00,158.84,164.23,0.6950,0,correlation 0.69 <= 0.7
2,78.4342,3.7746,133.00,123.00,161.27,165.70,0.4740,0,correlation 0.47 <= 0.7
2,78.3923,3.7947,127.00,131.00,156.62,164.65,0.5924,0,correlation 0.59 <= 0.7
2,78.4176,3.8549,129.00,129.00,158.79,165.15,0.6072,0,correlation 0.61 <= 0.7
2,78.3775,3.8806,125.00,135.00,157.13,164.08,0.6521,0,correlation 0.65 <= 0.7
2,78.3733,3.7756,125.00,137.00,158.08,164.16,0.6811,0,correlation 0.68 <= 0.7
2,78.4285,3.7744,133.00,133.00,160.49,165.54,0.5470,0,correlation 0.55 <= 0.7
2,78.4131,3.7925,129.00,129.00,158.23,165.19,0.5881,0,correlation 0.59 <= 0.7
2,78.3969,3.8331,127.00,131.00,156.57,164.71,0.5730,0,correlation 0.57 <= 0.7
2,78.3886,3.8564,125.00,131.00,156.47,164.31,0.6111,0,correlation 0.61 <= 0.7
2,78.4050,3.8877,127.00,129.00,157.05,164.82,0.5723,0,correlation 0.57 <= 0.7
2,78.4189,3.7879,129.00,129.00,159.06,165.29,0.5959,0,correlation 0.60 <= 0.7
2,78.4124,3.8621,127.00,129.00,158.02,165.05,0.5943,0,correlation 0.59 <= 0.7
2,78.4147,3.8891,127.00,129.00,158.31,165.03,0.6044,0,correlation 0.60 <= 0.7
2,78.3649,3.8353,125.00,137.00,158.87,164.35,0.6828,0,correlation 0.68 <= 0.7
2,78.3052,3.9547,151.00,143.00,163.84,168.88,0.0745,0,correlation 0.07 <= 0.7
2,78.3569,3.9546,123.88,133.00,158.61,164.96,0.6487,0,correlation 0.65 <= 0.7
2,78.3108,3.9932,150.07,141.00,163.43,168.64,0.1748,0,correlation 0.17 <= 0.7
2,78.3714,3.9237,123.00,137.00,157.60,164.18,0.6567,0,correlation 0.66 <= 0.7
2,78.3655,4.0358,123.00,131.00,157.02,164.58,0.6301,0,correlation 0.63 <= 0.7
2,78.3720,3.9581,123.00,135.00,156.56,164.19,0.6468,0,correlation 0.65 <= 0.7
2,78.3873,3.9835,125.00,133.00,155.23,164.01,0.6016,0,correlation 0.60 <= 0.7
2,78.2927,4.0462,84.00,155.00,164.16,169.95,-0.1890,0,correlation -0.19 <= 0.7
2,78.3830,4.0271,123.00,133.00,155.24,164.00,0.6077,0,correlation 0.61 <= 0.7
2,78.3853,4.0152,123.00,133.00,155.17,163.98,0.6030,0,correlation 0.60 <= 0.7
2,78.3474,3.9681,121.00,133.00,159.91,165.64,0.6230,0,correlation 0.62 <= 0.7
2,78.3548,3.9382,123.60,133.00,158.99,165.08,0.6513,0,correlation 0.65 <= 0.7
2,78.3593,3.9736,123.00,133.00,158.19,164.85,0.6449,0,correlation 0.64 <= 0.7
2,78.3577,4.0569,122.00,131.00,158.02,165.09,0.6186,0,correlation 0.62 <= 0.7
2,78.3567,3.9289,123.95,133.00,158.76,164.94,0.6557,0,correlation 0.66 <= 0.7
2,78.3424,3.9942,129.00,133.00,160.47,166.07,0.5934,0,correlation 0.59 <= 0.7
2,78.3768,4.0123,123.00,135.00,155.79,164.10,0.6262,0,correlation 0.63 <= 0.7
2,78.3128,3.9959,146.40,141.00,163.30,168.51,0.2111,0,correlation 0.21 <= 0.7
2,78.3222,3.9378,143.00,135.00,162.74,167.53,0.4086,0,correlation 0.41 <= 0.7
2,78.3856,3.9807,125.00,133.00,155.30,164.00,0.6080,0,correlation 0.61 <= 0.7
2,78.3717,3.9887,123.00,135.00,156.44,164.22,0.6400,0,correlation 0.64 <= 0.7
2,78.3201,4.0050,141.00,137.00,162.74,167.99,0.3377,0,correlation 0.34 <= 0.7
2,78.3274,3.9488,141.00,136.00,162.27,167.12,0.4815,0,correlation 0.48 <= 0.7
2,78.3597,4.0518,121.00,131.00,157.74,164.95,0.6233,0,correlation 0.62 <= 0.7
2,78.3532,3.9421,121.00,133.00,159.20,165.19,0.6480,0,correlation 0.65 <= 0.7
2,78.3664,4.0345,123.00,131.00,156.90,164.53,0.6306,0,correlation 0.63 <= 0.7
2,78.3556,3.9704,123.48,133.00,158.73,165.09,0.6422,0,correlation 0.64 <= 0.7
2,78.3127,3.9646,150.32,141.00,163.38,168.40,0.2229,0,correlation 0.22 <= 0.7
2,78.2932,4.0553,82.00,155.00,163.05,169.95,-0.1951,0,correlation -0.20 <= 0.7
2,78.3153,3.9967,143.00,141.00,163.12,168.33,0.2561,0,correlation 0.26 <= 0.7
2,78.3165,3.9417,143.00,135.00,163.16,168.02,0.3075,0,correlation 0.31 <= 0.7
2,78.3776,3.9479,123.00,135.00,156.01,164.04,0.6398,0,correlation 0.64 <= 0.7
2,78.3340,3.9317,129.00,136.00,161.71,166.54,0.5625,0,correlation 0.56 <= 0.7
2,78.3041,3.9272,155.00,143.00,163.95,168.86,0.0594,0,correlation 0.06 <= 0.7
2,78.3644,3.9224,123.00,135.00,157.71,164.47,0.6621,0,correlation 0.66 <= 0.7
2,78.3583,4.0433,122.00,131.00,158.00,165.03,0.6242,0,correlation 0.62 <= 0.7
2,78.3376,2.3507,161.00,153.00,171.27,166.78,0.8368,0,centroids differ by 4.5 km
2,78.3107,2.2283,193.00,159.00,172.42,167.35,0.2189,0,correlation 0.22 <= 0.7
2,78.2905,2.3486,111.00,161.00,172.45,167.22,-0.5182,0,correlation -0.52 <= 0.7
2,78.3186,2.2404,171.00,157.00,172.23,167.22,0.5137,0,correlation 0.51 <= 0.7
2,78.3407,2.2428,149.00,151.00,171.30,166.77,0.8449,0,centroids differ by 4.5 km
2,78.3405,2.3068,161.00,153.00,171.19,166.76,0.8464,0,centroids differ by 4.4 km
2,78.3501,2.3439,147.00,159.00,170.45,166.58,0.8413,0,centroids differ by 3.9 km
2,78.3535,2.3346,147.00,157.00,170.19,166.53,0.8283,0,centroids differ by 3.7 km
2,78.3769,2.2192,142.00,135.00,169.06,165.96,0.6700,0,correlation 0.67 <= 0.7
2,78.3246,2.3410,164.00,155.00,171.90,167.01,0.6764,0,correlation 0.68 <= 0.7
2,78.3709,2.2633,141.59,137.00,169.54,166.23,0.7258,0,centroids differ by 3.3 km
2,78.3228,2.2336,167.00,157.00,172.11,167.16,0.6295,0,correlation 0.63 <= 0.7
2,78.3335,2.2427,163.00,155.00,171.66,166.92,0.8028,0,centroids differ by 4.7 km
2,78.3623,2.2607,145.00,143.00,170.44,166.44,0.7834,0,centroids differ by 4.0 km
2,78.3373,2.2368,163.00,154.00,171.49,166.85,0.8321,0,centroids differ by 4.6 km
2,78.3753,2.2679,142.00,135.00,169.05,166.12,0.6833,0,correlation 0.68 <= 0.7
2,78.3243,2.2842,165.00,157.00,171.99,167.09,0.6647,0,correlation 0.66 <= 0.7
2,78.3100,2.2120,96.00,159.00,172.45,167.38,0.1875,0,correlation 0.19 <= 0.7
2,78.3792,2.2207,141.00,135.00,168.81,165.90,0.6438,0,correlation 0.64 <= 0.7
2,78.3603,2.2728,145.00,143.00,170.61,166.48,0.7938,0,centroids differ by 4.1 km
2,78.3285,2.3559,163.00,155.00,171.71,166.93,0.7473,0,centroids differ by 4.8 km
2,78.3109,2.2977,193.00,157.00,172.35,167.22,0.2393,0,correlation 0.24 <= 0.7
2,78.3396,2.2315,149.00,151.00,172.36,166.79,0.8484,0,centroids differ by 5.6 km
2,78.3352,2.2323,163.00,155.00,172.60,166.89,0.8306,0,centroids differ by 5.7 km
2,78.3308,2.2797,163.00,155.00,171.72,166.96,0.7761,0,centroids differ by 4.8 km
2,78.3792,2.2550,141.00,135.00,168.68,165.99,0.6401,0,correlation 0.64 <= 0.7
2,78.3740,2.3555,139.00,141.00,168.06,166.32,0.6986,0,correlation 0.70 <= 0.7
2,78.3253,2.2931,165.00,155.00,171.94,167.06,0.6866,0,correlation 0.69 <= 0.7
2,78.3178,2.2395,171.00,157.00,172.26,167.24,0.4863,0,correlation 0.49 <= 0.7
2,78.3117,2.3119,169.00,157.00,172.32,167.18,0.2767,0,correlation 0.28 <= 0.7
2,78.3623,2.2832,145.00,141.00,169.51,166.46,0.7813,0,centroids differ by 3.1 km
2,78.2825,2.3511,111.00,165.00,172.40,167.35,-0.6699,0,correlation -0.67 <= 0.7
2,78.2894,2.3137,111.00,161.00,172.47,167.33,-0.5586,0,correlation -0.56 <= 0.7
2,78.3259,2.2515,165.00,157.00,171.97,167.07,0.6985,0,correlation 0.70 <= 0.7
2,78.3574,2.2171,149.00,143.00,171.06,166.49,0.8078,0,centroids differ by 4.6 km
2,78.3646,2.2984,145.00,141.00,169.25,166.44,0.7681,0,centroids differ by 2.8 km
2,78.7455,6.8457,169.00,177.00,170.17,164.44,0.1886,0,correlation 0.19 <= 0.7
2,78.6923,6.8595,167.00,195.00,167.62,163.91,-0.0346,0,correlation -0.03 <= 0.7
2,78.7643,6.7180,171.00,165.00,170.67,162.79,-0.3091,0,correlation -0.31 <= 0.7
2,78.6905,6.7200,167.00,199.00,167.40,163.98,-0.0784,0,correlation -0.08 <= 0.7
2,78.7434,6.8210,197.00,177.00,170.15,164.65,0.2530,0,correlation 0.25 <= 0.7
2,78.6713,6.7421,159.00,80.00,166.28,162.69,-0.3174,0,correlation -0.32 <= 0.7
2,78.7592,6.7831,171.00,181.00,170.51,163.24,-0.1825,0,correlation -0.18 <= 0.7
2,78.7708,6.8182,171.00,161.00,170.63,162.15,-0.4905,0,correlation -0.49 <= 0.7
2,78.7149,6.7323,171.00,199.00,168.96,165.41,0.4077,0,correlation 0.41 <= 0.7
2,78.7069,6.7166,169.00,199.00,168.46,165.15,0.2936,0,correlation 0.29 <= 0.7
2,78.7430,6.8533,167.00,177.00,170.10,164.63,0.2590,0,correlation 0.26 <= 0.7
2,78.6940,6.8434,167.00,195.00,167.72,164.13,0.0375,0,correlation 0.04 <= 0.7
2,78.7428,6.7820,197.00,179.00,170.19,164.75,0.2741,0,correlation 0.27 <= 0.7
2,78.7122,6.7736,169.00,197.00,168.82,165.33,0.3827,0,correlation 0.38 <= 0.7
2,78.7015,6.8284,169.00,195.00,168.20,164.86,0.2409,0,correlation 0.24 <= 0.7
2,78.7650,6.8225,171.00,161.00,170.53,162.61,-0.3624,0,correlation -0.36 <= 0.7
2,78.7114,6.7409,171.00,199.00,168.75,165.32,0.3624,0,correlation 0.36 <= 0.7
2,78.7635,6.7556,171.00,163.00,170.61,162.82,-0.3077,0,correlation -0.31 <= 0.7
2,78.7582,6.8443,169.00,177.00,170.40,163.25,-0.1673,0,correlation -0.17 <= 0.7
2,78.7036,6.7740,169.00,197.00,168.29,164.99,0.2545,0,correlation 0.25 <= 0.7
2,78.6736,6.7667,167.00,80.00,166.39,162.79,-0.3198,0,correlation -0.32 <= 0.7
2,78.6729,6.8293,165.00,87.00,166.32,162.71,-0.3074,0,correlation -0.31 <= 0.7
2,78.7344,6.7875,197.00,175.00,169.93,165.32,0.5539,0,correlation 0.55 <= 0.7
2,78.7556,6.8188,169.00,179.00,170.39,163.58,-0.0748,0,correlation -0.07 <= 0.7
2,78.6790,6.8347,165.00,87.00,166.71,163.03,-0.3021,0,correlation -0.30 <= 0.7
2,78.7389,6.8492,195.00,177.00,170.00,164.97,0.3959,0,correlation 0.40 <= 0.7
2,78.7152,6.7335,171.00,199.00,168.97,165.41,0.4124,0,correlation 0.41 <= 0.7
2,78.7406,6.8610,195.00,175.00,170.03,164.81,0.3289,0,correlation 0.33 <= 0.7
2,78.6777,6.7911,165.00,80.00,166.62,162.99,-0.3135,0,correlation -0.31 <= 0.7
2,78.6923,6.8425,167.00,195.00,167.61,163.94,-0.0271,0,correlation -0.03 <= 0.7
2,78.7628,6.7341,171.00,183.00,170.63,162.92,-0.2755,0,correlation -0.28 <= 0.7
2,78.7250,6.7459,197.00,199.00,169.51,165.55,0.5761,0,correlation 0.58 <= 0.7
2,78.7391,6.8445,195.00,177.00,170.01,164.96,0.3909,0,correlation 0.39 <= 0.7
2,78.7076,6.8405,169.00,193.00,168.59,165.11,0.3348,0,correlation 0.33 <= 0.7
2,78.7439,6.8229,169.00,177.00,170.16,164.60,0.2364,0,correlation 0.24 <= 0.7
2,78.7420,6.7235,199.00,181.00,170.24,164.89,0.3224,0,correlation 0.32 <= 0.7
2,78.7083,-3.1085,153.00,179.00,192.62,173.16,0.5406,0,correlation 0.54 <= 0.7
2,78.7295,-3.1743,159.00,177.00,192.65,173.28,0.6935,0,correlation 0.69 <= 0.7
2,78.8030,-3.2091,169.00,141.00,192.77,171.10,0.8114,0,centroids differ by 21.7 km
2,78.7967,-3.1255,169.00,141.00,192.70,171.33,0.8620,0,centroids differ by 21.4 km
2,78.7494,-3.2488,161.50,177.00,193.66,172.98,0.8375,0,LYR peak not clear against upper and lower means
2,78.7480,-3.1571,159.00,177.00,192.67,172.92,0.8226,0,LYR peak not clear against upper and lower means
2,78.7822,-3.2362,167.00,176.00,193.63,171.96,0.9087,0,centroids differ by 21.7 km
2,78.7477,-3.1121,159.00,177.00,192.68,172.87,0.8216,0,LYR peak not clear against upper and lower means
2,78.7686,-3.1512,165.00,175.00,192.66,172.40,0.9048,0,centroids differ by 20.3 km
2,78.7124,-3.2462,153.00,181.00,193.62,174.42,0.5843,0,correlation 0.58 <= 0.7
2,78.7412,-3.1835,159.00,177.00,192.67,173.10,0.7817,0,LYR peak not clear against upper and lower means
2,78.7899,-3.1296,167.00,173.00,192.66,171.60,0.8877,0,centroids differ by 21.1 km
2,78.7712,-3.2061,165.00,177.00,192.67,172.38,0.9123,0,centroids differ by 20.3 km
2,78.7082,-3.1926,153.00,181.00,192.58,174.32,0.5292,0,correlation 0.53 <= 0.7
2,78.7954,-3.1810,168.00,141.00,192.69,171.38,0.8643,0,centroids differ by 21.3 km
2,78.7452,-3.1723,159.00,177.00,192.67,173.00,0.8066,0,LYR peak not clear against upper and lower means
2,78.7393,-3.1788,159.00,177.00,192.67,173.13,0.7689,0,LYR peak not clear against upper and lower means
2,78.7322,-3.2126,161.00,179.00,193.68,173.30,0.7286,0,LYR peak not clear against upper and lower means
2,78.7903,-3.2506,167.00,143.00,193.62,171.58,0.8970,0,centroids differ by 22.0 km
2,78.8045,-3.2086,169.00,141.00,192.79,171.05,0.8025,0,centroids differ by 21.7 km
2,78.7421,-3.1414,159.00,177.00,192.67,173.03,0.7881,0,LYR peak not clear against upper and lower means
2,78.7701,-3.1997,165.00,175.00,192.67,172.41,0.9108,0,centroids differ by 20.3 km
2,78.7901,-3.1211,166.00,173.00,192.66,171.59,0.8873,0,centroids differ by 21.1 km
2,78.7646,-3.1098,165.00,175.00,192.66,172.43,0.8946,0,centroids differ by 20.2 km
2,78.7089,-3.1084,153.00,179.00,192.62,173.16,0.5456,0,correlation 0.55 <= 0.7
2,78.7106,-3.1285,153.00,179.00,192.62,173.21,0.5562,0,correlation 0.56 <= 0.7
2,78.7302,-3.1652,159.00,177.00,192.66,173.26,0.6995,0,correlation 0.70 <= 0.7
2,78.7342,-3.1248,159.00,177.00,192.68,173.15,0.7322,0,LYR peak not clear against upper and lower means
2,78.7895,-3.2517,167.00,143.00,193.62,171.62,0.8992,0,centroids differ by 22.0 km
2,78.7972,-3.2556,169.00,143.00,193.65,171.30,0.8648,0,centroids differ by 22.3 km
2,78.7230,-3.1715,161.00,181.00,192.64,173.28,0.6525,0,correlation 0.65 <= 0.7
2,78.7086,-3.2000,153.00,181.00,193.63,174.34,0.5548,0,correlation 0.55 <= 0.7
2,78.7165,-3.2026,153.00,181.00,193.65,173.33,0.6238,0,correlation 0.62 <= 0.7
2,78.7562,-3.1365,165.00,175.00,192.67,172.68,0.8671,0,centroids differ by 20.0 km
2,78.7859,-3.1459,167.00,173.00,192.66,171.77,0.8944,0,centroids differ by 20.9 km
2,78.7718,-3.1738,165.00,175.00,192.67,172.33,0.9108,0,centroids differ by 20.3 km
2,78.5805,8.4679,135.00,117.00,159.98,157.34,0.6602,0,correlation 0.66 <= 0.7
2,78.6184,8.4649,161.00,111.83,162.32,156.25,0.1997,0,correlation 0.20 <= 0.7
2,78.6283,8.5304,137.00,109.92,162.77,155.58,0.0987,0,correlation 0.10 <= 0.7
2,78.6133,8.4848,159.00,113.00,162.00,156.32,0.2380,0,correlation 0.24 <= 0.7
2,78.5378,8.4734,147.00,93.00,158.82,158.06,0.6195,0,correlation 0.62 <= 0.7
2,78.6258,8.4457,161.00,112.00,162.74,156.03,0.1554,0,correlation 0.16 <= 0.7
2,78.5680,8.4752,135.00,93.00,158.90,157.43,0.7225,0,NYA peak not clear against upper and lower means
2,78.5901,8.4418,137.00,117.00,160.71,157.03,0.5569,0,correlation 0.56 <= 0.7
2,78.5442,8.5146,125.00,91.00,158.28,157.77,0.6718,0,correlation 0.67 <= 0.7
2,78.5798,8.5129,135.00,115.00,159.93,157.20,0.6392,0,correlation 0.64 <= 0.7
2,78.5948,8.5164,137.00,115.00,160.92,156.56,0.4563,0,correlation 0.46 <= 0.7
2,78.6006,8.5414,137.00,113.00,161.20,156.30,0.3759,0,correlation 0.38 <= 0.7
2,78.5381,8.4907,147.00,91.00,158.69,158.03,0.6204,0,correlation 0.62 <= 0.7
2,78.6339,8.5529,137.00,107.00,163.09,155.47,0.0524,0,correlation 0.05 <= 0.7
2,78.5805,8.5017,135.00,115.00,159.99,157.23,0.6412,0,correlation 0.64 <= 0.7
2,78.6300,8.4873,139.00,109.00,162.93,155.77,0.1057,0,correlation 0.11 <= 0.7
2,78.5473,8.4805,143.00,93.00,158.43,157.70,0.7052,0,NYA peak not clear against upper and lower means
2,78.5419,8.5133,143.00,91.00,158.37,157.86,0.6509,0,correlation 0.65 <= 0.7
2,78.6096,8.5112,159.00,111.00,161.75,156.28,0.2747,0,correlation 0.27 <= 0.7
2,78.5409,8.4973,139.17,91.00,158.53,157.92,0.6476,0,correlation 0.65 <= 0.7
2,78.5816,8.5072,135.00,115.00,160.07,157.17,0.6280,0,correlation 0.63 <= 0.7
2,78.5645,8.4850,129.00,95.00,158.63,157.38,0.7305,0,NYA peak not clear against upper and lower means
2,78.5908,8.4619,137.00,117.00,160.75,156.93,0.5365,0,correlation 0.54 <= 0.7
2,78.5828,8.5187,135.00,115.00,160.15,157.08,0.6105,0,correlation 0.61 <= 0.7
2,78.5426,8.5522,143.00,91.00,158.07,157.80,0.6457,0,correlation 0.65 <= 0.7
2,78.5626,8.5523,135.00,94.00,158.50,157.15,0.7015,0,NYA peak not clear against upper and lower means
2,78.5538,8.4220,127.00,98.00,158.65,157.73,0.7474,0,NYA peak not clear against upper and lower means
2,78.5922,8.5154,137.00,115.00,160.77,156.64,0.4865,0,correlation 0.49 <= 0.7
2,78.5566,8.4112,145.00,98.00,158.67,157.75,0.7573,0,NYA peak not clear against upper and lower means
2,78.6075,8.5060,159.00,113.00,161.65,156.37,0.3067,0,correlation 0.31 <= 0.7
2,78.6056,8.5506,159.00,113.00,161.46,156.17,0.3154,0,correlation 0.32 <= 0.7
2,78.5920,8.4652,137.00,115.00,160.82,156.89,0.5243,0,correlation 0.52 <= 0.7
2,78.5658,8.4567,129.00,95.00,158.75,157.52,0.7411,0,NYA peak not clear against upper and lower means
2,78.5368,8.4132,141.00,95.00,159.25,158.15,0.6245,0,correlation 0.62 <= 0.7
2,78.6028,8.4637,139.00,115.00,161.47,156.68,0.3968,0,correlation 0.40 <= 0.7
2,78.6076,8.4218,139.00,114.00,161.81,156.71,0.3388,0,correlation 0.34 <= 0.7
2,78.7005,5.9580,169.00,231.00,168.41,165.28,-0.0047,0,correlation -0.00 <= 0.7
2,78.7237,5.9080,181.00,80.00,168.98,165.51,0.5440,0,correlation 0.54 <= 0.7
2,78.7727,5.9688,213.00,123.00,171.44,162.70,-0.2637,0,correlation -0.26 <= 0.7
2,78.7127,5.9052,171.00,233.00,168.64,165.61,0.2652,0,correlation 0.27 <= 0.7
2,78.7288,5.9068,181.00,80.00,169.19,165.50,0.6108,0,correlation 0.61 <= 0.7
2,78.7002,5.9001,169.00,233.00,168.55,165.38,-0.0260,0,correlation -0.03 <= 0.7
2,78.7545,5.9842,183.00,209.00,170.54,164.55,0.2888,0,correlation 0.29 <= 0.7
2,78.7291,5.9182,181.00,80.00,169.20,165.50,0.6143,0,correlation 0.61 <= 0.7
2,78.7572,5.9445,185.00,211.00,170.63,164.34,0.2061,0,correlation 0.21 <= 0.7
2,78.7205,5.9620,181.00,231.00,168.85,165.57,0.5020,0,correlation 0.50 <= 0.7
2,78.7165,5.9910,181.00,229.00,168.68,165.59,0.4115,0,correlation 0.41 <= 0.7
2,78.7812,5.8424,215.00,80.00,171.71,162.48,-0.3397,0,correlation -0.34 <= 0.7
2,78.7235,5.9253,181.00,80.00,168.97,165.51,0.5497,0,correlation 0.55 <= 0.7
2,78.7295,5.9373,181.00,209.00,169.22,165.50,0.6256,0,correlation 0.63 <= 0.7
2,78.7221,5.9055,183.00,80.00,168.92,165.52,0.5080,0,correlation 0.51 <= 0.7
2,78.7391,5.8810,181.00,213.00,169.60,165.43,0.5676,0,correlation 0.57 <= 0.7
2,78.7551,5.8450,185.00,215.00,170.38,164.64,0.2992,0,correlation 0.30 <= 0.7
2,78.6963,5.9038,169.00,233.00,168.54,165.14,-0.0869,0,correlation -0.09 <= 0.7
2,78.7247,5.9347,181.00,80.00,169.02,165.51,0.5803,0,correlation 0.58 <= 0.7
2,78.7383,5.8738,183.00,213.00,169.57,165.45,0.5713,0,correlation 0.57 <= 0.7
2,78.7559,5.9323,185.00,211.00,170.54,164.48,0.2544,0,correlation 0.25 <= 0.7
2,78.7137,5.8911,171.00,233.00,168.68,165.60,0.2852,0,correlation 0.29 <= 0.7
2,78.6953,5.9217,169.00,231.00,168.50,165.05,-0.0963,0,correlation -0.10 <= 0.7
2,78.7508,5.9088,185.00,211.00,170.22,164.91,0.4143,0,correlation 0.41 <= 0.7
2,78.7506,5.9568,183.00,211.00,170.28,164.87,0.4054,0,correlation 0.41 <= 0.7
2,78.7091,5.9647,171.00,231.00,168.49,165.55,0.1880,0,correlation 0.19 <= 0.7
2,78.7824,5.9160,215.00,87.00,171.81,162.31,-0.3438,0,correlation -0.34 <= 0.7
2,78.7517,5.8674,185.00,213.00,170.22,164.89,0.3972,0,correlation 0.40 <= 0.7
2,78.7018,5.8698,193.00,235.00,168.64,165.47,-0.0135,0,correlation -0.01 <= 0.7
2,78.7475,5.8584,185.00,213.00,169.98,165.16,0.4824,0,correlation 0.48 <= 0.7
2,78.7324,5.9728,181.00,209.00,169.36,165.52,0.6262,0,correlation 0.63 <= 0.7
2,78.7658,5.9500,185.00,191.00,171.10,163.38,-0.0980,0,correlation -0.10 <= 0.7
2,78.7430,5.9348,183.00,211.00,169.82,165.26,0.5299,0,correlation 0.53 <= 0.7
2,78.7699,5.8811,187.00,80.00,171.23,163.04,-0.2020,0,correlation -0.20 <= 0.7
2,78.7822,5.8828,215.00,87.00,171.78,162.38,-0.3436,0,correlation -0.34 <= 0.7
2,78.7271,5.8735,183.00,80.00,169.12,165.50,0.5894,0,correlation 0.59 <= 0.7
2,78.9278,10.5091,179.00,249.00,174.43,168.07,0.7148,0,NYA peak not clear against upper and lower means
2,78.8871,10.5092,179.00,171.00,173.39,168.63,0.9168,0,centroids differ by 4.8 km
2,78.9170,10.5478,179.00,175.00,174.24,168.46,0.8439,0,NYA peak not clear against upper and lower means
2,78.9416,10.5897,185.00,249.00,174.39,167.85,0.4437,0,correlation 0.44 <= 0.7
2,78.8811,10.5192,179.00,167.00,173.18,168.76,0.9190,0,centroids differ by 4.4 km
2,78.8856,10.5174,179.00,169.00,173.33,168.62,0.9184,0,centroids differ by 4.7 km
2,78.8747,10.4816,171.00,205.00,173.00,168.94,0.8379,0,LYR peak not clear against upper and lower means
2,78.8568,10.5999,169.00,183.00,172.14,168.85,0.7120,0,centroids differ by 3.3 km
2,78.8707,10.4653,185.00,205.00,172.87,169.04,0.6994,0,correlation 0.70 <= 0.7
2,78.8672,10.4998,171.00,199.00,172.69,169.01,0.6948,0,correlation 0.69 <= 0.7
2,78.8523,10.5381,169.00,231.00,172.01,168.92,0.5830,0,correlation 0.58 <= 0.7
2,78.8516,10.5123,183.00,235.00,172.01,169.11,0.5541,0,correlation 0.55 <= 0.7
2,78.8666,10.4829,171.00,201.00,172.68,169.05,0.6766,0,correlation 0.68 <= 0.7
2,78.8605,10.5064,183.00,197.00,172.40,168.98,0.6619,0,correlation 0.66 <= 0.7
2,78.9393,10.5330,179.00,249.00,174.46,167.55,0.4839,0,correlation 0.48 <= 0.7
2,78.9348,10.5635,179.00,249.00,174.40,167.84,0.4987,0,correlation 0.50 <= 0.7
2,78.9178,10.5712,177.00,245.00,174.24,168.56,0.8139,0,NYA peak not clear against upper and lower means
2,78.8979,10.5776,179.00,167.00,173.77,168.25,0.8802,0,centroids differ by 5.5 km
2,78.9127,10.5990,177.00,237.00,174.13,168.63,0.8511,0,NYA peak not clear against upper and lower means
2,78.8845,10.5331,177.00,169.00,173.27,168.54,0.9163,0,centroids differ by 4.7 km
2,78.9038,10.4669,181.00,179.00,173.95,168.75,0.8350,0,centroids differ by 5.2 km
2,78.8551,10.4777,171.00,243.00,172.21,169.16,0.5688,0,correlation 0.57 <= 0.7
2,78.9232,10.5686,177.00,249.00,174.32,168.34,0.7209,0,NYA peak not clear against upper and lower means
2,78.8788,10.5830,177.00,161.00,173.03,168.42,0.8748,0,centroids differ by 4.6 km
2,78.9486,10.6110,185.00,231.00,174.45,167.53,0.4493,0,correlation 0.45 <= 0.7
2,78.9279,10.4836,181.00,225.00,174.45,168.05,0.7099,0,NYA peak not clear against upper and lower means
2,78.9083,10.5691,179.00,171.00,174.05,168.34,0.9056,0,centroids differ by 5.7 km
2,78.8652,10.4734,171.00,203.00,172.64,169.04,0.6700,0,correlation 0.67 <= 0.7
2,78.8908,10.5089,179.00,173.00,173.52,168.52,0.9071,0,centroids differ by 5.0 km
2,78.8863,10.4838,179.00,171.00,173.40,168.84,0.9081,0,centroids differ by 4.6 km
2,78.8573,10.5077,183.00,237.00,172.26,169.00,0.6214,0,correlation 0.62 <= 0.7
2,78.9354,10.5271,179.00,249.00,174.45,167.67,0.5489,0,correlation 0.55 <= 0.7
2,78.8864,10.6014,177.00,161.00,173.35,168.07,0.7999,0,centroids differ by 5.3 km
2,78.9164,10.5259,181.00,177.00,174.23,168.38,0.8491,0,NYA peak not clear against upper and lower means
2,78.9388,10.6065,181.00,249.00,174.37,168.00,0.4506,0,correlation 0.45 <= 0.7
2,78.9186,10.6099,177.00,247.00,174.21,168.54,0.7268,0,NYA peak not clear against upper and lower means
2,78.7306,-3.1743,159.00,177.00,192.66,173.27,0.7015,0,LYR peak not clear against upper and lower means
2,78.7264,-3.1635,159.00,179.00,192.65,173.27,0.6739,0,correlation 0.67 <= 0.7
2,78.7083,-3.2260,142.00,181.00,193.62,174.38,0.5471,0,correlation 0.55 <= 0.7
2,78.7590,-3.2023,165.00,177.00,192.67,172.68,0.8816,0,centroids differ by 20.0 km
2,78.7779,-3.1231,165.00,173.00,192.67,171.08,0.9074,0,centroids differ by 21.6 km
2,78.7617,-3.2581,165.00,177.00,193.65,172.67,0.8930,0,centroids differ by 21.0 km
2,78.7232,-3.1961,161.00,181.00,192.63,173.32,0.6501,0,correlation 0.65 <= 0.7
2,78.7455,-3.1617,159.00,177.00,192.67,172.98,0.8080,0,LYR peak not clear against upper and lower means
2,78.7296,-3.1921,161.00,177.00,192.65,173.31,0.6934,0,correlation 0.69 <= 0.7
2,78.7400,-3.1258,159.00,177.00,192.68,173.05,0.7746,0,LYR peak not clear against upper and lower means
2,78.8027,-3.2232,169.00,141.00,192.77,171.11,0.8112,0,centroids differ by 21.7 km
2,78.7921,-3.1343,168.00,141.00,192.67,171.51,0.8823,0,centroids differ by 21.2 km
2,78.7983,-3.1633,168.00,141.00,192.71,171.27,0.8481,0,centroids differ by 21.4 km
2,78.7126,-3.1205,151.00,179.00,192.63,173.21,0.5729,0,correlation 0.57 <= 0.7
2,78.8052,-3.2428,169.00,143.00,193.73,171.02,0.8246,0,centroids differ by 22.7 km
2,78.7426,-3.2091,159.00,177.00,193.68,173.11,0.7984,0,LYR peak not clear against upper and lower means
2,78.7075,-3.1351,153.00,179.00,192.60,173.19,0.5313,0,correlation 0.53 <= 0.7
2,78.8016,-3.2503,169.00,143.00,193.68,171.14,0.8433,0,centroids differ by 22.5 km
2,78.8056,-3.2275,169.00,141.00,192.80,171.01,0.7913,0,centroids differ by 21.8 km
2,78.7521,-3.1127,165.00,175.00,192.68,172.75,0.8458,0,LYR peak not clear against upper and lower means
2,78.7995,-3.1818,169.00,141.00,192.73,171.23,0.8376,0,centroids differ by 21.5 km
2,78.7064,-3.1998,142.00,181.00,193.63,174.32,0.5364,0,correlation 0.54 <= 0.7
2,78.7110,-3.1667,153.00,179.00,192.60,173.28,0.5564,0,correlation 0.56 <= 0.7
2,78.7709,-3.1173,165.00,175.00,192.66,172.30,0.9070,0,centroids differ by 20.4 km
2,78.7816,-3.1247,165.00,173.00,192.66,170.92,0.9025,0,centroids differ by 21.7 km
2,78.7384,-3.2257,161.00,179.00,193.68,173.21,0.7732,0,LYR peak not clear against upper and lower means
2,78.7164,-3.1204,151.00,179.00,192.64,173.21,0.6067,0,correlation 0.61 <= 0.7
2,78.7418,-3.2439,161.00,179.00,193.67,173.17,0.7929,0,LYR peak not clear against upper and lower means
2,78.7146,-3.1123,151.00,179.00,192.64,173.21,0.5914,0,correlation 0.59 <= 0.7
2,78.7749,-3.2169,165.00,175.00,192.67,172.26,0.9144,0,centroids differ by 20.4 km
2,78.7243,-3.1158,159.00,179.00,192.67,173.20,0.6655,0,correlation 0.67 <= 0.7
2,78.7606,-3.1849,165.00,177.00,192.67,172.62,0.8864,0,centroids differ by 20.0 km
2,78.7892,-3.1498,167.00,173.00,192.66,171.63,0.8893,0,centroids differ by 21.0 km
2,78.7066,-3.2414,142.00,181.00,193.61,174.39,0.5306,0,correlation 0.53 <= 0.7
2,78.7687,-3.1947,165.00,175.00,192.66,172.44,0.9082,0,centroids differ by 20.2 km
2,78.8038,-3.2066,169.00,141.00,192.78,171.08,0.8073,0,centroids differ by 21.7 km
2,78.3197,3.3474,151.00,143.00,166.35,165.83,0.5589,0,correlation 0.56 <= 0.7
2,78.3476,3.3808,135.00,145.00,163.95,164.60,0.7927,1,
2,78.3629,3.3242,130.26,139.00,163.13,164.88,0.7746,0,centroids differ by 1.8 km
2,78.3349,3.2343,137.00,149.00,166.56,164.89,0.7798,0,centroids differ by 1.7 km
2,78.3211,3.2897,152.00,145.00,166.38,165.61,0.5916,0,correlation 0.59 <= 0.7
2,78.3106,3.2762,157.00,145.00,166.94,166.22,0.3480,0,correlation 0.35 <= 0.7
2,78.3060,3.3017,179.75,145.00,167.08,166.57,0.2149,0,correlation 0.21 <= 0.7
2,78.3160,3.3549,158.89,143.00,166.55,166.08,0.4817,0,correlation 0.48 <= 0.7
2,78.3338,3.3131,149.00,147.00,165.47,165.00,0.7530,1,
2,78.3911,3.3682,131.00,137.00,159.91,165.55,0.6053,0,correlation 0.61 <= 0.7
2,78.3535,3.3211,133.00,143.00,164.35,164.65,0.8007,1,
2,78.3453,3.3350,137.00,145.00,164.37,164.65,0.7999,1,
2,78.3741,3.3526,129.00,139.00,161.57,165.13,0.7194,0,centroids differ by 3.6 km
2,78.3437,3.3790,135.00,145.00,164.38,164.68,0.7885,1,
2,78.3714,3.3044,129.00,139.00,162.12,165.16,0.7364,0,centroids differ by 3.0 km
2,78.3575,3.3675,127.00,141.00,162.80,164.63,0.7854,0,centroids differ by 1.8 km
2,78.3166,3.2571,159.75,145.00,167.74,165.80,0.5170,0,correlation 0.52 <= 0.7
2,78.3559,3.3255,133.00,141.00,164.02,164.69,0.7953,1,
2,78.3824,3.3044,131.00,139.00,160.86,165.45,0.6686,0,correlation 0.67 <= 0.7
2,78.3296,3.3631,149.00,145.00,165.65,165.28,0.7045,1,
2,78.3900,3.2464,131.00,137.00,160.48,165.68,0.6154,0,correlation 0.62 <= 0.7
2,78.3568,3.3518,127.00,141.00,163.81,164.66,0.7899,1,
2,78.3928,3.3315,131.00,137.00,159.97,165.63,0.5915,0,correlation 0.59 <= 0.7
2,78.3187,3.3627,151.00,143.00,166.38,165.93,0.5383,0,correlation 0.54 <= 0.7
2,78.3271,3.2896,151.00,147.00,167.01,165.28,0.6963,0,correlation 0.70 <= 0.7
2,78.3469,3.3166,137.00,145.00,165.16,164.64,0.8069,1,
2,78.3979,3.2559,133.00,135.00,160.10,165.83,0.5416,0,correlation 0.54 <= 0.7
2,78.3328,3.2529,151.00,149.00,166.68,164.97,0.7618,0,centroids differ by 1.7 km
2,78.3290,3.2413,151.00,149.00,166.99,165.13,0.7256,0,centroids differ by 1.9 km
2,78.3812,3.3504,129.00,139.00,160.79,165.34,0.6761,0,correlation 0.68 <= 0.7
2,78.3219,3.2446,153.00,147.00,167.46,165.47,0.6258,0,correlation 0.63 <= 0.7
2,78.3079,3.2435,157.00,145.00,168.16,166.31,0.2869,0,correlation 0.29 <= 0.7
2,78.3354,3.3391,149.00,147.00,165.28,164.97,0.7598,1,
2,78.3625,3.2728,129.00,141.00,163.39,165.00,0.7790,0,centroids differ by 1.6 km
2,78.3316,3.2864,151.00,149.00,166.68,165.06,0.7457,0,centroids differ by 1.6 km
2,78.3500,3.2843,137.00,145.00,164.91,164.68,0.8116,1,
2,78.7037,5.9231,169.00,231.00,168.51,165.47,0.0391,0,correlation 0.04 <= 0.7
2,78.7348,5.9336,181.00,211.00,169.45,165.49,0.5949,0,correlation 0.59 <= 0.7
2,78.7059,5.9764,169.00,229.00,168.41,165.48,0.1049,0,correlation 0.10 <= 0.7
2,78.7482,5.9245,185.00,211.00,170.09,165.08,0.4703,0,correlation 0.47 <= 0.7
2,78.7687,5.9325,185.00,191.00,171.22,163.09,-0.1783,0,correlation -0.18 <= 0.7
2,78.7601,5.8951,185.00,193.00,170.74,164.11,0.1064,0,correlation 0.11 <= 0.7
2,78.7810,5.9264,215.00,87.00,171.77,162.33,-0.3358,0,correlation -0.34 <= 0.7
2,78.7777,5.9258,213.00,87.00,171.63,162.46,-0.3135,0,correlation -0.31 <= 0.7
2,78.7136,5.9827,171.00,229.00,168.58,165.59,0.3240,0,correlation 0.32 <= 0.7
2,78.7704,5.8971,187.00,125.00,171.27,162.98,-0.2146,0,correlation -0.21 <= 0.7
2,78.7446,5.9579,183.00,209.00,169.93,165.18,0.5117,0,correlation 0.51 <= 0.7
2,78.7812,5.9799,213.00,83.00,171.80,162.25,-0.3390,0,correlation -0.34 <= 0.7
2,78.7532,5.9805,183.00,209.00,170.46,164.66,0.3330,0,correlation 0.33 <= 0.7
2,78.7100,5.9385,171.00,231.00,168.54,165.60,0.2001,0,correlation 0.20 <= 0.7
2,78.7419,5.9437,183.00,211.00,169.77,165.29,0.5422,0,correlation 0.54 <= 0.7
2,78.7905,5.9108,215.00,87.00,172.05,162.04,-0.3986,0,correlation -0.40 <= 0.7
2,78.6940,5.9568,191.00,231.00,168.39,164.86,-0.1055,0,correlation -0.11 <= 0.7
2,78.7264,5.9537,181.00,80.00,169.10,165.52,0.6178,0,correlation 0.62 <= 0.7
2,78.7511,6.0134,183.00,209.00,170.38,164.80,0.3824,0,correlation 0.38 <= 0.7
2,78.7465,5.9798,183.00,209.00,170.06,165.11,0.4885,0,correlation 0.49 <= 0.7
2,78.7120,5.9258,171.00,233.00,168.60,165.60,0.2575,0,correlation 0.26 <= 0.7
2,78.7558,5.9739,183.00,211.00,170.59,164.43,0.2440,0,correlation 0.24 <= 0.7
2,78.7883,6.0195,213.00,85.00,171.93,161.98,-0.3907,0,correlation -0.39 <= 0.7
2,78.7832,5.9128,215.00,87.00,171.84,162.29,-0.3484,0,correlation -0.35 <= 0.7
2,78.7597,5.9083,185.00,191.00,170.73,164.14,0.1190,0,correlation 0.12 <= 0.7
2,78.7591,5.9214,185.00,191.00,170.71,164.18,0.1368,0,correlation 0.14 <= 0.7
2,78.7790,5.9748,213.00,83.00,171.72,162.33,-0.3237,0,correlation -0.32 <= 0.7
2,78.7118,5.9451,171.00,231.00,168.57,165.62,0.2555,0,correlation 0.26 <= 0.7
2,78.7624,5.9087,185.00,191.00,170.88,163.83,0.0180,0,correlation 0.02 <= 0.7
2,78.7501,5.8767,185.00,213.00,170.14,165.01,0.4371,0,correlation 0.44 <= 0.7
2,78.7457,5.8718,183.00,213.00,169.91,165.23,0.5098,0,correlation 0.51 <= 0.7
2,78.7674,6.0207,211.00,187.00,171.24,163.11,-0.1577,0,correlation -0.16 <= 0.7
2,78.7119,5.8766,171.00,235.00,168.68,165.60,0.2329,0,correlation 0.23 <= 0.7
2,78.7092,5.9015,171.00,233.00,168.60,165.59,0.1656,0,correlation 0.17 <= 0.7
2,78.7088,5.9210,171.00,233.00,168.55,165.57,0.1625,0,correlation 0.16 <= 0.7
2,78.7732,5.9189,213.00,80.00,171.42,162.73,-0.2680,0,correlation -0.27 <= 0.7
2,78.5939,7.8650,137.00,133.00,161.13,158.98,0.7268,0,centroids differ by 2.2 km
2,78.6188,7.9065,145.00,127.00,162.75,158.76,0.4686,0,correlation 0.47 <= 0.7
2,78.6084,7.9392,145.00,127.00,161.92,158.50,0.6130,0,correlation 0.61 <= 0.7
2,78.6119,7.8626,147.00,131.00,162.16,158.95,0.5880,0,correlation 0.59 <= 0.7
2,78.5412,7.9179,147.00,157.00,160.07,159.91,0.7663,1,
2,78.5513,7.9237,149.00,137.00,160.76,159.72,0.8050,0,centroids differ by 1.0 km
2,78.5853,7.8719,155.00,135.00,161.04,159.08,0.7620,0,centroids differ by 2.0 km
2,78.5838,7.8957,155.00,132.00,160.94,159.00,0.7732,0,centroids differ by 1.9 km
2,78.6183,7.9462,145.00,127.00,162.72,158.55,0.4669,0,correlation 0.47 <= 0.7
2,78.6077,7.9583,145.00,127.00,161.87,158.37,0.6129,0,correlation 0.61 <= 0.7
2,78.5241,7.9611,135.00,109.00,158.53,159.72,0.7273,0,centroids differ by 1.2 km
2,78.5682,7.9755,157.00,133.00,160.84,159.08,0.7898,0,centroids differ by 1.8 km
2,78.5847,7.9784,135.00,131.00,160.58,158.68,0.7835,0,centroids differ by 1.9 km
2,78.5959,7.9545,137.00,129.00,160.99,158.61,0.7185,0,centroids differ by 2.4 km
2,78.6183,7.9803,145.00,125.00,162.73,158.34,0.4562,0,correlation 0.46 <= 0.7
2,78.5393,7.8923,149.00,80.00,159.87,160.01,0.7677,0,NYA peak not clear against upper and lower means
2,78.6032,7.9258,145.00,130.66,161.50,158.59,0.6676,0,correlation 0.67 <= 0.7
2,78.5797,7.9557,135.00,132.00,160.67,158.89,0.8057,0,centroids differ by 1.8 km
2,78.5455,7.9484,148.37,155.00,160.44,159.76,0.7755,0,NYA peak not clear against upper and lower means
2,78.5557,7.9500,151.00,135.00,160.94,159.55,0.8012,0,centroids differ by 1.4 km
2,78.5367,7.8593,143.00,80.00,159.61,160.14,0.7618,0,NYA peak not clear against upper and lower means
2,78.6021,7.8488,139.00,131.00,161.46,158.93,0.6919,0,correlation 0.69 <= 0.7
2,78.5297,7.9283,139.00,111.00,159.03,159.97,0.7494,1,
2,78.6020,7.9879,145.00,128.57,161.43,158.35,0.6588,0,correlation 0.66 <= 0.7
2,78.6049,7.8600,147.00,132.15,161.62,158.88,0.6691,0,correlation 0.67 <= 0.7
2,78.5486,7.8983,147.00,137.00,160.58,159.81,0.8028,1,
2,78.5313,7.9099,143.00,111.00,159.16,160.03,0.7523,1,
2,78.5462,7.8498,149.00,139.00,160.38,159.97,0.8046,1,
2,78.6200,7.9436,147.00,127.00,162.85,158.59,0.4412,0,correlation 0.44 <= 0.7
2,78.5289,7.8920,134.12,111.00,158.95,160.12,0.7505,0,centroids differ by 1.2 km
2,78.5585,7.8981,153.00,137.00,161.04,159.57,0.7788,0,centroids differ by 1.5 km
2,78.6092,7.8648,147.00,131.00,161.95,158.91,0.6227,0,correlation 0.62 <= 0.7
2,78.5256,7.9213,135.00,111.00,158.66,159.97,0.7415,0,centroids differ by 1.3 km
2,78.5569,7.8562,153.00,139.00,161.02,159.70,0.7787,0,centroids differ by 1.3 km
2,78.5348,7.8993,149.00,111.00,159.48,160.04,0.7551,1,
2,78.6095,7.8592,147.00,131.00,161.97,158.95,0.6204,0,correlation 0.62 <= 0.7
2,78.3497,4.1579,119.00,132.00,158.73,165.91,0.5506,0,correlation 0.55 <= 0.7
2,78.4067,4.2293,123.00,127.00,155.96,163.98,0.5859,0,correlation 0.59 <= 0.7
2,78.3149,4.1353,141.00,143.00,161.76,168.84,0.1567,0,correlation 0.16 <= 0.7
2,78.3154,4.1543,141.00,143.00,161.67,168.87,0.1524,0,correlation 0.15 <= 0.7
2,78.3236,4.2158,139.00,137.00,160.84,168.49,0.2299,0,correlation 0.23 <= 0.7
2,78.3560,4.1679,121.00,131.00,157.74,165.42,0.5710,0,correlation 0.57 <= 0.7
2,78.3672,4.1893,121.00,129.00,156.05,164.72,0.5850,0,correlation 0.59 <= 0.7
2,78.3931,4.2169,123.00,131.00,154.57,163.94,0.5532,0,correlation 0.55 <= 0.7
2,78.3746,4.2403,121.00,127.00,154.16,164.50,0.5644,0,correlation 0.56 <= 0.7
2,78.3919,4.1447,123.00,131.00,154.71,163.93,0.5649,0,correlation 0.56 <= 0.7
2,78.3403,4.1926,127.00,131.47,159.05,166.91,0.4581,0,correlation 0.46 <= 0.7
2,78.3393,4.1115,127.00,133.88,160.43,166.67,0.5111,0,correlation 0.51 <= 0.7
2,78.3438,4.1503,126.00,132.00,159.64,166.39,0.5189,0,correlation 0.52 <= 0.7
2,78.3357,4.1716,127.00,131.00,159.73,167.29,0.4271,0,correlation 0.43 <= 0.7
2,78.3260,4.1154,139.00,135.00,161.92,167.92,0.3581,0,correlation 0.36 <= 0.7
2,78.3466,4.1465,119.00,132.00,159.25,166.14,0.5384,0,correlation 0.54 <= 0.7
2,78.4048,4.1148,125.00,127.00,155.85,164.17,0.5820,0,correlation 0.58 <= 0.7
2,78.3818,4.2473,121.00,127.00,153.61,164.27,0.5540,0,correlation 0.55 <= 0.7
2,78.3403,4.2581,125.00,129.00,158.78,167.20,0.4048,0,correlation 0.40 <= 0.7
2,78.3092,4.2411,143.00,151.00,161.90,169.59,0.0077,0,correlation 0.01 <= 0.7
2,78.4043,4.1433,125.00,127.00,155.74,164.09,0.5809,0,correlation 0.58 <= 0.7
2,78.3793,4.1861,121.00,129.00,154.80,164.25,0.5762,0,correlation 0.58 <= 0.7
2,78.3551,4.2405,120.00,130.00,156.69,165.70,0.5302,0,correlation 0.53 <= 0.7
2,78.3333,4.2006,127.00,131.00,159.91,167.63,0.3795,0,correlation 0.38 <= 0.7
2,78.3665,4.1207,121.00,129.00,156.47,164.65,0.6067,0,correlation 0.61 <= 0.7
2,78.3213,4.1889,139.00,139.00,161.11,168.56,0.2206,0,correlation 0.22 <= 0.7
2,78.4055,4.1270,125.00,127.00,155.92,164.16,0.5838,0,correlation 0.58 <= 0.7
2,78.3759,4.2014,121.00,129.00,155.01,164.38,0.5770,0,correlation 0.58 <= 0.7
2,78.3775,4.1749,121.00,129.00,154.99,164.29,0.5820,0,correlation 0.58 <= 0.7
2,78.3832,4.1175,123.00,133.00,154.87,164.05,0.5866,0,correlation 0.59 <= 0.7
2,78.3868,4.1383,123.00,131.00,154.68,163.99,0.5745,0,correlation 0.57 <= 0.7
2,78.3101,4.2060,144.00,143.00,161.92,169.40,0.0415,0,correlation 0.04 <= 0.7
2,78.3416,4.1233,127.00,134.00,160.06,166.49,0.5214,0,correlation 0.52 <= 0.7
2,78.3093,4.2026,147.54,145.59,161.98,169.44,0.0322,0,correlation 0.03 <= 0.7
2,78.3421,4.1989,125.00,131.75,158.78,166.75,0.4702,0,correlation 0.47 <= 0.7
2,78.3298,4.2330,127.00,137.00,160.18,168.05,0.3059,0,correlation 0.31 <= 0.7
2,78.5782,6.5294,155.00,133.00,164.57,162.87,0.6485,0,correlation 0.65 <= 0.7
2,78.6353,6.5665,177.00,145.00,166.59,163.70,0.4694,0,correlation 0.47 <= 0.7
2,78.6096,6.4623,175.00,167.00,166.27,163.73,0.6046,0,correlation 0.60 <= 0.7
2,78.6091,6.5508,173.00,163.00,166.07,163.48,0.5797,0,correlation 0.58 <= 0.7
2,78.6280,6.5229,179.00,147.00,166.68,163.90,0.5753,0,correlation 0.58 <= 0.7
2,78.6705,6.4692,161.00,80.00,166.84,162.68,-0.3239,0,correlation -0.32 <= 0.7
2,78.6191,6.5316,173.00,161.00,166.46,163.67,0.5839,0,correlation 0.58 <= 0.7
2,78.6428,6.4769,176.11,83.00,166.93,163.27,0.0577,0,correlation 0.06 <= 0.7
2,78.6047,6.4273,161.00,139.00,166.12,163.83,0.6341,0,correlation 0.63 <= 0.7
2,78.6250,6.4348,175.00,151.00,166.88,164.13,0.5943,0,correlation 0.59 <= 0.7
2,78.5882,6.4198,157.00,139.00,165.33,163.81,0.7478,0,centroids differ by 1.5 km
2,78.5836,6.5141,154.00,133.00,164.91,163.22,0.6916,0,correlation 0.69 <= 0.7
2,78.6332,6.4835,179.00,149.00,166.89,163.90,0.4572,0,correlation 0.46 <= 0.7
2,78.6347,6.4859,179.00,149.00,166.89,163.83,0.4110,0,correlation 0.41 <= 0.7
2,78.6203,6.5419,173.00,161.00,166.46,163.66,0.5828,0,correlation 0.58 <= 0.7
2,78.6243,6.5133,173.00,159.00,166.64,163.87,0.5926,0,correlation 0.59 <= 0.7
2,78.6655,6.5406,159.00,80.00,166.59,162.57,-0.3242,0,correlation -0.32 <= 0.7
2,78.5761,6.4734,155.00,135.00,164.52,162.97,0.6576,0,correlation 0.66 <= 0.7
2,78.6063,6.5289,167.00,149.00,165.99,163.56,0.6013,0,correlation 0.60 <= 0.7
2,78.6459,6.5001,176.00,83.00,166.80,163.05,-0.0252,0,correlation -0.03 <= 0.7
2,78.6014,6.4936,159.00,137.00,165.83,163.73,0.6536,0,correlation 0.65 <= 0.7
2,78.6203,6.4541,175.00,163.00,166.69,163.99,0.6089,0,correlation 0.61 <= 0.7
2,78.6417,6.4249,179.00,83.00,167.14,163.33,0.0314,0,correlation 0.03 <= 0.7
2,78.6747,6.4498,161.00,80.00,166.93,162.85,-0.2958,0,correlation -0.30 <= 0.7
2,78.6581,6.4515,175.00,80.00,166.88,162.49,-0.3125,0,correlation -0.31 <= 0.7
2,78.6342,6.4575,179.00,149.00,166.99,163.88,0.3998,0,correlation 0.40 <= 0.7
2,78.6490,6.5509,173.00,80.00,166.55,162.88,-0.0607,0,correlation -0.06 <= 0.7
2,78.6116,6.5238,173.00,165.00,166.23,163.57,0.5810,0,correlation 0.58 <= 0.7
2,78.6555,6.5133,187.00,80.00,166.65,162.58,-0.2389,0,correlation -0.24 <= 0.7
2,78.6586,6.5521,187.00,80.00,166.50,162.55,-0.2567,0,correlation -0.26 <= 0.7
2,78.5802,6.4577,157.00,135.00,164.81,163.26,0.6979,0,correlation 0.70 <= 0.7
2,78.6417,6.5663,175.00,125.00,166.56,163.37,0.2445,0,correlation 0.24 <= 0.7
2,78.5866,6.4997,157.00,133.90,165.09,163.43,0.7157,0,centroids differ by 1.7 km
2,78.6463,6.4800,176.00,83.00,166.89,163.00,-0.0725,0,correlation -0.07 <= 0.7
2,78.6008,6.4813,161.00,151.00,165.83,163.78,0.6610,0,correlation 0.66 <= 0.7
2,78.5922,6.5128,156.00,134.24,165.34,163.63,0.7215,0,centroids differ by 1.7 km
2,78.8018,12.9677,179.00,215.00,173.33,170.57,0.9184,0,centroids differ by 2.8 km
2,78.8036,13.0616,175.00,227.00,173.80,170.99,0.8749,0,LYR peak not clear against upper and lower means
2,78.7606,12.9875,149.00,129.00,170.95,163.77,-0.3969,0,correlation -0.40 <= 0.7
2,78.8425,12.9648,181.00,249.00,175.24,169.98,0.7631,0,LYR peak not clear against upper and lower means
2,78.7659,12.9475,151.00,125.00,171.20,163.49,-0.4046,0,correlation -0.40 <= 0.7
2,78.7621,12.9848,149.00,127.00,171.05,163.69,-0.3774,0,correlation -0.38 <= 0.7
2,78.8127,12.9556,181.00,231.00,173.84,171.82,0.8536,0,centroids differ by 2.0 km
2,78.7992,12.9289,181.00,205.00,173.16,169.95,0.9461,0,centroids differ by 3.2 km
2,78.7902,13.0453,175.00,167.00,172.88,168.15,0.8932,0,centroids differ by 4.7 km
2,78.7896,12.9646,179.00,163.00,172.70,167.65,0.8698,0,centroids differ by 5.1 km
2,78.8333,12.9634,181.00,245.00,174.90,170.99,0.7577,0,LYR peak not clear against upper and lower means
2,78.8006,12.9691,179.00,213.00,173.27,170.33,0.9253,0,centroids differ by 2.9 km
2,78.8031,12.9696,179.00,217.00,173.39,170.80,0.9085,0,centroids differ by 2.6 km
2,78.7482,12.9210,148.00,123.00,169.98,164.97,-0.3682,0,correlation -0.37 <= 0.7
2,78.8267,13.0514,179.00,249.00,174.86,171.53,0.7834,0,LYR peak not clear against upper and lower means
2,78.7517,12.9462,148.00,125.00,170.22,164.48,-0.4684,0,correlation -0.47 <= 0.7
2,78.7517,12.9943,147.00,131.00,170.31,164.60,-0.2771,0,correlation -0.28 <= 0.7
2,78.8066,12.9786,179.00,225.00,173.57,171.32,0.8773,0,NYA peak not clear against upper and lower means
2,78.8135,12.9943,181.00,237.00,174.05,171.93,0.8304,0,LYR peak not clear against upper and lower means
2,78.7667,12.9513,151.00,125.00,171.26,163.53,-0.3537,0,correlation -0.35 <= 0.7
2,78.8415,12.9564,181.00,249.00,175.19,170.12,0.7592,0,LYR peak not clear against upper and lower means
2,78.8186,13.0548,177.00,249.00,174.49,172.00,0.7918,0,LYR peak not clear against upper and lower means
2,78.7590,12.9512,149.00,125.00,170.72,163.73,-0.5558,0,correlation -0.56 <= 0.7
2,78.8112,13.0349,177.00,239.00,174.10,171.83,0.8209,0,LYR peak not clear against upper and lower means
2,78.7756,13.0707,173.00,139.00,172.08,165.72,0.4697,0,correlation 0.47 <= 0.7
2,78.7733,13.0189,175.00,133.00,171.84,164.81,0.2415,0,correlation 0.24 <= 0.7
2,78.8030,13.0684,175.00,227.00,173.79,170.87,0.8792,0,LYR peak not clear against upper and lower means
2,78.7885,13.0045,177.00,161.00,172.72,167.56,0.8530,0,centroids differ by 5.2 km
2,78.8418,12.9736,181.00,249.00,175.22,170.02,0.7624,0,LYR peak not clear against upper and lower means
2,78.7959,13.0551,177.00,179.00,173.30,169.42,0.9261,0,LYR peak not clear against upper and lower means
2,78.7685,13.0377,175.00,135.00,171.57,164.28,0.0761,0,correlation 0.08 <= 0.7
2,78.8189,13.0655,175.00,249.00,174.54,171.97,0.7910,0,LYR peak not clear against upper and lower means
2,78.8444,13.0418,181.00,249.00,175.51,169.58,0.7916,0,LYR peak not clear against upper and lower means
2,78.7597,12.9514,149.00,125.00,170.77,163.68,-0.5498,0,correlation -0.55 <= 0.7
2,78.7713,12.9239,151.00,123.00,171.50,163.64,-0.2181,0,correlation -0.22 <= 0.7
2,78.7986,13.0199,177.00,195.00,173.29,169.95,0.9249,0,LYR peak not clear against upper and lower means
2,78.4598,7.3931,135.00,123.00,157.77,163.04,0.6629,0,correlation 0.66 <= 0.7
2,78.4762,7.4362,135.00,123.00,157.57,162.33,0.6765,0,correlation 0.68 <= 0.7
2,78.4169,7.4665,129.00,129.00,155.87,164.76,0.7480,0,centroids differ by 8.9 km
2,78.4119,7.4892,127.00,129.00,155.32,164.88,0.7393,0,centroids differ by 9.6 km
2,78.4654,7.4685,135.00,121.00,157.39,162.44,0.6809,0,correlation 0.68 <= 0.7
2,78.4914,7.4776,133.00,149.00,157.66,161.67,0.7044,0,centroids differ by 4.0 km
2,78.4179,7.4728,129.00,129.00,155.96,164.69,0.7512,0,centroids differ by 8.7 km
2,78.4153,7.3464,129.00,133.00,155.78,165.27,0.7017,0,centroids differ by 9.5 km
2,78.4457,7.3521,135.00,131.00,157.81,163.78,0.6752,0,correlation 0.68 <= 0.7
2,78.4287,7.3755,131.00,131.00,156.98,164.47,0.7169,0,centroids differ by 7.5 km
2,78.4848,7.4291,135.00,151.00,157.70,162.03,0.6892,0,correlation 0.69 <= 0.7
2,78.4942,7.4147,133.00,87.00,157.96,161.82,0.6999,0,correlation 0.70 <= 0.7
2,78.4024,7.4071,127.00,133.00,153.91,165.58,0.6187,0,correlation 0.62 <= 0.7
2,78.4158,7.3796,129.00,127.00,155.83,165.13,0.7150,0,centroids differ by 9.3 km
2,78.4756,7.4757,133.00,121.00,157.38,162.14,0.6816,0,correlation 0.68 <= 0.7
2,78.4401,7.3462,135.00,131.00,157.66,164.03,0.6825,0,correlation 0.68 <= 0.7
2,78.4445,7.3850,135.00,129.00,157.67,163.66,0.6858,0,correlation 0.69 <= 0.7
2,78.4937,7.4299,133.00,87.00,157.89,161.78,0.7026,0,centroids differ by 3.9 km
2,78.4593,7.3747,135.00,125.00,157.86,163.17,0.6573,0,correlation 0.66 <= 0.7
2,78.4184,7.4635,129.00,129.00,156.02,164.70,0.7482,0,centroids differ by 8.7 km
2,78.4395,7.4215,135.00,129.00,157.39,163.67,0.7079,0,centroids differ by 6.3 km
2,78.4427,7.4035,135.00,129.00,157.56,163.63,0.6945,0,correlation 0.69 <= 0.7
2,78.4671,7.4128,135.00,123.00,157.67,162.75,0.6707,0,correlation 0.67 <= 0.7
2,78.4564,7.4268,133.00,124.00,157.60,162.94,0.6797,0,correlation 0.68 <= 0.7
2,78.4615,7.4756,133.00,121.36,157.36,162.49,0.6874,0,correlation 0.69 <= 0.7
2,78.4137,7.3548,129.00,133.00,155.58,165.32,0.6978,0,correlation 0.70 <= 0.7
2,78.4638,7.4156,135.00,123.00,157.65,162.81,0.6692,0,correlation 0.67 <= 0.7
2,78.4286,7.3924,131.00,129.00,156.94,164.43,0.7220,0,centroids differ by 7.5 km
2,78.4757,7.3915,135.00,125.00,157.78,162.55,0.6681,0,correlation 0.67 <= 0.7
2,78.4097,7.4419,127.00,131.00,155.05,165.16,0.7091,0,centroids differ by 10.1 km
2,78.3977,7.3412,125.00,135.00,152.87,165.99,0.5060,0,correlation 0.51 <= 0.7
2,78.4321,7.4433,131.00,129.00,157.03,164.04,0.7288,0,centroids differ by 7.0 km
2,78.4801,7.3454,135.00,155.00,158.03,162.59,0.6750,0,correlation 0.67 <= 0.7
2,78.4077,7.3930,127.00,133.00,154.74,165.44,0.6720,0,correlation 0.67 <= 0.7
2,78.4399,7.4588,133.00,127.00,157.28,163.50,0.7161,0,centroids differ by 6.2 km
2,78.4051,7.4391,127.00,131.00,154.41,165.37,0.6663,0,correlation 0.67 <= 0.7
2,78.5685,12.3635,113.00,181.00,151.65,165.10,-0.0474,0,correlation -0.05 <= 0.7
2,78.6018,12.3600,119.00,139.00,154.75,160.91,0.8133,0,centroids differ by 6.2 km
2,78.6154,12.3853,121.00,125.00,156.47,159.58,0.8392,0,centroids differ by 3.1 km
2,78.6111,12.3936,119.00,129.00,156.04,159.98,0.8680,0,centroids differ by 3.9 km
2,78.5383,12.4128,105.00,213.00,149.13,168.55,-0.3114,0,correlation -0.31 <= 0.7
2,78.5425,12.4105,107.00,207.00,149.49,168.07,-0.3537,0,correlation -0.35 <= 0.7
2,78.5505,12.2923,107.00,195.00,149.89,166.74,-0.2810,0,correlation -0.28 <= 0.7
2,78.6182,12.3760,121.00,123.00,156.72,159.33,0.8118,0,NYA peak not clear against upper and lower means
2,78.6149,12.3725,121.00,125.00,156.35,159.56,0.8578,0,centroids differ by 3.2 km
2,78.5937,12.3316,119.00,159.00,153.78,161.77,0.7016,0,centroids differ by 8.0 km
2,78.5786,12.3199,123.00,167.00,152.43,163.75,0.3360,0,correlation 0.34 <= 0.7
2,78.5938,12.3458,119.00,159.00,153.84,161.82,0.7046,0,centroids differ by 8.0 km
2,78.5610,12.3062,111.00,187.00,150.82,165.65,-0.2386,0,correlation -0.24 <= 0.7
2,78.5775,12.3845,121.00,177.00,152.45,164.05,0.3134,0,correlation 0.31 <= 0.7
2,78.5509,12.4079,108.00,199.00,150.25,167.10,-0.4326,0,correlation -0.43 <= 0.7
2,78.5442,12.3492,107.00,207.00,149.49,167.61,-0.2817,0,correlation -0.28 <= 0.7
2,78.5669,12.3678,113.00,183.00,151.53,165.29,-0.1157,0,correlation -0.12 <= 0.7
2,78.5645,12.4199,111.00,191.00,151.47,165.73,-0.2118,0,correlation -0.21 <= 0.7
2,78.5420,12.2741,107.00,205.00,149.19,167.64,-0.2163,0,correlation -0.22 <= 0.7
2,78.6073,12.3808,121.00,135.00,155.53,160.32,0.8704,0,centroids differ by 4.8 km
2,78.5921,12.3986,117.00,149.00,153.90,162.22,0.6620,0,correlation 0.66 <= 0.7
2,78.5476,12.3225,107.00,201.00,149.71,167.12,-0.2827,0,correlation -0.28 <= 0.7
2,78.5922,12.3903,119.00,149.00,153.86,162.19,0.6667,0,correlation 0.67 <= 0.7
2,78.6158,12.3283,121.00,125.00,156.19,159.21,0.8685,0,centroids differ by 3.0 km
2,78.5886,12.2974,115.00,159.00,153.23,162.29,0.6055,0,correlation 0.61 <= 0.7
2,78.5997,12.2796,121.00,151.00,154.19,160.74,0.7940,0,centroids differ by 6.6 km
2,78.5596,12.3742,110.00,189.00,150.90,166.10,-0.3480,0,correlation -0.35 <= 0.7
2,78.5680,12.3990,121.00,189.00,151.71,165.26,-0.0613,0,correlation -0.06 <= 0.7
2,78.5940,12.4072,117.00,149.00,154.15,161.99,0.6970,0,correlation 0.70 <= 0.7
2,78.6028,12.3682,119.00,139.00,154.92,160.81,0.8246,0,centroids differ by 5.9 km
2,78.6363,12.3729,121.00,111.00,158.37,158.49,0.4335,0,correlation 0.43 <= 0.7
2,78.6126,12.3330,121.00,129.00,155.85,159.53,0.8772,0,centroids differ by 3.7 km
2,78.5801,12.2752,115.00,169.00,152.44,163.39,0.3732,0,correlation 0.37 <= 0.7
2,78.5493,12.3503,107.00,201.00,149.90,167.07,-0.3327,0,correlation -0.33 <= 0.7
2,78.5508,12.2950,107.00,195.00,149.92,166.71,-0.2831,0,correlation -0.28 <= 0.7
2,78.5957,12.3021,122.00,157.00,153.88,161.35,0.7361,0,centroids differ by 7.5 km
2,78.3473,1.7448,155.00,143.00,173.80,166.02,0.7795,0,centroids differ by 7.8 km
2,78.3938,1.7555,147.00,133.00,170.70,164.02,0.5249,0,correlation 0.52 <= 0.7
2,78.3538,1.8282,153.00,141.00,173.23,165.90,0.7977,0,centroids differ by 7.3 km
2,78.4117,1.8868,147.00,127.00,168.56,163.87,0.4379,0,correlation 0.44 <= 0.7
2,78.3771,1.7989,145.00,141.00,171.30,164.66,0.6802,0,correlation 0.68 <= 0.7
2,78.4063,1.8286,147.00,129.00,168.88,163.87,0.4732,0,correlation 0.47 <= 0.7
2,78.3691,1.7777,145.00,141.00,172.10,164.98,0.7417,0,centroids differ by 7.1 km
2,78.3531,1.7812,153.00,143.00,173.39,165.81,0.7918,0,centroids differ by 7.6 km
2,78.3823,1.7788,147.00,133.00,170.86,164.39,0.6271,0,correlation 0.63 <= 0.7
2,78.3582,1.8112,153.00,141.00,172.94,165.63,0.7888,0,centroids differ by 7.3 km
2,78.4143,1.7819,149.00,127.00,169.64,163.43,0.4823,0,correlation 0.48 <= 0.7
2,78.3181,1.7498,177.00,169.00,174.83,167.28,0.4103,0,correlation 0.41 <= 0.7
2,78.4006,1.8763,145.00,131.00,169.00,164.17,0.4659,0,correlation 0.47 <= 0.7
2,78.3226,1.7648,179.08,151.00,174.72,167.15,0.5379,0,correlation 0.54 <= 0.7
2,78.3834,1.8514,145.00,139.00,170.51,164.60,0.6165,0,correlation 0.62 <= 0.7
2,78.3407,1.8167,169.00,149.00,174.01,166.55,0.7782,0,centroids differ by 7.5 km
2,78.3837,1.8347,145.00,131.00,170.54,164.52,0.6149,0,correlation 0.61 <= 0.7
2,78.3391,1.8820,167.00,149.00,173.98,166.72,0.7900,0,centroids differ by 7.3 km
2,78.4172,1.7613,149.00,125.00,169.75,163.24,0.4739,0,correlation 0.47 <= 0.7
2,78.3791,1.7992,145.00,139.00,171.10,164.58,0.6620,0,correlation 0.66 <= 0.7
2,78.3404,1.8142,169.00,149.00,174.03,166.56,0.7763,0,centroids differ by 7.5 km
2,78.3596,1.8594,153.00,141.00,172.72,165.70,0.7911,0,centroids differ by 7.0 km
2,78.3852,1.7813,147.00,133.00,171.36,164.31,0.5950,0,correlation 0.60 <= 0.7
2,78.3836,1.7706,147.00,133.00,171.56,164.33,0.6099,0,correlation 0.61 <= 0.7
2,78.3784,1.8924,146.00,139.00,170.86,164.94,0.6717,0,correlation 0.67 <= 0.7
2,78.4092,1.7696,149.00,129.00,169.74,163.60,0.4975,0,correlation 0.50 <= 0.7
2,78.3749,1.7605,145.00,141.00,172.43,164.62,0.6978,0,correlation 0.70 <= 0.7
2,78.3415,1.8387,167.00,149.00,173.94,166.56,0.7863,0,centroids differ by 7.4 km
2,78.3408,1.8712,153.00,149.00,173.92,166.64,0.7929,0,centroids differ by 7.3 km
2,78.3282,1.8421,171.00,149.00,174.47,167.01,0.6821,0,correlation 0.68 <= 0.7
2,78.3384,1.8218,169.00,149.00,174.10,166.67,0.7678,0,centroids differ by 7.4 km
2,78.3594,1.7975,153.00,141.00,172.87,165.54,0.7841,0,centroids differ by 7.3 km
2,78.3311,1.7517,171.00,151.00,174.47,166.88,0.6783,0,correlation 0.68 <= 0.7
2,78.4160,1.8040,149.00,125.00,169.60,163.44,0.4651,0,correlation 0.47 <= 0.7
2,78.3534,1.8914,153.00,141.00,173.12,166.08,0.8029,0,centroids differ by 7.0 km
2,78.4091,1.7864,147.00,129.00,169.69,163.67,0.4889,0,correlation 0.49 <= 0.7
2,78.4610,8.6615,119.00,111.00,152.98,161.79,0.7833,0,centroids differ by 8.8 km
2,78.4694,8.7302,119.00,109.00,153.47,161.56,0.6746,0,correlation 0.67 <= 0.7
2,78.4879,8.7421,133.00,107.00,155.19,160.56,0.4394,0,correlation 0.44 <= 0.7
2,78.4476,8.7622,117.00,115.00,151.83,163.14,0.7825,0,centroids differ by 11.3 km
2,78.4565,8.7312,117.00,111.00,152.53,162.40,0.7876,0,centroids differ by 9.9 km
2,78.5037,8.7138,134.45,99.00,156.93,159.71,0.3327,0,correlation 0.33 <= 0.7
2,78.5032,8.7100,134.44,99.00,156.88,159.72,0.3346,0,correlation 0.33 <= 0.7
2,78.5263,8.7107,143.00,89.00,157.43,158.71,0.4505,0,correlation 0.45 <= 0.7
2,78.4713,8.7444,119.00,109.00,153.59,161.51,0.6466,0,correlation 0.65 <= 0.7
2,78.4928,8.7143,133.00,107.00,155.71,160.25,0.3836,0,correlation 0.38 <= 0.7
2,78.4603,8.7667,117.00,109.00,152.77,162.32,0.7441,0,centroids differ by 9.5 km
2,78.5090,8.7128,135.00,93.00,157.34,159.41,0.3370,0,correlation 0.34 <= 0.7
2,78.5201,8.7441,141.00,89.00,157.37,159.03,0.4023,0,correlation 0.40 <= 0.7
2,78.4941,8.7352,133.00,103.00,155.91,160.26,0.3655,0,correlation 0.37 <= 0.7
2,78.5187,8.7019,135.00,90.00,157.65,158.99,0.3937,0,correlation 0.39 <= 0.7
2,78.5020,8.7700,135.00,97.00,156.80,160.01,0.3076,0,correlation 0.31 <= 0.7
2,78.4498,8.7521,117.00,115.00,152.00,162.94,0.7911,0,centroids differ by 10.9 km
2,78.4792,8.6839,120.00,109.00,154.25,160.80,0.5734,0,correlation 0.57 <= 0.7
2,78.4553,8.6354,119.00,113.00,152.60,162.04,0.8320,0,centroids differ by 9.4 km
2,78.4875,8.6462,123.00,109.00,154.99,160.26,0.4613,0,correlation 0.46 <= 0.7
2,78.5214,8.7656,141.00,89.00,157.18,159.01,0.4131,0,correlation 0.41 <= 0.7
2,78.5327,8.6594,143.00,91.00,157.59,158.29,0.5246,0,correlation 0.52 <= 0.7
2,78.4918,8.6921,131.00,101.00,155.54,160.22,0.4010,0,correlation 0.40 <= 0.7
2,78.4721,8.7299,119.00,109.00,153.67,161.40,0.6425,0,correlation 0.64 <= 0.7
2,78.5176,8.6826,135.00,90.00,157.75,159.00,0.3893,0,correlation 0.39 <= 0.7
2,78.4655,8.6914,119.00,111.00,153.27,161.64,0.7299,0,centroids differ by 8.4 km
2,78.4906,8.6791,135.00,101.00,155.38,160.23,0.4164,0,correlation 0.42 <= 0.7
2,78.4626,8.7219,119.00,109.00,153.01,161.95,0.7486,0,centroids differ by 8.9 km
2,78.4594,8.6980,117.00,111.00,152.82,162.05,0.7848,0,centroids differ by 9.2 km
2,78.4490,8.6785,117.00,115.00,152.09,162.64,0.8337,0,centroids differ by 10.6 km
2,78.5203,8.6790,135.00,91.00,157.79,158.90,0.4037,0,correlation 0.40 <= 0.7
2,78.4834,8.7567,125.00,107.00,154.67,160.85,0.4922,0,correlation 0.49 <= 0.7
2,78.4500,8.7720,117.00,115.00,151.99,163.03,0.7770,0,centroids differ by 11.0 km
2,78.4736,8.6961,119.00,109.00,153.83,161.18,0.6373,0,correlation 0.64 <= 0.7
2,78.4442,8.6431,115.00,117.00,151.92,162.81,0.8439,0,centroids differ by 10.9 km
2,78.4724,8.7341,119.00,109.00,153.69,161.40,0.6370,0,correlation 0.64 <= 0.7
2,78.7242,5.8583,183.00,80.00,169.01,165.51,0.5389,0,correlation 0.54 <= 0.7
2,78.7079,5.9230,193.00,233.00,168.54,165.56,0.1394,0,correlation 0.14 <= 0.7
2,78.6846,5.8699,197.00,233.00,168.82,164.33,-0.2452,0,correlation -0.25 <= 0.7
2,78.7529,5.8234,185.00,215.00,170.23,164.84,0.3679,0,correlation 0.37 <= 0.7
2,78.7805,5.9493,213.00,87.00,171.76,162.32,-0.3311,0,correlation -0.33 <= 0.7
2,78.7505,5.8788,185.00,213.00,170.16,164.98,0.4285,0,correlation 0.43 <= 0.7
2,78.7669,5.9048,185.00,191.00,171.10,163.32,-0.1261,0,correlation -0.13 <= 0.7
2,78.7418,5.9208,183.00,211.00,169.75,165.32,0.5479,0,correlation 0.55 <= 0.7
2,78.7123,5.8064,195.00,237.00,168.82,165.64,0.2206,0,correlation 0.22 <= 0.7
2,78.7234,5.8052,175.00,80.00,169.00,165.50,0.4971,0,correlation 0.50 <= 0.7
2,78.7518,5.8184,185.00,215.00,170.16,164.92,0.3988,0,correlation 0.40 <= 0.7
2,78.7250,5.9484,181.00,80.00,169.04,165.52,0.5929,0,correlation 0.59 <= 0.7
2,78.7055,5.8917,171.00,233.00,168.59,165.56,0.0676,0,correlation 0.07 <= 0.7
2,78.7238,5.8780,183.00,80.00,168.99,165.51,0.5391,0,correlation 0.54 <= 0.7
2,78.7737,5.8501,187.00,80.00,171.38,162.81,-0.2706,0,correlation -0.27 <= 0.7
2,78.7551,5.9534,185.00,211.00,170.52,164.53,0.2769,0,correlation 0.28 <= 0.7
2,78.7056,5.8830,171.00,233.00,168.61,165.55,0.0670,0,correlation 0.07 <= 0.7
2,78.7125,5.9464,171.00,231.00,168.58,165.63,0.2750,0,correlation 0.28 <= 0.7
2,78.6972,5.8333,193.00,235.00,168.76,165.30,-0.0910,0,correlation -0.09 <= 0.7
2,78.7184,5.8262,173.00,80.00,168.87,165.55,0.3910,0,correlation 0.39 <= 0.7
2,78.7066,5.8181,171.00,237.00,168.77,165.59,0.0760,0,correlation 0.08 <= 0.7
2,78.7741,5.8253,187.00,80.00,171.37,162.81,-0.2783,0,correlation -0.28 <= 0.7
2,78.7256,5.9537,181.00,80.00,169.06,165.52,0.6049,0,correlation 0.60 <= 0.7
2,78.7774,5.8202,215.00,80.00,171.52,162.65,-0.3144,0,correlation -0.31 <= 0.7
2,78.6927,5.8074,201.00,237.00,168.91,165.03,-0.1577,0,correlation -0.16 <= 0.7
2,78.7708,5.8608,187.00,80.00,171.25,163.00,-0.2181,0,correlation -0.22 <= 0.7
2,78.7337,5.8863,181.00,213.00,169.39,165.50,0.5941,0,correlation 0.59 <= 0.7
2,78.7008,5.9050,169.00,233.00,168.54,165.39,-0.0168,0,correlation -0.02 <= 0.7
2,78.7825,5.8524,215.00,80.00,171.77,162.42,-0.3459,0,correlation -0.35 <= 0.7
2,78.7366,5.8665,183.00,213.00,169.49,165.49,0.5805,0,correlation 0.58 <= 0.7
2,78.7804,5.8603,215.00,80.00,171.69,162.48,-0.3306,0,correlation -0.33 <= 0.7
2,78.7148,5.8136,173.00,237.00,168.83,165.61,0.2924,0,correlation 0.29 <= 0.7
2,78.7177,5.8517,173.00,80.00,168.82,165.58,0.3863,0,correlation 0.39 <= 0.7
2,78.7315,5.9283,181.00,211.00,169.30,165.50,0.6118,0,correlation 0.61 <= 0.7
2,78.7370,5.8227,183.00,215.00,169.50,165.49,0.5711,0,correlation 0.57 <= 0.7
2,78.7024,5.9066,193.00,233.00,168.54,165.45,0.0121,0,correlation 0.01 <= 0.7
