iteration,footpoint_lat,footpoint_lon,peak_lyr_km,peak_nya_km,centroid_lyr_km,centroid_nya_km,corr,accepted,reason
2,78.0138,14.6538,164.21,155.00,173.02,150.98,0.2450,0,correlation 0.24 <= 0.7
2,78.0050,14.6673,151.00,125.00,168.68,151.54,0.4739,0,correlation 0.47 <= 0.7
2,78.0709,14.7610,181.00,127.00,186.91,148.30,-0.3833,0,correlation -0.38 <= 0.7
2,77.9809,14.7467,132.68,129.00,156.06,154.00,0.7413,0,centroids differ by 2.1 km
2,78.0783,14.6812,195.00,127.00,193.02,147.86,-0.6783,0,correlation -0.68 <= 0.7
2,77.9951,14.7720,134.43,127.00,157.73,151.65,0.6725,0,correlation 0.67 <= 0.7
2,78.0032,14.7610,147.00,130.00,162.16,152.51,0.7268,0,centroids differ by 9.6 km
2,78.0533,14.6902,183.07,134.00,185.30,149.97,-0.3995,0,correlation -0.40 <= 0.7
2,78.0554,14.7219,178.00,133.00,184.36,149.44,-0.3535,0,correlation -0.35 <= 0.7
2,78.0314,14.7797,165.00,146.38,171.59,151.88,0.3013,0,correlation 0.30 <= 0.7
2,77.9823,14.7379,133.00,131.87,156.77,153.29,0.7434,0,centroids differ by 3.5 km
2,78.0024,14.6616,160.49,125.00,168.61,151.64,0.4915,0,correlation 0.49 <= 0.7
2,78.0009,14.7218,143.00,130.24,163.94,152.16,0.6376,0,correlation 0.64 <= 0.7
2,78.0694,14.7656,187.00,129.00,186.07,147.31,-0.3821,0,correlation -0.38 <= 0.7
2,78.0260,14.7118,167.00,133.00,172.72,151.70,0.2867,0,correlation 0.29 <= 0.7
2,78.0569,14.7021,179.00,135.86,185.96,150.26,-0.4092,0,correlation -0.41 <= 0.7
2,78.0708,14.7438,187.00,129.00,187.72,147.67,-0.5119,0,correlation -0.51 <= 0.7
2,78.0195,14.7001,159.00,126.02,172.90,150.48,0.2341,0,correlation 0.23 <= 0.7
2,78.0725,14.7269,193.00,137.46,189.31,148.30,-0.6021,0,correlation -0.60 <= 0.7
2,78.0482,14.6330,185.00,121.00,186.80,149.33,-0.4731,0,correlation -0.47 <= 0.7
2,78.0406,14.7464,169.00,144.53,175.90,151.27,0.1082,0,correlation 0.11 <= 0.7
2,78.0252,14.7761,159.00,144.09,169.00,152.08,0.4825,0,correlation 0.48 <= 0.7
2,78.0243,14.7587,151.00,127.00,169.29,151.48,0.4853,0,correlation 0.49 <= 0.7
2,78.0125,14.7545,151.00,135.00,166.38,153.26,0.6139,0,correlation 0.61 <= 0.7
2,78.0080,14.7030,147.00,132.00,167.80,151.09,0.4714,0,correlation 0.47 <= 0.7
2,78.0287,14.7423,165.00,142.61,172.16,150.85,0.2962,0,correlation 0.30 <= 0.7
2,78.0209,14.7053,159.00,126.00,172.64,151.00,0.2136,0,correlation 0.21 <= 0.7
2,78.0064,14.6490,161.00,132.21,170.33,151.18,0.3521,0,correlation 0.35 <= 0.7
2,77.9875,14.6370,153.00,152.00,164.85,155.01,0.7330,0,centroids differ by 9.8 km
2,78.0775,14.6842,201.00,127.00,192.59,147.91,-0.6664,0,correlation -0.67 <= 0.7
2,78.0374,14.7575,167.00,149.00,174.34,151.99,0.1890,0,correlation 0.19 <= 0.7
2,78.0137,14.7025,161.64,146.62,170.38,150.65,0.3779,0,correlation 0.38 <= 0.7
2,78.0642,14.6486,185.00,132.00,190.12,149.68,-0.5850,0,correlation -0.59 <= 0.7
2,78.0288,14.6370,177.00,123.19,179.13,148.61,-0.1789,0,correlation -0.18 <= 0.7
2,78.0637,14.7111,177.00,129.00,187.91,149.18,-0.5280,0,correlation -0.53 <= 0.7
2,77.9966,14.6692,146.60,132.14,165.77,152.18,0.5518,0,correlation 0.55 <= 0.7
2,78.1118,15.4054,151.00,139.27,164.10,150.62,0.4760,0,correlation 0.48 <= 0.7
2,78.0775,15.3178,121.00,149.00,155.34,152.88,0.6655,0,correlation 0.67 <= 0.7
2,78.0922,15.2802,157.00,109.00,165.01,152.03,0.4609,0,correlation 0.46 <= 0.7
2,78.0620,15.4087,105.43,153.00,145.00,154.45,0.5288,0,correlation 0.53 <= 0.7
2,78.0885,15.3590,129.61,147.00,159.32,151.04,0.6449,0,correlation 0.64 <= 0.7
2,78.1047,15.2791,159.00,145.00,169.84,150.12,0.2721,0,correlation 0.27 <= 0.7
2,78.1009,15.3889,133.00,143.00,161.18,151.34,0.5711,0,correlation 0.57 <= 0.7
2,78.0581,15.3207,121.00,123.00,149.24,153.27,0.7129,0,centroids differ by 4.0 km
2,78.1339,15.4153,167.00,142.37,172.87,150.53,-0.1565,0,correlation -0.16 <= 0.7
2,78.1193,15.4202,149.00,141.00,166.19,152.52,0.3185,0,correlation 0.32 <= 0.7
2,78.0628,15.3629,107.00,108.00,148.03,154.65,0.6603,0,correlation 0.66 <= 0.7
2,78.0589,15.4086,99.00,152.00,139.02,156.15,0.2260,0,correlation 0.23 <= 0.7
2,78.0652,15.3260,113.00,150.26,151.29,150.81,0.3387,0,correlation 0.34 <= 0.7
2,78.0889,15.3137,134.00,152.00,162.61,151.35,0.5059,0,correlation 0.51 <= 0.7
2,78.0724,15.3820,131.00,111.00,150.57,152.72,0.6655,0,correlation 0.67 <= 0.7
2,78.0707,15.3563,113.00,151.00,150.62,154.38,0.6538,0,correlation 0.65 <= 0.7
2,78.1106,15.2762,157.00,127.48,170.88,149.80,0.1263,0,correlation 0.13 <= 0.7
2,78.0598,15.3248,121.00,112.00,149.14,153.38,0.6336,0,correlation 0.63 <= 0.7
2,78.0692,15.2738,127.00,108.53,155.64,151.96,0.6923,0,correlation 0.69 <= 0.7
2,78.1393,15.3188,179.00,99.00,176.53,149.69,-0.3180,0,correlation -0.32 <= 0.7
2,78.0597,15.3426,115.00,128.00,148.79,154.30,0.5978,0,correlation 0.60 <= 0.7
2,78.0702,15.3268,115.00,157.00,150.88,155.14,0.4598,0,correlation 0.46 <= 0.7
2,78.1387,15.3511,169.00,127.00,176.04,148.41,-0.2935,0,correlation -0.29 <= 0.7
2,78.1260,15.2769,160.00,145.00,175.60,150.00,-0.2127,0,correlation -0.21 <= 0.7
2,78.0927,15.4148,126.94,151.00,156.29,151.64,0.6284,0,correlation 0.63 <= 0.7
2,78.1448,15.3041,183.00,115.00,179.46,149.73,-0.3879,0,correlation -0.39 <= 0.7
2,78.0806,15.2851,125.00,119.29,155.37,154.34,0.2806,0,correlation 0.28 <= 0.7
2,78.1073,15.3634,140.06,149.00,165.39,152.04,0.4291,0,correlation 0.43 <= 0.7
2,78.0682,15.3731,108.26,150.00,148.70,153.39,0.6649,0,correlation 0.66 <= 0.7
2,78.0938,15.3206,145.00,143.00,162.96,150.92,0.5248,0,correlation 0.52 <= 0.7
2,78.0724,15.4098,112.15,155.91,150.13,151.77,0.6755,0,correlation 0.68 <= 0.7
2,78.1200,15.2956,159.00,139.00,173.61,150.69,0.0396,0,correlation 0.04 <= 0.7
2,78.0663,15.2983,123.00,136.00,153.24,152.28,0.7356,1,
2,78.1365,15.3990,171.00,142.10,174.13,151.35,-0.0865,0,correlation -0.09 <= 0.7
2,78.1376,15.3398,171.00,113.00,173.68,150.20,-0.1250,0,correlation -0.12 <= 0.7
2,78.1247,15.3564,165.00,93.00,170.74,149.45,0.0359,0,correlation 0.04 <= 0.7
2,77.9719,14.5152,149.00,153.71,168.63,154.99,0.4931,0,correlation 0.49 <= 0.7
2,77.9427,14.5566,127.00,139.00,155.15,159.13,0.5796,0,correlation 0.58 <= 0.7
2,77.9842,14.5088,161.00,161.00,170.95,157.56,0.6212,0,correlation 0.62 <= 0.7
2,77.9175,14.5860,119.58,164.00,150.13,161.05,0.1890,0,correlation 0.19 <= 0.7
2,77.9441,14.5034,142.00,159.00,158.89,159.09,0.7956,1,
2,77.9121,14.5477,121.00,171.00,152.37,159.01,0.2192,0,correlation 0.22 <= 0.7
2,77.9189,14.5121,243.00,157.00,161.55,158.94,0.1126,0,correlation 0.11 <= 0.7
2,77.9565,14.4757,153.00,143.00,165.28,157.27,0.7761,0,centroids differ by 8.0 km
2,77.9553,14.5010,150.33,158.00,163.62,157.32,0.7922,0,centroids differ by 6.3 km
2,77.9333,14.5817,123.57,143.00,151.59,159.38,0.4299,0,correlation 0.43 <= 0.7
2,77.8961,14.5068,118.00,169.00,150.07,160.72,0.1183,0,correlation 0.12 <= 0.7
2,77.9400,14.5111,131.00,136.43,157.14,159.17,0.7344,0,centroids differ by 2.0 km
2,77.9221,14.5925,227.00,149.00,156.14,160.28,0.0793,0,correlation 0.08 <= 0.7
2,77.9947,14.5966,161.00,150.00,170.50,155.29,0.5596,0,correlation 0.56 <= 0.7
2,77.9530,14.5454,136.07,164.00,158.91,159.59,0.5987,0,correlation 0.60 <= 0.7
2,77.9837,14.4758,165.00,151.00,172.74,154.86,0.3535,0,correlation 0.35 <= 0.7
2,77.9643,14.4981,151.00,134.64,166.39,157.21,0.7005,0,centroids differ by 9.2 km
2,77.9043,14.5780,113.00,165.88,147.72,160.29,0.0634,0,correlation 0.06 <= 0.7
2,77.9442,14.5161,137.00,145.00,157.90,158.19,0.7629,1,
2,77.9901,14.5985,159.00,143.00,168.62,153.99,0.6198,0,correlation 0.62 <= 0.7
2,77.9483,14.5161,143.00,160.33,159.75,157.70,0.7826,0,centroids differ by 2.0 km
2,77.9093,14.6073,113.00,151.00,146.62,161.77,0.0122,0,correlation 0.01 <= 0.7
2,77.9714,14.5576,143.00,145.98,165.32,159.13,0.7964,0,centroids differ by 6.2 km
2,77.9729,14.5011,149.00,133.85,169.82,156.64,0.6780,0,correlation 0.68 <= 0.7
2,77.9686,14.5413,145.00,145.00,165.14,155.15,0.6254,0,correlation 0.63 <= 0.7
2,77.9612,14.5793,135.00,167.00,159.93,157.23,0.7673,0,centroids differ by 2.7 km
2,77.9802,14.4965,162.55,128.07,172.02,156.15,0.5037,0,correlation 0.50 <= 0.7
2,77.9382,14.5035,131.00,164.00,157.37,158.98,0.7231,0,centroids differ by 1.6 km
2,77.9292,14.5217,130.00,147.00,153.72,158.63,0.5580,0,correlation 0.56 <= 0.7
2,77.9847,14.5137,159.00,161.00,171.91,158.60,0.5942,0,correlation 0.59 <= 0.7
2,77.9037,14.6002,110.00,153.00,146.71,160.64,0.0443,0,correlation 0.04 <= 0.7
2,77.9920,14.5563,163.00,163.00,172.19,159.00,0.4407,0,correlation 0.44 <= 0.7
2,77.9130,14.5477,123.50,145.00,152.75,159.14,0.2296,0,correlation 0.23 <= 0.7
2,77.9286,14.6013,119.00,133.00,149.43,160.44,0.2227,0,correlation 0.22 <= 0.7
2,77.9753,14.5195,151.00,165.00,168.87,154.61,0.5380,0,correlation 0.54 <= 0.7
2,77.9076,14.5622,117.00,165.00,148.61,159.60,0.1638,0,correlation 0.16 <= 0.7
2,77.7080,13.7267,125.65,175.00,167.04,171.43,0.5927,0,correlation 0.59 <= 0.7
2,77.7746,13.6772,165.00,166.00,173.08,164.12,0.1962,0,correlation 0.20 <= 0.7
2,77.7240,13.6767,193.00,171.00,174.48,168.61,0.7267,0,centroids differ by 5.9 km
2,77.7390,13.7525,155.00,157.00,173.83,167.49,0.7752,0,centroids differ by 6.3 km
2,77.6939,13.6650,124.49,167.00,170.18,171.38,0.5660,0,correlation 0.57 <= 0.7
2,77.7059,13.7742,125.00,177.00,164.59,170.67,0.4804,0,correlation 0.48 <= 0.7
2,77.7726,13.7197,163.00,167.27,180.73,164.29,0.6920,0,correlation 0.69 <= 0.7
2,77.7587,13.7038,163.00,159.00,179.25,165.45,0.7044,0,centroids differ by 13.8 km
2,77.6917,13.8071,171.00,173.00,160.83,171.46,0.2842,0,correlation 0.28 <= 0.7
2,77.7673,13.6678,167.00,167.00,183.05,165.86,0.6576,0,correlation 0.66 <= 0.7
2,77.7539,13.7584,150.31,183.00,176.11,166.06,0.7338,0,centroids differ by 10.1 km
2,77.7860,13.6671,172.20,149.00,182.52,163.59,0.5457,0,correlation 0.55 <= 0.7
2,77.7842,13.7217,168.30,169.00,181.35,164.17,0.6809,0,correlation 0.68 <= 0.7
2,77.7333,13.7113,158.25,179.00,175.31,167.77,0.7407,0,centroids differ by 7.5 km
2,77.7023,13.6765,128.00,171.00,169.23,169.57,0.5923,0,correlation 0.59 <= 0.7
2,77.7331,13.7819,151.00,179.00,169.25,168.26,0.6710,0,correlation 0.67 <= 0.7
2,77.7309,13.7502,155.88,183.50,170.38,168.91,0.6799,0,correlation 0.68 <= 0.7
2,77.7412,13.6760,165.00,169.00,178.88,167.73,0.7692,0,centroids differ by 11.1 km
2,77.7161,13.8110,123.00,178.00,163.55,169.97,0.4542,0,correlation 0.45 <= 0.7
2,77.7238,13.6810,159.00,149.00,174.11,168.97,0.7312,0,centroids differ by 5.1 km
2,77.6976,13.7382,134.00,167.00,166.45,172.26,0.5192,0,correlation 0.52 <= 0.7
2,77.7664,13.6690,167.00,167.00,182.53,165.85,0.6794,0,correlation 0.68 <= 0.7
2,77.7191,13.7253,138.00,180.00,171.44,170.61,0.6847,0,correlation 0.68 <= 0.7
2,77.7593,13.7381,155.00,170.00,177.56,166.31,0.7811,0,centroids differ by 11.2 km
2,77.7188,13.7929,122.00,163.00,165.30,169.43,0.5309,0,correlation 0.53 <= 0.7
2,77.7753,13.7660,159.00,149.00,178.38,165.35,0.7441,0,centroids differ by 13.0 km
2,77.7150,13.7172,145.00,186.00,170.71,170.04,0.6707,0,correlation 0.67 <= 0.7
2,77.7032,13.6920,145.95,167.91,168.50,170.51,0.5968,0,correlation 0.60 <= 0.7
2,77.7693,13.6712,169.85,154.04,182.58,165.21,0.6389,0,correlation 0.64 <= 0.7
2,77.7140,13.7137,145.00,174.22,170.78,170.40,0.6522,0,correlation 0.65 <= 0.7
2,77.7086,13.6738,144.47,167.00,172.22,169.08,0.6301,0,correlation 0.63 <= 0.7
2,77.7483,13.6908,149.54,177.00,178.95,167.05,0.7232,0,centroids differ by 11.9 km
2,77.6974,13.7620,163.95,184.00,164.72,170.97,0.5199,0,correlation 0.52 <= 0.7
2,77.7470,13.6946,154.50,168.33,178.41,167.51,0.7585,0,centroids differ by 10.9 km
2,77.6930,13.7205,156.00,177.00,166.77,171.64,0.5044,0,correlation 0.50 <= 0.7
2,77.7340,13.6655,163.00,161.00,177.53,169.51,0.8212,0,centroids differ by 8.0 km
2,77.9420,14.2022,169.00,153.00,179.67,156.73,0.3937,0,correlation 0.39 <= 0.7
2,77.9348,14.1571,177.00,135.00,180.35,157.15,0.3904,0,correlation 0.39 <= 0.7
2,77.8602,14.2860,129.73,145.00,157.33,164.95,0.4187,0,correlation 0.42 <= 0.7
2,77.9192,14.2197,159.00,132.07,171.06,158.92,0.6780,0,correlation 0.68 <= 0.7
2,77.8999,14.1520,153.00,156.23,171.65,157.33,0.4923,0,correlation 0.49 <= 0.7
2,77.9329,14.2650,153.00,157.00,171.72,157.25,0.6912,0,correlation 0.69 <= 0.7
2,77.8686,14.2017,143.00,142.27,160.14,162.45,0.7424,0,centroids differ by 2.3 km
2,77.8687,14.2325,139.00,162.24,159.32,162.81,0.5227,0,correlation 0.52 <= 0.7
2,77.9461,14.1608,176.00,131.00,184.83,156.20,0.1192,0,correlation 0.12 <= 0.7
2,77.8715,14.1966,145.00,141.89,162.02,162.36,0.8185,1,
2,77.8942,14.2119,151.00,153.00,171.15,162.32,0.7566,0,centroids differ by 8.8 km
2,77.8674,14.2118,141.00,146.00,160.83,163.75,0.6986,0,correlation 0.70 <= 0.7
2,77.8832,14.2602,139.00,179.00,159.45,162.06,0.6612,0,correlation 0.66 <= 0.7
2,77.8837,14.2116,142.00,150.53,164.16,162.73,0.8200,0,centroids differ by 1.4 km
2,77.9115,14.1826,159.00,137.00,170.67,159.83,0.7556,0,centroids differ by 10.8 km
2,77.9036,14.1774,155.00,153.55,171.66,160.64,0.7586,0,centroids differ by 11.0 km
2,77.9464,14.1834,174.00,155.00,183.03,156.00,0.2001,0,correlation 0.20 <= 0.7
2,77.9315,14.2081,159.00,167.75,175.35,158.40,0.6064,0,correlation 0.61 <= 0.7
2,77.9250,14.1769,162.00,137.00,175.90,157.26,0.5717,0,correlation 0.57 <= 0.7
2,77.8804,14.1419,151.52,138.69,167.48,161.03,0.8532,0,centroids differ by 6.5 km
2,77.8810,14.1671,146.00,157.00,166.99,161.82,0.8695,0,centroids differ by 5.2 km
2,77.8964,14.2239,151.00,173.00,170.08,161.19,0.6856,0,correlation 0.69 <= 0.7
2,77.8800,14.1778,149.00,140.56,165.82,162.40,0.8733,0,centroids differ by 3.4 km
2,77.8693,14.1870,146.00,159.00,161.91,161.99,0.7350,1,
2,77.8704,14.1760,145.00,144.00,163.01,162.12,0.7921,1,
2,77.8886,14.1517,153.00,163.00,170.28,160.67,0.8084,0,centroids differ by 9.6 km
2,77.8843,14.1643,155.00,141.00,168.23,161.83,0.8743,0,centroids differ by 6.4 km
2,77.9448,14.1754,181.00,152.00,182.88,157.26,0.2714,0,correlation 0.27 <= 0.7
2,77.9112,14.2631,152.20,167.67,167.01,160.95,0.8381,0,centroids differ by 6.1 km
2,77.9377,14.1704,175.00,157.00,180.31,157.42,0.3452,0,correlation 0.35 <= 0.7
2,77.8606,14.2615,131.00,154.46,158.16,164.78,0.4901,0,correlation 0.49 <= 0.7
2,77.8546,14.2487,133.00,147.00,157.86,164.28,0.3693,0,correlation 0.37 <= 0.7
2,77.9341,14.2834,153.00,158.00,170.70,158.06,0.7154,0,centroids differ by 12.6 km
2,77.8944,14.2503,145.00,151.00,166.56,160.96,0.7596,0,centroids differ by 5.6 km
2,77.9058,14.1545,162.56,146.47,173.06,159.50,0.7003,0,centroids differ by 13.6 km
2,77.8780,14.2782,137.00,174.66,158.75,163.78,0.5789,0,correlation 0.58 <= 0.7
2,77.8934,14.2270,147.00,137.00,167.97,161.72,0.7955,0,centroids differ by 6.2 km
2,77.8536,14.2095,135.30,157.00,160.06,163.87,0.5397,0,correlation 0.54 <= 0.7
2,77.8525,14.1573,143.00,153.00,162.76,162.42,0.7182,1,
2,77.8123,14.2226,117.00,161.00,156.74,165.58,0.3680,0,correlation 0.37 <= 0.7
2,77.8310,14.1390,131.00,169.00,161.74,164.41,0.5838,0,correlation 0.58 <= 0.7
2,77.8807,14.2173,143.00,149.75,163.74,162.79,0.8468,1,
2,77.8202,14.2090,125.00,171.00,157.58,165.09,0.4357,0,correlation 0.44 <= 0.7
2,77.9084,14.1765,160.60,155.00,172.06,160.74,0.7638,0,centroids differ by 11.3 km
2,77.8114,14.1560,129.00,161.00,159.07,165.37,0.5427,0,correlation 0.54 <= 0.7
2,77.9083,14.2319,159.00,141.00,168.16,158.84,0.8041,0,centroids differ by 9.3 km
2,77.8388,14.1503,133.00,147.00,160.45,162.72,0.6772,0,correlation 0.68 <= 0.7
2,77.8553,14.1468,139.00,163.00,163.56,162.73,0.7637,1,
2,77.8637,14.2181,135.00,155.00,160.57,163.96,0.6111,0,correlation 0.61 <= 0.7
2,77.8381,14.2223,125.00,150.00,157.78,162.58,0.2586,0,correlation 0.26 <= 0.7
2,77.8312,14.1385,131.00,169.00,161.69,164.33,0.5832,0,correlation 0.58 <= 0.7
2,77.8142,14.1625,128.00,167.00,159.86,165.60,0.5394,0,correlation 0.54 <= 0.7
2,77.8915,14.1380,241.00,155.00,176.14,160.99,0.6746,0,correlation 0.67 <= 0.7
2,77.9064,14.2602,147.00,165.69,167.06,160.39,0.7774,0,centroids differ by 6.7 km
2,77.8217,14.1244,139.00,158.00,163.03,163.68,0.6392,0,correlation 0.64 <= 0.7
2,77.8952,14.1758,156.00,148.00,172.65,161.93,0.7108,0,centroids differ by 10.7 km
2,77.8812,14.1467,151.00,142.00,167.70,161.02,0.8431,0,centroids differ by 6.7 km
2,77.8842,14.1932,147.00,147.00,165.84,160.53,0.6421,0,correlation 0.64 <= 0.7
2,77.8480,14.2592,125.00,170.00,155.51,165.37,0.3152,0,correlation 0.32 <= 0.7
2,77.8149,14.2293,120.53,171.00,156.16,167.05,0.3087,0,correlation 0.31 <= 0.7
2,77.8782,14.1772,149.00,165.00,166.40,162.73,0.8410,0,centroids differ by 3.7 km
2,77.9054,14.1512,157.19,146.31,173.02,159.69,0.6924,0,correlation 0.69 <= 0.7
2,77.8751,14.2289,141.00,140.00,160.38,162.51,0.7924,0,centroids differ by 2.1 km
2,77.8326,14.2045,130.41,167.00,158.79,164.36,0.4097,0,correlation 0.41 <= 0.7
2,77.8629,14.2312,133.00,179.95,159.96,164.51,0.5765,0,correlation 0.58 <= 0.7
2,77.8214,14.1299,130.87,158.00,163.37,164.04,0.6534,0,correlation 0.65 <= 0.7
2,77.8810,14.1491,151.00,142.00,167.27,161.06,0.8510,0,centroids differ by 6.2 km
2,77.8765,14.1712,151.19,149.65,166.48,161.97,0.8287,0,centroids differ by 4.5 km
2,77.8539,14.1932,137.73,155.00,161.20,162.69,0.6419,0,correlation 0.64 <= 0.7
2,77.8101,14.2086,121.84,163.53,157.13,165.99,0.4081,0,correlation 0.41 <= 0.7
2,77.8152,14.2075,127.00,167.98,156.36,165.65,0.4067,0,correlation 0.41 <= 0.7
2,77.8774,14.2046,146.00,160.77,164.45,163.20,0.7676,0,centroids differ by 1.3 km
2,77.8821,14.1434,151.00,138.51,168.22,160.77,0.8436,0,centroids differ by 7.5 km
2,77.8672,14.2193,141.00,147.00,160.11,163.89,0.6298,0,correlation 0.63 <= 0.7
2,77.8533,14.0946,151.00,165.00,166.35,161.74,0.8799,0,centroids differ by 4.6 km
2,77.8773,14.2297,145.00,149.87,162.15,162.96,0.7858,1,
2,77.8376,14.0966,137.91,166.04,163.49,163.57,0.7874,1,
2,77.9004,14.1939,149.00,131.00,169.61,160.67,0.7418,0,centroids differ by 8.9 km
2,77.9208,14.1892,159.00,175.68,173.61,158.22,0.6689,0,correlation 0.67 <= 0.7
2,77.8309,14.1957,133.00,167.00,159.04,165.05,0.4219,0,correlation 0.42 <= 0.7
2,77.9037,14.1188,158.04,139.00,174.85,160.20,0.6574,0,correlation 0.66 <= 0.7
2,77.8478,14.1943,138.00,155.00,160.20,162.09,0.3884,0,correlation 0.39 <= 0.7
2,77.8591,14.1590,139.00,151.00,163.54,161.54,0.7696,0,centroids differ by 2.0 km
2,77.8288,14.0891,137.00,160.00,164.02,163.14,0.6829,0,correlation 0.68 <= 0.7
2,77.9224,14.0967,169.29,151.95,181.14,158.43,0.3283,0,correlation 0.33 <= 0.7
2,77.8817,14.1241,159.00,151.00,169.67,160.63,0.8490,0,centroids differ by 9.0 km
2,77.8336,14.2092,132.00,167.00,158.62,164.17,0.4196,0,correlation 0.42 <= 0.7
2,77.8576,14.1459,141.00,152.00,164.13,162.06,0.8377,0,centroids differ by 2.1 km
2,77.9232,14.1232,165.00,135.00,179.58,158.67,0.4132,0,correlation 0.41 <= 0.7
2,77.8315,14.1623,129.00,159.24,160.54,164.70,0.5096,0,correlation 0.51 <= 0.7
2,77.9172,14.1316,167.00,153.00,177.36,159.17,0.4951,0,correlation 0.50 <= 0.7
2,77.8534,14.1283,141.00,165.00,164.39,162.13,0.7497,0,centroids differ by 2.3 km
2,77.8332,14.1118,139.00,163.00,163.24,164.03,0.7233,1,
2,77.8879,14.1348,155.00,159.00,171.30,160.42,0.7771,0,centroids differ by 10.9 km
2,77.9151,14.1069,169.37,139.00,178.08,156.48,0.4082,0,correlation 0.41 <= 0.7
2,77.8621,14.1682,138.00,146.00,162.78,160.37,0.5033,0,correlation 0.50 <= 0.7
2,77.8601,14.1386,143.00,152.28,164.74,162.15,0.8434,0,centroids differ by 2.6 km
2,77.8517,14.0880,145.00,165.00,166.21,162.41,0.8038,0,centroids differ by 3.8 km
2,77.8566,14.1145,144.00,153.00,165.61,161.24,0.8413,0,centroids differ by 4.4 km
2,77.8322,14.1538,139.00,169.00,160.96,164.67,0.5664,0,correlation 0.57 <= 0.7
2,77.8760,14.1238,150.49,143.00,167.76,160.93,0.8784,0,centroids differ by 6.8 km
2,77.8596,14.2144,135.81,146.00,160.41,163.24,0.6152,0,correlation 0.62 <= 0.7
2,77.8421,14.0908,146.00,154.43,164.31,164.19,0.7611,1,
2,77.8977,14.1793,154.00,159.85,172.58,161.50,0.6321,0,correlation 0.63 <= 0.7
2,77.9148,14.2112,153.00,139.00,169.75,159.18,0.7520,0,centroids differ by 10.6 km
2,77.9062,14.2202,161.00,161.00,168.87,159.74,0.7999,0,centroids differ by 9.1 km
2,77.8390,14.1547,133.00,153.00,160.11,162.77,0.6494,0,correlation 0.65 <= 0.7
2,77.9168,14.1425,163.00,135.00,176.24,159.59,0.5392,0,correlation 0.54 <= 0.7
2,77.6814,13.5792,136.16,171.00,173.55,172.45,0.5467,0,correlation 0.55 <= 0.7
2,77.7243,13.6974,157.00,184.00,174.06,170.09,0.8149,0,centroids differ by 4.0 km
2,77.7429,13.5907,164.39,159.00,182.94,166.94,0.6008,0,correlation 0.60 <= 0.7
2,77.7117,13.5916,165.00,161.00,178.55,171.30,0.7440,0,centroids differ by 7.2 km
2,77.6941,13.6699,135.61,167.00,169.96,171.20,0.5275,0,correlation 0.53 <= 0.7
2,77.7249,13.6036,165.00,170.00,179.66,168.21,0.7454,0,centroids differ by 11.5 km
2,77.6941,13.6885,143.00,167.00,168.73,170.52,0.5107,0,correlation 0.51 <= 0.7
2,77.7337,13.5825,164.11,161.00,182.78,168.15,0.6900,0,correlation 0.69 <= 0.7
2,77.7236,13.5760,168.23,161.92,181.04,169.22,0.7296,0,centroids differ by 11.8 km
2,77.7774,13.6282,179.00,173.52,185.03,164.81,0.5601,0,correlation 0.56 <= 0.7
2,77.6942,13.7014,183.00,170.00,168.07,172.21,0.5311,0,correlation 0.53 <= 0.7
2,77.7414,13.5915,167.00,159.00,183.07,167.23,0.6134,0,correlation 0.61 <= 0.7
2,77.6978,13.5721,173.94,163.00,176.72,171.60,0.6934,0,correlation 0.69 <= 0.7
2,77.7197,13.6436,164.00,160.81,175.65,169.20,0.7369,0,centroids differ by 6.4 km
2,77.7526,13.6387,165.00,167.00,182.36,167.89,0.7074,0,centroids differ by 14.5 km
2,77.7276,13.6370,163.00,161.00,178.49,167.29,0.7338,0,centroids differ by 11.2 km
2,77.7139,13.6058,165.00,161.00,178.13,170.47,0.8148,0,centroids differ by 7.7 km
2,77.7668,13.6779,167.00,167.00,182.05,165.09,0.6640,0,correlation 0.66 <= 0.7
2,77.7651,13.6991,167.72,168.00,179.88,165.60,0.7423,0,centroids differ by 14.3 km
2,77.7161,13.6394,153.00,175.49,175.45,169.86,0.7588,0,centroids differ by 5.6 km
2,77.6873,13.7102,117.00,171.00,165.08,170.65,0.4726,0,correlation 0.47 <= 0.7
2,77.7122,13.6788,188.00,167.00,173.28,170.12,0.6965,0,correlation 0.70 <= 0.7
2,77.6965,13.5828,150.10,177.00,175.60,171.63,0.6843,0,correlation 0.68 <= 0.7
2,77.7524,13.7124,147.00,170.00,178.95,167.19,0.6950,0,correlation 0.69 <= 0.7
2,77.7417,13.6303,165.00,162.00,181.53,167.95,0.7310,0,centroids differ by 13.6 km
2,77.7284,13.6656,195.00,173.00,177.35,168.84,0.7637,0,centroids differ by 8.5 km
2,77.6795,13.5976,143.00,172.00,172.52,173.63,0.6106,0,correlation 0.61 <= 0.7
2,77.7745,13.6495,167.00,167.77,183.28,164.60,0.5858,0,correlation 0.59 <= 0.7
2,77.6792,13.6044,131.00,168.00,172.31,174.26,0.6431,0,correlation 0.64 <= 0.7
2,77.7306,13.6695,161.00,157.00,177.19,169.24,0.7726,0,centroids differ by 8.0 km
2,77.7210,13.6172,166.00,165.66,179.40,168.95,0.7590,0,centroids differ by 10.5 km
2,77.7041,13.7208,125.00,175.00,167.06,172.08,0.4944,0,correlation 0.49 <= 0.7
2,77.7669,13.5877,169.00,157.00,175.85,165.77,0.1161,0,correlation 0.12 <= 0.7
2,77.7122,13.6559,165.97,199.00,174.76,169.97,0.6971,0,correlation 0.70 <= 0.7
2,77.7344,13.5989,165.91,161.00,182.84,167.86,0.6912,0,correlation 0.69 <= 0.7
2,77.6909,13.6156,132.33,171.46,172.29,172.15,0.5663,0,correlation 0.57 <= 0.7
2,77.9168,14.0392,173.00,144.03,183.21,156.95,0.1300,0,correlation 0.13 <= 0.7
2,77.8809,14.0413,165.00,144.78,175.46,159.60,0.6407,0,correlation 0.64 <= 0.7
2,77.8397,14.0790,147.00,158.70,165.08,162.63,0.7947,0,centroids differ by 2.4 km
2,77.9036,14.0492,173.00,142.81,179.93,158.04,0.3982,0,correlation 0.40 <= 0.7
2,77.8752,14.1378,153.00,144.00,168.01,159.54,0.5931,0,correlation 0.59 <= 0.7
2,77.8390,14.1037,138.84,157.00,163.95,164.05,0.7980,1,
2,77.8792,14.1312,151.00,151.00,168.36,161.70,0.8620,0,centroids differ by 6.7 km
2,77.8753,14.1346,153.00,153.00,168.14,159.70,0.6222,0,correlation 0.62 <= 0.7
2,77.8891,14.0418,171.67,147.00,177.26,158.17,0.5517,0,correlation 0.55 <= 0.7
2,77.8742,14.0968,153.00,149.00,170.02,160.78,0.8450,0,centroids differ by 9.2 km
2,77.8909,14.1371,159.39,155.00,175.98,160.75,0.6725,0,correlation 0.67 <= 0.7
2,77.9012,14.1701,153.07,145.75,171.09,161.09,0.7559,0,centroids differ by 10.0 km
2,77.9297,14.1765,162.00,137.00,177.13,157.44,0.5164,0,correlation 0.52 <= 0.7
2,77.8865,14.0920,159.00,139.00,174.98,159.56,0.6656,0,correlation 0.67 <= 0.7
2,77.8748,14.1211,151.00,141.00,167.69,160.60,0.8765,0,centroids differ by 7.1 km
2,77.9020,14.1747,155.00,171.00,171.12,161.11,0.7625,0,centroids differ by 10.0 km
2,77.9222,14.0414,175.00,132.20,185.05,155.98,0.0917,0,correlation 0.09 <= 0.7
2,77.8331,14.1811,129.00,169.00,160.20,165.21,0.4749,0,correlation 0.47 <= 0.7
2,77.8344,14.1029,137.00,166.44,163.01,163.05,0.7442,1,
2,77.9285,14.1620,163.00,137.00,177.73,156.84,0.4856,0,correlation 0.49 <= 0.7
2,77.8854,14.0598,164.00,159.00,176.48,159.38,0.6298,0,correlation 0.63 <= 0.7
2,77.8359,14.1750,131.00,167.00,159.67,165.03,0.5385,0,correlation 0.54 <= 0.7
2,77.8968,14.1508,161.64,141.00,174.44,160.08,0.6799,0,correlation 0.68 <= 0.7
2,77.8404,14.1326,138.90,153.00,161.74,163.28,0.7000,0,correlation 0.70 <= 0.7
2,77.8414,14.0606,149.00,159.00,165.61,163.21,0.8429,0,centroids differ by 2.4 km
2,77.8710,14.1004,158.00,161.00,169.64,161.29,0.9013,0,centroids differ by 8.3 km
2,77.8971,14.1225,161.00,140.00,174.12,159.21,0.6483,0,correlation 0.65 <= 0.7
2,77.9128,14.0949,170.30,146.00,177.76,158.55,0.5119,0,correlation 0.51 <= 0.7
2,77.9162,14.1686,163.84,134.00,173.56,159.26,0.6862,0,correlation 0.69 <= 0.7
2,77.8694,14.1173,151.00,150.00,166.89,161.17,0.8927,0,centroids differ by 5.7 km
2,77.9288,14.0480,176.00,146.32,186.42,156.31,0.0608,0,correlation 0.06 <= 0.7
2,77.8447,14.1659,141.00,155.00,161.45,164.07,0.6333,0,correlation 0.63 <= 0.7
2,77.8978,14.0813,161.14,140.00,176.76,156.21,0.1665,0,correlation 0.17 <= 0.7
2,77.8539,14.0604,148.00,152.19,168.31,162.55,0.8808,0,centroids differ by 5.8 km
2,77.9016,14.1311,159.00,139.00,174.48,160.60,0.7041,0,centroids differ by 13.9 km
2,77.8777,14.1558,151.00,163.00,164.97,161.16,0.8494,0,centroids differ by 3.8 km
2,77.7382,13.9976,110.00,179.00,153.72,169.36,0.2101,0,correlation 0.21 <= 0.7
2,77.7579,13.9631,143.00,175.00,161.77,166.98,0.6036,0,correlation 0.60 <= 0.7
2,77.8060,13.8854,157.95,164.00,173.26,162.25,0.8182,0,centroids differ by 11.0 km
2,77.7534,13.9453,139.00,176.00,161.43,167.37,0.6046,0,correlation 0.60 <= 0.7
2,77.7465,13.9174,132.00,173.00,160.87,168.83,0.3807,0,correlation 0.38 <= 0.7
2,77.7642,13.9730,129.00,171.00,162.39,166.66,0.6165,0,correlation 0.62 <= 0.7
2,77.7799,14.0096,133.00,169.00,164.39,167.89,0.6022,0,correlation 0.60 <= 0.7
2,77.7735,13.9952,139.00,171.00,163.76,165.49,0.6582,0,correlation 0.66 <= 0.7
2,77.7125,13.9021,107.00,193.00,156.10,171.07,0.2545,0,correlation 0.25 <= 0.7
2,77.8032,13.9588,143.00,165.00,169.68,164.67,0.7866,0,centroids differ by 5.0 km
2,77.7550,13.9535,139.00,164.57,160.95,167.46,0.6071,0,correlation 0.61 <= 0.7
2,77.7796,13.9496,138.00,167.00,167.27,165.49,0.7041,0,centroids differ by 1.8 km
2,77.7691,13.9390,142.00,173.00,166.42,166.16,0.7403,1,
2,77.7256,13.9867,146.95,179.00,153.19,169.66,0.3157,0,correlation 0.32 <= 0.7
2,77.8087,13.9019,149.00,165.00,172.67,162.28,0.7832,0,centroids differ by 10.4 km
2,77.7879,13.8912,149.00,147.00,172.81,164.34,0.8274,0,centroids differ by 8.5 km
2,77.7765,13.9802,134.60,171.00,165.75,164.83,0.6963,0,correlation 0.70 <= 0.7
2,77.7362,13.9138,128.77,173.00,160.56,169.36,0.4215,0,correlation 0.42 <= 0.7
2,77.7283,13.9375,109.00,179.00,157.17,169.65,0.3121,0,correlation 0.31 <= 0.7
2,77.7182,14.0220,95.00,170.51,151.96,169.93,0.1690,0,correlation 0.17 <= 0.7
2,77.7650,13.9050,143.00,173.00,168.02,166.76,0.7668,0,centroids differ by 1.3 km
2,77.7303,14.0112,148.02,179.00,152.44,169.50,0.2469,0,correlation 0.25 <= 0.7
2,77.7513,13.9445,139.00,175.00,158.12,167.66,0.2942,0,correlation 0.29 <= 0.7
2,77.7853,13.9124,147.00,167.00,170.11,165.07,0.7836,0,centroids differ by 5.0 km
2,77.7698,14.0314,161.00,171.00,160.23,167.90,0.4691,0,correlation 0.47 <= 0.7
2,77.7409,13.9748,111.00,175.00,156.58,168.44,0.3946,0,correlation 0.39 <= 0.7
2,77.7185,13.9170,138.25,183.00,157.86,170.17,0.3676,0,correlation 0.37 <= 0.7
2,77.7400,13.9982,110.00,179.00,153.94,168.85,0.1900,0,correlation 0.19 <= 0.7
2,77.7289,13.9393,108.00,179.00,157.18,169.71,0.3049,0,correlation 0.30 <= 0.7
2,77.7637,13.9635,139.00,170.00,163.19,166.14,0.6583,0,correlation 0.66 <= 0.7
2,77.7514,13.9372,141.21,175.00,161.72,167.98,0.6137,0,correlation 0.61 <= 0.7
2,77.7451,13.9082,133.00,175.00,161.81,167.90,0.4513,0,correlation 0.45 <= 0.7
2,77.7478,14.0079,111.00,180.23,155.88,169.24,0.3177,0,correlation 0.32 <= 0.7
2,77.7500,13.9897,119.97,177.00,157.63,168.04,0.4894,0,correlation 0.49 <= 0.7
2,77.7518,13.9228,141.00,175.00,162.65,168.30,0.6072,0,correlation 0.61 <= 0.7
2,77.7419,13.9628,127.60,177.00,158.14,167.85,0.4547,0,correlation 0.45 <= 0.7
2,77.9061,14.4191,133.00,145.00,158.12,160.46,0.4871,0,correlation 0.49 <= 0.7
2,77.9893,14.4716,174.00,123.00,176.66,153.94,0.2113,0,correlation 0.21 <= 0.7
2,77.9270,14.3618,144.27,162.00,163.62,159.13,0.8522,0,centroids differ by 4.5 km
2,77.9356,14.4446,137.00,143.00,160.88,157.95,0.8085,0,centroids differ by 2.9 km
2,77.9939,14.4742,173.00,159.00,178.61,155.53,0.2143,0,correlation 0.21 <= 0.7
2,77.9245,14.4065,140.06,147.00,159.22,158.34,0.7510,1,
2,77.9724,14.4196,159.00,139.00,175.33,155.31,0.4035,0,correlation 0.40 <= 0.7
2,77.9103,14.3974,132.00,135.00,158.14,160.57,0.6555,0,correlation 0.66 <= 0.7
2,77.9620,14.4205,161.00,141.00,170.20,155.49,0.6332,0,correlation 0.63 <= 0.7
2,77.9818,14.4507,170.39,133.00,175.55,156.24,0.4070,0,correlation 0.41 <= 0.7
2,77.9615,14.3521,160.00,139.00,175.05,156.00,0.5274,0,correlation 0.53 <= 0.7
2,78.0043,14.3583,187.00,157.81,189.03,152.74,-0.2940,0,correlation -0.29 <= 0.7
2,77.9639,14.4303,159.00,157.40,171.21,155.93,0.6155,0,correlation 0.62 <= 0.7
2,77.9469,14.3819,157.00,156.00,168.49,156.06,0.7821,0,centroids differ by 12.4 km
2,77.9344,14.3855,141.00,159.00,163.88,157.96,0.8346,0,centroids differ by 5.9 km
2,77.9682,14.4178,159.00,132.15,174.25,155.55,0.5148,0,correlation 0.51 <= 0.7
2,77.9768,14.4351,167.80,154.05,175.41,155.31,0.4210,0,correlation 0.42 <= 0.7
2,77.9456,14.4634,150.00,155.00,161.71,156.70,0.8445,0,centroids differ by 5.0 km
2,77.9999,14.3820,187.00,131.00,187.00,153.42,-0.2319,0,correlation -0.23 <= 0.7
2,77.9736,14.4822,153.00,160.00,171.11,157.52,0.6406,0,correlation 0.64 <= 0.7
2,77.9658,14.4792,153.00,135.00,168.32,156.73,0.6734,0,correlation 0.67 <= 0.7
2,77.9338,14.4388,137.00,141.00,160.60,157.96,0.8253,0,centroids differ by 2.6 km
2,78.0032,14.3717,185.00,129.00,187.59,153.19,-0.2189,0,correlation -0.22 <= 0.7
2,77.9291,14.4170,137.00,148.00,160.74,157.11,0.7551,0,centroids differ by 3.6 km
2,77.9542,14.3619,170.00,144.15,172.76,155.29,0.5697,0,correlation 0.57 <= 0.7
2,77.9508,14.4970,141.00,143.00,161.68,157.58,0.7794,0,centroids differ by 4.1 km
2,77.9518,14.3750,152.00,140.00,170.98,155.84,0.6890,0,correlation 0.69 <= 0.7
2,77.9409,14.4838,135.86,145.00,159.02,158.12,0.7964,1,
2,77.9761,14.4308,167.80,153.95,175.23,154.96,0.4273,0,correlation 0.43 <= 0.7
2,77.9863,14.3994,172.00,152.05,180.67,153.28,0.0877,0,correlation 0.09 <= 0.7
2,77.9184,14.3640,143.00,161.00,160.94,160.00,0.7665,1,
2,77.9089,14.4368,133.71,143.00,158.91,161.01,0.4055,0,correlation 0.41 <= 0.7
2,77.9493,14.4110,150.24,141.00,167.08,156.77,0.8046,0,centroids differ by 10.3 km
2,78.0048,14.3698,195.00,163.00,188.64,153.45,-0.2459,0,correlation -0.25 <= 0.7
2,77.9715,14.3642,165.00,150.20,179.17,154.01,0.2818,0,correlation 0.28 <= 0.7
2,77.9658,14.4225,159.00,132.22,172.58,156.15,0.5970,0,correlation 0.60 <= 0.7
2,77.7728,14.0783,133.87,170.00,157.42,168.60,0.4199,0,correlation 0.42 <= 0.7
2,77.7859,14.0541,133.00,167.00,162.90,167.24,0.6045,0,correlation 0.60 <= 0.7
2,77.8573,14.0375,160.00,165.74,167.77,161.50,0.8085,0,centroids differ by 6.3 km
2,77.8299,13.9390,157.00,172.00,171.46,162.73,0.8703,0,centroids differ by 8.7 km
2,77.8315,14.0639,143.00,170.00,164.38,163.64,0.7824,1,
2,77.8569,14.0538,155.00,162.40,169.01,163.05,0.8566,0,centroids differ by 6.0 km
2,77.7777,13.9802,125.00,183.00,166.11,165.18,0.6933,0,correlation 0.69 <= 0.7
2,77.8491,14.0007,153.00,151.00,171.49,163.07,0.6068,0,correlation 0.61 <= 0.7
2,77.7674,13.9402,139.00,173.00,165.64,166.35,0.7073,1,
2,77.8270,13.9736,155.00,157.00,169.76,162.96,0.8253,0,centroids differ by 6.8 km
2,77.7868,13.9881,139.00,169.00,166.99,165.89,0.6536,0,correlation 0.65 <= 0.7
2,77.8433,13.9855,153.00,157.00,171.30,161.48,0.8646,0,centroids differ by 9.8 km
2,77.8497,14.0444,151.00,179.00,168.85,162.73,0.8510,0,centroids differ by 6.1 km
2,77.8117,14.0629,135.00,160.62,157.51,167.56,0.1676,0,correlation 0.17 <= 0.7
2,77.7983,13.9918,140.00,163.85,167.68,165.64,0.7969,0,centroids differ by 2.0 km
2,77.7949,13.9532,144.00,167.00,169.85,164.39,0.7542,0,centroids differ by 5.5 km
2,77.8533,14.0646,148.00,152.39,167.65,162.24,0.8795,0,centroids differ by 5.4 km
2,77.8451,13.9503,158.00,159.00,173.56,162.51,0.7967,0,centroids differ by 11.0 km
2,77.8465,14.0200,149.00,153.00,169.58,163.14,0.8837,0,centroids differ by 6.4 km
2,77.8268,14.0064,145.00,157.00,167.34,162.46,0.8600,0,centroids differ by 4.9 km
2,77.7611,13.9887,141.00,171.00,160.64,166.98,0.5531,0,correlation 0.55 <= 0.7
2,77.8027,13.9505,141.00,167.00,169.55,164.39,0.7396,0,centroids differ by 5.2 km
2,77.8514,14.0205,152.00,149.00,170.37,162.82,0.8638,0,centroids differ by 7.5 km
2,77.7683,14.0674,132.00,184.00,156.93,168.60,0.3771,0,correlation 0.38 <= 0.7
2,77.7955,13.9650,142.00,167.00,169.33,165.84,0.7104,0,centroids differ by 3.5 km
2,77.8500,14.0708,145.00,155.00,167.01,162.65,0.8683,0,centroids differ by 4.4 km
2,77.7873,14.0072,135.00,166.41,165.23,165.13,0.6788,0,correlation 0.68 <= 0.7
2,77.8372,14.0354,150.00,155.00,166.66,156.33,0.2033,0,correlation 0.20 <= 0.7
2,77.7883,14.0063,135.00,166.38,165.90,165.48,0.6925,0,correlation 0.69 <= 0.7
2,77.8014,13.9533,141.00,153.24,169.20,164.95,0.7593,0,centroids differ by 4.2 km
2,77.7772,13.9410,141.00,168.76,168.29,165.30,0.7182,0,centroids differ by 3.0 km
2,77.8474,13.9339,162.34,155.73,175.12,160.99,0.7244,0,centroids differ by 14.1 km
2,77.8526,13.9357,168.00,154.17,175.07,160.89,0.7148,0,centroids differ by 14.2 km
2,77.8234,13.9960,149.00,163.00,168.71,164.00,0.8267,0,centroids differ by 4.7 km
2,77.8480,13.9810,153.00,150.00,172.15,162.35,0.8419,0,centroids differ by 9.8 km
2,77.7962,14.0362,138.00,165.00,164.54,166.76,0.6977,0,correlation 0.70 <= 0.7
2,77.6768,13.3539,190.00,167.00,185.74,169.31,0.6311,0,correlation 0.63 <= 0.7
2,77.6855,13.3572,183.00,175.00,186.95,168.97,0.6066,0,correlation 0.61 <= 0.7
2,77.6502,13.3047,151.00,166.00,183.19,172.00,0.6574,0,correlation 0.66 <= 0.7
2,77.7086,13.4074,169.00,165.00,187.90,166.87,0.4905,0,correlation 0.49 <= 0.7
2,77.6672,13.4326,143.00,167.00,180.47,169.50,0.5397,0,correlation 0.54 <= 0.7
2,77.7130,13.3663,185.00,161.00,189.74,166.10,0.3443,0,correlation 0.34 <= 0.7
2,77.7050,13.4359,225.00,161.00,186.27,167.69,0.4267,0,correlation 0.43 <= 0.7
2,77.7010,13.4270,217.00,162.00,187.09,168.47,0.6140,0,correlation 0.61 <= 0.7
2,77.6380,13.4184,205.00,183.00,176.75,173.02,0.4980,0,correlation 0.50 <= 0.7
2,77.7183,13.3578,199.00,159.00,190.01,165.55,0.2929,0,correlation 0.29 <= 0.7
2,77.6985,13.4215,180.24,161.00,186.44,168.55,0.6184,0,correlation 0.62 <= 0.7
2,77.6973,13.3954,182.06,161.00,187.56,167.13,0.5279,0,correlation 0.53 <= 0.7
2,77.7202,13.4463,171.00,171.77,187.16,167.84,0.5478,0,correlation 0.55 <= 0.7
2,77.6577,13.3248,150.39,179.00,183.12,171.14,0.6746,0,correlation 0.67 <= 0.7
2,77.6960,13.4227,179.00,167.00,185.41,168.34,0.5947,0,correlation 0.59 <= 0.7
2,77.7340,13.3691,193.23,161.00,190.27,164.83,0.2054,0,correlation 0.21 <= 0.7
2,77.7196,13.3413,185.00,158.21,190.94,165.23,0.1820,0,correlation 0.18 <= 0.7
2,77.7286,13.3080,197.36,159.00,192.22,164.38,0.0857,0,correlation 0.09 <= 0.7
2,77.6890,13.4426,181.00,164.00,182.83,169.49,0.6390,0,correlation 0.64 <= 0.7
2,77.6442,13.3096,169.00,167.00,181.96,172.24,0.6374,0,correlation 0.64 <= 0.7
2,77.7029,13.4327,167.00,161.00,186.60,168.52,0.5849,0,correlation 0.58 <= 0.7
2,77.7195,13.3605,181.00,159.00,190.10,165.04,0.2518,0,correlation 0.25 <= 0.7
2,77.6653,13.4376,143.00,169.00,179.78,169.80,0.5205,0,correlation 0.52 <= 0.7
2,77.6827,13.3504,187.28,165.00,186.47,168.58,0.6109,0,correlation 0.61 <= 0.7
2,77.6650,13.4030,165.57,169.00,180.73,170.48,0.6333,0,correlation 0.63 <= 0.7
2,77.6547,13.3581,150.00,179.90,181.28,172.67,0.6590,0,correlation 0.66 <= 0.7
2,77.7219,13.3536,183.00,159.00,190.79,164.87,0.1459,0,correlation 0.15 <= 0.7
2,77.7045,13.4003,183.00,163.00,187.57,166.14,0.4895,0,correlation 0.49 <= 0.7
2,77.6904,13.4196,179.00,165.00,183.96,167.64,0.6518,0,correlation 0.65 <= 0.7
2,77.7195,13.3245,193.00,159.00,191.56,165.54,0.1783,0,correlation 0.18 <= 0.7
2,77.6612,13.3160,164.02,169.00,184.66,170.63,0.6700,0,correlation 0.67 <= 0.7
2,77.7041,13.3389,191.00,163.00,189.86,166.68,0.3951,0,correlation 0.40 <= 0.7
2,77.7316,13.3252,195.00,159.00,192.30,163.85,0.0570,0,correlation 0.06 <= 0.7
2,77.7174,13.3397,185.00,161.00,190.51,165.56,0.1957,0,correlation 0.20 <= 0.7
2,77.7068,13.4418,177.87,161.00,186.18,168.08,0.4344,0,correlation 0.43 <= 0.7
2,77.7224,13.4393,179.00,159.00,187.46,166.97,0.4818,0,correlation 0.48 <= 0.7
2,78.0742,15.0283,156.00,136.54,172.59,152.18,0.2074,0,correlation 0.21 <= 0.7
2,78.1031,15.0471,173.00,135.00,180.24,150.14,-0.3230,0,correlation -0.32 <= 0.7
2,78.0417,14.9769,143.00,135.00,163.31,148.80,0.5461,0,correlation 0.55 <= 0.7
2,78.0219,14.9739,129.77,137.00,155.64,150.68,0.6121,0,correlation 0.61 <= 0.7
2,78.0490,15.0470,204.00,139.00,167.94,152.90,0.2637,0,correlation 0.26 <= 0.7
2,78.1004,15.0013,181.00,135.00,181.80,147.95,-0.4402,0,correlation -0.44 <= 0.7
2,78.0153,15.0196,125.00,139.00,149.63,150.85,0.3267,0,correlation 0.33 <= 0.7
2,78.0999,15.0042,181.00,135.00,181.41,148.09,-0.3918,0,correlation -0.39 <= 0.7
2,78.0582,15.0368,143.00,143.00,166.68,152.58,0.6178,0,correlation 0.62 <= 0.7
2,78.0869,15.1059,159.00,138.00,172.54,150.16,-0.0235,0,correlation -0.02 <= 0.7
2,78.0651,15.0013,157.00,140.00,170.20,151.35,0.3602,0,correlation 0.36 <= 0.7
2,78.0215,14.9790,135.00,137.00,154.84,150.79,0.5617,0,correlation 0.56 <= 0.7
2,78.0858,15.1098,159.00,137.00,172.08,150.14,0.0282,0,correlation 0.03 <= 0.7
2,78.0252,15.0624,121.67,139.00,151.83,152.18,0.5299,0,correlation 0.53 <= 0.7
2,78.1069,15.0223,177.00,130.00,183.17,150.42,-0.4433,0,correlation -0.44 <= 0.7
2,78.0636,15.0422,152.29,139.00,167.14,152.24,0.5206,0,correlation 0.52 <= 0.7
2,78.0770,14.9813,171.00,122.00,174.67,148.74,-0.0364,0,correlation -0.04 <= 0.7
2,78.0139,15.0135,126.00,139.00,149.64,151.59,0.3407,0,correlation 0.34 <= 0.7
2,78.0262,14.9726,133.00,137.00,156.81,150.01,0.5496,0,correlation 0.55 <= 0.7
2,78.0942,14.9893,173.89,133.00,180.68,149.07,-0.2349,0,correlation -0.23 <= 0.7
2,78.0183,15.0379,127.00,137.00,149.65,152.22,0.3340,0,correlation 0.33 <= 0.7
2,78.0166,14.9792,131.00,139.00,152.23,152.48,0.5867,0,correlation 0.59 <= 0.7
2,78.0211,15.0153,127.00,139.00,151.06,148.11,0.2295,0,correlation 0.23 <= 0.7
2,78.0299,15.0556,127.00,137.00,153.16,152.21,0.6563,0,correlation 0.66 <= 0.7
2,78.0875,15.0961,161.00,138.00,173.43,149.51,-0.0775,0,correlation -0.08 <= 0.7
2,78.0790,15.0011,161.00,123.00,175.55,150.72,-0.0478,0,correlation -0.05 <= 0.7
2,78.0915,15.0212,185.00,133.00,177.89,147.70,-0.2563,0,correlation -0.26 <= 0.7
2,78.0886,15.0084,164.00,133.00,178.23,149.29,-0.2127,0,correlation -0.21 <= 0.7
2,78.0189,15.0097,124.00,139.00,151.66,151.54,0.3708,0,correlation 0.37 <= 0.7
2,78.0372,15.1108,127.00,145.00,153.67,153.43,0.6657,0,correlation 0.67 <= 0.7
2,78.1053,15.0318,175.00,133.00,181.25,149.71,-0.4108,0,correlation -0.41 <= 0.7
2,78.0660,15.0882,143.00,145.00,164.54,151.65,0.5671,0,correlation 0.57 <= 0.7
2,78.0828,14.9893,166.00,141.00,176.38,150.49,-0.0701,0,correlation -0.07 <= 0.7
2,78.1101,15.0360,170.56,131.99,184.02,149.14,-0.5343,0,correlation -0.53 <= 0.7
2,78.1051,15.0369,175.00,135.00,181.07,149.48,-0.4026,0,correlation -0.40 <= 0.7
2,78.1051,15.0601,167.00,129.00,181.06,151.10,-0.3092,0,correlation -0.31 <= 0.7
2,77.9037,13.9755,181.00,155.00,183.27,157.28,0.1652,0,correlation 0.17 <= 0.7
2,77.8757,14.0239,161.96,158.31,175.04,160.53,0.7199,0,centroids differ by 14.5 km
2,77.8563,14.0998,145.00,151.00,166.37,161.54,0.8887,0,centroids differ by 4.8 km
2,77.9309,14.0874,172.00,154.08,184.35,156.97,0.1342,0,correlation 0.13 <= 0.7
2,77.8735,14.0736,155.00,147.00,168.51,159.93,0.7392,0,centroids differ by 8.6 km
2,77.8489,14.0695,148.62,164.00,167.06,162.40,0.8469,0,centroids differ by 4.7 km
2,77.8906,13.9640,175.00,147.00,183.34,157.95,0.2146,0,correlation 0.21 <= 0.7
2,77.8571,14.0282,157.00,167.00,170.12,161.89,0.8319,0,centroids differ by 8.2 km
2,77.9165,14.0963,167.00,139.00,179.69,158.54,0.4109,0,correlation 0.41 <= 0.7
2,77.9055,14.0712,169.00,146.22,178.00,157.31,0.3433,0,correlation 0.34 <= 0.7
2,77.8964,14.0157,167.39,143.00,181.67,157.70,0.3745,0,correlation 0.37 <= 0.7
2,77.8380,14.0470,150.00,151.00,165.95,160.89,0.6426,0,correlation 0.64 <= 0.7
2,77.8787,14.0557,157.00,149.00,173.86,159.63,0.7511,0,centroids differ by 14.2 km
2,77.8916,14.0924,164.00,147.00,177.37,158.83,0.5580,0,correlation 0.56 <= 0.7
2,77.9128,14.0452,175.32,145.00,181.89,156.39,0.1226,0,correlation 0.12 <= 0.7
2,77.8705,14.0910,156.00,158.00,169.67,160.17,0.8644,0,centroids differ by 9.5 km
2,77.9300,14.0734,175.00,153.00,184.99,156.30,0.1117,0,correlation 0.11 <= 0.7
2,77.8811,14.1124,154.12,141.00,170.16,159.70,0.8166,0,centroids differ by 10.5 km
2,77.8450,14.0141,151.00,153.00,169.90,163.37,0.8826,0,centroids differ by 6.5 km
2,77.8800,14.0402,165.00,147.00,175.56,159.51,0.6458,0,correlation 0.65 <= 0.7
2,77.9205,14.0575,171.00,135.00,183.33,156.23,0.1359,0,correlation 0.14 <= 0.7
2,77.8552,13.9651,166.00,153.00,174.22,161.03,0.7173,0,centroids differ by 13.2 km
2,77.8687,14.0437,160.00,157.00,172.07,161.40,0.8073,0,centroids differ by 10.7 km
2,77.9342,14.0334,196.00,147.00,189.46,155.75,-0.1002,0,correlation -0.10 <= 0.7
2,77.8438,14.0047,153.00,215.00,170.31,163.80,0.7776,0,centroids differ by 6.5 km
2,77.8703,14.0552,153.00,147.57,172.11,161.50,0.8331,0,centroids differ by 10.6 km
2,77.8804,14.0711,161.00,159.00,173.26,160.66,0.7946,0,centroids differ by 12.6 km
2,77.8846,14.0634,161.00,156.47,175.38,159.72,0.6652,0,correlation 0.67 <= 0.7
2,77.8913,14.0988,163.00,149.00,177.93,159.69,0.5351,0,correlation 0.54 <= 0.7
2,77.9049,14.0326,173.00,144.34,174.36,158.06,0.1512,0,correlation 0.15 <= 0.7
2,77.8755,14.0697,157.50,149.00,171.64,160.04,0.8096,0,centroids differ by 11.6 km
2,77.8399,13.9898,157.00,161.00,170.61,161.99,0.8743,0,centroids differ by 8.6 km
2,77.8703,14.0608,157.74,147.16,171.51,160.84,0.8291,0,centroids differ by 10.7 km
2,77.8386,13.9827,156.00,155.00,170.57,161.61,0.8679,0,centroids differ by 9.0 km
2,77.8865,14.0823,162.00,157.00,176.69,160.04,0.6445,0,correlation 0.64 <= 0.7
2,77.9233,14.0847,171.00,152.32,182.46,157.61,0.2440,0,correlation 0.24 <= 0.7
2,77.9346,14.7630,103.00,162.00,143.19,160.62,-0.1653,0,correlation -0.17 <= 0.7
2,78.0131,14.8108,146.77,131.00,163.26,153.03,0.7253,0,centroids differ by 10.2 km
2,77.9695,14.8414,113.00,146.41,146.39,152.53,0.4477,0,correlation 0.45 <= 0.7
2,78.0120,14.7361,157.49,129.00,167.31,151.54,0.5130,0,correlation 0.51 <= 0.7
2,78.0071,14.8191,146.44,146.37,158.83,152.18,0.7835,0,centroids differ by 6.6 km
2,77.9560,14.7359,117.00,158.00,147.97,157.75,0.4470,0,correlation 0.45 <= 0.7
2,77.9935,14.8354,129.00,139.00,153.25,154.27,0.7439,0,centroids differ by 1.0 km
2,78.0088,14.7966,146.17,133.00,161.51,151.37,0.6491,0,correlation 0.65 <= 0.7
2,78.0205,14.8095,153.00,140.00,164.30,152.49,0.6215,0,correlation 0.62 <= 0.7
2,77.9460,14.7781,105.00,163.00,144.89,158.62,-0.0076,0,correlation -0.01 <= 0.7
2,77.9995,14.7906,147.00,143.91,158.26,153.90,0.7721,0,centroids differ by 4.4 km
2,77.9593,14.7449,124.34,143.00,149.79,157.34,0.4399,0,correlation 0.44 <= 0.7
2,77.9274,14.8413,97.00,164.34,141.31,160.03,-0.1322,0,correlation -0.13 <= 0.7
2,77.9487,14.7553,116.00,159.00,145.59,158.44,0.1559,0,correlation 0.16 <= 0.7
2,77.9365,14.8087,99.00,165.00,142.24,159.50,-0.1469,0,correlation -0.15 <= 0.7
2,77.9928,14.8211,129.00,132.00,154.31,153.63,0.7178,1,
2,77.9752,14.7627,123.00,139.00,152.51,153.63,0.6476,0,correlation 0.65 <= 0.7
2,77.9358,14.7364,109.00,160.00,143.96,160.76,-0.1269,0,correlation -0.13 <= 0.7
2,77.9811,14.7422,132.00,131.76,156.23,153.74,0.7315,0,centroids differ by 2.5 km
2,77.9367,14.7397,107.92,161.00,144.82,161.02,-0.1301,0,correlation -0.13 <= 0.7
2,77.9778,14.7900,127.00,135.00,151.75,153.73,0.5870,0,correlation 0.59 <= 0.7
2,77.9550,14.7699,115.00,136.18,145.44,156.96,0.3484,0,correlation 0.35 <= 0.7
2,77.9965,14.7405,138.47,145.79,160.77,152.48,0.7188,0,centroids differ by 8.3 km
2,77.9700,14.8523,111.00,131.00,145.58,153.10,0.3821,0,correlation 0.38 <= 0.7
2,78.0030,14.7569,147.00,130.00,162.58,151.71,0.6852,0,correlation 0.69 <= 0.7
2,77.9558,14.7184,121.00,159.00,148.87,156.86,0.4898,0,correlation 0.49 <= 0.7
2,77.9611,14.7656,120.56,128.00,149.15,155.54,0.5100,0,correlation 0.51 <= 0.7
2,77.9479,14.7570,116.00,158.53,145.41,158.30,0.1317,0,correlation 0.13 <= 0.7
2,77.9900,14.7777,137.00,137.00,157.00,151.73,0.6760,0,correlation 0.68 <= 0.7
2,78.0134,14.7538,154.44,141.00,166.86,153.38,0.5923,0,correlation 0.59 <= 0.7
2,77.9277,14.7690,101.92,162.00,146.46,161.19,-0.1707,0,correlation -0.17 <= 0.7
2,77.9790,14.8018,129.00,130.08,151.60,153.09,0.6627,0,correlation 0.66 <= 0.7
2,77.9740,14.7284,135.00,137.00,154.65,153.74,0.7309,1,
2,78.0048,14.7286,151.00,125.00,164.67,150.48,0.5473,0,correlation 0.55 <= 0.7
2,77.9683,14.7566,120.49,151.81,150.61,154.64,0.5994,0,correlation 0.60 <= 0.7
2,77.9837,14.7844,135.00,145.00,154.42,152.69,0.6609,0,correlation 0.66 <= 0.7
2,78.0006,14.6738,149.00,141.00,167.12,152.07,0.5549,0,correlation 0.55 <= 0.7
2,77.9783,14.6382,143.00,156.00,162.37,155.54,0.8311,0,centroids differ by 6.8 km
2,77.9508,14.6991,123.00,169.00,149.30,158.87,0.2434,0,correlation 0.24 <= 0.7
2,78.0364,14.6254,191.00,153.13,182.94,148.45,-0.3266,0,correlation -0.33 <= 0.7
2,77.9764,14.6743,139.67,154.00,159.13,156.87,0.7894,0,centroids differ by 2.3 km
2,77.9980,14.5935,156.28,149.00,170.86,154.37,0.4940,0,correlation 0.49 <= 0.7
2,77.9576,14.5887,140.10,169.00,158.55,156.39,0.6571,0,correlation 0.66 <= 0.7
2,77.9622,14.6633,133.00,156.00,154.80,157.84,0.6204,0,correlation 0.62 <= 0.7
2,78.0153,14.6327,171.43,147.00,175.58,151.20,0.1252,0,correlation 0.13 <= 0.7
2,77.9717,14.6492,133.00,157.60,160.38,156.91,0.7656,0,centroids differ by 3.5 km
2,78.0090,14.6607,153.00,128.00,170.43,150.58,0.3682,0,correlation 0.37 <= 0.7
2,78.0004,14.6104,157.00,127.81,170.90,153.84,0.4920,0,correlation 0.49 <= 0.7
2,78.0011,14.6415,153.00,145.85,169.39,151.29,0.4199,0,correlation 0.42 <= 0.7
2,78.0379,14.6944,174.00,127.00,179.23,149.47,-0.0794,0,correlation -0.08 <= 0.7
2,77.9952,14.5818,163.00,151.00,171.54,154.53,0.5191,0,correlation 0.52 <= 0.7
2,78.0393,14.6539,185.00,123.44,183.55,149.46,-0.3374,0,correlation -0.34 <= 0.7
2,78.0080,14.6924,149.00,143.64,167.69,151.37,0.4357,0,correlation 0.44 <= 0.7
2,78.0221,14.5713,183.00,123.15,181.61,150.49,-0.2481,0,correlation -0.25 <= 0.7
2,77.9950,14.6755,153.00,131.00,165.09,151.91,0.5617,0,correlation 0.56 <= 0.7
2,78.0113,14.5985,161.00,125.00,175.73,151.00,0.1192,0,correlation 0.12 <= 0.7
2,78.0378,14.6181,185.00,120.00,184.14,148.26,-0.3874,0,correlation -0.39 <= 0.7
2,78.0069,14.5688,171.00,125.00,176.64,153.53,0.1745,0,correlation 0.17 <= 0.7
2,78.0177,14.6194,169.00,123.00,177.47,150.96,-0.0000,0,correlation -0.00 <= 0.7
2,77.9673,14.6935,127.00,154.90,153.74,156.43,0.7391,0,centroids differ by 2.7 km
2,77.9558,14.5802,145.00,147.00,158.25,155.38,0.6700,0,correlation 0.67 <= 0.7
2,78.0432,14.7057,175.00,133.00,179.74,150.19,-0.0861,0,correlation -0.09 <= 0.7
2,77.9662,14.6327,138.00,154.00,157.78,157.48,0.7233,1,
2,77.9792,14.6424,148.00,159.91,162.47,155.44,0.8230,0,centroids differ by 7.0 km
2,77.9886,14.6110,157.00,154.00,167.20,154.05,0.7218,0,centroids differ by 13.1 km
2,78.0296,14.7085,171.00,132.00,174.85,150.97,0.1083,0,correlation 0.11 <= 0.7
2,77.9776,14.5979,149.08,151.00,164.93,156.71,0.8145,0,centroids differ by 8.2 km
2,77.9636,14.6851,131.00,160.07,150.66,156.37,0.4739,0,correlation 0.47 <= 0.7
2,77.9906,14.6472,153.00,151.00,165.37,154.05,0.7077,0,centroids differ by 11.3 km
2,78.0304,14.6155,187.00,137.00,181.03,149.57,-0.2505,0,correlation -0.25 <= 0.7
2,77.9523,14.6700,127.00,169.47,150.60,158.53,0.3782,0,correlation 0.38 <= 0.7
2,78.0013,14.6871,147.00,131.00,166.66,151.90,0.5947,0,correlation 0.59 <= 0.7
2,77.7307,13.4145,179.00,171.00,189.65,166.39,0.3328,0,correlation 0.33 <= 0.7
2,77.6491,13.4387,197.99,169.00,176.63,172.15,0.5397,0,correlation 0.54 <= 0.7
2,77.6447,13.3866,199.00,171.00,178.57,172.67,0.5742,0,correlation 0.57 <= 0.7
2,77.6700,13.3471,171.00,168.11,184.48,170.71,0.6236,0,correlation 0.62 <= 0.7
2,77.6758,13.3222,174.02,163.94,187.37,170.48,0.6468,0,correlation 0.65 <= 0.7
2,77.6697,13.4434,145.00,165.00,179.44,169.52,0.6163,0,correlation 0.62 <= 0.7
2,77.6618,13.3311,165.00,169.72,184.15,171.57,0.6779,0,correlation 0.68 <= 0.7
2,77.6710,13.4213,144.48,167.00,180.06,169.98,0.6478,0,correlation 0.65 <= 0.7
2,77.7160,13.3911,183.00,161.00,188.97,165.83,0.4007,0,correlation 0.40 <= 0.7
2,77.6788,13.3630,172.00,162.18,185.62,169.18,0.6394,0,correlation 0.64 <= 0.7
2,77.7016,13.3481,195.00,163.00,189.30,167.09,0.4548,0,correlation 0.45 <= 0.7
2,77.6980,13.3044,179.83,160.00,190.42,168.41,0.4338,0,correlation 0.43 <= 0.7
2,77.7245,13.4379,179.00,159.00,187.75,166.54,0.4171,0,correlation 0.42 <= 0.7
2,77.7095,13.3865,187.00,159.00,189.41,166.45,0.4278,0,correlation 0.43 <= 0.7
2,77.7251,13.4173,179.00,171.00,188.05,166.59,0.4082,0,correlation 0.41 <= 0.7
2,77.6982,13.4009,219.00,163.00,187.30,167.19,0.5538,0,correlation 0.55 <= 0.7
2,77.6478,13.4358,134.00,169.00,176.64,172.07,0.5147,0,correlation 0.51 <= 0.7
2,77.6792,13.3175,187.00,163.00,187.92,169.59,0.5926,0,correlation 0.59 <= 0.7
2,77.6705,13.4058,143.00,166.62,180.85,169.62,0.5779,0,correlation 0.58 <= 0.7
2,77.6637,13.4075,247.00,167.00,181.25,170.99,0.5535,0,correlation 0.55 <= 0.7
2,77.7079,13.3726,180.29,161.00,188.84,166.69,0.4119,0,correlation 0.41 <= 0.7
2,77.7257,13.3309,193.65,157.00,190.68,164.44,0.1554,0,correlation 0.16 <= 0.7
2,77.7203,13.3680,180.97,157.00,189.77,164.48,0.2469,0,correlation 0.25 <= 0.7
2,77.6735,13.3049,177.00,165.00,185.14,169.70,0.4494,0,correlation 0.45 <= 0.7
2,77.6883,13.4099,169.00,165.00,184.44,167.40,0.6322,0,correlation 0.63 <= 0.7
2,77.6723,13.4501,205.00,162.67,178.14,169.89,0.6487,0,correlation 0.65 <= 0.7
2,77.6796,13.4294,165.00,165.00,181.95,168.58,0.6145,0,correlation 0.61 <= 0.7
2,77.6878,13.3763,183.00,163.00,186.91,168.28,0.5619,0,correlation 0.56 <= 0.7
2,77.7418,13.4091,187.00,159.00,191.18,165.84,0.2274,0,correlation 0.23 <= 0.7
2,77.6510,13.3501,149.66,167.86,181.42,171.96,0.6401,0,correlation 0.64 <= 0.7
2,77.6838,13.3537,183.00,165.00,186.51,169.10,0.6239,0,correlation 0.62 <= 0.7
2,77.7345,13.3594,191.00,156.00,191.60,163.68,0.1167,0,correlation 0.12 <= 0.7
2,77.7007,13.4189,180.00,161.00,187.10,168.59,0.6120,0,correlation 0.61 <= 0.7
2,77.6788,13.3551,185.40,167.00,186.64,168.94,0.6026,0,correlation 0.60 <= 0.7
2,77.7186,13.3923,183.00,161.00,189.43,166.34,0.3323,0,correlation 0.33 <= 0.7
2,77.7410,13.4211,187.00,165.00,190.37,165.81,0.2964,0,correlation 0.30 <= 0.7
2,77.8071,14.0129,139.00,163.00,160.44,166.41,0.3256,0,correlation 0.33 <= 0.7
2,77.7840,14.0690,131.00,169.00,160.79,167.48,0.5711,0,correlation 0.57 <= 0.7
2,77.7679,14.0442,122.00,171.00,158.70,166.41,0.4956,0,correlation 0.50 <= 0.7
2,77.7957,14.0077,143.00,181.00,165.98,166.48,0.7210,1,
2,77.7531,14.0674,107.00,175.00,152.20,169.30,0.1840,0,correlation 0.18 <= 0.7
2,77.7608,13.9752,142.08,172.55,162.12,166.67,0.5836,0,correlation 0.58 <= 0.7
2,77.7996,13.9652,144.22,167.00,169.09,165.49,0.7742,0,centroids differ by 3.6 km
2,77.7199,14.0357,97.00,181.00,150.54,169.86,0.0644,0,correlation 0.06 <= 0.7
2,77.7979,13.9953,141.00,168.12,167.25,165.70,0.7842,0,centroids differ by 1.6 km
2,77.7922,14.0182,136.40,179.00,165.60,166.47,0.6683,0,correlation 0.67 <= 0.7
2,77.8112,14.0506,142.00,164.00,162.21,163.92,0.5169,0,correlation 0.52 <= 0.7
2,77.7430,14.0088,123.88,174.00,153.72,167.76,0.2555,0,correlation 0.26 <= 0.7
2,77.7733,14.0789,157.00,170.00,157.47,168.59,0.4029,0,correlation 0.40 <= 0.7
2,77.8035,13.9600,143.00,165.00,169.91,164.71,0.7942,0,centroids differ by 5.2 km
2,77.7164,14.0638,155.00,183.00,149.75,170.61,-0.0423,0,correlation -0.04 <= 0.7
2,77.7964,14.0563,137.10,168.00,163.38,167.78,0.5816,0,correlation 0.58 <= 0.7
2,77.7957,13.9557,143.53,167.00,169.81,165.07,0.7263,0,centroids differ by 4.7 km
2,77.7792,14.0206,157.00,169.00,163.71,166.55,0.6546,0,correlation 0.65 <= 0.7
2,77.7719,14.0555,159.00,183.00,159.04,168.12,0.4812,0,correlation 0.48 <= 0.7
2,77.8098,14.0002,149.00,163.00,168.16,165.17,0.7860,0,centroids differ by 3.0 km
2,77.7537,14.0107,119.00,175.00,157.29,168.01,0.4539,0,correlation 0.45 <= 0.7
2,77.7532,14.0498,116.29,175.00,153.83,170.01,0.2789,0,correlation 0.28 <= 0.7
2,77.7505,14.0672,105.00,172.00,150.84,169.44,0.0880,0,correlation 0.09 <= 0.7
2,77.7645,13.9970,165.00,173.00,161.20,166.32,0.6553,0,correlation 0.66 <= 0.7
2,77.7846,14.0635,131.00,167.00,161.20,167.76,0.5845,0,correlation 0.58 <= 0.7
2,77.7581,14.0598,119.00,173.00,154.44,168.78,0.3263,0,correlation 0.33 <= 0.7
2,77.7574,13.9557,141.00,187.34,162.38,167.51,0.6160,0,correlation 0.62 <= 0.7
2,77.7329,14.0383,146.00,181.15,151.08,169.05,0.1952,0,correlation 0.20 <= 0.7
2,77.7691,14.0615,132.00,183.00,157.38,168.14,0.4352,0,correlation 0.44 <= 0.7
2,77.7354,14.0635,143.00,175.00,149.53,168.31,0.1701,0,correlation 0.17 <= 0.7
2,77.7763,14.0007,130.79,170.00,163.39,166.43,0.6037,0,correlation 0.60 <= 0.7
2,77.8121,13.9703,151.00,175.00,169.37,163.59,0.7911,0,centroids differ by 5.8 km
2,77.7587,13.9636,167.00,175.00,162.23,166.89,0.6163,0,correlation 0.62 <= 0.7
2,77.7293,14.0658,147.00,179.84,146.62,168.97,-0.0276,0,correlation -0.03 <= 0.7
2,77.8134,13.9880,149.00,162.35,168.34,164.94,0.7468,0,centroids differ by 3.4 km
2,77.7531,14.0588,106.27,175.00,152.38,169.62,0.1888,0,correlation 0.19 <= 0.7
2,78.0847,15.1964,157.00,132.00,166.72,152.69,0.3412,0,correlation 0.34 <= 0.7
2,78.0456,15.3065,109.00,141.00,143.30,154.17,0.5198,0,correlation 0.52 <= 0.7
2,78.0659,15.2193,142.00,143.00,156.88,151.63,0.7231,0,centroids differ by 5.2 km
2,78.1046,15.2476,165.00,148.00,172.48,151.01,0.1615,0,correlation 0.16 <= 0.7
2,78.1109,15.2630,179.00,111.00,172.65,149.08,0.0259,0,correlation 0.03 <= 0.7
2,78.0592,15.2503,123.00,143.00,153.15,153.67,0.6560,0,correlation 0.66 <= 0.7
2,78.1019,15.2554,151.77,144.00,171.09,150.29,0.1576,0,correlation 0.16 <= 0.7
2,78.0296,15.1835,111.49,149.00,146.06,154.82,0.4868,0,correlation 0.49 <= 0.7
2,78.0768,15.2431,147.00,134.00,161.58,151.33,0.5413,0,correlation 0.54 <= 0.7
2,78.0377,15.2805,109.00,148.18,144.21,153.28,0.3441,0,correlation 0.34 <= 0.7
2,78.1201,15.1892,178.00,137.00,179.14,148.28,-0.3655,0,correlation -0.37 <= 0.7
2,78.0937,15.3073,142.63,145.66,164.71,151.24,0.4544,0,correlation 0.45 <= 0.7
2,78.0593,15.1775,129.00,139.00,157.82,152.03,0.6571,0,correlation 0.66 <= 0.7
2,78.1200,15.2850,159.00,145.00,174.25,149.45,-0.0160,0,correlation -0.02 <= 0.7
2,78.0339,15.2261,161.00,149.21,147.36,154.14,0.4159,0,correlation 0.42 <= 0.7
2,78.0688,15.2121,131.00,143.00,158.83,152.24,0.6039,0,correlation 0.60 <= 0.7
2,78.0548,15.2954,115.00,133.00,147.97,152.91,0.6980,0,correlation 0.70 <= 0.7
2,78.1231,15.2911,158.48,121.00,174.32,150.28,-0.0821,0,correlation -0.08 <= 0.7
2,78.0327,15.2591,153.00,145.00,145.32,153.58,0.4879,0,correlation 0.49 <= 0.7
2,78.0767,15.2252,137.00,125.00,161.59,151.27,0.4691,0,correlation 0.47 <= 0.7
2,78.0462,15.2865,111.22,145.00,145.03,152.08,0.6343,0,correlation 0.63 <= 0.7
2,78.0934,15.1906,143.00,144.00,166.31,151.00,0.3200,0,correlation 0.32 <= 0.7
2,78.0710,15.2280,138.27,137.00,159.21,152.96,0.6307,0,correlation 0.63 <= 0.7
2,78.1092,15.2312,167.00,138.00,174.60,150.28,-0.0284,0,correlation -0.03 <= 0.7
2,78.0955,15.1919,143.00,119.00,166.28,150.62,0.1606,0,correlation 0.16 <= 0.7
2,78.1000,15.2285,153.00,148.00,169.86,151.34,0.2179,0,correlation 0.22 <= 0.7
2,78.0554,15.2232,123.00,143.00,152.66,150.98,0.6666,0,correlation 0.67 <= 0.7
2,78.0395,15.1895,171.00,132.00,154.92,153.56,0.1826,0,correlation 0.18 <= 0.7
2,78.0625,15.1903,134.00,141.00,158.39,150.37,0.6835,0,correlation 0.68 <= 0.7
2,78.0276,15.3128,141.00,147.00,140.45,153.48,0.2747,0,correlation 0.27 <= 0.7
2,78.0482,15.1783,128.00,140.14,153.56,152.79,0.6454,0,correlation 0.65 <= 0.7
2,78.0853,15.1866,159.00,131.35,167.75,151.70,0.2787,0,correlation 0.28 <= 0.7
2,78.0441,15.3130,107.00,132.00,142.41,154.35,0.5142,0,correlation 0.51 <= 0.7
2,78.0278,15.3106,141.00,148.00,140.54,153.28,0.2464,0,correlation 0.25 <= 0.7
2,78.0802,15.2183,135.00,106.59,164.15,150.81,0.3589,0,correlation 0.36 <= 0.7
2,78.1019,15.1834,157.00,102.00,172.44,150.56,-0.1017,0,correlation -0.10 <= 0.7
2,77.7760,13.7470,163.86,145.77,179.25,165.32,0.7037,0,centroids differ by 13.9 km
2,77.7589,13.8384,151.00,175.00,171.50,164.28,0.5679,0,correlation 0.57 <= 0.7
2,77.8103,13.7753,160.30,163.00,178.19,163.03,0.7012,0,centroids differ by 15.2 km
2,77.7280,13.7144,157.00,180.00,172.50,169.53,0.7710,0,centroids differ by 3.0 km
2,77.7930,13.8184,160.17,152.12,177.47,164.48,0.7504,0,centroids differ by 13.0 km
2,77.7176,13.7360,183.00,181.00,169.43,169.40,0.6579,0,correlation 0.66 <= 0.7
2,77.7359,13.6956,161.00,181.74,176.28,168.61,0.7557,0,centroids differ by 7.7 km
2,77.7452,13.8023,151.00,185.00,170.75,167.75,0.7294,0,centroids differ by 3.0 km
2,77.7316,13.8367,130.00,201.00,165.15,170.36,0.6008,0,correlation 0.60 <= 0.7
2,77.7946,13.8267,154.06,163.65,176.15,163.48,0.7662,0,centroids differ by 12.7 km
2,77.7325,13.6981,159.00,177.62,176.09,168.67,0.7612,0,centroids differ by 7.4 km
2,77.7612,13.7618,155.44,173.00,176.26,165.53,0.7509,0,centroids differ by 10.7 km
2,77.7281,13.7211,157.00,176.71,172.50,169.31,0.7750,0,centroids differ by 3.2 km
2,77.7927,13.7380,170.00,164.26,180.29,163.29,0.6444,0,correlation 0.64 <= 0.7
2,77.7823,13.7206,168.13,169.00,180.42,164.08,0.6568,0,correlation 0.66 <= 0.7
2,77.7200,13.8101,120.00,159.00,163.80,169.96,0.4303,0,correlation 0.43 <= 0.7
2,77.7331,13.7345,152.00,173.00,174.09,168.69,0.7629,0,centroids differ by 5.4 km
2,77.7776,13.8374,153.00,161.00,174.38,165.45,0.7514,0,centroids differ by 8.9 km
2,77.7574,13.7712,153.00,171.00,175.71,166.22,0.7484,0,centroids differ by 9.5 km
2,77.7453,13.7783,155.00,173.97,172.37,166.50,0.7749,0,centroids differ by 5.9 km
2,77.7781,13.8106,158.00,171.00,175.51,165.33,0.7669,0,centroids differ by 10.2 km
2,77.8036,13.7946,159.00,165.96,178.00,162.52,0.7619,0,centroids differ by 15.5 km
2,77.7621,13.8218,148.00,175.00,173.95,161.17,0.1958,0,correlation 0.20 <= 0.7
2,77.7375,13.7116,159.00,179.00,175.53,168.02,0.7896,0,centroids differ by 7.5 km
2,77.7685,13.7668,159.49,167.90,176.98,166.02,0.7534,0,centroids differ by 11.0 km
2,77.7747,13.7746,159.00,179.00,177.11,164.31,0.7720,0,centroids differ by 12.8 km
2,77.7361,13.7088,155.00,179.00,175.65,168.30,0.7717,0,centroids differ by 7.3 km
2,77.7883,13.8024,155.00,168.00,174.28,164.99,0.7187,0,centroids differ by 9.3 km
2,77.7694,13.7606,160.00,167.79,177.41,165.63,0.7398,0,centroids differ by 11.8 km
2,77.7808,13.7855,157.00,171.00,176.89,162.79,0.6676,0,correlation 0.67 <= 0.7
2,77.7604,13.8220,147.00,175.00,173.46,165.00,0.6023,0,correlation 0.60 <= 0.7
2,77.7590,13.7987,150.00,170.12,174.32,166.22,0.7575,0,centroids differ by 8.1 km
2,77.7361,13.8081,149.00,159.00,167.32,167.08,0.5867,0,correlation 0.59 <= 0.7
2,77.8043,13.7364,169.00,167.00,181.05,162.27,0.6242,0,correlation 0.62 <= 0.7
2,77.7349,13.7596,185.00,177.41,172.24,168.64,0.7412,0,centroids differ by 3.6 km
2,77.7401,13.8310,149.79,155.00,167.12,166.97,0.7011,1,
2,77.7895,13.9625,144.00,183.00,167.78,164.06,0.7764,0,centroids differ by 3.7 km
2,77.7977,13.9758,143.00,167.00,168.75,165.22,0.7329,0,centroids differ by 3.5 km
2,77.7636,14.0456,106.00,173.00,153.70,168.70,0.1921,0,correlation 0.19 <= 0.7
2,77.8175,14.0039,141.00,160.00,168.20,165.56,0.7902,0,centroids differ by 2.6 km
2,77.7732,14.0036,139.00,171.00,162.83,166.88,0.5760,0,correlation 0.58 <= 0.7
2,77.7670,14.0758,131.44,167.00,155.37,169.46,0.2871,0,correlation 0.29 <= 0.7
2,77.8375,14.1093,139.98,157.00,162.94,163.24,0.7615,1,
2,77.7683,14.0403,130.00,171.00,158.94,166.61,0.4656,0,correlation 0.47 <= 0.7
2,77.8095,13.9609,149.00,162.52,169.18,163.58,0.7547,0,centroids differ by 5.6 km
2,77.7772,14.0507,136.79,165.00,160.54,168.06,0.4997,0,correlation 0.50 <= 0.7
2,77.7990,14.0739,131.88,167.00,163.41,166.08,0.6340,0,correlation 0.63 <= 0.7
2,77.8423,13.9877,154.83,157.00,171.25,161.55,0.8808,0,centroids differ by 9.7 km
2,77.8280,13.9970,153.00,163.00,167.96,161.96,0.8547,0,centroids differ by 6.0 km
2,77.8273,13.9918,145.65,165.41,167.74,162.88,0.8374,0,centroids differ by 4.9 km
2,77.7598,14.0781,153.00,185.00,153.62,168.59,0.3123,0,correlation 0.31 <= 0.7
2,77.7613,14.1002,119.00,172.08,152.12,169.57,0.1561,0,correlation 0.16 <= 0.7
2,77.8277,14.0809,137.00,159.00,164.38,165.06,0.6848,0,correlation 0.68 <= 0.7
2,77.7984,14.0181,141.00,163.00,166.11,166.63,0.7230,1,
2,77.8352,14.0777,145.00,171.00,164.51,163.35,0.7546,0,centroids differ by 1.2 km
2,77.7881,14.0424,133.00,166.00,163.69,166.76,0.6115,0,correlation 0.61 <= 0.7
2,77.8135,14.0220,147.00,165.00,167.37,165.37,0.6844,0,correlation 0.68 <= 0.7
2,77.7773,14.0290,128.00,168.46,162.38,166.27,0.6168,0,correlation 0.62 <= 0.7
2,77.7907,13.9806,138.80,169.00,167.41,165.86,0.7465,0,centroids differ by 1.5 km
2,77.8004,14.1063,130.00,158.39,162.00,169.33,0.2301,0,correlation 0.23 <= 0.7
2,77.7680,14.0840,104.04,170.07,152.96,168.41,0.1874,0,correlation 0.19 <= 0.7
2,77.7892,13.9918,138.60,167.00,166.93,165.88,0.7018,0,centroids differ by 1.0 km
2,77.7861,14.0573,133.00,167.00,162.61,167.49,0.5882,0,correlation 0.59 <= 0.7
2,77.7746,13.9763,139.00,172.00,165.49,165.24,0.6661,0,correlation 0.67 <= 0.7
2,77.8265,13.9748,155.00,157.00,169.57,163.03,0.8347,0,centroids differ by 6.5 km
2,77.8112,13.9825,149.00,159.00,168.33,165.16,0.7515,0,centroids differ by 3.2 km
2,77.7939,14.0461,134.10,165.00,164.56,166.62,0.6290,0,correlation 0.63 <= 0.7
2,77.8080,14.0084,137.00,163.00,166.82,166.13,0.6630,0,correlation 0.66 <= 0.7
2,77.7953,14.0860,129.00,167.00,162.51,164.93,0.6662,0,correlation 0.67 <= 0.7
2,77.7838,14.0517,136.00,168.24,162.22,167.11,0.5966,0,correlation 0.60 <= 0.7
2,77.7727,14.0889,130.00,170.00,156.38,168.22,0.3621,0,correlation 0.36 <= 0.7
2,77.8205,14.1050,141.00,155.93,163.90,164.54,0.6202,0,correlation 0.62 <= 0.7
2,77.8369,14.0280,152.00,152.67,167.12,163.89,0.7909,0,centroids differ by 3.2 km
2,77.8581,14.0705,153.00,159.00,167.52,162.74,0.8583,0,centroids differ by 4.8 km
2,77.8656,14.0435,160.17,160.13,170.52,160.91,0.8307,0,centroids differ by 9.6 km
2,77.8622,14.0633,155.00,163.00,169.10,161.29,0.8512,0,centroids differ by 7.8 km
2,77.8495,14.0493,147.00,153.00,168.31,162.48,0.8515,0,centroids differ by 5.8 km
2,77.8963,14.0277,169.00,145.00,180.84,157.97,0.3710,0,correlation 0.37 <= 0.7
2,77.8435,14.0555,151.00,151.92,167.16,161.79,0.8114,0,centroids differ by 5.4 km
2,77.8960,14.1590,157.00,143.00,173.37,160.62,0.6142,0,correlation 0.61 <= 0.7
2,77.8645,14.1136,151.83,151.00,166.15,161.75,0.8704,0,centroids differ by 4.4 km
2,77.8786,14.0983,152.17,151.00,170.22,160.23,0.8316,0,centroids differ by 10.0 km
2,77.8912,14.1298,160.00,155.00,176.82,160.16,0.6615,0,correlation 0.66 <= 0.7
2,77.8904,14.1063,163.00,149.00,178.37,159.58,0.5386,0,correlation 0.54 <= 0.7
2,77.8497,14.0794,147.38,155.00,166.38,163.02,0.8476,0,centroids differ by 3.4 km
2,77.8722,14.0872,156.00,158.06,170.05,160.42,0.8571,0,centroids differ by 9.6 km
2,77.8593,14.0170,159.00,177.00,171.61,162.04,0.7819,0,centroids differ by 9.6 km
2,77.9235,14.1213,165.00,133.00,179.79,158.74,0.4104,0,correlation 0.41 <= 0.7
2,77.8885,14.0633,167.00,147.00,177.71,159.94,0.5569,0,correlation 0.56 <= 0.7
2,77.8587,14.1347,142.00,153.00,164.72,162.57,0.8394,0,centroids differ by 2.1 km
2,77.8506,14.0716,145.00,155.00,167.06,162.81,0.8762,0,centroids differ by 4.2 km
2,77.8269,14.1120,133.00,168.00,163.01,164.64,0.6456,0,correlation 0.65 <= 0.7
2,77.8335,14.0752,139.00,182.00,163.96,164.15,0.7874,1,
2,77.9068,14.0331,175.00,151.97,170.02,157.38,0.0494,0,correlation 0.05 <= 0.7
2,77.8496,14.0876,151.00,162.16,166.21,162.63,0.8275,0,centroids differ by 3.6 km
2,77.8898,14.1545,153.00,153.77,171.94,160.98,0.8060,0,centroids differ by 11.0 km
2,77.9207,14.0466,174.00,132.75,183.96,156.36,0.1405,0,correlation 0.14 <= 0.7
2,77.8377,14.0384,150.00,157.48,166.26,154.95,0.1630,0,correlation 0.16 <= 0.7
2,77.9190,14.1362,163.00,135.00,177.44,159.24,0.4984,0,correlation 0.50 <= 0.7
2,77.8445,14.0668,148.48,152.76,166.59,162.69,0.8150,0,centroids differ by 3.9 km
2,77.9141,14.0864,171.65,149.00,179.45,158.38,0.4592,0,correlation 0.46 <= 0.7
2,77.8984,14.0940,163.00,151.00,176.24,159.33,0.5769,0,correlation 0.58 <= 0.7
2,77.9077,14.0970,167.00,138.00,176.42,158.16,0.5118,0,correlation 0.51 <= 0.7
2,77.8612,14.1308,149.00,163.00,165.28,161.96,0.8613,0,centroids differ by 3.3 km
2,77.8545,14.0709,148.00,162.06,168.13,162.86,0.8753,0,centroids differ by 5.3 km
2,77.8847,14.0857,159.00,156.03,173.32,159.96,0.7539,0,centroids differ by 13.4 km
2,77.8874,14.0222,170.00,142.68,179.06,159.24,0.5020,0,correlation 0.50 <= 0.7
2,77.9116,14.1412,163.00,144.17,173.63,159.16,0.5774,0,correlation 0.58 <= 0.7
2,77.8909,14.2110,149.00,161.60,166.72,162.40,0.8305,0,centroids differ by 4.3 km
2,77.8569,14.1468,146.22,153.00,164.14,162.23,0.8311,0,centroids differ by 1.9 km
2,77.8413,14.2538,125.00,157.00,155.54,165.00,0.3439,0,correlation 0.34 <= 0.7
2,77.8765,14.1748,145.00,149.92,166.17,162.60,0.8433,0,centroids differ by 3.6 km
2,77.8410,14.1913,133.00,164.16,158.94,164.06,0.5787,0,correlation 0.58 <= 0.7
2,77.8601,14.1841,137.00,154.09,162.05,163.08,0.7246,0,centroids differ by 1.0 km
2,77.8785,14.1732,147.00,165.00,166.52,162.48,0.8343,0,centroids differ by 4.0 km
2,77.8725,14.1783,144.00,144.00,163.11,161.80,0.8543,0,centroids differ by 1.3 km
2,77.8790,14.2461,141.69,163.00,161.69,164.01,0.7467,0,centroids differ by 2.3 km
2,77.9234,14.1120,168.00,142.20,180.35,158.42,0.3589,0,correlation 0.36 <= 0.7
2,77.8451,14.2540,127.00,145.00,156.15,165.23,0.3913,0,correlation 0.39 <= 0.7
2,77.8681,14.1257,151.00,149.78,165.69,161.06,0.8894,0,centroids differ by 4.6 km
2,77.8289,14.1731,132.44,149.00,160.04,163.81,0.5309,0,correlation 0.53 <= 0.7
2,77.9045,14.2124,147.00,170.50,169.68,160.51,0.7622,0,centroids differ by 9.2 km
2,77.8821,14.2286,142.30,141.00,160.59,163.07,0.7170,0,centroids differ by 2.5 km
2,77.9161,14.2072,159.70,137.00,170.22,159.24,0.7452,0,centroids differ by 11.0 km
2,77.8893,14.1820,151.00,158.07,168.19,161.72,0.8392,0,centroids differ by 6.5 km
2,77.8712,14.2421,142.00,152.46,157.98,163.41,0.6481,0,correlation 0.65 <= 0.7
2,77.8765,14.1737,145.00,149.86,166.29,162.41,0.8381,0,centroids differ by 3.9 km
2,77.8687,14.1456,149.00,143.00,164.31,161.12,0.9105,0,centroids differ by 3.2 km
2,77.8569,14.2256,137.00,161.00,159.70,164.18,0.5312,0,correlation 0.53 <= 0.7
2,77.8840,14.1932,147.00,147.00,165.80,160.44,0.6223,0,correlation 0.62 <= 0.7
2,77.8652,14.1287,151.00,161.00,164.92,162.02,0.8783,0,centroids differ by 2.9 km
2,77.9056,14.1580,158.00,155.00,172.61,159.97,0.7202,0,centroids differ by 12.6 km
2,77.9104,14.1219,165.00,154.50,173.20,160.08,0.5851,0,correlation 0.59 <= 0.7
2,77.8573,14.1897,138.08,145.00,161.56,162.80,0.6597,0,correlation 0.66 <= 0.7
2,77.8927,14.1310,160.00,152.03,176.12,159.94,0.6472,0,correlation 0.65 <= 0.7
2,77.8666,14.2159,141.00,145.00,160.51,163.85,0.6450,0,correlation 0.64 <= 0.7
2,77.8479,14.1918,134.29,155.00,160.31,162.27,0.4196,0,correlation 0.42 <= 0.7
2,77.9225,14.2542,155.00,139.00,169.51,158.65,0.7427,0,centroids differ by 10.9 km
2,77.8474,14.1103,147.00,151.74,164.76,163.42,0.7669,0,centroids differ by 1.3 km
2,77.8896,14.2159,149.00,162.00,165.64,162.21,0.8304,0,centroids differ by 3.4 km
2,77.8998,14.1391,159.00,156.66,172.97,160.19,0.7196,0,centroids differ by 12.8 km
2,77.8930,14.1137,162.00,136.46,176.45,159.59,0.4845,0,correlation 0.48 <= 0.7
2,77.8324,14.2027,130.20,167.00,158.83,164.36,0.4090,0,correlation 0.41 <= 0.7
2,77.8522,14.1904,138.00,155.00,160.68,162.21,0.5678,0,correlation 0.57 <= 0.7
2,77.8441,14.0310,151.00,155.00,168.95,163.35,0.8630,0,centroids differ by 5.6 km
2,77.8645,14.0239,162.72,157.00,172.12,161.01,0.7972,0,centroids differ by 11.1 km
2,77.8193,14.0337,139.00,163.00,166.64,163.67,0.7683,0,centroids differ by 3.0 km
2,77.8565,13.9611,167.00,156.00,174.47,159.69,0.7145,0,centroids differ by 14.8 km
2,77.8715,13.9584,167.89,149.00,178.91,155.84,0.2197,0,correlation 0.22 <= 0.7
2,77.9013,13.9921,178.90,143.00,183.12,157.50,0.2129,0,correlation 0.21 <= 0.7
2,77.8985,13.9584,179.00,153.73,185.31,157.86,0.0769,0,correlation 0.08 <= 0.7
2,77.8935,14.0019,171.00,157.00,181.79,157.49,0.2934,0,correlation 0.29 <= 0.7
2,77.9060,13.9573,177.00,152.59,185.41,156.42,0.0265,0,correlation 0.03 <= 0.7
2,77.8556,13.9700,165.00,143.00,174.01,163.55,0.5336,0,correlation 0.53 <= 0.7
2,77.8587,14.0509,157.74,162.11,168.86,163.11,0.8596,0,centroids differ by 5.7 km
2,77.8147,13.9487,146.00,179.00,170.53,162.52,0.7554,0,centroids differ by 8.0 km
2,77.8595,14.0334,160.00,148.29,170.32,160.96,0.8352,0,centroids differ by 9.4 km
2,77.8647,13.9975,164.24,147.00,174.52,161.97,0.7569,0,centroids differ by 12.5 km
2,77.8693,14.0579,162.00,147.00,171.85,161.14,0.8182,0,centroids differ by 10.7 km
2,77.9092,14.0653,167.00,146.03,173.60,158.13,0.2863,0,correlation 0.29 <= 0.7
2,77.8220,13.9625,151.00,157.00,170.48,164.84,0.8423,0,centroids differ by 5.6 km
2,77.8449,14.0051,151.00,154.00,170.24,163.96,0.6794,0,correlation 0.68 <= 0.7
2,77.8564,13.9983,162.00,153.00,171.90,161.08,0.7532,0,centroids differ by 10.8 km
2,77.8965,14.0407,165.46,145.00,179.70,158.83,0.4163,0,correlation 0.42 <= 0.7
2,77.8791,13.9937,169.00,148.00,178.33,159.83,0.5427,0,correlation 0.54 <= 0.7
2,77.8943,14.0421,165.19,154.83,178.68,158.61,0.4939,0,correlation 0.49 <= 0.7
2,77.8241,14.0700,137.00,159.42,164.82,164.79,0.7303,1,
2,77.8469,13.9955,153.00,158.53,171.64,169.61,0.2986,0,correlation 0.30 <= 0.7
2,77.8156,14.0334,145.00,161.28,166.29,164.84,0.7199,0,centroids differ by 1.4 km
2,77.9062,14.0676,171.00,146.21,175.87,157.45,0.3238,0,correlation 0.32 <= 0.7
2,77.8857,14.0926,159.00,142.88,173.51,159.41,0.7281,0,centroids differ by 14.1 km
2,77.8498,14.0754,147.42,155.00,166.70,163.21,0.8610,0,centroids differ by 3.5 km
2,77.8643,14.0913,154.00,143.00,167.59,161.03,0.8855,0,centroids differ by 6.6 km
2,77.8148,14.0933,133.00,162.00,161.23,164.25,0.5676,0,correlation 0.57 <= 0.7
2,77.8922,13.9548,173.28,143.88,184.77,157.38,0.1485,0,correlation 0.15 <= 0.7
2,77.9056,14.0347,175.00,144.68,171.61,157.96,0.1035,0,correlation 0.10 <= 0.7
2,77.8395,13.9468,163.00,159.00,172.95,161.82,0.8288,0,centroids differ by 11.1 km
2,77.8840,13.9592,176.00,150.00,182.52,158.95,0.3194,0,correlation 0.32 <= 0.7
2,77.8651,13.9675,163.00,147.00,176.76,161.54,0.5133,0,correlation 0.51 <= 0.7
2,77.8805,14.0924,156.89,148.03,171.72,160.11,0.7820,0,centroids differ by 11.6 km
2,77.7598,13.8999,145.00,175.00,167.08,167.71,0.7212,1,
2,77.7571,13.9181,133.00,175.00,165.26,166.80,0.6924,0,correlation 0.69 <= 0.7
2,77.6980,14.0233,95.00,163.00,148.73,171.82,-0.1886,0,correlation -0.19 <= 0.7
2,77.7365,14.0059,159.92,179.00,153.29,169.30,0.2404,0,correlation 0.24 <= 0.7
2,77.7727,13.8967,146.00,171.00,170.11,165.90,0.7522,0,centroids differ by 4.2 km
2,77.7381,13.9292,124.00,173.94,159.75,169.59,0.4428,0,correlation 0.44 <= 0.7
2,77.6963,13.9345,98.00,187.00,154.45,171.97,0.0532,0,correlation 0.05 <= 0.7
2,77.7295,13.8823,116.24,181.00,159.89,168.30,0.3812,0,correlation 0.38 <= 0.7
2,77.6960,13.9469,95.00,187.00,153.50,171.27,0.0667,0,correlation 0.07 <= 0.7
2,77.7197,13.9022,123.00,183.00,158.60,168.91,0.3250,0,correlation 0.33 <= 0.7
2,77.7793,13.9960,136.00,163.00,164.88,167.21,0.5905,0,correlation 0.59 <= 0.7
2,77.7637,14.0066,136.00,173.00,160.57,166.70,0.6075,0,correlation 0.61 <= 0.7
2,77.7197,13.9665,117.00,178.00,152.58,170.73,0.2174,0,correlation 0.22 <= 0.7
2,77.7481,13.9068,141.00,171.80,162.54,167.78,0.5446,0,correlation 0.54 <= 0.7
2,77.7332,13.9516,111.00,173.00,156.13,169.75,0.2884,0,correlation 0.29 <= 0.7
2,77.7633,13.9367,143.00,151.00,165.39,166.33,0.6933,0,correlation 0.69 <= 0.7
2,77.7374,14.0121,105.18,162.00,153.05,168.97,0.2677,0,correlation 0.27 <= 0.7
2,77.7803,14.0135,133.00,169.00,164.33,167.21,0.6234,0,correlation 0.62 <= 0.7
2,77.7858,13.9546,145.60,149.00,168.64,164.25,0.7534,0,centroids differ by 4.4 km
2,77.7787,13.9125,144.43,160.53,169.82,165.84,0.7800,0,centroids differ by 4.0 km
2,77.7059,13.9108,164.13,185.00,156.43,170.43,0.2470,0,correlation 0.25 <= 0.7
2,77.7213,13.9027,116.75,183.00,158.68,168.54,0.3492,0,correlation 0.35 <= 0.7
2,77.7835,13.9403,142.27,167.00,168.72,165.02,0.7517,0,centroids differ by 3.7 km
2,77.7869,13.9819,139.00,169.00,167.51,165.79,0.6528,0,correlation 0.65 <= 0.7
2,77.7882,13.8786,147.00,159.00,173.43,164.84,0.8199,0,centroids differ by 8.6 km
2,77.6942,13.9805,93.00,186.00,150.77,171.93,-0.1213,0,correlation -0.12 <= 0.7
2,77.7275,13.9209,115.92,180.00,157.58,168.87,0.3647,0,correlation 0.36 <= 0.7
2,77.7369,13.9277,124.00,173.78,159.75,169.24,0.4347,0,correlation 0.43 <= 0.7
2,77.7332,14.0234,112.40,176.07,152.17,168.73,0.2540,0,correlation 0.25 <= 0.7
2,77.6959,13.9013,167.53,209.00,155.79,171.53,0.2353,0,correlation 0.24 <= 0.7
2,77.7175,13.9863,158.00,181.00,152.53,171.15,0.1708,0,correlation 0.17 <= 0.7
2,77.7875,13.9321,147.00,163.00,169.29,165.07,0.7419,0,centroids differ by 4.2 km
2,77.7839,14.0037,134.33,166.20,165.32,166.32,0.6646,0,correlation 0.66 <= 0.7
2,77.7060,13.9937,161.00,179.79,152.02,172.03,0.0295,0,correlation 0.03 <= 0.7
2,77.6980,13.9033,163.00,179.00,154.68,170.80,0.2167,0,correlation 0.22 <= 0.7
2,77.7642,13.8750,147.00,173.00,169.70,166.22,0.7072,0,centroids differ by 3.5 km
2,77.7159,13.3251,187.00,161.00,190.16,166.10,0.2653,0,correlation 0.27 <= 0.7
2,77.7161,13.2827,189.00,167.00,191.84,167.00,0.2025,0,correlation 0.20 <= 0.7
2,77.6415,13.2707,147.21,168.00,183.03,170.73,0.6399,0,correlation 0.64 <= 0.7
2,77.6420,13.3428,149.00,179.70,181.32,172.73,0.5948,0,correlation 0.59 <= 0.7
2,77.6942,13.2137,205.00,160.00,192.43,164.72,0.0318,0,correlation 0.03 <= 0.7
2,77.6975,13.3544,187.00,161.00,189.13,167.37,0.4546,0,correlation 0.45 <= 0.7
2,77.6609,13.3055,164.68,171.00,185.22,171.17,0.6545,0,correlation 0.65 <= 0.7
2,77.6904,13.3331,186.00,165.00,189.64,168.58,0.5146,0,correlation 0.51 <= 0.7
2,77.7126,13.3247,187.00,169.86,190.69,166.90,0.2892,0,correlation 0.29 <= 0.7
2,77.6975,13.3420,189.00,165.00,189.09,167.69,0.4745,0,correlation 0.47 <= 0.7
2,77.6618,13.2249,195.27,167.00,189.49,168.82,0.4230,0,correlation 0.42 <= 0.7
2,77.7036,13.2573,193.00,159.00,190.90,166.77,0.2424,0,correlation 0.24 <= 0.7
2,77.6493,13.2990,151.00,177.00,183.19,171.17,0.6448,0,correlation 0.64 <= 0.7
2,77.6232,13.2532,214.27,173.00,182.71,173.10,0.1852,0,correlation 0.19 <= 0.7
2,77.6177,13.2981,217.00,172.00,179.80,172.94,0.4981,0,correlation 0.50 <= 0.7
2,77.6966,13.3444,187.00,173.00,188.80,167.67,0.4779,0,correlation 0.48 <= 0.7
2,77.6423,13.3102,161.00,167.00,182.39,172.00,0.6260,0,correlation 0.63 <= 0.7
2,77.6577,13.2185,229.22,167.00,189.41,168.46,0.1342,0,correlation 0.13 <= 0.7
2,77.6868,13.2277,205.00,167.89,191.64,167.12,0.2802,0,correlation 0.28 <= 0.7
2,77.6193,13.3553,211.00,165.00,176.86,173.91,0.4522,0,correlation 0.45 <= 0.7
2,77.6685,13.2198,195.00,171.00,189.58,169.91,0.5168,0,correlation 0.52 <= 0.7
2,77.6292,13.3356,214.28,173.00,178.51,174.40,0.4254,0,correlation 0.43 <= 0.7
2,77.6296,13.3573,211.00,181.69,178.78,172.91,0.4913,0,correlation 0.49 <= 0.7
2,77.6741,13.2336,199.72,167.00,190.69,169.33,0.4322,0,correlation 0.43 <= 0.7
2,77.6901,13.3149,187.81,173.76,189.09,169.06,0.5203,0,correlation 0.52 <= 0.7
2,77.6532,13.3305,149.00,177.69,182.00,171.34,0.6459,0,correlation 0.65 <= 0.7
2,77.6385,13.3520,137.00,170.00,179.60,173.00,0.5859,0,correlation 0.59 <= 0.7
2,77.6639,13.3357,162.80,165.92,184.73,171.15,0.6870,0,correlation 0.69 <= 0.7
2,77.6580,13.3216,150.45,168.00,183.46,170.91,0.6745,0,correlation 0.67 <= 0.7
2,77.6665,13.3248,173.00,163.00,185.46,170.60,0.6757,0,correlation 0.68 <= 0.7
2,77.7104,13.3260,187.00,163.00,190.56,166.55,0.3280,0,correlation 0.33 <= 0.7
2,77.6808,13.2229,197.31,162.00,191.73,167.94,0.3240,0,correlation 0.32 <= 0.7
2,77.6266,13.2599,209.00,172.00,182.21,173.34,0.5792,0,correlation 0.58 <= 0.7
2,77.6294,13.3375,214.32,173.00,178.28,174.50,0.4149,0,correlation 0.41 <= 0.7
2,77.6202,13.3200,215.00,178.41,179.20,174.06,0.5269,0,correlation 0.53 <= 0.7
2,77.6776,13.3520,190.00,167.00,186.34,169.03,0.6116,0,correlation 0.61 <= 0.7
2,77.6462,13.1190,181.00,166.51,190.71,171.90,0.5217,0,correlation 0.52 <= 0.7
2,77.6272,13.0484,182.26,179.00,191.15,170.97,0.5984,0,correlation 0.60 <= 0.7
2,77.6154,13.0376,167.00,165.00,190.33,172.67,0.6774,0,correlation 0.68 <= 0.7
2,77.5728,12.9977,243.00,174.00,185.74,174.98,0.5360,0,correlation 0.54 <= 0.7
2,77.6054,13.0219,164.37,169.00,189.24,173.72,0.6891,0,correlation 0.69 <= 0.7
2,77.6582,13.0789,211.86,166.23,193.86,169.92,0.3117,0,correlation 0.31 <= 0.7
2,77.5667,12.9956,243.00,178.11,185.49,176.73,0.5581,0,correlation 0.56 <= 0.7
2,77.6585,13.1341,201.00,157.00,189.93,169.67,0.4556,0,correlation 0.46 <= 0.7
2,77.5714,13.1377,137.00,181.00,180.35,175.93,0.3234,0,correlation 0.32 <= 0.7
2,77.6386,13.0096,167.00,164.03,190.34,170.93,0.4906,0,correlation 0.49 <= 0.7
2,77.5750,12.9959,243.00,174.00,185.94,175.23,0.5692,0,correlation 0.57 <= 0.7
2,77.5937,13.0513,232.93,170.99,187.14,173.90,0.6106,0,correlation 0.61 <= 0.7
2,77.5927,13.0282,233.76,172.00,187.64,174.20,0.6544,0,correlation 0.65 <= 0.7
2,77.5976,13.0132,245.00,175.00,189.41,173.69,0.6320,0,correlation 0.63 <= 0.7
2,77.6479,13.0038,218.08,161.00,194.14,169.77,0.2515,0,correlation 0.25 <= 0.7
2,77.5801,13.0616,149.56,177.00,184.83,175.17,0.5175,0,correlation 0.52 <= 0.7
2,77.6492,13.1199,203.19,155.00,190.75,170.57,0.4605,0,correlation 0.46 <= 0.7
2,77.5995,13.1363,232.00,169.00,184.88,174.52,0.5041,0,correlation 0.50 <= 0.7
2,77.5692,13.0392,249.00,179.00,185.35,176.35,0.5133,0,correlation 0.51 <= 0.7
2,77.6499,13.0479,207.00,166.85,192.97,168.89,0.3424,0,correlation 0.34 <= 0.7
2,77.6388,13.0864,185.90,161.00,190.60,171.10,0.5487,0,correlation 0.55 <= 0.7
2,77.6068,13.0460,179.00,167.00,188.82,173.81,0.6752,0,correlation 0.68 <= 0.7
2,77.6274,13.1242,163.00,167.00,188.46,171.65,0.6603,0,correlation 0.66 <= 0.7
2,77.6298,13.1074,161.00,170.00,189.01,171.61,0.6500,0,correlation 0.65 <= 0.7
2,77.6020,13.0770,225.00,169.00,186.45,172.98,0.5535,0,correlation 0.55 <= 0.7
2,77.6169,13.0872,163.00,167.00,187.91,171.79,0.6355,0,correlation 0.64 <= 0.7
2,77.6024,13.0953,227.78,169.00,186.43,173.91,0.6181,0,correlation 0.62 <= 0.7
2,77.6099,13.0875,177.00,172.12,188.14,172.32,0.5653,0,correlation 0.57 <= 0.7
2,77.6324,13.0410,193.00,166.00,192.32,171.08,0.4885,0,correlation 0.49 <= 0.7
2,77.6035,13.0695,231.00,169.00,188.04,173.22,0.5517,0,correlation 0.55 <= 0.7
2,77.6024,13.0327,243.00,170.65,189.36,173.05,0.6048,0,correlation 0.60 <= 0.7
2,77.6392,13.0309,213.00,177.00,192.38,169.75,0.4111,0,correlation 0.41 <= 0.7
2,77.5913,13.0895,235.00,171.00,185.58,163.70,0.0062,0,correlation 0.01 <= 0.7
2,77.5966,13.0525,231.29,177.00,187.09,174.11,0.6325,0,correlation 0.63 <= 0.7
2,77.6048,13.1145,149.00,171.78,185.56,174.25,0.5968,0,correlation 0.60 <= 0.7
2,77.5848,13.0214,238.00,177.00,187.36,175.09,0.5349,0,correlation 0.53 <= 0.7
2,77.9265,14.2986,149.66,146.00,167.96,160.29,0.8415,0,centroids differ by 7.7 km
2,77.9869,14.3920,174.00,137.00,181.30,153.63,0.0715,0,correlation 0.07 <= 0.7
2,77.9362,14.3088,151.00,149.00,169.98,158.14,0.7420,0,centroids differ by 11.8 km
2,77.9977,14.2782,198.00,154.00,192.73,152.23,-0.4415,0,correlation -0.44 <= 0.7
2,77.9137,14.2948,149.00,159.00,165.31,159.52,0.8372,0,centroids differ by 5.8 km
2,77.9861,14.3064,184.00,157.00,186.26,152.84,-0.1723,0,correlation -0.17 <= 0.7
2,77.9557,14.2925,177.39,146.12,178.38,156.07,0.4490,0,correlation 0.45 <= 0.7
2,77.9541,14.3191,169.20,153.00,175.20,156.27,0.5477,0,correlation 0.55 <= 0.7
2,77.9538,14.3138,166.00,146.11,175.34,156.53,0.5336,0,correlation 0.53 <= 0.7
2,77.9187,14.3867,141.00,153.00,159.53,159.59,0.7703,1,
2,77.9780,14.3311,169.00,157.00,183.38,153.90,0.0545,0,correlation 0.05 <= 0.7
2,77.9408,14.3830,151.00,146.00,166.21,156.80,0.8208,0,centroids differ by 9.4 km
2,77.9631,14.3767,165.00,148.00,174.13,154.71,0.5054,0,correlation 0.51 <= 0.7
2,77.9646,14.3198,171.00,142.49,179.68,154.34,0.2887,0,correlation 0.29 <= 0.7
2,77.9872,14.3068,184.00,157.00,187.50,152.98,-0.2077,0,correlation -0.21 <= 0.7
2,77.9931,14.4141,181.00,131.00,182.36,155.13,0.0811,0,correlation 0.08 <= 0.7
2,77.9541,14.3681,159.86,157.00,171.80,156.18,0.6390,0,correlation 0.64 <= 0.7
2,77.9210,14.2849,152.22,159.00,166.99,160.81,0.8564,0,centroids differ by 6.2 km
2,77.9530,14.3845,167.00,139.00,170.95,156.06,0.6698,0,correlation 0.67 <= 0.7
2,78.0003,14.2738,203.00,144.52,194.02,151.16,-0.5544,0,correlation -0.55 <= 0.7
2,77.9296,14.3620,144.00,150.56,164.47,158.49,0.8799,0,centroids differ by 6.0 km
2,77.9241,14.4000,142.00,151.20,159.41,159.43,0.7496,1,
2,77.9745,14.2771,177.00,150.81,185.52,153.91,0.0044,0,correlation 0.00 <= 0.7
2,77.9895,14.3532,187.00,146.00,185.16,153.21,-0.1233,0,correlation -0.12 <= 0.7
2,77.9200,14.2786,152.46,159.00,166.62,159.83,0.8198,0,centroids differ by 6.8 km
2,77.9717,14.3929,161.00,139.00,177.06,155.23,0.3960,0,correlation 0.40 <= 0.7
2,77.9958,14.3854,185.00,118.45,185.33,153.61,-0.1043,0,correlation -0.10 <= 0.7
2,77.9568,14.2917,174.00,146.21,179.22,156.01,0.4168,0,correlation 0.42 <= 0.7
2,77.9889,14.3185,191.00,155.00,187.44,151.32,-0.2479,0,correlation -0.25 <= 0.7
2,77.9688,14.3102,170.18,151.92,182.37,154.11,0.1515,0,correlation 0.15 <= 0.7
2,77.9672,14.3432,165.00,135.00,178.98,154.96,0.3404,0,correlation 0.34 <= 0.7
2,77.9139,14.3491,144.29,163.00,161.71,160.86,0.7682,1,
2,77.9231,14.3108,149.43,159.87,165.94,159.60,0.8261,0,centroids differ by 6.3 km
2,77.9244,14.3759,143.82,153.00,161.60,158.27,0.7895,0,centroids differ by 3.3 km
2,77.9376,14.2984,164.00,157.19,170.92,158.68,0.7548,0,centroids differ by 12.2 km
2,77.9132,14.2769,151.00,139.00,166.51,159.61,0.7957,0,centroids differ by 6.9 km
2,78.0667,15.1206,141.88,139.00,163.75,149.90,0.4870,0,correlation 0.49 <= 0.7
2,78.0020,15.1128,106.27,143.00,140.09,151.58,0.0215,0,correlation 0.02 <= 0.7
2,78.0813,15.1528,151.00,138.86,167.75,151.85,0.3927,0,correlation 0.39 <= 0.7
2,78.0539,15.1384,135.48,143.00,158.17,152.50,0.7917,0,centroids differ by 5.7 km
2,78.0212,15.1139,113.00,142.00,147.03,153.81,0.4692,0,correlation 0.47 <= 0.7
2,78.0110,15.1266,113.00,141.00,143.67,153.04,0.1736,0,correlation 0.17 <= 0.7
2,78.0291,15.1060,119.00,143.00,150.83,154.68,0.5724,0,correlation 0.57 <= 0.7
2,78.0050,15.1742,99.00,145.00,140.30,154.33,0.0433,0,correlation 0.04 <= 0.7
2,78.0175,15.1504,109.00,145.00,143.08,154.20,0.3584,0,correlation 0.36 <= 0.7
2,78.0051,15.1652,99.00,143.00,139.48,153.86,0.0920,0,correlation 0.09 <= 0.7
2,77.9879,15.1707,89.81,145.00,139.84,154.40,-0.0314,0,correlation -0.03 <= 0.7
2,78.0337,15.2147,163.00,133.00,147.14,154.77,0.3696,0,correlation 0.37 <= 0.7
2,78.0604,15.1368,136.00,147.00,160.65,152.16,0.6758,0,correlation 0.68 <= 0.7
2,78.0672,15.1686,130.46,141.00,161.45,151.16,0.6231,0,correlation 0.62 <= 0.7
2,78.0145,15.1295,111.00,143.00,144.19,153.24,0.3727,0,correlation 0.37 <= 0.7
2,78.0690,15.1286,143.00,137.00,164.04,150.16,0.5203,0,correlation 0.52 <= 0.7
2,78.0585,15.1448,140.15,139.00,158.86,151.97,0.7268,0,centroids differ by 6.9 km
2,78.0566,15.1376,131.00,147.00,158.05,152.60,0.7830,0,centroids differ by 5.5 km
2,78.0326,15.1878,114.00,150.00,147.23,154.78,0.5267,0,correlation 0.53 <= 0.7
2,78.0389,15.1481,177.00,147.00,153.95,153.55,0.4666,0,correlation 0.47 <= 0.7
2,77.9987,15.0922,109.00,143.00,141.04,152.36,0.0132,0,correlation 0.01 <= 0.7
2,78.0716,15.0847,148.00,141.81,167.50,150.96,0.4079,0,correlation 0.41 <= 0.7
2,78.0515,15.1482,133.00,143.00,156.64,153.29,0.7831,0,centroids differ by 3.4 km
2,78.0229,15.1461,114.00,166.00,146.78,154.57,0.4097,0,correlation 0.41 <= 0.7
2,78.0257,15.1741,109.00,147.47,145.83,154.66,0.4614,0,correlation 0.46 <= 0.7
2,78.0284,15.1358,115.00,143.00,148.86,153.43,0.5866,0,correlation 0.59 <= 0.7
2,78.0278,15.2153,107.83,150.03,143.88,154.54,0.3281,0,correlation 0.33 <= 0.7
2,78.0031,15.1764,100.00,145.00,139.20,153.72,0.0566,0,correlation 0.06 <= 0.7
2,78.0089,15.1941,101.00,147.00,140.42,154.60,0.1944,0,correlation 0.19 <= 0.7
2,78.0024,15.1072,106.27,143.00,140.84,150.20,0.0150,0,correlation 0.01 <= 0.7
2,78.0583,15.1205,135.00,145.00,159.59,152.07,0.7698,0,centroids differ by 7.5 km
2,77.9905,15.1454,98.00,145.00,138.98,151.26,-0.0539,0,correlation -0.05 <= 0.7
2,78.0291,15.1764,109.72,149.00,146.75,154.96,0.4691,0,correlation 0.47 <= 0.7
2,77.9903,15.1113,95.00,143.00,139.34,153.96,-0.0299,0,correlation -0.03 <= 0.7
2,78.0004,15.2019,94.17,146.00,138.60,155.18,0.0726,0,correlation 0.07 <= 0.7
2,78.0263,15.1336,115.00,141.41,147.97,153.78,0.5301,0,correlation 0.53 <= 0.7
2,77.7422,13.6523,158.01,155.00,180.17,168.32,0.7866,0,centroids differ by 11.8 km
2,77.7336,13.7375,156.00,164.00,173.95,168.45,0.7511,0,centroids differ by 5.5 km
2,77.6761,13.7031,182.00,175.00,166.37,173.00,0.4700,0,correlation 0.47 <= 0.7
2,77.7345,13.7188,157.00,151.00,174.97,167.97,0.7787,0,centroids differ by 7.0 km
2,77.7470,13.7436,155.00,175.88,174.89,167.28,0.7905,0,centroids differ by 7.6 km
2,77.7669,13.6588,167.00,150.00,182.92,165.68,0.6448,0,correlation 0.64 <= 0.7
2,77.7011,13.6320,145.00,163.00,173.70,170.86,0.7296,0,centroids differ by 2.8 km
2,77.6708,13.7227,179.80,168.68,163.77,172.04,0.4511,0,correlation 0.45 <= 0.7
2,77.7030,13.7425,123.00,188.01,166.24,172.28,0.5004,0,correlation 0.50 <= 0.7
2,77.7257,13.7008,159.52,184.00,173.68,170.05,0.8101,0,centroids differ by 3.6 km
2,77.7213,13.7444,136.00,181.00,170.34,169.77,0.7034,1,
2,77.6703,13.6773,183.00,169.00,166.20,173.28,0.5144,0,correlation 0.51 <= 0.7
2,77.6703,13.7304,186.00,173.92,163.88,171.52,0.4804,0,correlation 0.48 <= 0.7
2,77.7111,13.7022,142.19,165.00,170.59,170.67,0.6461,0,correlation 0.65 <= 0.7
2,77.7549,13.6722,163.00,166.58,180.49,166.49,0.7152,0,centroids differ by 14.0 km
2,77.6743,13.7237,179.00,207.00,163.47,172.03,0.3445,0,correlation 0.34 <= 0.7
2,77.7501,13.6415,160.56,167.00,181.57,168.20,0.7091,0,centroids differ by 13.4 km
2,77.7208,13.6977,148.00,163.00,172.94,170.14,0.6949,0,correlation 0.69 <= 0.7
2,77.7554,13.7271,169.00,157.00,177.85,166.46,0.7581,0,centroids differ by 11.4 km
2,77.7028,13.7306,124.00,176.00,167.20,172.19,0.5309,0,correlation 0.53 <= 0.7
2,77.7488,13.6412,160.38,167.00,181.18,167.87,0.7141,0,centroids differ by 13.3 km
2,77.7229,13.7346,156.00,172.69,170.93,170.23,0.6873,0,correlation 0.69 <= 0.7
2,77.6828,13.6394,189.00,177.74,170.19,172.62,0.5603,0,correlation 0.56 <= 0.7
2,77.6873,13.7427,114.00,170.00,161.97,172.80,0.2330,0,correlation 0.23 <= 0.7
2,77.7642,13.7222,159.00,173.00,179.02,166.67,0.7389,0,centroids differ by 12.4 km
2,77.6976,13.6589,147.69,167.00,170.15,171.15,0.6035,0,correlation 0.60 <= 0.7
2,77.6715,13.7086,113.68,168.69,163.27,174.25,0.3715,0,correlation 0.37 <= 0.7
2,77.7113,13.7611,123.58,177.00,165.00,170.43,0.4400,0,correlation 0.44 <= 0.7
2,77.7254,13.6306,153.00,167.00,178.96,167.62,0.7093,0,centroids differ by 11.3 km
2,77.7363,13.7299,189.00,163.00,174.31,168.51,0.7497,0,centroids differ by 5.8 km
2,77.6672,13.7247,185.00,177.00,163.68,173.10,0.3854,0,correlation 0.39 <= 0.7
2,77.6861,13.7168,118.00,154.14,164.84,171.35,0.4717,0,correlation 0.47 <= 0.7
2,77.6678,13.7175,173.00,180.00,163.55,173.27,0.3935,0,correlation 0.39 <= 0.7
2,77.6881,13.6706,167.00,166.96,169.30,172.04,0.5912,0,correlation 0.59 <= 0.7
2,77.7310,13.6265,173.00,161.00,179.88,167.15,0.7540,0,centroids differ by 12.7 km
2,77.6977,13.6809,130.00,171.00,169.09,168.84,0.4384,0,correlation 0.44 <= 0.7
2,77.7519,13.5701,177.82,156.00,184.83,167.13,0.5623,0,correlation 0.56 <= 0.7
2,77.7181,13.6805,149.00,172.92,172.86,170.25,0.6462,0,correlation 0.65 <= 0.7
2,77.6932,13.6296,131.00,167.67,171.70,170.74,0.5886,0,correlation 0.59 <= 0.7
2,77.6890,13.7134,168.57,171.00,165.80,170.95,0.5158,0,correlation 0.52 <= 0.7
2,77.7182,13.6057,199.00,162.00,179.55,169.67,0.7979,0,centroids differ by 9.9 km
2,77.7473,13.6289,165.36,167.00,181.32,167.86,0.7310,0,centroids differ by 13.5 km
2,77.6702,13.6677,137.00,169.00,166.13,173.05,0.4292,0,correlation 0.43 <= 0.7
2,77.6744,13.6738,183.19,173.11,166.77,171.87,0.4675,0,correlation 0.47 <= 0.7
2,77.7140,13.6711,134.65,163.00,173.46,170.05,0.6951,0,correlation 0.70 <= 0.7
2,77.7433,13.6926,165.20,177.00,178.55,167.96,0.7951,0,centroids differ by 10.6 km
2,77.7329,13.7085,158.09,170.37,175.44,168.14,0.7668,0,centroids differ by 7.3 km
2,77.7302,13.6763,193.00,159.76,177.14,170.02,0.7848,0,centroids differ by 7.1 km
2,77.7458,13.6449,163.00,159.00,181.42,167.55,0.7056,0,centroids differ by 13.9 km
2,77.6871,13.6799,185.00,166.84,168.45,172.44,0.5452,0,correlation 0.55 <= 0.7
2,77.7211,13.7151,197.69,152.00,171.91,169.98,0.6766,0,correlation 0.68 <= 0.7
2,77.7078,13.5685,167.00,173.93,178.22,171.25,0.6686,0,correlation 0.67 <= 0.7
2,77.7472,13.6826,161.00,179.56,179.62,167.50,0.7185,0,centroids differ by 12.1 km
2,77.7626,13.6328,169.00,166.00,183.42,166.95,0.7029,0,centroids differ by 16.5 km
2,77.7485,13.6705,161.00,179.80,180.38,167.92,0.7404,0,centroids differ by 12.5 km
2,77.7224,13.6003,165.77,165.03,180.17,169.00,0.7563,0,centroids differ by 11.2 km
2,77.7578,13.6023,173.00,159.00,183.97,166.60,0.5963,0,correlation 0.60 <= 0.7
2,77.6769,13.6839,180.00,168.52,163.89,172.84,0.1478,0,correlation 0.15 <= 0.7
2,77.7238,13.6820,159.00,149.00,174.17,168.97,0.7352,0,centroids differ by 5.2 km
2,77.7552,13.6675,163.00,166.26,180.69,167.05,0.7364,0,centroids differ by 13.6 km
2,77.7309,13.5745,168.46,159.00,183.45,168.86,0.7132,0,centroids differ by 14.6 km
2,77.7256,13.6337,153.00,167.00,178.81,167.73,0.7142,0,centroids differ by 11.1 km
2,77.7167,13.6073,165.00,161.00,178.44,169.81,0.8058,0,centroids differ by 8.6 km
2,77.6746,13.5772,166.00,170.12,173.02,172.38,0.6595,0,correlation 0.66 <= 0.7
2,77.6786,13.5982,133.00,171.97,172.37,173.93,0.6103,0,correlation 0.61 <= 0.7
2,77.7412,13.6632,167.39,170.00,179.72,168.36,0.7929,0,centroids differ by 11.4 km
2,77.6900,13.6153,225.00,171.77,172.73,172.25,0.5437,0,correlation 0.54 <= 0.7
2,77.7459,13.6962,155.00,168.57,178.29,168.07,0.7910,0,centroids differ by 10.2 km
2,77.6753,13.6750,184.62,173.26,166.12,171.98,0.3627,0,correlation 0.36 <= 0.7
2,77.7431,13.6027,179.00,193.00,181.64,167.22,0.6558,0,correlation 0.66 <= 0.7
2,77.7102,13.6988,138.06,174.00,170.96,170.39,0.6532,0,correlation 0.65 <= 0.7
2,77.7463,13.5767,173.00,161.46,184.88,167.21,0.5907,0,correlation 0.59 <= 0.7
2,77.9312,14.2405,155.00,157.00,173.38,158.40,0.7106,0,centroids differ by 15.0 km
2,77.9512,14.3219,157.69,149.00,174.26,156.31,0.6120,0,correlation 0.61 <= 0.7
2,77.9523,14.3514,171.00,155.00,172.64,155.56,0.6215,0,correlation 0.62 <= 0.7
2,77.9038,14.2153,147.00,171.00,169.05,160.29,0.7855,0,centroids differ by 8.8 km
2,77.9668,14.2215,176.11,143.00,187.29,155.29,0.0319,0,correlation 0.03 <= 0.7
2,77.9896,14.3234,189.00,133.00,187.54,151.38,-0.2736,0,correlation -0.27 <= 0.7
2,77.9669,14.2753,169.00,143.49,183.78,155.10,0.1631,0,correlation 0.16 <= 0.7
2,77.9545,14.2323,175.00,141.00,181.92,157.20,0.3357,0,correlation 0.34 <= 0.7
2,77.9226,14.3327,147.64,137.00,164.01,159.96,0.8139,0,centroids differ by 4.1 km
2,77.9301,14.2277,157.00,136.00,173.83,158.33,0.6563,0,correlation 0.66 <= 0.7
2,77.8977,14.2788,145.00,165.00,167.73,161.19,0.6767,0,correlation 0.68 <= 0.7
2,77.9220,14.2445,153.00,135.00,170.28,159.77,0.7425,0,centroids differ by 10.5 km
2,77.9537,14.3381,167.51,155.00,173.67,156.28,0.5903,0,correlation 0.59 <= 0.7
2,77.9467,14.2767,164.42,147.00,175.78,157.09,0.5171,0,correlation 0.52 <= 0.7
2,77.9071,14.3516,135.00,139.00,161.30,160.49,0.7234,1,
2,77.9293,14.3112,149.00,145.00,167.86,159.40,0.8249,0,centroids differ by 8.5 km
2,77.9499,14.2305,183.00,142.18,180.68,157.42,0.3670,0,correlation 0.37 <= 0.7
2,77.9473,14.2823,163.00,135.00,175.90,157.51,0.5592,0,correlation 0.56 <= 0.7
2,77.9085,14.3353,137.84,153.00,162.51,160.45,0.7521,0,centroids differ by 2.1 km
2,77.9779,14.2311,191.64,142.07,190.38,152.89,-0.2780,0,correlation -0.28 <= 0.7
2,77.9805,14.3275,186.00,145.00,184.09,153.52,-0.0251,0,correlation -0.03 <= 0.7
2,77.9806,14.3599,182.00,131.00,181.80,154.03,0.1185,0,correlation 0.12 <= 0.7
2,77.9586,14.2502,169.00,133.00,180.23,156.04,0.2866,0,correlation 0.29 <= 0.7
2,77.9711,14.2375,179.00,133.00,188.08,154.19,-0.0863,0,correlation -0.09 <= 0.7
2,77.9738,14.3073,185.00,139.56,183.12,153.80,0.0116,0,correlation 0.01 <= 0.7
2,77.9445,14.2261,173.00,168.37,178.70,156.77,0.4729,0,correlation 0.47 <= 0.7
2,77.9113,14.3289,141.00,146.00,162.35,160.33,0.8386,0,centroids differ by 2.0 km
2,77.9339,14.2371,159.00,155.00,173.98,158.22,0.6677,0,correlation 0.67 <= 0.7
2,77.9630,14.2959,175.79,148.00,180.05,155.07,0.2941,0,correlation 0.29 <= 0.7
2,77.9688,14.2143,183.00,152.00,188.50,155.29,-0.0379,0,correlation -0.04 <= 0.7
2,77.9059,14.2391,149.00,141.00,168.04,159.21,0.8000,0,centroids differ by 8.8 km
2,77.9064,14.3145,140.00,171.00,163.11,161.38,0.7685,0,centroids differ by 1.7 km
2,77.9283,14.3015,150.00,173.00,168.45,160.12,0.8273,0,centroids differ by 8.3 km
2,77.9931,14.2313,203.00,147.00,194.57,151.41,-0.4867,0,correlation -0.49 <= 0.7
2,77.9088,14.2386,149.22,141.00,167.67,158.96,0.7950,0,centroids differ by 8.7 km
2,77.8991,14.3203,141.00,162.00,164.64,160.14,0.6730,0,correlation 0.67 <= 0.7
2,77.7488,13.4230,194.00,155.00,186.09,165.25,0.1447,0,correlation 0.14 <= 0.7
2,77.6753,13.3643,215.32,169.00,185.58,169.99,0.6260,0,correlation 0.63 <= 0.7
2,77.7282,13.4232,179.00,161.00,189.09,166.77,0.4144,0,correlation 0.41 <= 0.7
2,77.6545,13.4745,129.00,171.00,175.42,171.20,0.5331,0,correlation 0.53 <= 0.7
2,77.6960,13.3590,223.00,163.00,188.39,167.63,0.4891,0,correlation 0.49 <= 0.7
2,77.7413,13.4824,181.64,161.00,187.61,165.67,0.4252,0,correlation 0.43 <= 0.7
2,77.7087,13.3670,188.00,161.00,189.61,166.61,0.3636,0,correlation 0.36 <= 0.7
2,77.6838,13.4144,179.00,163.00,183.95,168.65,0.6563,0,correlation 0.66 <= 0.7
2,77.7208,13.4329,165.00,159.00,188.04,167.42,0.4663,0,correlation 0.47 <= 0.7
2,77.7059,13.4932,179.62,175.00,183.91,169.59,0.6996,0,correlation 0.70 <= 0.7
2,77.6994,13.4483,164.00,161.00,185.16,168.68,0.6273,0,correlation 0.63 <= 0.7
2,77.7302,13.4355,177.00,167.00,189.15,165.85,0.3813,0,correlation 0.38 <= 0.7
2,77.7269,13.4422,177.00,159.00,187.44,166.90,0.4402,0,correlation 0.44 <= 0.7
2,77.6931,13.4007,219.00,179.20,186.67,167.39,0.5710,0,correlation 0.57 <= 0.7
2,77.7158,13.4916,183.00,163.00,185.18,168.22,0.6401,0,correlation 0.64 <= 0.7
2,77.7078,13.4881,211.00,171.25,184.36,168.76,0.6547,0,correlation 0.65 <= 0.7
2,77.6827,13.3882,170.00,164.66,185.44,169.12,0.6309,0,correlation 0.63 <= 0.7
2,77.6669,13.3547,165.84,166.00,183.86,170.52,0.6794,0,correlation 0.68 <= 0.7
2,77.7042,13.3789,193.00,161.00,188.53,167.30,0.4610,0,correlation 0.46 <= 0.7
2,77.6813,13.3540,189.00,165.00,186.38,168.53,0.5996,0,correlation 0.60 <= 0.7
2,77.7253,13.4754,177.00,158.00,186.61,167.35,0.5481,0,correlation 0.55 <= 0.7
2,77.7334,13.3998,187.68,157.00,189.86,165.44,0.2111,0,correlation 0.21 <= 0.7
2,77.7149,13.4808,185.00,171.95,185.18,168.37,0.6515,0,correlation 0.65 <= 0.7
2,77.6751,13.4215,161.87,167.00,181.95,169.01,0.6664,0,correlation 0.67 <= 0.7
2,77.6976,13.3553,187.00,161.00,189.15,167.56,0.4579,0,correlation 0.46 <= 0.7
2,77.7425,13.4776,185.59,163.42,187.59,165.85,0.4578,0,correlation 0.46 <= 0.7
2,77.6920,13.3796,187.50,165.00,187.30,168.31,0.5425,0,correlation 0.54 <= 0.7
2,77.6778,13.4546,165.00,165.00,180.48,170.13,0.6939,0,correlation 0.69 <= 0.7
2,77.7282,13.3514,191.73,157.00,190.77,164.66,0.1630,0,correlation 0.16 <= 0.7
2,77.7448,13.3497,199.94,158.00,190.48,162.62,0.0145,0,correlation 0.01 <= 0.7
2,77.7066,13.3976,191.00,161.00,188.61,166.34,0.4600,0,correlation 0.46 <= 0.7
2,77.7101,13.4282,189.00,167.00,187.40,168.26,0.5857,0,correlation 0.59 <= 0.7
2,77.7070,13.4693,175.99,186.24,185.68,168.32,0.6260,0,correlation 0.63 <= 0.7
2,77.7097,13.4896,163.00,171.37,184.33,168.46,0.6540,0,correlation 0.65 <= 0.7
2,77.7264,13.3538,183.00,159.00,190.64,164.82,0.1990,0,correlation 0.20 <= 0.7
2,77.6915,13.3750,221.00,165.00,187.71,168.21,0.5507,0,correlation 0.55 <= 0.7
2,77.7143,13.5843,201.00,161.00,179.76,169.58,0.7382,0,centroids differ by 10.2 km
2,77.7052,13.6894,128.16,168.00,169.43,170.29,0.5977,0,correlation 0.60 <= 0.7
2,77.6999,13.6740,131.00,171.00,169.43,169.14,0.6086,0,correlation 0.61 <= 0.7
2,77.7409,13.6733,165.00,169.00,178.92,167.90,0.7700,0,centroids differ by 11.0 km
2,77.7342,13.5566,171.00,175.00,184.38,169.50,0.6944,0,correlation 0.69 <= 0.7
2,77.6992,13.5534,174.00,167.93,179.18,170.64,0.6879,0,correlation 0.69 <= 0.7
2,77.6759,13.5609,145.00,167.00,174.33,172.18,0.6333,0,correlation 0.63 <= 0.7
2,77.6570,13.6019,119.50,165.00,168.81,173.33,0.5071,0,correlation 0.51 <= 0.7
2,77.6889,13.5990,133.00,177.80,172.40,173.23,0.6026,0,correlation 0.60 <= 0.7
2,77.7318,13.6779,200.00,150.00,176.97,169.57,0.7853,0,centroids differ by 7.4 km
2,77.6621,13.6766,189.00,182.59,165.11,173.42,0.4595,0,correlation 0.46 <= 0.7
2,77.7326,13.6755,163.00,150.00,177.06,169.36,0.7927,0,centroids differ by 7.7 km
2,77.6729,13.6227,123.00,179.92,169.88,174.27,0.5350,0,correlation 0.53 <= 0.7
2,77.7444,13.6341,163.00,159.00,181.84,167.00,0.6649,0,correlation 0.66 <= 0.7
2,77.6663,13.6157,191.00,173.86,167.64,174.69,0.3650,0,correlation 0.37 <= 0.7
2,77.6861,13.6057,139.51,177.62,171.77,173.90,0.5915,0,correlation 0.59 <= 0.7
2,77.6859,13.5630,133.00,173.60,174.09,170.56,0.6254,0,correlation 0.63 <= 0.7
2,77.7537,13.6705,163.00,174.00,180.77,167.01,0.7221,0,centroids differ by 13.8 km
2,77.6899,13.6373,126.10,181.00,171.24,171.89,0.6022,0,correlation 0.60 <= 0.7
2,77.7284,13.6321,163.00,161.00,178.75,167.56,0.7647,0,centroids differ by 11.2 km
2,77.6884,13.6296,197.00,165.00,171.54,172.59,0.5007,0,correlation 0.50 <= 0.7
2,77.6999,13.5744,151.94,176.00,177.32,172.46,0.6854,0,correlation 0.69 <= 0.7
2,77.7181,13.6746,151.00,165.00,170.96,169.76,0.3686,0,correlation 0.37 <= 0.7
2,77.7051,13.6516,146.39,165.00,172.80,171.48,0.6736,0,correlation 0.67 <= 0.7
2,77.6765,13.6172,175.97,180.00,170.58,174.18,0.6455,0,correlation 0.65 <= 0.7
2,77.6707,13.6034,184.00,171.00,170.98,173.88,0.5419,0,correlation 0.54 <= 0.7
2,77.7484,13.5610,175.61,166.00,184.93,166.93,0.5761,0,correlation 0.58 <= 0.7
2,77.7142,13.6797,140.00,170.10,173.90,170.44,0.6999,0,correlation 0.70 <= 0.7
2,77.6993,13.6438,130.17,167.00,170.83,171.46,0.5842,0,correlation 0.58 <= 0.7
2,77.6967,13.6650,129.00,164.74,170.15,170.76,0.5463,0,correlation 0.55 <= 0.7
2,77.7450,13.6796,156.03,175.90,179.42,167.99,0.7633,0,centroids differ by 11.4 km
2,77.6775,13.6030,133.00,168.59,171.79,174.47,0.6050,0,correlation 0.60 <= 0.7
2,77.6761,13.6112,176.38,180.00,170.58,174.66,0.5754,0,correlation 0.58 <= 0.7
2,77.7250,13.6875,159.00,185.00,174.75,169.95,0.7920,0,centroids differ by 4.8 km
2,77.6896,13.5664,136.00,169.61,174.88,171.69,0.6781,0,correlation 0.68 <= 0.7
2,77.7114,13.6174,169.00,167.24,176.69,169.97,0.7630,0,centroids differ by 6.7 km
2,77.7654,13.7161,162.00,155.00,179.63,166.09,0.7357,0,centroids differ by 13.5 km
2,77.7150,13.7122,137.00,174.30,171.22,170.18,0.6633,0,correlation 0.66 <= 0.7
2,77.7346,13.7037,191.00,181.17,175.88,168.36,0.7326,0,centroids differ by 7.5 km
2,77.7274,13.7778,191.72,179.66,168.63,169.04,0.6815,0,correlation 0.68 <= 0.7
2,77.7957,13.7191,164.00,164.14,181.70,163.80,0.6234,0,correlation 0.62 <= 0.7
2,77.7011,13.6593,130.05,169.41,171.03,170.20,0.6316,0,correlation 0.63 <= 0.7
2,77.7211,13.6522,195.00,165.00,176.44,169.05,0.7480,0,centroids differ by 7.4 km
2,77.7994,13.7107,171.00,170.00,181.74,164.36,0.6157,0,correlation 0.62 <= 0.7
2,77.7303,13.6554,159.00,163.00,177.98,168.55,0.7650,0,centroids differ by 9.4 km
2,77.7214,13.7290,158.36,181.00,171.15,170.15,0.6537,0,correlation 0.65 <= 0.7
2,77.7829,13.7142,173.00,167.00,180.97,163.58,0.6421,0,correlation 0.64 <= 0.7
2,77.7786,13.7654,159.00,149.00,178.27,164.93,0.7293,0,centroids differ by 13.3 km
2,77.7402,13.7360,156.00,172.00,174.42,167.40,0.7477,0,centroids differ by 7.0 km
2,77.7447,13.7748,155.00,173.51,172.50,166.81,0.7785,0,centroids differ by 5.7 km
2,77.7336,13.7375,156.00,164.00,173.97,168.45,0.7506,0,centroids differ by 5.5 km
2,77.7843,13.7615,156.91,151.00,172.32,164.90,0.3931,0,correlation 0.39 <= 0.7
2,77.7171,13.7227,184.00,185.99,170.35,170.08,0.6566,0,correlation 0.66 <= 0.7
2,77.7526,13.7101,159.00,170.00,179.01,166.97,0.6916,0,correlation 0.69 <= 0.7
2,77.7348,13.7591,185.00,177.37,172.24,168.60,0.7401,0,centroids differ by 3.6 km
2,77.7053,13.7679,125.00,185.00,164.97,170.97,0.4835,0,correlation 0.48 <= 0.7
2,77.7903,13.7202,168.98,143.94,180.21,163.68,0.6408,0,correlation 0.64 <= 0.7
2,77.7371,13.7728,157.21,174.00,172.04,169.41,0.7287,0,centroids differ by 2.6 km
2,77.7537,13.7177,157.00,170.00,178.36,166.53,0.7487,0,centroids differ by 11.8 km
2,77.7342,13.7452,159.65,163.00,173.23,168.60,0.7189,0,centroids differ by 4.6 km
2,77.7189,13.6832,148.00,171.72,173.24,170.22,0.6853,0,correlation 0.69 <= 0.7
2,77.7524,13.7613,154.00,156.10,175.41,166.05,0.7578,0,centroids differ by 9.4 km
2,77.7476,13.6480,160.74,163.89,180.87,167.91,0.7246,0,centroids differ by 13.0 km
2,77.7751,13.7362,161.00,168.42,179.50,165.09,0.7041,0,centroids differ by 14.4 km
2,77.7806,13.7656,162.00,151.00,178.56,164.72,0.7289,0,centroids differ by 13.8 km
2,77.7654,13.6640,167.00,167.00,181.82,166.64,0.7180,0,centroids differ by 15.2 km
2,77.7090,13.6625,190.00,168.00,173.73,169.01,0.6956,0,correlation 0.70 <= 0.7
2,77.7260,13.6386,163.00,167.00,178.82,167.52,0.7221,0,centroids differ by 11.3 km
2,77.7188,13.6964,159.86,162.00,173.23,170.23,0.7079,0,centroids differ by 3.0 km
2,77.7062,13.6883,128.22,168.00,169.75,170.25,0.5825,0,correlation 0.58 <= 0.7
2,77.7731,13.7738,159.00,169.00,176.83,164.64,0.7728,0,centroids differ by 12.2 km
2,77.7341,13.7744,153.00,161.00,170.70,168.94,0.7097,0,centroids differ by 1.8 km
2,77.6201,13.1201,163.00,172.27,187.19,172.88,0.6515,0,correlation 0.65 <= 0.7
2,77.6168,13.0390,243.00,171.95,190.38,172.52,0.6636,0,correlation 0.66 <= 0.7
2,77.6418,13.0633,211.00,163.00,191.83,169.45,0.4348,0,correlation 0.43 <= 0.7
2,77.6198,13.0481,241.00,168.00,190.47,172.15,0.6254,0,correlation 0.63 <= 0.7
2,77.5684,13.1599,137.53,177.97,178.35,176.90,0.4056,0,correlation 0.41 <= 0.7
2,77.5730,13.0982,145.00,175.00,181.98,175.90,0.4434,0,correlation 0.44 <= 0.7
2,77.5862,13.1410,236.30,179.00,183.27,175.70,0.4561,0,correlation 0.46 <= 0.7
2,77.6372,13.1349,165.00,157.00,188.72,170.12,0.5073,0,correlation 0.51 <= 0.7
2,77.6427,13.0570,211.00,165.13,192.42,169.02,0.3953,0,correlation 0.40 <= 0.7
2,77.6278,13.1154,163.00,165.00,189.21,171.85,0.6472,0,correlation 0.65 <= 0.7
2,77.6321,13.0484,180.00,165.00,190.99,155.55,-0.0238,0,correlation -0.02 <= 0.7
2,77.5633,13.0662,140.00,183.34,181.69,176.52,0.4240,0,correlation 0.42 <= 0.7
2,77.6148,13.1379,225.00,169.00,187.57,172.63,0.5870,0,correlation 0.59 <= 0.7
2,77.6129,13.0747,239.00,175.00,188.19,160.77,0.0339,0,correlation 0.03 <= 0.7
2,77.5826,13.1369,239.00,179.00,182.57,175.66,0.4252,0,correlation 0.43 <= 0.7
2,77.6531,13.0632,209.87,163.55,192.94,169.39,0.3102,0,correlation 0.31 <= 0.7
2,77.5554,13.1544,135.00,175.00,176.42,179.18,0.3879,0,correlation 0.39 <= 0.7
2,77.5870,13.1306,231.00,179.00,183.62,175.59,0.4717,0,correlation 0.47 <= 0.7
2,77.6316,13.1437,233.00,171.00,188.40,172.41,0.6555,0,correlation 0.66 <= 0.7
2,77.5861,13.1589,237.00,179.00,182.75,175.12,0.4242,0,correlation 0.42 <= 0.7
2,77.5616,13.1116,146.00,177.00,180.39,176.59,0.3967,0,correlation 0.40 <= 0.7
2,77.6190,13.0670,165.00,169.00,189.46,171.51,0.6379,0,correlation 0.64 <= 0.7
2,77.5958,13.0981,233.00,174.00,185.13,174.35,0.4431,0,correlation 0.44 <= 0.7
2,77.5814,13.0320,241.00,175.00,185.71,174.66,0.5779,0,correlation 0.58 <= 0.7
2,77.5659,13.0951,139.00,175.00,180.86,176.72,0.3816,0,correlation 0.38 <= 0.7
2,77.6485,13.0885,190.86,171.00,191.52,170.18,0.4531,0,correlation 0.45 <= 0.7
2,77.6233,13.0355,171.00,167.00,190.61,171.85,0.6467,0,correlation 0.65 <= 0.7
2,77.6472,13.0428,207.00,166.14,193.03,167.43,0.2560,0,correlation 0.26 <= 0.7
2,77.6474,13.1246,194.00,166.81,190.54,171.39,0.5413,0,correlation 0.54 <= 0.7
2,77.5800,13.0365,239.00,175.00,185.29,174.63,0.5440,0,correlation 0.54 <= 0.7
2,77.5619,13.0869,207.00,175.87,180.01,177.40,0.3535,0,correlation 0.35 <= 0.7
2,77.6448,13.0749,212.00,166.73,191.02,170.31,0.4998,0,correlation 0.50 <= 0.7
2,77.6171,13.0298,243.00,168.85,190.24,172.04,0.6644,0,correlation 0.66 <= 0.7
2,77.5828,13.0395,239.00,173.00,185.68,175.00,0.5400,0,correlation 0.54 <= 0.7
2,77.5910,13.1524,229.00,175.78,182.24,175.78,0.4903,0,correlation 0.49 <= 0.7
2,77.6028,13.1389,149.68,166.76,184.75,173.42,0.5288,0,correlation 0.53 <= 0.7
2,78.0386,15.1301,124.00,145.00,152.97,154.29,0.6404,0,correlation 0.64 <= 0.7
2,78.0835,15.1420,156.30,127.00,169.15,151.06,0.2206,0,correlation 0.22 <= 0.7
2,78.0258,15.1567,112.00,145.00,146.64,153.84,0.4783,0,correlation 0.48 <= 0.7
2,78.0848,15.0538,161.00,135.00,174.33,148.65,-0.0452,0,correlation -0.05 <= 0.7
2,78.0241,15.1330,116.00,141.89,147.84,153.65,0.5269,0,correlation 0.53 <= 0.7
2,78.0711,15.1474,138.00,141.00,163.92,149.62,0.4407,0,correlation 0.44 <= 0.7
2,78.1116,15.0622,167.00,117.00,182.22,150.36,-0.4089,0,correlation -0.41 <= 0.7
2,78.1059,15.0991,161.00,101.57,177.77,148.99,-0.2488,0,correlation -0.25 <= 0.7
2,78.0199,15.0737,118.35,141.00,147.71,151.93,0.4209,0,correlation 0.42 <= 0.7
2,78.0713,15.0405,153.81,125.00,169.78,151.18,0.2474,0,correlation 0.25 <= 0.7
2,78.0595,15.1548,133.00,141.00,159.59,151.15,0.6911,0,correlation 0.69 <= 0.7
2,78.0170,15.1386,111.00,145.00,144.11,153.86,0.4042,0,correlation 0.40 <= 0.7
2,78.0823,15.0274,164.37,135.40,174.79,150.55,0.0005,0,correlation 0.00 <= 0.7
2,78.0624,15.0858,139.00,145.00,162.65,153.21,0.6934,0,correlation 0.69 <= 0.7
2,78.0745,15.1484,156.00,139.00,164.92,150.00,0.4526,0,correlation 0.45 <= 0.7
2,78.0254,15.1695,107.00,147.00,145.96,154.48,0.4433,0,correlation 0.44 <= 0.7
2,78.0312,15.0625,126.00,139.00,153.26,152.47,0.6724,0,correlation 0.67 <= 0.7
2,78.0832,15.1685,153.00,133.00,166.86,151.53,0.4004,0,correlation 0.40 <= 0.7
2,78.1045,15.0959,162.00,127.89,178.44,150.16,-0.3440,0,correlation -0.34 <= 0.7
2,78.0475,15.0332,140.13,159.87,162.26,152.33,0.6987,0,correlation 0.70 <= 0.7
2,78.1102,15.0279,195.00,132.00,184.60,149.39,-0.5265,0,correlation -0.53 <= 0.7
2,78.0338,15.0401,130.00,137.00,155.69,152.79,0.7292,0,centroids differ by 2.9 km
2,78.0307,15.1084,119.00,163.91,151.41,154.49,0.5854,0,correlation 0.59 <= 0.7
2,78.0847,15.1747,148.82,133.00,167.40,152.89,0.3886,0,correlation 0.39 <= 0.7
2,78.0376,15.1503,119.00,149.34,151.50,154.26,0.6414,0,correlation 0.64 <= 0.7
2,78.1073,15.1707,153.00,95.00,175.51,151.52,-0.1600,0,correlation -0.16 <= 0.7
2,78.0166,15.1653,107.00,145.00,142.28,155.54,0.2663,0,correlation 0.27 <= 0.7
2,78.0687,15.1601,135.00,141.00,162.48,150.89,0.5786,0,correlation 0.58 <= 0.7
2,78.0921,15.1477,167.00,130.04,171.87,148.73,-0.0525,0,correlation -0.05 <= 0.7
2,78.0860,15.1179,157.00,135.00,171.59,150.63,0.0779,0,correlation 0.08 <= 0.7
2,78.1078,15.1297,157.00,117.00,175.20,149.72,-0.0988,0,correlation -0.10 <= 0.7
2,78.0347,15.1676,118.00,144.00,149.25,152.97,0.3951,0,correlation 0.40 <= 0.7
2,78.0735,15.1228,134.00,137.00,166.31,150.37,0.4453,0,correlation 0.45 <= 0.7
2,78.0249,15.0386,123.00,139.00,152.59,151.05,0.4997,0,correlation 0.50 <= 0.7
2,78.0264,15.1055,120.00,143.00,149.87,154.35,0.5582,0,correlation 0.56 <= 0.7
2,78.0859,15.1444,159.00,127.00,169.81,150.81,0.2273,0,correlation 0.23 <= 0.7
2,77.8126,14.0180,147.00,165.00,167.48,165.76,0.7035,0,centroids differ by 1.7 km
2,77.8091,14.0311,135.00,165.63,166.34,165.62,0.6620,0,correlation 0.66 <= 0.7
2,77.8862,14.0384,167.00,158.00,177.81,158.83,0.5663,0,correlation 0.57 <= 0.7
2,77.8102,14.1104,132.06,159.00,162.04,166.39,0.6226,0,correlation 0.62 <= 0.7
2,77.8167,14.1064,138.00,161.00,162.22,165.85,0.6091,0,correlation 0.61 <= 0.7
2,77.8529,13.9828,163.00,152.00,172.13,164.17,0.5868,0,correlation 0.59 <= 0.7
2,77.8578,13.9949,161.00,151.00,172.75,161.80,0.7818,0,centroids differ by 11.0 km
2,77.8799,14.0514,163.00,149.00,174.38,159.22,0.6969,0,correlation 0.70 <= 0.7
2,77.8738,14.0109,160.94,148.02,174.94,161.01,0.7190,0,centroids differ by 13.9 km
2,77.8087,14.0192,145.00,165.00,165.87,164.90,0.6593,0,correlation 0.66 <= 0.7
2,77.8574,14.1186,144.00,153.00,165.16,161.65,0.8469,0,centroids differ by 3.5 km
2,77.8700,14.1128,154.50,150.00,167.82,161.65,0.9120,0,centroids differ by 6.2 km
2,77.9002,13.9820,177.00,145.47,183.92,157.96,0.1839,0,correlation 0.18 <= 0.7
2,77.8811,14.0683,161.00,159.00,173.64,160.63,0.7716,0,centroids differ by 13.0 km
2,77.8912,14.1121,162.00,135.00,176.93,159.59,0.5606,0,correlation 0.56 <= 0.7
2,77.8341,13.9984,154.00,159.00,169.15,162.83,0.8613,0,centroids differ by 6.3 km
2,77.8535,14.0557,147.00,159.00,168.63,162.29,0.8722,0,centroids differ by 6.3 km
2,77.8067,14.0368,135.00,166.00,166.48,165.92,0.6622,0,correlation 0.66 <= 0.7
2,77.8813,13.9946,169.00,170.17,179.26,159.32,0.5145,0,correlation 0.51 <= 0.7
2,77.8606,14.0845,155.65,146.00,167.05,161.69,0.8707,0,centroids differ by 5.4 km
2,77.8710,14.0982,157.00,161.00,169.68,161.18,0.8908,0,centroids differ by 8.5 km
2,77.9010,14.0985,163.00,136.35,176.46,158.90,0.5920,0,correlation 0.59 <= 0.7
2,77.8830,14.0443,163.00,143.00,175.74,159.57,0.6553,0,correlation 0.66 <= 0.7
2,77.8238,14.0117,147.00,161.00,167.62,164.46,0.8109,0,centroids differ by 3.2 km
2,77.8101,14.0260,144.10,165.00,167.53,164.89,0.7129,0,centroids differ by 2.6 km
2,77.8352,14.0335,151.00,155.00,167.62,162.24,0.5668,0,correlation 0.57 <= 0.7
2,77.8689,14.0529,161.00,149.00,172.00,161.55,0.7993,0,centroids differ by 10.5 km
2,77.8052,14.0707,135.00,159.00,163.87,165.53,0.6877,0,correlation 0.69 <= 0.7
2,77.8813,14.0444,163.00,144.22,175.41,159.41,0.6380,0,correlation 0.64 <= 0.7
2,77.8612,14.0966,151.00,147.00,166.34,161.41,0.8958,0,centroids differ by 4.9 km
2,77.8843,14.0562,163.00,147.00,176.06,159.35,0.6533,0,correlation 0.65 <= 0.7
2,77.8354,14.1068,137.00,166.42,162.57,163.13,0.7742,1,
2,77.8337,14.0988,139.00,166.12,163.33,163.09,0.7415,1,
2,77.8131,14.0032,149.00,165.00,167.30,164.50,0.7378,0,centroids differ by 2.8 km
2,77.8170,14.0048,141.00,160.00,168.11,165.60,0.7845,0,centroids differ by 2.5 km
2,77.8304,14.0555,141.00,153.00,165.63,164.03,0.8198,0,centroids differ by 1.6 km
2,77.6181,13.0529,166.00,167.00,189.74,171.82,0.6328,0,correlation 0.63 <= 0.7
2,77.5720,13.1921,215.00,168.64,177.31,176.96,0.3080,0,correlation 0.31 <= 0.7
2,77.6371,13.0627,243.77,171.00,191.64,169.65,0.4793,0,correlation 0.48 <= 0.7
2,77.5851,13.0597,149.00,172.00,185.72,174.99,0.5208,0,correlation 0.52 <= 0.7
2,77.5811,13.1698,137.00,177.96,179.59,176.07,0.3573,0,correlation 0.36 <= 0.7
2,77.6263,13.0546,167.00,177.00,190.70,168.23,0.4113,0,correlation 0.41 <= 0.7
2,77.5571,13.0923,137.75,175.00,179.79,177.38,0.4108,0,correlation 0.41 <= 0.7
2,77.6443,13.0773,211.95,166.65,191.38,170.29,0.5207,0,correlation 0.52 <= 0.7
2,77.6386,13.0809,185.73,165.84,190.43,170.39,0.5394,0,correlation 0.54 <= 0.7
2,77.6329,13.0999,167.00,170.00,189.64,171.75,0.6496,0,correlation 0.65 <= 0.7
2,77.5937,13.1341,231.00,177.00,183.84,174.44,0.4983,0,correlation 0.50 <= 0.7
2,77.6331,13.1230,163.00,168.28,189.16,172.13,0.6504,0,correlation 0.65 <= 0.7
2,77.5894,13.1917,217.00,179.00,181.04,175.40,0.3908,0,correlation 0.39 <= 0.7
2,77.5590,13.1789,129.00,175.00,176.33,177.85,0.4034,0,correlation 0.40 <= 0.7
2,77.6311,13.1047,161.00,170.00,188.95,171.77,0.6639,0,correlation 0.66 <= 0.7
2,77.6028,13.1397,149.79,166.94,184.79,173.41,0.5366,0,correlation 0.54 <= 0.7
2,77.5642,13.1585,217.00,174.00,178.91,176.37,0.3629,0,correlation 0.36 <= 0.7
2,77.5700,13.0603,229.00,174.00,183.62,175.73,0.4486,0,correlation 0.45 <= 0.7
2,77.6041,13.1372,150.00,173.93,184.74,173.20,0.5634,0,correlation 0.56 <= 0.7
2,77.5743,13.1534,137.00,173.00,181.11,176.31,0.3918,0,correlation 0.39 <= 0.7
2,77.5625,13.1480,219.00,175.00,177.12,176.39,0.2062,0,correlation 0.21 <= 0.7
2,77.5748,13.0489,239.54,179.00,184.88,175.68,0.4968,0,correlation 0.50 <= 0.7
2,77.5536,13.1861,134.57,182.06,175.85,177.94,0.3796,0,correlation 0.38 <= 0.7
2,77.6114,13.0444,173.00,168.00,189.04,173.12,0.6803,0,correlation 0.68 <= 0.7
2,77.6163,13.0586,165.00,167.00,188.87,171.82,0.6481,0,correlation 0.65 <= 0.7
2,77.5702,13.0770,227.00,174.00,182.40,176.23,0.4693,0,correlation 0.47 <= 0.7
2,77.6258,13.1425,161.00,160.00,187.51,172.45,0.5290,0,correlation 0.53 <= 0.7
2,77.6360,13.1195,165.00,158.50,189.63,171.58,0.6403,0,correlation 0.64 <= 0.7
2,77.6357,13.0471,178.66,163.00,191.65,168.40,0.3935,0,correlation 0.39 <= 0.7
2,77.6111,13.0906,175.00,169.00,188.23,173.33,0.6352,0,correlation 0.64 <= 0.7
2,77.5893,13.0740,238.00,175.35,185.56,175.04,0.5225,0,correlation 0.52 <= 0.7
2,77.5503,13.1476,128.00,185.00,176.58,176.92,0.2926,0,correlation 0.29 <= 0.7
2,77.6426,13.1743,157.00,172.00,187.83,171.29,0.6628,0,correlation 0.66 <= 0.7
2,77.6251,13.1707,171.00,175.83,185.14,172.09,0.6604,0,correlation 0.66 <= 0.7
2,77.5696,13.0660,147.00,174.00,183.01,175.36,0.4675,0,correlation 0.47 <= 0.7
2,77.6247,13.0947,165.00,173.00,189.01,171.98,0.6661,0,correlation 0.67 <= 0.7
2,77.8474,13.9926,153.00,158.52,171.72,168.16,0.3722,0,correlation 0.37 <= 0.7
2,77.9201,14.0209,175.00,136.00,185.73,153.50,-0.0644,0,correlation -0.06 <= 0.7
2,77.9232,14.1074,167.00,142.11,180.59,158.47,0.3240,0,correlation 0.32 <= 0.7
2,77.9110,14.0644,173.56,133.73,179.07,158.03,0.3944,0,correlation 0.39 <= 0.7
2,77.9027,14.0939,164.00,142.23,176.94,158.56,0.5612,0,correlation 0.56 <= 0.7
2,77.8871,13.9603,180.00,161.00,182.80,157.58,0.2600,0,correlation 0.26 <= 0.7
2,77.9253,13.9659,182.35,151.00,191.24,155.76,-0.1653,0,correlation -0.17 <= 0.7
2,77.8435,14.0456,150.60,151.00,167.86,163.50,0.8780,0,centroids differ by 4.4 km
2,77.9187,14.0051,175.00,151.00,186.38,156.13,-0.0360,0,correlation -0.04 <= 0.7
2,77.8760,14.0821,154.84,161.00,170.52,160.63,0.8174,0,centroids differ by 9.9 km
2,77.8981,14.0585,163.17,137.00,178.66,157.39,0.3800,0,correlation 0.38 <= 0.7
2,77.9026,14.0216,175.76,155.00,181.56,158.19,0.3008,0,correlation 0.30 <= 0.7
2,77.8765,14.0494,159.90,144.91,173.42,159.78,0.7758,0,centroids differ by 13.6 km
2,77.8493,14.0809,147.00,155.00,166.33,162.94,0.8471,0,centroids differ by 3.4 km
2,77.9030,14.0433,173.34,147.00,180.27,158.81,0.3860,0,correlation 0.39 <= 0.7
2,77.8851,13.9689,176.00,149.58,181.98,158.19,0.3100,0,correlation 0.31 <= 0.7
2,77.8795,14.0145,167.00,155.00,176.51,159.87,0.6360,0,correlation 0.64 <= 0.7
2,77.9208,14.0247,175.00,147.03,185.82,153.08,-0.0901,0,correlation -0.09 <= 0.7
2,77.9244,14.0049,179.00,138.07,187.94,155.51,-0.0731,0,correlation -0.07 <= 0.7
2,77.8559,14.0441,156.00,153.00,168.83,162.35,0.8737,0,centroids differ by 6.5 km
2,77.8812,14.0654,161.00,156.05,173.82,160.40,0.7545,0,centroids differ by 13.4 km
2,77.8522,14.0557,149.00,159.00,168.72,161.93,0.8511,0,centroids differ by 6.8 km
2,77.8922,14.0095,171.00,147.31,180.74,157.84,0.3351,0,correlation 0.34 <= 0.7
2,77.8807,14.0808,160.00,149.00,172.74,160.72,0.7984,0,centroids differ by 12.0 km
2,77.9044,14.0457,171.00,149.84,173.56,157.98,0.2389,0,correlation 0.24 <= 0.7
2,77.9255,14.0334,175.00,138.19,186.42,155.73,0.0215,0,correlation 0.02 <= 0.7
2,77.8796,13.9877,169.00,149.00,178.84,159.33,0.5420,0,correlation 0.54 <= 0.7
2,77.9305,14.1024,169.00,133.00,183.07,157.52,0.2382,0,correlation 0.24 <= 0.7
2,77.8590,13.9808,163.00,151.00,173.38,160.96,0.6094,0,correlation 0.61 <= 0.7
2,77.9195,14.0086,177.67,137.00,186.42,155.52,-0.0627,0,correlation -0.06 <= 0.7
2,77.8960,14.0566,161.00,154.00,178.54,158.19,0.4307,0,correlation 0.43 <= 0.7
2,77.8698,14.0693,159.00,146.36,170.98,160.44,0.8275,0,centroids differ by 10.5 km
2,77.8440,13.9785,153.00,157.00,171.69,161.23,0.8297,0,centroids differ by 10.5 km
2,77.8892,14.0977,247.00,154.12,178.60,159.75,0.5418,0,correlation 0.54 <= 0.7
2,77.9229,14.1050,167.00,142.05,180.66,158.60,0.3390,0,correlation 0.34 <= 0.7
2,77.8861,14.0873,159.00,141.56,174.99,159.40,0.6757,0,correlation 0.68 <= 0.7
2,77.8184,13.7409,175.00,163.00,181.41,163.11,0.6122,0,correlation 0.61 <= 0.7
2,77.8094,13.8136,163.00,165.00,177.69,161.89,0.7071,0,centroids differ by 15.8 km
2,77.8506,13.8304,175.00,155.00,182.00,158.10,0.3159,0,correlation 0.32 <= 0.7
2,77.8248,13.8575,166.00,159.00,175.17,162.22,0.8115,0,centroids differ by 13.0 km
2,77.8437,13.8294,177.00,159.00,179.17,159.62,0.4893,0,correlation 0.49 <= 0.7
2,77.8250,13.7525,174.18,162.08,181.91,160.34,0.4909,0,correlation 0.49 <= 0.7
2,77.7564,13.7659,155.00,172.00,176.09,166.15,0.7186,0,centroids differ by 9.9 km
2,77.7788,13.8320,156.00,160.00,174.50,164.38,0.7537,0,centroids differ by 10.1 km
2,77.8177,13.7924,172.00,151.00,178.46,162.05,0.6898,0,correlation 0.69 <= 0.7
2,77.8388,13.7484,183.00,155.00,183.94,159.27,0.2344,0,correlation 0.23 <= 0.7
2,77.8270,13.7622,171.00,157.67,181.90,160.88,0.5133,0,correlation 0.51 <= 0.7
2,77.8127,13.7641,164.00,145.00,179.85,162.33,0.6403,0,correlation 0.64 <= 0.7
2,77.7665,13.7832,154.62,167.00,176.34,165.54,0.7719,0,centroids differ by 10.8 km
2,77.8108,13.8602,161.42,165.00,175.27,162.88,0.8076,0,centroids differ by 12.4 km
2,77.7893,13.7681,158.92,166.32,178.81,163.74,0.7382,0,centroids differ by 15.1 km
2,77.8102,13.7529,173.00,165.00,179.69,162.53,0.6446,0,correlation 0.64 <= 0.7
2,77.8079,13.7712,167.00,165.00,178.76,163.25,0.7341,0,centroids differ by 15.5 km
2,77.8335,13.8340,171.00,155.00,178.44,160.74,0.6226,0,correlation 0.62 <= 0.7
2,77.8409,13.7240,186.00,159.00,187.35,159.33,0.1543,0,correlation 0.15 <= 0.7
2,77.7551,13.8254,146.55,185.00,171.67,167.35,0.7684,0,centroids differ by 4.3 km
2,77.8012,13.8468,161.00,159.00,175.02,162.62,0.8069,0,centroids differ by 12.4 km
2,77.8233,13.7615,177.00,159.00,181.23,160.61,0.5233,0,correlation 0.52 <= 0.7
2,77.7904,13.8549,149.00,169.00,166.36,164.20,0.2723,0,correlation 0.27 <= 0.7
2,77.8340,13.8468,165.00,155.98,177.48,161.38,0.6945,0,correlation 0.69 <= 0.7
2,77.7556,13.8585,149.00,175.00,169.33,167.58,0.6554,0,correlation 0.66 <= 0.7
2,77.7714,13.8566,144.53,172.00,172.00,166.07,0.7157,0,centroids differ by 5.9 km
2,77.8093,13.7599,163.76,164.00,179.20,162.90,0.7255,0,centroids differ by 16.3 km
2,77.7610,13.8531,147.00,173.00,171.43,166.96,0.7443,0,centroids differ by 4.5 km
2,77.8219,13.7441,173.00,155.00,182.26,161.59,0.5209,0,correlation 0.52 <= 0.7
2,77.8472,13.8058,181.00,156.27,183.23,159.65,0.3562,0,correlation 0.36 <= 0.7
2,77.8383,13.8022,171.00,159.00,181.95,160.49,0.4832,0,correlation 0.48 <= 0.7
2,77.8249,13.7543,174.39,153.00,181.77,160.43,0.5018,0,correlation 0.50 <= 0.7
2,77.8463,13.8364,179.00,155.00,180.67,158.57,0.4313,0,correlation 0.43 <= 0.7
2,77.8272,13.7235,177.84,161.00,184.62,161.34,0.4013,0,correlation 0.40 <= 0.7
2,77.8247,13.8505,166.00,165.00,176.03,161.71,0.7710,0,centroids differ by 14.3 km
2,77.7553,13.7270,169.00,157.00,177.93,166.50,0.7613,0,centroids differ by 11.4 km
2,77.7080,13.4051,169.00,165.00,188.18,166.89,0.4794,0,correlation 0.48 <= 0.7
2,77.6222,13.3953,215.00,172.00,176.71,175.82,0.5599,0,correlation 0.56 <= 0.7
2,77.6883,13.3502,223.00,167.00,188.26,168.51,0.5416,0,correlation 0.54 <= 0.7
2,77.6298,13.3896,210.00,184.00,176.91,174.56,0.5171,0,correlation 0.52 <= 0.7
2,77.6274,13.4289,210.00,177.00,175.20,174.06,0.5070,0,correlation 0.51 <= 0.7
2,77.6499,13.3545,144.53,181.00,180.96,172.06,0.6539,0,correlation 0.65 <= 0.7
2,77.6263,13.3735,132.00,171.84,175.99,173.31,0.4233,0,correlation 0.42 <= 0.7
2,77.6182,13.3718,217.00,183.76,176.61,174.55,0.4817,0,correlation 0.48 <= 0.7
2,77.6254,13.3299,213.00,183.00,179.80,173.10,0.5131,0,correlation 0.51 <= 0.7
2,77.6234,13.4201,213.00,175.00,174.44,173.12,0.4320,0,correlation 0.43 <= 0.7
2,77.7080,13.3543,184.75,160.00,190.23,166.42,0.3470,0,correlation 0.35 <= 0.7
2,77.7096,13.4573,179.00,171.00,185.54,168.19,0.6269,0,correlation 0.63 <= 0.7
2,77.6381,13.4694,201.00,173.00,172.52,172.74,0.4267,0,correlation 0.43 <= 0.7
2,77.6804,13.3283,185.00,171.00,186.93,170.50,0.6460,0,correlation 0.65 <= 0.7
2,77.6227,13.4426,209.00,177.00,172.74,172.95,0.4280,0,correlation 0.43 <= 0.7
2,77.6604,13.3646,213.00,167.00,181.53,171.35,0.6801,0,correlation 0.68 <= 0.7
2,77.6762,13.3982,214.00,165.00,183.78,168.76,0.6040,0,correlation 0.60 <= 0.7
2,77.6950,13.4283,179.00,163.00,185.27,168.86,0.6218,0,correlation 0.62 <= 0.7
2,77.7040,13.4253,179.00,161.00,185.75,168.34,0.5797,0,correlation 0.58 <= 0.7
2,77.6235,13.4193,213.00,175.00,174.58,173.16,0.4323,0,correlation 0.43 <= 0.7
2,77.6686,13.3576,165.82,167.00,183.43,170.03,0.6721,0,correlation 0.67 <= 0.7
2,77.6959,13.3266,189.00,163.00,189.81,168.26,0.4688,0,correlation 0.47 <= 0.7
2,77.6408,13.4468,203.00,171.00,175.54,171.83,0.4575,0,correlation 0.46 <= 0.7
2,77.6370,13.3789,207.00,170.00,177.61,173.72,0.4819,0,correlation 0.48 <= 0.7
2,77.7125,13.4511,187.00,161.00,186.45,168.28,0.6203,0,correlation 0.62 <= 0.7
2,77.6847,13.4250,184.00,163.00,183.33,168.00,0.6059,0,correlation 0.61 <= 0.7
2,77.6312,13.3720,209.00,181.00,177.19,173.02,0.3951,0,correlation 0.40 <= 0.7
2,77.6354,13.3692,134.99,181.00,177.32,173.09,0.4619,0,correlation 0.46 <= 0.7
2,77.6747,13.3845,213.00,165.00,183.51,169.30,0.5711,0,correlation 0.57 <= 0.7
2,77.6934,13.4138,217.00,163.00,185.39,167.47,0.5997,0,correlation 0.60 <= 0.7
2,77.7104,13.4044,181.00,165.00,187.97,166.97,0.4737,0,correlation 0.47 <= 0.7
2,77.6708,13.4368,163.28,165.00,179.46,169.09,0.6813,0,correlation 0.68 <= 0.7
2,77.6396,13.4403,203.00,171.00,175.95,172.01,0.4654,0,correlation 0.47 <= 0.7
2,77.6402,13.3693,203.69,165.00,179.41,173.45,0.6014,0,correlation 0.60 <= 0.7
2,77.7140,13.3624,185.00,159.00,189.72,166.22,0.3278,0,correlation 0.33 <= 0.7
2,77.7051,13.3982,166.11,163.00,187.81,165.95,0.4828,0,correlation 0.48 <= 0.7
2,77.5580,13.0153,145.00,179.00,182.96,177.38,0.4209,0,correlation 0.42 <= 0.7
2,77.5865,13.1230,143.00,179.00,183.64,175.02,0.4466,0,correlation 0.45 <= 0.7
2,77.5918,13.0387,233.72,171.00,187.44,174.31,0.6634,0,correlation 0.66 <= 0.7
2,77.5580,13.0859,133.00,176.00,180.53,177.01,0.4053,0,correlation 0.41 <= 0.7
2,77.5958,13.0341,229.00,171.00,187.22,173.91,0.6630,0,correlation 0.66 <= 0.7
2,77.6011,13.0014,165.58,169.00,189.67,173.45,0.6799,0,correlation 0.68 <= 0.7
2,77.5483,13.0740,136.75,177.00,180.00,178.27,0.4313,0,correlation 0.43 <= 0.7
2,77.6195,13.1096,158.02,173.00,187.90,172.40,0.6391,0,correlation 0.64 <= 0.7
2,77.5839,13.1222,233.82,179.00,183.68,176.08,0.4468,0,correlation 0.45 <= 0.7
2,77.5731,13.0408,237.00,179.00,184.67,175.96,0.5187,0,correlation 0.52 <= 0.7
2,77.5928,13.0067,223.00,173.93,187.97,174.26,0.6643,0,correlation 0.66 <= 0.7
2,77.5485,13.0352,150.00,179.00,180.16,178.03,0.3572,0,correlation 0.36 <= 0.7
2,77.5868,13.0681,237.00,171.58,185.39,175.09,0.5286,0,correlation 0.53 <= 0.7
2,77.5476,13.1302,132.00,180.00,176.94,170.79,0.0266,0,correlation 0.03 <= 0.7
2,77.5470,13.1200,131.00,179.00,176.99,178.54,0.3819,0,correlation 0.38 <= 0.7
2,77.6265,13.0232,194.00,165.84,190.51,171.75,0.5844,0,correlation 0.58 <= 0.7
2,77.5957,13.0779,153.00,171.80,186.78,173.58,0.5863,0,correlation 0.59 <= 0.7
2,77.6110,13.0796,239.00,172.78,188.37,158.78,-0.0103,0,correlation -0.01 <= 0.7
2,77.5519,13.0533,144.06,177.00,181.27,177.88,0.4477,0,correlation 0.45 <= 0.7
2,77.5427,13.0827,136.00,179.00,177.83,178.07,0.4022,0,correlation 0.40 <= 0.7
2,77.5831,13.1355,239.00,179.00,182.91,175.68,0.4146,0,correlation 0.41 <= 0.7
2,77.5679,13.0118,247.82,177.00,185.57,176.91,0.4971,0,correlation 0.50 <= 0.7
2,77.5453,13.1366,137.00,181.00,176.39,164.69,-0.0853,0,correlation -0.09 <= 0.7
2,77.5544,13.0763,225.00,177.00,180.06,177.01,0.3686,0,correlation 0.37 <= 0.7
2,77.5961,13.1043,233.00,173.98,185.06,172.42,0.3524,0,correlation 0.35 <= 0.7
2,77.5447,13.0484,137.00,183.00,180.64,177.94,0.4605,0,correlation 0.46 <= 0.7
2,77.6312,13.0031,189.00,165.00,192.13,171.75,0.4969,0,correlation 0.50 <= 0.7
2,77.5380,13.0262,139.00,180.00,180.28,178.54,0.3737,0,correlation 0.37 <= 0.7
2,77.5736,13.0235,241.00,182.34,185.16,175.64,0.5248,0,correlation 0.52 <= 0.7
2,77.5778,13.0686,237.78,174.60,184.29,175.96,0.5092,0,correlation 0.51 <= 0.7
2,77.5564,13.0683,147.59,177.00,181.57,177.62,0.4030,0,correlation 0.40 <= 0.7
2,77.6079,13.0881,229.00,172.00,187.96,172.16,0.5334,0,correlation 0.53 <= 0.7
2,77.6322,13.0771,180.24,171.00,190.51,172.44,0.6418,0,correlation 0.64 <= 0.7
2,77.5698,13.1304,137.00,177.87,181.00,176.36,0.3679,0,correlation 0.37 <= 0.7
2,77.5449,13.1193,131.00,176.25,177.09,178.89,0.3039,0,correlation 0.30 <= 0.7
2,77.5667,13.1209,205.00,177.00,181.04,158.41,-0.1098,0,correlation -0.11 <= 0.7
2,77.8250,13.7868,175.00,161.00,180.23,160.02,0.5263,0,correlation 0.53 <= 0.7
2,77.8584,13.8933,175.00,154.03,180.80,160.14,0.5549,0,correlation 0.55 <= 0.7
2,77.8608,13.8532,175.00,145.00,180.51,159.03,0.2774,0,correlation 0.28 <= 0.7
2,77.7617,13.7682,153.00,166.00,175.80,165.77,0.7484,0,centroids differ by 10.0 km
2,77.8116,13.8994,149.00,160.20,173.10,162.21,0.7941,0,centroids differ by 10.9 km
2,77.7793,13.8100,157.00,171.00,176.20,165.57,0.7679,0,centroids differ by 10.6 km
2,77.8539,13.7858,185.00,157.00,186.32,158.28,0.1018,0,correlation 0.10 <= 0.7
2,77.7868,13.8164,159.00,167.00,174.64,163.99,0.7134,0,centroids differ by 10.7 km
2,77.8447,13.8683,171.00,159.00,178.14,160.48,0.6121,0,correlation 0.61 <= 0.7
2,77.8010,13.8437,161.00,160.00,175.14,162.63,0.7955,0,centroids differ by 12.5 km
2,77.7685,13.8807,145.00,169.00,171.32,166.41,0.7292,0,centroids differ by 4.9 km
2,77.8056,13.8440,154.00,160.00,175.52,162.74,0.7679,0,centroids differ by 12.8 km
2,77.8282,13.8894,163.00,161.00,174.29,162.04,0.8255,0,centroids differ by 12.3 km
2,77.8240,13.7931,173.00,161.00,179.86,160.53,0.5762,0,correlation 0.58 <= 0.7
2,77.8119,13.8234,163.00,157.00,176.80,162.23,0.7509,0,centroids differ by 14.6 km
2,77.7784,13.8366,155.77,161.00,174.33,165.10,0.7435,0,centroids differ by 9.2 km
2,77.8605,13.7747,183.88,154.00,185.38,157.39,-0.0205,0,correlation -0.02 <= 0.7
2,77.8291,13.8626,166.00,159.00,176.69,161.04,0.7406,0,centroids differ by 15.6 km
2,77.8293,13.8581,166.23,159.00,176.80,160.82,0.7365,0,centroids differ by 16.0 km
2,77.7776,13.8027,157.00,171.00,176.33,161.48,0.4143,0,correlation 0.41 <= 0.7
2,77.8487,13.8289,179.00,155.00,181.31,158.34,0.3536,0,correlation 0.35 <= 0.7
2,77.7842,13.9026,148.00,169.00,170.88,164.58,0.7943,0,centroids differ by 6.3 km
2,77.8133,13.8604,159.00,155.00,176.20,162.96,0.7663,0,centroids differ by 13.2 km
2,77.7676,13.8520,147.00,162.00,172.76,166.28,0.6802,0,correlation 0.68 <= 0.7
2,77.8244,13.8181,169.00,152.64,177.85,160.93,0.6447,0,correlation 0.64 <= 0.7
2,77.8288,13.8337,169.00,159.00,178.00,161.31,0.6829,0,correlation 0.68 <= 0.7
2,77.8505,13.8964,172.00,168.00,177.62,160.77,0.6664,0,correlation 0.67 <= 0.7
2,77.8319,13.8561,171.00,161.00,176.99,160.40,0.7147,0,centroids differ by 16.6 km
2,77.8450,13.8789,170.00,157.00,177.67,160.18,0.6367,0,correlation 0.64 <= 0.7
2,77.7938,13.8570,151.00,162.47,174.24,162.69,0.7886,0,centroids differ by 11.6 km
2,77.8552,13.7680,185.00,157.00,186.34,158.81,0.0758,0,correlation 0.08 <= 0.7
2,77.7811,13.7830,157.00,171.00,176.93,163.56,0.7124,0,centroids differ by 13.4 km
2,77.7637,13.7661,153.00,147.97,176.52,165.84,0.7323,0,centroids differ by 10.7 km
2,77.8351,13.7904,169.00,151.00,182.25,159.77,0.4322,0,correlation 0.43 <= 0.7
2,77.8418,13.7662,184.00,159.00,184.51,158.46,0.2514,0,correlation 0.25 <= 0.7
2,77.8465,13.8780,173.00,146.00,176.55,159.98,0.5832,0,correlation 0.58 <= 0.7
2,77.9005,14.0953,163.00,136.00,176.64,159.09,0.5677,0,correlation 0.57 <= 0.7
2,77.8287,14.1846,131.00,157.00,160.68,164.13,0.4943,0,correlation 0.49 <= 0.7
2,77.8174,14.0832,134.45,155.00,165.18,159.22,0.2112,0,correlation 0.21 <= 0.7
2,77.8484,14.0871,149.00,162.00,166.08,162.80,0.8315,0,centroids differ by 3.3 km
2,77.8547,14.1847,141.00,157.00,161.59,162.92,0.6718,0,correlation 0.67 <= 0.7
2,77.8842,14.0713,161.00,147.00,174.14,160.56,0.6996,0,correlation 0.70 <= 0.7
2,77.8457,14.0936,145.63,161.00,165.19,163.22,0.7944,0,centroids differ by 2.0 km
2,77.8898,14.1651,153.00,158.62,170.57,161.34,0.8093,0,centroids differ by 9.2 km
2,77.9017,14.1461,153.00,156.19,173.39,158.71,0.6165,0,correlation 0.62 <= 0.7
2,77.8438,14.1759,132.51,165.00,160.10,163.65,0.6107,0,correlation 0.61 <= 0.7
2,77.9006,14.1147,161.00,153.00,175.40,158.84,0.6717,0,correlation 0.67 <= 0.7
2,77.8459,14.1901,139.00,145.00,159.90,162.71,0.6194,0,correlation 0.62 <= 0.7
2,77.8816,14.1748,149.00,140.86,166.10,162.47,0.8722,0,centroids differ by 3.6 km
2,77.8761,14.1493,149.00,155.00,162.02,161.60,0.6356,0,correlation 0.64 <= 0.7
2,77.8331,14.0954,141.00,157.00,163.29,162.90,0.7564,1,
2,77.8097,14.1209,131.00,159.00,161.57,165.69,0.6074,0,correlation 0.61 <= 0.7
2,77.8347,14.0983,135.00,166.31,162.90,162.87,0.7475,1,
2,77.8169,14.1604,133.00,161.00,160.59,165.44,0.5637,0,correlation 0.56 <= 0.7
2,77.8644,14.1915,140.42,155.00,161.60,162.50,0.7141,1,
2,77.8075,14.1059,133.00,157.00,161.75,165.89,0.6840,0,correlation 0.68 <= 0.7
2,77.8757,14.2068,147.00,165.00,163.03,162.79,0.7756,1,
2,77.8619,14.1573,143.02,157.34,163.37,161.11,0.7289,0,centroids differ by 2.3 km
2,77.8521,14.1904,138.00,155.00,160.66,162.21,0.5652,0,correlation 0.57 <= 0.7
2,77.9029,14.1652,151.00,137.00,172.22,160.29,0.7261,0,centroids differ by 11.9 km
2,77.8874,14.1093,157.00,142.00,173.71,158.45,0.4281,0,correlation 0.43 <= 0.7
2,77.8068,14.2076,122.00,159.00,156.32,166.27,0.3720,0,correlation 0.37 <= 0.7
2,77.8111,14.2060,121.65,168.63,157.74,165.90,0.4201,0,correlation 0.42 <= 0.7
2,77.8677,14.1304,149.00,149.00,165.31,161.04,0.8750,0,centroids differ by 4.3 km
2,77.8790,14.1820,149.00,144.00,165.91,162.73,0.8688,0,centroids differ by 3.2 km
2,77.8732,14.1881,145.00,143.00,162.68,162.53,0.8631,1,
2,77.8177,14.1555,137.16,161.00,160.87,165.66,0.5598,0,correlation 0.56 <= 0.7
2,77.8780,14.1440,148.00,151.79,167.29,161.51,0.8308,0,centroids differ by 5.8 km
2,77.8890,14.1287,155.00,161.00,174.16,160.87,0.7487,0,centroids differ by 13.3 km
2,77.8689,14.1510,147.00,143.00,163.94,161.03,0.8900,0,centroids differ by 2.9 km
2,77.8824,14.1143,155.00,149.00,170.90,158.81,0.5808,0,correlation 0.58 <= 0.7
2,77.8465,14.1009,146.00,163.00,165.05,163.01,0.7687,0,centroids differ by 2.0 km
