iteration,footpoint_lat,footpoint_lon,peak_lyr_km,peak_nya_km,centroid_lyr_km,centroid_nya_km,corr,accepted,reason
2,77.6663,13.7640,105.00,157.00,156.41,162.61,0.2861,0,correlation 0.29 <= 0.7
2,77.7391,13.8135,147.00,143.00,168.35,158.16,0.5769,0,correlation 0.58 <= 0.7
2,77.7027,13.7171,129.00,153.00,168.74,160.81,0.4986,0,correlation 0.50 <= 0.7
2,77.6922,13.7173,133.00,153.00,165.45,161.41,0.4398,0,correlation 0.44 <= 0.7
2,77.7610,13.8334,143.00,139.00,171.98,160.17,0.7204,0,centroids differ by 11.8 km
2,77.6681,13.7215,107.00,155.00,159.32,163.34,0.2815,0,correlation 0.28 <= 0.7
2,77.7286,13.7555,143.00,147.00,170.90,160.65,0.6343,0,correlation 0.63 <= 0.7
2,77.6677,13.7153,107.00,153.00,159.64,163.51,0.2795,0,correlation 0.28 <= 0.7
2,77.7041,13.7390,129.00,151.00,167.28,161.12,0.5031,0,correlation 0.50 <= 0.7
2,77.6971,13.7398,131.00,153.00,165.06,161.30,0.4430,0,correlation 0.44 <= 0.7
2,77.6739,13.7814,103.00,157.00,156.51,162.37,0.3301,0,correlation 0.33 <= 0.7
2,77.7442,13.7696,149.00,143.00,173.03,158.73,0.6114,0,correlation 0.61 <= 0.7
2,77.7231,13.8338,121.00,145.00,164.33,158.89,0.5465,0,correlation 0.55 <= 0.7
2,77.6736,13.8114,101.00,155.00,154.70,162.93,0.3423,0,correlation 0.34 <= 0.7
2,77.7636,13.8018,155.00,139.00,175.16,158.17,0.6000,0,correlation 0.60 <= 0.7
2,77.6770,13.7348,113.00,156.00,160.14,162.28,0.3569,0,correlation 0.36 <= 0.7
2,77.7151,13.7357,127.00,149.00,169.99,160.71,0.5605,0,correlation 0.56 <= 0.7
2,77.6689,13.7589,105.00,157.00,157.03,162.46,0.2967,0,correlation 0.30 <= 0.7
2,77.7065,13.7343,127.00,151.00,168.31,160.97,0.5184,0,correlation 0.52 <= 0.7
2,77.7150,13.7181,159.00,151.00,171.26,160.50,0.5397,0,correlation 0.54 <= 0.7
2,77.7515,13.7198,151.00,143.00,178.55,159.54,0.5520,0,correlation 0.55 <= 0.7
2,77.7336,13.7471,153.00,147.00,172.05,160.10,0.6324,0,correlation 0.63 <= 0.7
2,77.7011,13.7407,129.00,153.00,166.23,161.23,0.4741,0,correlation 0.47 <= 0.7
2,77.6843,13.8314,101.00,153.00,154.92,162.75,0.3468,0,correlation 0.35 <= 0.7
2,77.6704,13.7810,103.00,157.00,155.96,162.38,0.3077,0,correlation 0.31 <= 0.7
2,77.6987,13.8207,127.00,151.00,158.29,162.02,0.4444,0,correlation 0.44 <= 0.7
2,77.6722,13.7051,113.00,153.00,161.21,163.29,0.3316,0,correlation 0.33 <= 0.7
2,77.6835,13.6961,135.00,151.00,164.36,162.42,0.4087,0,correlation 0.41 <= 0.7
2,77.7310,13.8153,141.00,145.00,167.30,158.54,0.5524,0,correlation 0.55 <= 0.7
2,77.6860,13.7559,113.00,155.00,160.22,161.53,0.3985,0,correlation 0.40 <= 0.7
2,77.7033,13.7729,129.00,151.00,164.12,161.58,0.4932,0,correlation 0.49 <= 0.7
2,77.6666,13.7312,107.00,155.00,158.40,163.24,0.2710,0,correlation 0.27 <= 0.7
2,77.7571,13.7552,147.00,141.00,177.26,157.66,0.5249,0,correlation 0.52 <= 0.7
2,77.7500,13.7102,151.00,143.00,178.86,159.21,0.5254,0,correlation 0.53 <= 0.7
2,77.6753,13.8390,101.00,155.00,153.42,163.19,0.2768,0,correlation 0.28 <= 0.7
2,77.7343,13.7727,151.00,145.00,170.47,159.91,0.6297,0,correlation 0.63 <= 0.7
2,77.8631,14.2444,135.00,177.00,158.69,160.50,0.5771,0,correlation 0.58 <= 0.7
2,77.9384,14.3190,149.00,155.00,169.07,154.37,0.8025,0,centroids differ by 14.7 km
2,77.8963,14.2283,147.00,163.00,166.97,158.69,0.7465,0,centroids differ by 8.3 km
2,77.9168,14.3605,141.00,159.00,161.89,156.73,0.7878,0,centroids differ by 5.2 km
2,77.8690,14.2150,143.00,175.00,160.99,159.85,0.6778,0,correlation 0.68 <= 0.7
2,77.8928,14.3604,131.00,163.00,156.33,160.13,0.4455,0,correlation 0.45 <= 0.7
2,77.9030,14.2562,145.00,137.00,166.66,158.51,0.7717,0,centroids differ by 8.1 km
2,77.9030,14.2809,143.00,135.00,164.67,158.79,0.7765,0,centroids differ by 5.9 km
2,77.9352,14.2936,151.00,155.00,170.28,155.59,0.7868,0,centroids differ by 14.7 km
2,77.9028,14.2552,145.00,137.00,166.68,158.52,0.7709,0,centroids differ by 8.2 km
2,77.8835,14.2448,141.00,171.00,162.18,159.45,0.6821,0,correlation 0.68 <= 0.7
2,77.8800,14.2193,143.00,173.00,163.12,159.29,0.6964,0,correlation 0.70 <= 0.7
2,77.8840,14.3353,133.00,139.00,155.90,160.47,0.4502,0,correlation 0.45 <= 0.7
2,77.9005,14.3576,135.00,161.00,158.22,159.26,0.5654,0,correlation 0.57 <= 0.7
2,77.8797,14.2306,141.00,173.00,162.23,159.45,0.6805,0,correlation 0.68 <= 0.7
2,77.8563,14.3407,121.00,172.00,151.54,162.36,0.1794,0,correlation 0.18 <= 0.7
2,77.8732,14.3198,133.00,141.00,154.85,161.05,0.3889,0,correlation 0.39 <= 0.7
2,77.9111,14.3243,141.00,159.00,163.34,158.36,0.7977,0,centroids differ by 5.0 km
2,77.8803,14.2699,139.00,169.00,159.56,160.10,0.6176,0,correlation 0.62 <= 0.7
2,77.8864,14.2204,143.00,171.00,164.85,159.00,0.7120,0,centroids differ by 5.8 km
2,77.8791,14.3153,135.00,169.00,156.07,160.59,0.4614,0,correlation 0.46 <= 0.7
2,77.8629,14.3561,121.00,143.00,151.48,162.00,0.1800,0,correlation 0.18 <= 0.7
2,77.8713,14.3106,129.00,169.00,155.25,161.13,0.4040,0,correlation 0.40 <= 0.7
2,77.8787,14.2469,141.00,169.00,160.77,159.71,0.6523,0,correlation 0.65 <= 0.7
2,77.9372,14.2923,151.00,155.00,170.86,155.32,0.7726,0,centroids differ by 15.5 km
2,77.8754,14.2300,143.00,173.00,161.15,159.73,0.6664,0,correlation 0.67 <= 0.7
2,77.9361,14.3194,149.00,155.00,168.47,154.71,0.8173,0,centroids differ by 13.8 km
2,77.9276,14.3127,147.00,157.00,167.36,156.32,0.8374,0,centroids differ by 11.0 km
2,77.9507,14.2788,169.00,153.00,175.85,153.47,0.5680,0,correlation 0.57 <= 0.7
2,77.9286,14.2130,157.00,131.00,175.15,156.64,0.6359,0,correlation 0.64 <= 0.7
2,77.8648,14.2208,137.00,177.00,160.21,160.15,0.6501,0,correlation 0.65 <= 0.7
2,77.9473,14.3140,157.00,155.00,171.94,153.36,0.7119,0,centroids differ by 18.6 km
2,77.9375,14.3156,149.00,155.00,169.10,154.57,0.8028,0,centroids differ by 14.5 km
2,77.8976,14.2980,139.00,137.00,161.89,159.27,0.7170,0,centroids differ by 2.6 km
2,77.8966,14.2459,145.00,163.00,165.69,158.86,0.7515,0,centroids differ by 6.8 km
2,77.8563,14.3112,123.00,177.00,153.50,161.81,0.2922,0,correlation 0.29 <= 0.7
2,77.6801,13.5830,139.00,149.00,173.10,163.07,0.5992,0,correlation 0.60 <= 0.7
2,77.7323,13.6771,157.00,147.00,177.08,159.08,0.5162,0,correlation 0.52 <= 0.7
2,77.7268,13.7077,155.00,149.00,173.70,159.89,0.5661,0,correlation 0.57 <= 0.7
2,77.7051,13.5728,157.00,147.00,179.45,161.78,0.5905,0,correlation 0.59 <= 0.7
2,77.6915,13.6821,133.00,151.00,168.29,161.89,0.4638,0,correlation 0.46 <= 0.7
2,77.7420,13.5983,171.00,143.00,184.53,159.03,0.3413,0,correlation 0.34 <= 0.7
2,77.6877,13.6152,137.00,149.00,172.82,162.93,0.5895,0,correlation 0.59 <= 0.7
2,77.6853,13.5698,137.00,147.00,175.74,162.74,0.6018,0,correlation 0.60 <= 0.7
2,77.7328,13.7101,155.00,147.00,174.62,159.53,0.5710,0,correlation 0.57 <= 0.7
2,77.7356,13.6490,157.00,147.00,180.01,158.66,0.4617,0,correlation 0.46 <= 0.7
2,77.6798,13.5770,139.00,149.00,173.49,163.04,0.6031,0,correlation 0.60 <= 0.7
2,77.6958,13.6130,135.00,147.00,175.09,162.46,0.6139,0,correlation 0.61 <= 0.7
2,77.6794,13.7113,115.00,153.00,162.02,162.60,0.3827,0,correlation 0.38 <= 0.7
2,77.7609,13.5737,173.00,141.00,188.03,157.77,0.0073,0,correlation 0.01 <= 0.7
2,77.6704,13.7024,110.69,153.00,161.06,163.42,0.3192,0,correlation 0.32 <= 0.7
2,77.7047,13.6067,155.00,147.00,177.26,161.91,0.6134,0,correlation 0.61 <= 0.7
2,77.6852,13.5764,137.00,147.00,175.25,162.75,0.6020,0,correlation 0.60 <= 0.7
2,77.7163,13.6584,151.00,149.00,175.61,160.07,0.5309,0,correlation 0.53 <= 0.7
2,77.7602,13.6992,165.00,143.00,181.78,158.90,0.4228,0,correlation 0.42 <= 0.7
2,77.7403,13.6197,157.00,145.00,182.83,158.64,0.3909,0,correlation 0.39 <= 0.7
2,77.7056,13.6167,155.00,145.00,176.76,161.68,0.6062,0,correlation 0.61 <= 0.7
2,77.6882,13.6041,137.00,149.00,173.91,162.80,0.5981,0,correlation 0.60 <= 0.7
2,77.7401,13.6114,159.00,146.00,183.31,158.90,0.3882,0,correlation 0.39 <= 0.7
2,77.7238,13.5749,165.00,143.00,182.48,160.89,0.5214,0,correlation 0.52 <= 0.7
2,77.7416,13.6405,157.00,145.00,181.73,158.44,0.4065,0,correlation 0.41 <= 0.7
2,77.6740,13.6160,139.00,151.00,168.16,163.71,0.5668,0,correlation 0.57 <= 0.7
2,77.6869,13.5896,137.00,149.00,174.67,162.74,0.6073,0,correlation 0.61 <= 0.7
2,77.7015,13.6731,131.00,149.00,171.86,161.27,0.5242,0,correlation 0.52 <= 0.7
2,77.7162,13.6987,149.00,151.00,172.97,160.03,0.5212,0,correlation 0.52 <= 0.7
2,77.7265,13.6858,157.00,149.00,175.08,159.47,0.5382,0,correlation 0.54 <= 0.7
2,77.7258,13.5851,163.00,143.00,182.26,160.64,0.5173,0,correlation 0.52 <= 0.7
2,77.7239,13.7018,157.00,149.00,173.74,159.91,0.5499,0,correlation 0.55 <= 0.7
2,77.7262,13.6260,161.00,145.00,179.35,159.81,0.5405,0,correlation 0.54 <= 0.7
2,77.7113,13.7019,161.00,151.00,171.75,160.29,0.5160,0,correlation 0.52 <= 0.7
2,77.6974,13.5773,169.00,147.00,177.82,162.25,0.5920,0,correlation 0.59 <= 0.7
2,77.7214,13.7123,147.00,149.00,172.85,160.25,0.5550,0,correlation 0.56 <= 0.7
2,77.9128,14.5247,121.00,165.00,149.62,159.47,0.1926,0,correlation 0.19 <= 0.7
2,77.9777,14.5710,141.00,139.00,162.20,158.29,0.8279,0,centroids differ by 3.9 km
2,77.9746,14.5248,145.00,137.00,164.53,157.32,0.8345,0,centroids differ by 7.2 km
2,77.9789,14.5841,141.00,139.00,161.71,158.40,0.8226,0,centroids differ by 3.3 km
2,77.9276,14.5690,121.00,167.00,149.77,158.74,0.1731,0,correlation 0.17 <= 0.7
2,77.9779,14.6497,133.00,163.00,156.70,158.56,0.6427,0,correlation 0.64 <= 0.7
2,77.9544,14.5249,143.00,163.00,158.01,156.47,0.7089,0,centroids differ by 1.5 km
2,77.9078,14.5957,111.00,171.00,143.65,160.74,-0.0759,0,correlation -0.08 <= 0.7
2,77.9129,14.5304,121.00,165.00,149.23,159.70,0.1745,0,correlation 0.17 <= 0.7
2,77.9312,14.5632,123.00,167.00,150.84,158.37,0.2402,0,correlation 0.24 <= 0.7
2,77.9879,14.6126,145.00,161.00,163.28,158.69,0.7889,0,centroids differ by 4.6 km
2,77.9457,14.5750,125.00,145.00,151.73,157.31,0.4318,0,correlation 0.43 <= 0.7
2,77.9305,14.5546,123.00,167.00,151.32,158.65,0.2615,0,correlation 0.26 <= 0.7
2,77.9566,14.6338,131.00,143.00,150.60,158.05,0.4093,0,correlation 0.41 <= 0.7
2,77.9362,14.6313,117.00,143.00,146.88,158.43,0.1350,0,correlation 0.14 <= 0.7
2,77.9339,14.5578,123.00,167.00,151.52,158.18,0.2915,0,correlation 0.29 <= 0.7
2,77.9230,14.5147,127.00,163.00,152.51,159.05,0.3457,0,correlation 0.35 <= 0.7
2,77.9383,14.5519,125.00,164.00,152.23,157.78,0.3659,0,correlation 0.37 <= 0.7
2,77.9197,14.5284,123.00,166.00,150.92,159.59,0.2525,0,correlation 0.25 <= 0.7
2,77.9605,14.6122,133.00,141.00,153.35,157.78,0.5573,0,correlation 0.56 <= 0.7
2,77.9408,14.5962,121.00,143.00,149.45,157.77,0.2887,0,correlation 0.29 <= 0.7
2,77.9071,14.5762,113.00,167.00,144.82,160.66,-0.0307,0,correlation -0.03 <= 0.7
2,77.9247,14.5029,127.00,163.00,153.67,158.61,0.4168,0,correlation 0.42 <= 0.7
2,77.9510,14.6454,123.00,143.00,147.96,158.26,0.2791,0,correlation 0.28 <= 0.7
2,77.9309,14.5025,129.00,164.00,154.75,158.51,0.4832,0,correlation 0.48 <= 0.7
2,77.9914,14.5796,153.00,159.00,167.15,158.69,0.7581,0,centroids differ by 8.5 km
2,77.9090,14.5652,115.00,167.00,145.93,160.48,0.0165,0,correlation 0.02 <= 0.7
2,77.9679,14.5397,143.00,139.00,160.99,157.15,0.8444,0,centroids differ by 3.8 km
2,77.9892,14.6340,145.00,161.00,162.27,158.61,0.7639,0,centroids differ by 3.7 km
2,77.9952,14.5519,159.00,159.00,170.87,158.62,0.6401,0,correlation 0.64 <= 0.7
2,77.9516,14.5852,131.00,141.00,152.53,157.50,0.5100,0,correlation 0.51 <= 0.7
2,77.9434,14.5200,129.00,163.00,155.24,157.53,0.5453,0,correlation 0.55 <= 0.7
2,77.9067,14.5083,119.00,165.00,149.33,158.83,0.1803,0,correlation 0.18 <= 0.7
2,77.9496,14.6265,125.00,143.00,148.92,158.00,0.3198,0,correlation 0.32 <= 0.7
2,77.9681,14.5198,145.00,137.00,162.60,156.73,0.8658,0,centroids differ by 5.9 km
2,77.9370,14.5207,127.00,165.00,154.15,158.29,0.4570,0,correlation 0.46 <= 0.7
2,77.8635,14.1874,142.94,179.00,162.17,159.70,0.7142,0,centroids differ by 2.5 km
2,77.8193,14.1332,129.00,165.00,159.90,161.78,0.7113,0,centroids differ by 1.9 km
2,77.8759,14.1934,145.00,175.00,163.93,159.13,0.7210,0,centroids differ by 4.8 km
2,77.8053,14.1876,127.00,169.00,153.15,162.91,0.4849,0,correlation 0.48 <= 0.7
2,77.8009,14.2083,115.00,167.00,150.23,163.32,0.3609,0,correlation 0.36 <= 0.7
2,77.8357,14.1859,131.00,161.00,159.31,161.04,0.6461,0,correlation 0.65 <= 0.7
2,77.8845,14.2109,145.00,171.00,165.01,158.99,0.7165,0,centroids differ by 6.0 km
2,77.8113,14.2263,125.00,163.00,151.54,162.93,0.3867,0,correlation 0.39 <= 0.7
2,77.7983,14.2692,113.00,167.00,144.60,164.16,0.0818,0,correlation 0.08 <= 0.7
2,77.8460,14.2044,133.00,161.00,159.14,160.65,0.6021,0,correlation 0.60 <= 0.7
2,77.8427,14.1868,135.00,159.00,159.87,160.49,0.6500,0,correlation 0.65 <= 0.7
2,77.8416,14.2276,127.00,183.00,157.23,161.35,0.5130,0,correlation 0.51 <= 0.7
2,77.8208,14.2578,121.00,165.00,151.56,162.71,0.3525,0,correlation 0.35 <= 0.7
2,77.8688,14.1242,151.00,155.00,167.25,158.45,0.7758,0,centroids differ by 8.8 km
2,77.8830,14.1262,151.00,175.00,170.88,157.86,0.7212,0,centroids differ by 13.0 km
2,77.8432,14.2674,125.00,181.00,154.87,161.85,0.3846,0,correlation 0.38 <= 0.7
2,77.8904,14.2027,145.00,171.00,167.28,158.58,0.7290,0,centroids differ by 8.7 km
2,77.8695,14.1285,151.00,155.00,167.08,158.47,0.7713,0,centroids differ by 8.6 km
2,77.8055,14.2198,123.00,166.07,150.45,163.19,0.3572,0,correlation 0.36 <= 0.7
2,77.8919,14.1352,155.00,172.00,172.89,157.66,0.6820,0,correlation 0.68 <= 0.7
2,77.8371,14.1367,135.00,161.00,162.41,160.57,0.7513,0,centroids differ by 1.8 km
2,77.8606,14.1812,139.00,159.00,162.35,159.68,0.7185,0,centroids differ by 2.7 km
2,77.8154,14.2203,125.00,163.00,153.23,162.64,0.4575,0,correlation 0.46 <= 0.7
2,77.8499,14.2438,129.00,181.00,157.06,161.19,0.4957,0,correlation 0.50 <= 0.7
2,77.8199,14.2488,121.00,165.00,152.05,162.54,0.3928,0,correlation 0.39 <= 0.7
2,77.8633,14.1788,145.00,179.00,162.68,159.55,0.7263,0,centroids differ by 3.1 km
2,77.8284,14.2678,119.00,165.00,152.30,162.62,0.3321,0,correlation 0.33 <= 0.7
2,77.8975,14.1417,157.00,169.00,174.07,157.46,0.6655,0,correlation 0.67 <= 0.7
2,77.8087,14.2214,123.00,163.00,151.20,163.05,0.3790,0,correlation 0.38 <= 0.7
2,77.8542,14.1555,137.00,157.00,163.55,159.57,0.7558,0,centroids differ by 4.0 km
2,77.8162,14.2270,123.00,163.00,152.89,162.64,0.4416,0,correlation 0.44 <= 0.7
2,77.8274,14.1912,125.00,161.00,157.78,161.66,0.6061,0,correlation 0.61 <= 0.7
2,77.8839,14.1253,151.00,175.00,171.20,157.81,0.7155,0,centroids differ by 13.4 km
2,77.8479,14.1275,139.00,158.00,164.64,159.79,0.8026,0,centroids differ by 4.8 km
2,77.8067,14.1651,129.00,169.00,155.58,162.79,0.5697,0,correlation 0.57 <= 0.7
2,77.8707,14.1354,151.00,155.00,166.86,158.52,0.7669,0,centroids differ by 8.3 km
2,77.5242,12.8204,155.00,131.00,181.10,160.01,0.4497,0,correlation 0.45 <= 0.7
2,77.5015,12.8470,149.00,133.00,176.22,160.90,0.6699,0,correlation 0.67 <= 0.7
2,77.5198,12.8705,149.00,145.00,177.93,160.64,0.6187,0,correlation 0.62 <= 0.7
2,77.5221,12.8610,151.00,145.00,178.78,160.37,0.5715,0,correlation 0.57 <= 0.7
2,77.4602,12.7695,149.00,137.00,173.10,160.98,0.7559,0,NYA peak not clear against upper and lower means
2,77.4969,12.9054,147.00,149.00,173.42,161.79,0.7769,0,centroids differ by 11.6 km
2,77.5237,12.8333,153.00,131.00,180.43,160.07,0.4855,0,correlation 0.49 <= 0.7
2,77.5457,12.8701,151.00,143.00,183.23,159.66,0.3295,0,correlation 0.33 <= 0.7
2,77.5500,12.8543,161.00,141.00,184.81,159.27,0.1839,0,correlation 0.18 <= 0.7
2,77.4937,12.7891,153.00,133.00,177.20,160.45,0.6261,0,correlation 0.63 <= 0.7
2,77.5130,12.9137,145.00,147.00,175.27,161.62,0.7387,0,centroids differ by 13.7 km
2,77.5488,12.8825,151.00,143.00,183.32,159.67,0.3384,0,correlation 0.34 <= 0.7
2,77.4599,12.8654,141.00,137.00,167.86,162.62,0.7487,0,centroids differ by 5.2 km
2,77.5530,12.8049,193.00,127.00,188.07,158.56,-0.0634,0,correlation -0.06 <= 0.7
2,77.5009,12.7932,153.00,131.00,177.84,160.11,0.5769,0,correlation 0.58 <= 0.7
2,77.5403,12.7779,167.00,127.00,186.22,158.53,0.0449,0,correlation 0.04 <= 0.7
2,77.4722,12.8481,147.00,137.00,171.67,161.99,0.7669,0,centroids differ by 9.7 km
2,77.5490,12.7961,167.00,128.00,187.52,158.66,-0.0259,0,correlation -0.03 <= 0.7
2,77.5329,12.8276,153.00,129.00,182.52,159.58,0.3503,0,correlation 0.35 <= 0.7
2,77.5207,12.8786,149.00,145.00,177.73,160.80,0.6404,0,correlation 0.64 <= 0.7
2,77.4727,12.8555,145.00,137.00,171.38,162.19,0.7739,0,centroids differ by 9.2 km
2,77.4992,12.8121,151.00,133.00,177.02,160.47,0.6190,0,correlation 0.62 <= 0.7
2,77.5140,12.7784,155.00,131.00,180.90,159.68,0.4426,0,correlation 0.44 <= 0.7
2,77.4956,12.8107,151.00,134.00,176.76,160.59,0.6390,0,correlation 0.64 <= 0.7
2,77.5447,12.7941,167.00,129.00,186.49,158.74,0.0397,0,correlation 0.04 <= 0.7
2,77.5105,12.8463,149.00,133.00,177.26,160.49,0.6178,0,correlation 0.62 <= 0.7
2,77.4643,12.8278,147.00,135.00,170.86,161.60,0.7727,0,centroids differ by 9.3 km
2,77.5429,12.8183,162.00,129.00,185.04,159.03,0.1496,0,correlation 0.15 <= 0.7
2,77.4865,12.8224,151.00,135.00,175.05,161.03,0.7179,0,centroids differ by 14.0 km
2,77.4726,12.8257,147.00,148.00,172.97,161.41,0.7421,0,centroids differ by 11.6 km
2,77.5197,12.8284,153.00,131.00,179.78,160.16,0.5126,0,correlation 0.51 <= 0.7
2,77.5362,12.8135,155.00,129.00,183.81,159.37,0.2530,0,correlation 0.25 <= 0.7
2,77.4844,12.8784,143.00,149.00,172.80,161.67,0.7654,0,centroids differ by 11.1 km
2,77.5042,12.8439,149.00,133.00,176.56,160.77,0.6519,0,correlation 0.65 <= 0.7
2,77.5522,12.7662,195.00,127.00,189.92,157.92,-0.2062,0,correlation -0.21 <= 0.7
2,77.4996,12.8261,151.00,133.00,176.66,160.79,0.6457,0,correlation 0.65 <= 0.7
2,77.7282,13.9277,117.00,143.00,158.05,164.64,0.4871,0,correlation 0.49 <= 0.7
2,77.7652,13.8236,153.00,139.00,173.83,159.64,0.6917,0,correlation 0.69 <= 0.7
2,77.7896,13.8956,149.00,131.00,173.18,161.29,0.7866,0,centroids differ by 11.9 km
2,77.7800,13.8024,155.00,137.00,178.13,159.04,0.5805,0,correlation 0.58 <= 0.7
2,77.7180,13.8799,121.00,145.00,159.35,160.59,0.4863,0,correlation 0.49 <= 0.7
2,77.7558,13.9096,141.00,137.00,164.19,163.90,0.7602,1,
2,77.7523,13.8791,143.00,139.00,165.90,162.91,0.7272,0,centroids differ by 3.0 km
2,77.7497,13.9433,131.00,139.00,160.88,164.70,0.7010,0,centroids differ by 3.8 km
2,77.7426,13.8827,135.00,141.00,164.28,162.67,0.6632,0,correlation 0.66 <= 0.7
2,77.7744,13.8572,153.00,135.00,173.32,162.16,0.8115,0,centroids differ by 11.2 km
2,77.7179,13.8385,121.00,147.00,162.84,159.18,0.5233,0,correlation 0.52 <= 0.7
2,77.7107,13.8891,121.00,147.00,156.00,160.65,0.3911,0,correlation 0.39 <= 0.7
2,77.7700,13.9021,137.00,135.00,168.60,163.03,0.8435,0,centroids differ by 5.6 km
2,77.7258,13.8553,119.00,145.00,163.24,159.52,0.5589,0,correlation 0.56 <= 0.7
2,77.7416,13.9367,143.00,139.00,160.06,164.82,0.6331,0,correlation 0.63 <= 0.7
2,77.7979,13.8973,149.00,131.00,172.96,160.78,0.7601,0,centroids differ by 12.2 km
2,77.7199,13.8855,121.00,145.00,159.39,161.09,0.5014,0,correlation 0.50 <= 0.7
2,77.7907,13.8375,153.00,133.00,175.94,161.04,0.6927,0,correlation 0.69 <= 0.7
2,77.7463,13.9416,131.00,139.00,160.60,164.90,0.6735,0,correlation 0.67 <= 0.7
2,77.7249,13.8305,121.00,145.00,164.96,158.78,0.5480,0,correlation 0.55 <= 0.7
2,77.8042,13.8681,155.00,129.00,176.42,160.13,0.6624,0,correlation 0.66 <= 0.7
2,77.7665,13.8630,139.00,137.00,170.94,162.29,0.8086,0,centroids differ by 8.7 km
2,77.7279,13.8646,119.00,145.00,163.00,160.18,0.5797,0,correlation 0.58 <= 0.7
2,77.7820,13.8482,153.00,135.00,175.50,161.68,0.7651,0,centroids differ by 13.8 km
2,77.7428,13.9010,135.00,141.00,163.07,163.82,0.6508,0,correlation 0.65 <= 0.7
2,77.7589,13.9163,139.00,137.00,164.50,163.93,0.7842,1,
2,77.7414,13.8144,147.00,143.00,168.63,158.16,0.5860,0,correlation 0.59 <= 0.7
2,77.7221,13.8002,123.00,147.00,166.64,160.15,0.5891,0,correlation 0.59 <= 0.7
2,77.7885,13.8608,151.00,133.00,175.00,161.30,0.7595,0,centroids differ by 13.7 km
2,77.7764,13.9440,143.00,137.00,166.75,162.39,0.8205,0,centroids differ by 4.4 km
2,77.7318,13.8941,117.00,143.00,161.52,162.74,0.6110,0,correlation 0.61 <= 0.7
2,77.7585,13.8855,141.00,139.00,167.17,163.41,0.7895,0,centroids differ by 3.8 km
2,77.7070,13.8611,123.00,149.00,157.36,159.70,0.4036,0,correlation 0.40 <= 0.7
2,77.7902,13.9137,147.00,133.00,172.12,161.36,0.8080,0,centroids differ by 10.8 km
2,77.7279,13.8039,141.00,145.00,167.50,159.09,0.5594,0,correlation 0.56 <= 0.7
2,77.7365,13.8867,135.00,143.00,162.98,162.55,0.6440,0,correlation 0.64 <= 0.7
2,77.7691,13.8978,137.00,135.00,168.71,163.08,0.8482,0,centroids differ by 5.6 km
2,77.7240,13.9358,119.00,143.00,156.14,164.96,0.3893,0,correlation 0.39 <= 0.7
2,77.7327,13.8170,139.00,145.00,167.45,158.44,0.5587,0,correlation 0.56 <= 0.7
2,77.7179,13.9242,119.00,145.00,155.18,163.81,0.3635,0,correlation 0.36 <= 0.7
2,77.7333,13.8016,141.00,145.00,168.53,158.52,0.5634,0,correlation 0.56 <= 0.7
2,77.7534,13.8910,141.00,139.00,165.19,163.66,0.7381,0,centroids differ by 1.5 km
2,77.6877,13.8308,104.37,153.00,155.49,162.64,0.3736,0,correlation 0.37 <= 0.7
2,77.6918,13.9155,97.00,149.00,150.56,161.24,0.3500,0,correlation 0.35 <= 0.7
2,77.7398,13.9250,143.00,141.00,160.64,164.66,0.6198,0,correlation 0.62 <= 0.7
2,77.7075,13.8681,123.00,149.00,156.88,159.78,0.3997,0,correlation 0.40 <= 0.7
2,77.7099,13.8480,123.00,149.00,159.62,159.59,0.4411,0,correlation 0.44 <= 0.7
2,77.7315,13.8429,149.00,145.00,165.29,159.10,0.5643,0,correlation 0.56 <= 0.7
2,77.7430,13.9304,133.00,139.00,160.87,164.64,0.6480,0,correlation 0.65 <= 0.7
2,77.7619,13.9182,139.00,137.00,165.25,163.70,0.8072,0,centroids differ by 1.6 km
2,77.7076,13.9203,103.00,147.00,152.24,162.70,0.3275,0,correlation 0.33 <= 0.7
2,77.7744,13.8907,149.00,135.00,170.68,162.66,0.8464,0,centroids differ by 8.0 km
2,77.7724,13.7921,157.00,137.00,177.76,157.95,0.5349,0,correlation 0.53 <= 0.7
2,77.7455,13.8545,145.00,141.00,166.44,160.75,0.6705,0,correlation 0.67 <= 0.7
2,77.7007,13.9276,98.00,147.00,150.85,162.62,0.3263,0,correlation 0.33 <= 0.7
2,77.7310,13.8030,141.00,145.00,168.16,158.74,0.5581,0,correlation 0.56 <= 0.7
2,77.6942,13.8438,107.00,151.00,155.54,161.88,0.3850,0,correlation 0.39 <= 0.7
2,77.7843,13.9255,147.00,133.00,170.23,161.80,0.8326,0,centroids differ by 8.4 km
2,77.7030,13.8315,125.00,149.00,158.73,161.23,0.4370,0,correlation 0.44 <= 0.7
2,77.7755,13.9063,147.00,135.00,169.68,162.56,0.8442,0,centroids differ by 7.1 km
2,77.7402,13.8330,147.00,143.00,167.23,158.97,0.5986,0,correlation 0.60 <= 0.7
2,77.7193,13.8526,121.00,147.00,162.04,159.23,0.5213,0,correlation 0.52 <= 0.7
2,77.6957,13.8162,127.00,151.00,157.80,162.18,0.4438,0,correlation 0.44 <= 0.7
2,77.7441,13.9216,133.00,139.00,161.77,164.37,0.6601,0,correlation 0.66 <= 0.7
2,77.7270,13.9294,117.00,143.00,157.57,164.70,0.4618,0,correlation 0.46 <= 0.7
2,77.6995,13.8856,105.00,149.00,153.47,160.21,0.3986,0,correlation 0.40 <= 0.7
2,77.6957,13.9226,97.00,149.00,150.59,161.90,0.3458,0,correlation 0.35 <= 0.7
2,77.7346,13.8448,139.00,143.00,165.82,159.34,0.5741,0,correlation 0.57 <= 0.7
2,77.7012,13.9389,98.26,147.00,150.18,163.52,0.2844,0,correlation 0.28 <= 0.7
2,77.7143,13.9147,121.00,145.00,154.85,162.82,0.3606,0,correlation 0.36 <= 0.7
2,77.7857,13.8981,149.00,133.00,172.63,161.60,0.8037,0,centroids differ by 11.0 km
2,77.7583,13.7996,145.00,141.00,174.04,157.85,0.5957,0,correlation 0.60 <= 0.7
2,77.6497,13.2485,157.00,133.00,186.62,159.49,0.2201,0,correlation 0.22 <= 0.7
2,77.6430,13.3172,157.00,135.00,181.01,162.07,0.5654,0,correlation 0.57 <= 0.7
2,77.5939,13.3053,127.00,141.00,170.77,162.47,0.3737,0,correlation 0.37 <= 0.7
2,77.6076,13.2991,129.00,139.00,173.72,161.83,0.4866,0,correlation 0.49 <= 0.7
2,77.5672,13.2048,131.00,143.00,171.17,160.22,0.4515,0,correlation 0.45 <= 0.7
2,77.5895,13.3251,125.00,141.00,169.10,163.15,0.3387,0,correlation 0.34 <= 0.7
2,77.5992,13.2955,129.00,141.00,172.11,161.96,0.4215,0,correlation 0.42 <= 0.7
2,77.5975,13.2937,129.00,141.00,171.91,162.01,0.4145,0,correlation 0.41 <= 0.7
2,77.6367,13.3280,157.00,145.00,178.48,162.60,0.6433,0,correlation 0.64 <= 0.7
2,77.6491,13.2342,157.00,135.00,187.16,159.32,0.1778,0,correlation 0.18 <= 0.7
2,77.6017,13.2917,129.00,141.00,172.85,161.77,0.4482,0,correlation 0.45 <= 0.7
2,77.5759,13.3488,123.00,143.00,166.42,164.15,0.2671,0,correlation 0.27 <= 0.7
2,77.6502,13.3271,155.00,143.00,182.61,162.15,0.5222,0,correlation 0.52 <= 0.7
2,77.5740,13.3407,125.00,143.00,166.54,164.00,0.2781,0,correlation 0.28 <= 0.7
2,77.6204,13.2812,161.00,137.00,177.26,161.23,0.5868,0,correlation 0.59 <= 0.7
2,77.6114,13.2141,165.00,141.00,179.14,159.83,0.4972,0,correlation 0.50 <= 0.7
2,77.5996,13.3021,129.00,141.00,171.83,162.10,0.4132,0,correlation 0.41 <= 0.7
2,77.5741,13.3269,125.00,143.00,167.11,163.53,0.2861,0,correlation 0.29 <= 0.7
2,77.6208,13.2456,163.00,139.00,179.39,160.59,0.5490,0,correlation 0.55 <= 0.7
2,77.6521,13.2717,155.00,133.00,186.04,159.92,0.2801,0,correlation 0.28 <= 0.7
2,77.5838,13.2452,131.00,143.00,172.02,160.95,0.4200,0,correlation 0.42 <= 0.7
2,77.6543,13.2297,197.00,133.00,188.20,159.07,0.1096,0,correlation 0.11 <= 0.7
2,77.6119,13.3306,127.00,139.00,172.81,162.85,0.4711,0,correlation 0.47 <= 0.7
2,77.6307,13.3045,159.00,135.00,178.30,161.54,0.6153,0,correlation 0.62 <= 0.7
2,77.6113,13.2833,137.00,139.00,175.40,161.49,0.5327,0,correlation 0.53 <= 0.7
2,77.5760,13.3270,125.00,143.00,167.31,163.52,0.2958,0,correlation 0.30 <= 0.7
2,77.5678,13.2396,129.00,145.00,169.81,160.85,0.4046,0,correlation 0.40 <= 0.7
2,77.5630,13.3038,127.00,145.00,167.09,163.09,0.3073,0,correlation 0.31 <= 0.7
2,77.5642,13.3451,121.00,145.00,166.00,164.37,0.2502,0,correlation 0.25 <= 0.7
2,77.6045,13.3238,127.00,139.00,171.57,162.64,0.4073,0,correlation 0.41 <= 0.7
2,77.5944,13.3079,127.00,141.00,170.72,162.53,0.3705,0,correlation 0.37 <= 0.7
2,77.6312,13.3313,157.00,145.00,176.61,162.72,0.6615,0,correlation 0.66 <= 0.7
2,77.5998,13.2532,131.00,141.00,174.65,161.26,0.5103,0,correlation 0.51 <= 0.7
2,77.6084,13.2566,139.00,139.00,176.26,161.27,0.5469,0,correlation 0.55 <= 0.7
2,77.5731,13.2041,133.00,143.00,172.15,160.11,0.4553,0,correlation 0.46 <= 0.7
2,77.6315,13.3068,159.00,137.00,178.38,161.64,0.6179,0,correlation 0.62 <= 0.7
2,77.4939,12.8051,151.00,133.00,176.75,160.54,0.6427,0,correlation 0.64 <= 0.7
2,77.4497,12.8822,139.00,140.00,164.70,163.16,0.6480,0,correlation 0.65 <= 0.7
2,77.4961,12.7544,155.00,133.00,178.53,159.92,0.5334,0,correlation 0.53 <= 0.7
2,77.4901,12.8815,149.00,149.00,173.49,161.47,0.7638,0,centroids differ by 12.0 km
2,77.4844,12.8189,151.00,135.00,174.93,160.96,0.7184,0,centroids differ by 14.0 km
2,77.4440,12.8619,139.00,139.00,164.38,162.93,0.6463,0,correlation 0.65 <= 0.7
2,77.4864,12.8293,151.00,135.00,174.80,161.29,0.7322,0,centroids differ by 13.5 km
2,77.4690,12.7638,149.00,137.00,175.01,160.80,0.7198,0,NYA peak not clear against upper and lower means
2,77.5029,12.8603,149.00,133.00,175.93,160.70,0.6761,0,correlation 0.68 <= 0.7
2,77.4220,12.7694,137.00,141.00,163.97,162.08,0.7105,0,NYA peak not clear against upper and lower means
2,77.4872,12.8920,143.00,149.00,172.66,161.69,0.7723,0,centroids differ by 11.0 km
2,77.4515,12.8270,143.00,137.00,168.01,161.96,0.7577,0,centroids differ by 6.0 km
2,77.4330,12.8470,133.00,139.00,162.26,162.79,0.5528,0,correlation 0.55 <= 0.7
2,77.4108,12.7524,139.00,143.00,161.72,162.21,0.6280,0,correlation 0.63 <= 0.7
2,77.5005,12.7708,155.00,133.00,178.63,160.02,0.5437,0,correlation 0.54 <= 0.7
2,77.4118,12.8728,135.00,143.00,154.44,163.91,-0.0868,0,correlation -0.09 <= 0.7
2,77.4939,12.7589,153.00,133.00,178.08,160.06,0.5614,0,correlation 0.56 <= 0.7
2,77.4458,12.7565,149.00,139.00,170.30,161.37,0.8293,0,NYA peak not clear against upper and lower means
2,77.4972,12.7632,155.00,133.00,178.37,160.00,0.5491,0,correlation 0.55 <= 0.7
2,77.4390,12.7764,145.00,139.00,167.87,161.61,0.8031,0,NYA peak not clear against upper and lower means
2,77.4741,12.8628,145.00,137.00,171.29,162.14,0.7736,0,centroids differ by 9.2 km
2,77.4441,12.8500,141.00,139.00,165.09,162.58,0.6761,0,correlation 0.68 <= 0.7
2,77.4411,12.8688,139.00,141.00,163.18,163.17,0.5888,0,correlation 0.59 <= 0.7
2,77.4723,12.8645,145.00,137.00,170.77,162.18,0.7737,0,centroids differ by 8.6 km
2,77.4852,12.7599,153.00,135.00,177.21,160.39,0.6255,0,correlation 0.63 <= 0.7
2,77.4218,12.7873,137.00,141.00,162.75,162.24,0.6605,0,correlation 0.66 <= 0.7
2,77.4161,12.8895,125.00,144.00,154.77,164.29,-0.1101,0,correlation -0.11 <= 0.7
2,77.4314,12.8305,141.00,139.00,162.83,162.66,0.6008,0,correlation 0.60 <= 0.7
2,77.4223,12.8558,135.00,141.00,158.83,163.09,0.2853,0,correlation 0.29 <= 0.7
2,77.4319,12.8968,133.00,141.00,159.21,163.73,0.2558,0,correlation 0.26 <= 0.7
2,77.5000,12.8892,147.00,147.00,174.38,161.36,0.7535,0,centroids differ by 13.0 km
2,77.4983,12.8892,147.00,147.00,174.13,161.37,0.7582,0,centroids differ by 12.8 km
2,77.4694,12.8118,147.00,135.00,172.99,161.27,0.7465,0,centroids differ by 11.7 km
2,77.4983,12.8306,151.00,133.00,176.39,160.94,0.6619,0,correlation 0.66 <= 0.7
2,77.4369,12.7603,145.00,141.00,168.23,161.52,0.8092,0,NYA peak not clear against upper and lower means
2,77.4171,12.7574,137.00,143.00,163.30,162.12,0.6863,0,correlation 0.69 <= 0.7
2,78.0185,14.7317,159.00,167.00,166.99,157.44,0.6931,0,correlation 0.69 <= 0.7
2,77.9881,14.6949,137.00,169.00,157.42,158.98,0.6132,0,correlation 0.61 <= 0.7
2,78.0003,14.7574,141.00,169.00,157.22,158.55,0.5283,0,correlation 0.53 <= 0.7
2,77.9900,14.7072,139.00,169.00,157.22,158.85,0.6158,0,correlation 0.62 <= 0.7
2,78.0118,14.7962,147.00,169.00,159.34,158.46,0.4767,0,correlation 0.48 <= 0.7
2,78.0578,14.7797,179.00,131.00,182.20,152.05,-0.0175,0,correlation -0.02 <= 0.7
2,77.9881,14.7661,131.00,171.00,152.43,159.01,0.3702,0,correlation 0.37 <= 0.7
2,77.9733,14.6784,127.00,163.00,152.92,158.97,0.4726,0,correlation 0.47 <= 0.7
2,78.0604,14.7395,185.00,161.00,185.04,154.49,0.0593,0,correlation 0.06 <= 0.7
2,78.0288,14.7590,159.00,165.00,169.52,157.09,0.7211,0,centroids differ by 12.4 km
2,78.0021,14.7907,139.00,171.00,155.48,158.95,0.3765,0,correlation 0.38 <= 0.7
2,78.0154,14.7273,157.00,167.00,165.97,157.57,0.6964,0,correlation 0.70 <= 0.7
2,77.9748,14.8165,113.00,175.00,144.18,159.98,0.0097,0,correlation 0.01 <= 0.7
2,77.9962,14.7431,139.00,169.00,156.75,158.54,0.5677,0,correlation 0.57 <= 0.7
2,77.9690,14.6891,127.00,165.00,150.53,159.26,0.3635,0,correlation 0.36 <= 0.7
2,77.9801,14.7415,125.00,171.00,151.36,159.58,0.3429,0,correlation 0.34 <= 0.7
2,78.0125,14.8023,147.00,169.00,159.27,158.47,0.4756,0,correlation 0.48 <= 0.7
2,77.9733,14.7043,125.00,147.00,151.16,159.57,0.3553,0,correlation 0.36 <= 0.7
2,77.9974,14.7245,141.00,169.00,158.63,158.34,0.6438,0,correlation 0.64 <= 0.7
2,78.0243,14.8228,149.00,167.00,163.03,157.47,0.6718,0,correlation 0.67 <= 0.7
2,78.0513,14.6871,185.00,161.00,184.11,155.29,0.2288,0,correlation 0.23 <= 0.7
2,77.9880,14.7270,133.00,171.00,155.10,158.95,0.5362,0,correlation 0.54 <= 0.7
2,78.0014,14.7420,143.00,169.00,158.81,158.27,0.5966,0,correlation 0.60 <= 0.7
2,77.9928,14.7483,137.00,171.00,155.19,158.72,0.5148,0,correlation 0.51 <= 0.7
2,77.9937,14.7584,135.00,171.00,154.75,158.82,0.4774,0,correlation 0.48 <= 0.7
2,78.0611,14.7789,179.00,129.00,183.59,150.10,-0.0978,0,correlation -0.10 <= 0.7
2,78.0084,14.7348,149.00,169.00,162.34,157.92,0.6477,0,correlation 0.65 <= 0.7
2,78.0460,14.6813,179.00,161.00,182.52,155.59,0.3081,0,correlation 0.31 <= 0.7
2,77.9801,14.7269,127.00,171.00,152.33,159.61,0.3889,0,correlation 0.39 <= 0.7
2,78.0112,14.6793,157.00,167.00,167.91,157.32,0.7459,0,centroids differ by 10.6 km
2,78.0119,14.7513,151.00,169.00,162.59,158.02,0.6182,0,correlation 0.62 <= 0.7
2,78.0273,14.8065,153.00,167.00,165.51,157.31,0.7233,0,centroids differ by 8.2 km
2,78.0324,14.6888,169.00,163.00,176.30,156.33,0.5674,0,correlation 0.57 <= 0.7
2,78.0043,14.7371,147.00,169.00,160.42,158.09,0.6248,0,correlation 0.62 <= 0.7
2,77.9849,14.8131,123.00,173.00,148.24,159.55,0.1227,0,correlation 0.12 <= 0.7
2,78.0596,14.8007,175.00,131.00,182.22,148.11,-0.0964,0,correlation -0.10 <= 0.7
2,78.0660,14.8619,169.00,131.00,182.75,151.35,-0.0356,0,correlation -0.04 <= 0.7
2,78.0633,14.7852,177.00,129.00,184.14,147.86,-0.1297,0,correlation -0.13 <= 0.7
2,77.9930,14.8415,127.00,173.00,148.65,159.99,0.0921,0,correlation 0.09 <= 0.7
2,78.0358,14.8644,153.00,135.00,165.54,154.01,0.4536,0,correlation 0.45 <= 0.7
2,78.0811,14.8820,173.00,155.00,183.81,153.83,0.0164,0,correlation 0.02 <= 0.7
2,78.0644,14.7702,179.00,129.00,185.13,149.02,-0.1468,0,correlation -0.15 <= 0.7
2,78.0274,14.8505,149.00,167.00,162.61,157.27,0.7000,0,correlation 0.70 <= 0.7
2,78.0483,14.7902,171.00,131.00,176.84,155.24,0.4304,0,correlation 0.43 <= 0.7
2,78.0541,14.7424,181.00,161.00,182.15,155.32,0.2871,0,correlation 0.29 <= 0.7
2,78.0786,14.7743,187.00,127.00,188.59,145.36,-0.2246,0,correlation -0.22 <= 0.7
2,78.0471,14.7561,173.00,163.00,178.13,155.84,0.4916,0,correlation 0.49 <= 0.7
2,78.0776,14.8405,179.00,129.00,185.67,152.70,-0.1176,0,correlation -0.12 <= 0.7
2,78.0659,14.8140,175.00,129.00,184.13,146.02,-0.1486,0,correlation -0.15 <= 0.7
2,78.0919,14.7550,193.00,125.00,193.20,148.73,-0.3254,0,correlation -0.33 <= 0.7
2,78.0263,14.8229,151.00,167.00,163.93,157.34,0.7047,0,centroids differ by 6.6 km
2,78.0438,14.7563,171.00,163.00,176.57,156.00,0.5602,0,correlation 0.56 <= 0.7
2,78.0553,14.8180,173.00,131.00,179.60,148.52,-0.0360,0,correlation -0.04 <= 0.7
2,77.9937,14.7838,133.00,171.00,152.91,159.03,0.3537,0,correlation 0.35 <= 0.7
2,78.0461,14.8460,163.00,133.00,172.60,150.50,0.1327,0,correlation 0.13 <= 0.7
2,78.0392,14.8062,161.00,165.00,170.99,156.65,0.7170,0,centroids differ by 14.3 km
2,78.0201,14.8558,145.00,169.00,159.06,157.69,0.5431,0,correlation 0.54 <= 0.7
2,78.0538,14.7850,175.00,131.00,180.05,153.81,0.1635,0,correlation 0.16 <= 0.7
2,78.0643,14.7929,177.00,129.00,184.24,146.44,-0.1381,0,correlation -0.14 <= 0.7
2,78.0592,14.7731,179.00,131.00,183.05,152.07,-0.0378,0,correlation -0.04 <= 0.7
2,78.0828,14.8362,179.00,127.00,186.43,153.32,-0.1327,0,correlation -0.13 <= 0.7
2,78.0387,14.8713,155.00,133.00,166.68,151.59,0.3138,0,correlation 0.31 <= 0.7
2,78.0634,14.7428,185.00,129.00,186.03,153.48,-0.0745,0,correlation -0.07 <= 0.7
2,78.0101,14.8198,143.00,169.00,157.05,158.68,0.3896,0,correlation 0.39 <= 0.7
2,78.0575,14.8123,173.00,131.00,180.92,148.07,-0.0704,0,correlation -0.07 <= 0.7
2,78.0054,14.8585,133.00,171.00,152.35,158.83,0.2114,0,correlation 0.21 <= 0.7
2,78.0718,14.8037,179.00,129.00,186.11,146.33,-0.1833,0,correlation -0.18 <= 0.7
2,78.0734,14.8268,179.00,129.00,185.74,149.88,-0.1628,0,correlation -0.16 <= 0.7
2,78.0061,14.7769,143.00,169.00,158.16,158.57,0.4699,0,correlation 0.47 <= 0.7
2,78.0847,14.8247,181.00,127.00,187.30,153.16,-0.1679,0,correlation -0.17 <= 0.7
2,78.0411,14.8553,159.00,133.00,169.00,152.06,0.2877,0,correlation 0.29 <= 0.7
2,78.0835,14.7500,193.00,127.00,191.03,144.67,-0.2528,0,correlation -0.25 <= 0.7
2,78.0464,14.6758,181.00,161.00,183.01,155.54,0.2845,0,correlation 0.28 <= 0.7
2,77.9909,14.7081,139.00,169.00,157.47,158.78,0.6253,0,correlation 0.63 <= 0.7
2,78.0573,14.6475,193.00,159.00,188.86,154.69,-0.0592,0,correlation -0.06 <= 0.7
2,78.0314,14.6545,173.00,163.00,178.28,155.99,0.4737,0,correlation 0.47 <= 0.7
2,78.0400,14.7342,169.00,163.00,176.45,156.19,0.5675,0,correlation 0.57 <= 0.7
2,78.0191,14.6688,167.00,165.00,172.13,156.68,0.6791,0,correlation 0.68 <= 0.7
2,78.0274,14.7248,163.00,165.00,171.36,156.93,0.6977,0,correlation 0.70 <= 0.7
2,77.9970,14.7118,143.00,169.00,159.42,158.35,0.6756,0,correlation 0.68 <= 0.7
2,78.0612,14.7128,189.00,159.00,186.67,154.80,0.0379,0,correlation 0.04 <= 0.7
2,78.0039,14.7680,143.00,169.00,157.84,158.58,0.4912,0,correlation 0.49 <= 0.7
2,78.0395,14.7040,173.00,163.00,178.39,156.11,0.4868,0,correlation 0.49 <= 0.7
2,78.0477,14.7701,173.00,163.00,177.67,155.90,0.4974,0,correlation 0.50 <= 0.7
2,78.0088,14.7232,151.00,167.00,163.40,157.75,0.6797,0,correlation 0.68 <= 0.7
2,77.9913,14.7444,135.00,171.00,154.95,158.74,0.5143,0,correlation 0.51 <= 0.7
2,77.9951,14.7037,143.00,169.00,159.34,158.45,0.6808,0,correlation 0.68 <= 0.7
2,77.9935,14.7282,139.00,169.00,156.89,158.57,0.6027,0,correlation 0.60 <= 0.7
2,78.0270,14.7679,157.00,167.00,168.02,157.28,0.7207,0,centroids differ by 10.7 km
2,78.0136,14.7215,155.00,167.00,165.63,157.56,0.7000,0,centroids differ by 8.1 km
2,77.9940,14.7377,139.00,171.00,156.38,158.59,0.5718,0,correlation 0.57 <= 0.7
2,78.0685,14.6621,197.00,157.00,192.12,154.04,-0.2716,0,correlation -0.27 <= 0.7
2,78.0049,14.6448,157.00,165.00,167.91,158.33,0.7401,0,centroids differ by 9.6 km
2,77.9792,14.7760,121.00,173.00,148.70,159.53,0.1925,0,correlation 0.19 <= 0.7
2,78.0107,14.6605,159.00,165.00,169.13,157.49,0.7359,0,centroids differ by 11.6 km
2,78.0050,14.6800,153.00,167.00,165.20,157.80,0.7579,0,centroids differ by 7.4 km
2,78.0188,14.6942,163.00,165.00,170.05,156.96,0.7118,0,centroids differ by 13.1 km
2,78.0029,14.7556,143.00,169.00,158.37,158.45,0.5459,0,correlation 0.55 <= 0.7
2,78.0130,14.6775,159.00,165.00,168.83,157.18,0.7382,0,centroids differ by 11.6 km
2,78.0348,14.6566,175.00,163.00,179.69,155.85,0.4175,0,correlation 0.42 <= 0.7
2,77.9859,14.6972,135.00,169.00,156.51,159.12,0.5730,0,correlation 0.57 <= 0.7
2,77.9860,14.7568,129.00,171.00,152.43,159.03,0.3727,0,correlation 0.37 <= 0.7
2,78.0047,14.6396,157.00,165.00,168.22,158.47,0.7348,0,centroids differ by 9.8 km
2,78.0233,14.7131,165.00,165.00,170.51,157.04,0.7046,0,centroids differ by 13.5 km
2,78.0319,14.7386,163.00,165.00,172.48,156.84,0.6878,0,correlation 0.69 <= 0.7
2,78.0096,14.7030,153.00,167.00,165.34,157.48,0.7302,0,centroids differ by 7.9 km
2,77.9821,14.7639,125.00,173.00,150.60,159.23,0.2825,0,correlation 0.28 <= 0.7
2,78.0678,14.6902,193.00,157.00,190.23,154.28,-0.1864,0,correlation -0.19 <= 0.7
2,77.9255,14.2884,149.00,157.00,168.75,157.06,0.8174,0,centroids differ by 11.7 km
2,77.8716,14.2793,137.00,171.00,157.23,160.56,0.5091,0,correlation 0.51 <= 0.7
2,77.8684,14.2674,133.00,175.00,157.65,160.53,0.5249,0,correlation 0.52 <= 0.7
2,77.9182,14.2812,147.00,157.00,167.26,157.90,0.8097,0,centroids differ by 9.4 km
2,77.8978,14.3487,133.00,161.00,158.19,159.64,0.5534,0,correlation 0.55 <= 0.7
2,77.9088,14.2929,143.00,133.00,165.14,158.62,0.8005,0,centroids differ by 6.5 km
2,77.9164,14.3271,143.00,159.00,164.30,157.65,0.8242,0,centroids differ by 6.7 km
2,77.8829,14.3218,133.00,139.00,156.54,160.37,0.4894,0,correlation 0.49 <= 0.7
2,77.9036,14.3615,135.00,161.00,158.69,158.79,0.6083,0,correlation 0.61 <= 0.7
2,77.9389,14.3390,147.00,157.00,167.63,154.04,0.8290,0,centroids differ by 13.6 km
2,77.8638,14.3623,119.00,143.00,151.19,161.97,0.1647,0,correlation 0.16 <= 0.7
2,77.9119,14.3220,143.00,159.00,163.70,158.29,0.8054,0,centroids differ by 5.4 km
2,77.9376,14.2465,157.00,153.00,174.56,156.14,0.6752,0,correlation 0.68 <= 0.7
2,77.8568,14.2935,125.00,177.00,154.75,161.55,0.3595,0,correlation 0.36 <= 0.7
2,77.9263,14.2804,149.00,157.00,169.46,157.07,0.8039,0,centroids differ by 12.4 km
2,77.8749,14.2703,139.00,173.00,158.30,160.29,0.5595,0,correlation 0.56 <= 0.7
2,77.8880,14.3366,133.00,137.00,156.85,160.33,0.4938,0,correlation 0.49 <= 0.7
2,77.8551,14.3633,117.00,173.00,149.93,162.69,0.1012,0,correlation 0.10 <= 0.7
2,77.8889,14.3552,131.00,163.00,155.77,160.47,0.4218,0,correlation 0.42 <= 0.7
2,77.9383,14.2850,153.00,153.00,171.70,155.35,0.7527,0,centroids differ by 16.3 km
2,77.8628,14.3072,125.00,173.00,154.77,161.49,0.3535,0,correlation 0.35 <= 0.7
2,77.9464,14.2832,161.00,153.00,174.13,154.04,0.6488,0,correlation 0.65 <= 0.7
2,77.8978,14.2941,141.00,137.00,162.22,159.19,0.7257,0,centroids differ by 3.0 km
2,77.9042,14.3065,141.00,135.00,163.00,159.06,0.7712,0,centroids differ by 3.9 km
2,77.8833,14.3875,129.00,165.00,152.07,161.18,0.1938,0,correlation 0.19 <= 0.7
2,77.9483,14.2512,165.00,151.00,177.23,154.67,0.5444,0,correlation 0.54 <= 0.7
2,77.8746,14.3004,135.00,167.00,156.25,160.83,0.4625,0,correlation 0.46 <= 0.7
2,77.9327,14.3764,141.00,159.00,163.49,154.53,0.8462,0,centroids differ by 9.0 km
2,77.9074,14.3258,139.00,159.00,162.32,158.78,0.7653,0,centroids differ by 3.5 km
2,77.8863,14.2929,137.00,139.00,159.45,159.94,0.6278,0,correlation 0.63 <= 0.7
2,77.9226,14.3526,141.00,159.00,163.69,155.98,0.8339,0,centroids differ by 7.7 km
2,77.9341,14.3862,141.00,159.00,163.02,154.42,0.8413,0,centroids differ by 8.6 km
2,77.9426,14.3516,151.00,157.00,167.63,153.73,0.8281,0,centroids differ by 13.9 km
2,77.8610,14.3758,119.00,143.00,149.82,162.30,0.0991,0,correlation 0.10 <= 0.7
2,77.8566,14.3237,123.00,173.00,152.67,162.07,0.2389,0,correlation 0.24 <= 0.7
2,77.8819,14.2842,137.00,167.00,158.96,160.14,0.6079,0,correlation 0.61 <= 0.7
2,77.4990,13.1194,127.00,161.00,163.49,163.11,0.4006,0,correlation 0.40 <= 0.7
2,77.5797,13.1310,137.00,151.00,176.88,159.17,0.4800,0,correlation 0.48 <= 0.7
2,77.5049,13.1892,125.00,161.00,161.67,163.00,0.2674,0,correlation 0.27 <= 0.7
2,77.5650,13.0696,141.00,153.00,177.05,159.17,0.5462,0,correlation 0.55 <= 0.7
2,77.5449,13.1866,133.00,155.00,169.17,160.84,0.4143,0,correlation 0.41 <= 0.7
2,77.5262,13.1781,129.00,157.00,166.33,161.66,0.3829,0,correlation 0.38 <= 0.7
2,77.5162,13.2066,123.00,159.00,163.18,162.10,0.2604,0,correlation 0.26 <= 0.7
2,77.4871,13.1043,127.00,163.00,161.45,163.40,0.3172,0,correlation 0.32 <= 0.7
2,77.5761,13.1497,137.00,151.00,175.21,159.36,0.4733,0,correlation 0.47 <= 0.7
2,77.5418,13.1950,127.00,145.00,168.65,161.07,0.4020,0,correlation 0.40 <= 0.7
2,77.5623,13.0644,141.00,153.00,176.85,159.41,0.5603,0,correlation 0.56 <= 0.7
2,77.5514,13.1844,131.00,145.00,169.97,160.69,0.4368,0,correlation 0.44 <= 0.7
2,77.5747,13.1833,133.00,141.00,173.44,159.76,0.4660,0,correlation 0.47 <= 0.7
2,77.4958,13.1585,125.00,161.00,160.96,163.27,0.2585,0,correlation 0.26 <= 0.7
2,77.5547,13.1477,133.00,153.00,171.72,160.25,0.4715,0,correlation 0.47 <= 0.7
2,77.5558,13.2045,131.00,143.00,169.76,160.76,0.4346,0,correlation 0.43 <= 0.7
2,77.5326,13.1202,135.00,157.00,170.10,161.17,0.5605,0,correlation 0.56 <= 0.7
2,77.5048,13.1196,129.00,161.00,164.63,162.82,0.4476,0,correlation 0.45 <= 0.7
2,77.5295,13.1155,131.00,157.00,169.96,161.34,0.5656,0,correlation 0.57 <= 0.7
2,77.4874,13.1365,127.00,163.00,159.97,163.54,0.1991,0,correlation 0.20 <= 0.7
2,77.5574,13.1667,133.00,153.00,171.31,160.12,0.4555,0,correlation 0.46 <= 0.7
2,77.5842,13.1269,137.00,149.00,178.05,159.02,0.4593,0,correlation 0.46 <= 0.7
2,77.5704,13.1259,137.00,151.00,175.42,159.62,0.4881,0,correlation 0.49 <= 0.7
2,77.5350,13.0892,137.00,157.00,171.53,161.04,0.6096,0,correlation 0.61 <= 0.7
2,77.5569,13.1434,135.00,153.00,172.22,160.18,0.4793,0,correlation 0.48 <= 0.7
2,77.5176,13.0929,133.00,159.00,168.86,162.15,0.5568,0,correlation 0.56 <= 0.7
2,77.5200,13.1543,131.00,159.00,166.15,162.24,0.4435,0,correlation 0.44 <= 0.7
2,77.5237,13.2079,125.00,149.00,164.46,161.73,0.2732,0,correlation 0.27 <= 0.7
2,77.5634,13.1278,137.00,153.00,174.02,159.92,0.4935,0,correlation 0.49 <= 0.7
2,77.5209,13.0838,133.00,159.00,170.02,161.98,0.5911,0,correlation 0.59 <= 0.7
2,77.5457,13.2098,129.00,145.00,168.57,161.21,0.4087,0,correlation 0.41 <= 0.7
2,77.5649,13.1195,137.00,153.00,174.72,159.86,0.5097,0,correlation 0.51 <= 0.7
2,77.5785,13.1359,137.00,151.00,176.37,159.22,0.4792,0,correlation 0.48 <= 0.7
2,77.5554,13.1920,131.00,143.00,170.20,160.64,0.4424,0,correlation 0.44 <= 0.7
2,77.5393,13.1672,131.00,155.00,169.27,161.14,0.4464,0,correlation 0.45 <= 0.7
2,77.5670,13.1307,137.00,153.00,174.60,159.72,0.4796,0,correlation 0.48 <= 0.7
2,77.7845,13.9044,149.00,133.00,171.97,161.68,0.8146,0,centroids differ by 10.3 km
2,77.7231,13.8268,121.00,147.00,164.87,158.99,0.5542,0,correlation 0.55 <= 0.7
2,77.7164,13.8909,121.00,145.00,157.82,161.18,0.4521,0,correlation 0.45 <= 0.7
2,77.7634,13.7824,157.00,139.00,176.59,157.20,0.5263,0,correlation 0.53 <= 0.7
2,77.7365,13.8532,137.00,143.00,165.53,160.03,0.5967,0,correlation 0.60 <= 0.7
2,77.7517,13.7946,147.00,141.00,173.00,157.69,0.5909,0,correlation 0.59 <= 0.7
2,77.7734,13.9182,135.00,135.00,168.14,162.73,0.8481,0,centroids differ by 5.4 km
2,77.7455,13.8786,143.00,141.00,164.78,162.56,0.6752,0,correlation 0.68 <= 0.7
2,77.7922,13.8270,153.00,133.00,176.54,160.78,0.6408,0,correlation 0.64 <= 0.7
2,77.7130,13.9181,121.00,145.00,153.94,162.97,0.3300,0,correlation 0.33 <= 0.7
2,77.7822,13.7889,157.00,136.00,178.61,158.20,0.5079,0,correlation 0.51 <= 0.7
2,77.7772,13.8412,153.00,135.00,175.15,161.52,0.7596,0,centroids differ by 13.6 km
2,77.7101,13.8201,125.00,149.00,162.15,160.89,0.5084,0,correlation 0.51 <= 0.7
2,77.7534,13.9227,139.00,139.00,162.64,164.16,0.7320,0,centroids differ by 1.5 km
2,77.7766,13.7871,157.00,137.00,178.78,157.76,0.4931,0,correlation 0.49 <= 0.7
2,77.7397,13.8530,137.00,143.00,165.91,160.22,0.6249,0,correlation 0.62 <= 0.7
2,77.7468,13.8073,147.00,143.00,170.56,157.92,0.5929,0,correlation 0.59 <= 0.7
2,77.7728,13.8782,149.00,135.00,171.29,162.62,0.8441,0,centroids differ by 8.7 km
2,77.7844,13.8444,153.00,135.00,175.92,161.46,0.7476,0,centroids differ by 14.5 km
2,77.7376,13.9018,145.00,141.00,162.03,163.64,0.6289,0,correlation 0.63 <= 0.7
2,77.7820,13.8813,151.00,133.00,173.17,161.92,0.8178,0,centroids differ by 11.2 km
2,77.7795,13.8880,151.00,135.00,172.08,162.17,0.8363,0,centroids differ by 9.9 km
2,77.7101,13.8211,125.00,149.00,162.09,160.85,0.5060,0,correlation 0.51 <= 0.7
2,77.7651,13.7973,157.00,139.00,175.86,158.00,0.5815,0,correlation 0.58 <= 0.7
2,77.7806,13.8318,153.00,135.00,176.42,161.05,0.7154,0,centroids differ by 15.4 km
2,77.7820,13.7795,157.00,137.00,179.14,157.59,0.4572,0,correlation 0.46 <= 0.7
2,77.7401,13.8104,147.00,143.00,168.70,158.05,0.5788,0,correlation 0.58 <= 0.7
2,77.7198,13.8660,121.00,145.00,161.06,159.81,0.5208,0,correlation 0.52 <= 0.7
2,77.7153,13.8041,123.00,149.00,164.96,160.97,0.5845,0,correlation 0.58 <= 0.7
2,77.7835,13.7796,157.00,135.00,179.02,157.66,0.4550,0,correlation 0.45 <= 0.7
2,77.7316,13.8584,149.00,143.00,164.14,159.97,0.5835,0,correlation 0.58 <= 0.7
2,77.7788,13.8909,151.00,135.00,171.71,162.23,0.8397,0,centroids differ by 9.5 km
2,77.7591,13.8022,145.00,139.00,174.02,157.98,0.6031,0,correlation 0.60 <= 0.7
2,77.7200,13.9123,119.00,145.00,157.02,163.01,0.4456,0,correlation 0.45 <= 0.7
2,77.7402,13.8251,147.00,143.00,167.74,158.60,0.5921,0,correlation 0.59 <= 0.7
2,77.7789,13.8534,153.00,135.00,174.63,161.91,0.7879,0,centroids differ by 12.7 km
2,78.0045,14.7128,149.00,169.00,162.41,157.84,0.6959,0,correlation 0.70 <= 0.7
2,77.9960,14.5998,155.00,159.00,167.63,158.55,0.7274,0,centroids differ by 9.1 km
2,77.9995,14.6272,153.00,167.65,167.02,158.84,0.7465,0,centroids differ by 8.2 km
2,77.9516,14.6411,125.00,143.00,148.43,158.23,0.3039,0,correlation 0.30 <= 0.7
2,77.9912,14.6207,149.00,161.00,164.04,158.67,0.7743,0,centroids differ by 5.4 km
2,78.0162,14.7153,159.00,167.00,167.25,157.38,0.7145,0,centroids differ by 9.9 km
2,77.9554,14.6221,129.00,143.00,151.04,157.86,0.4355,0,correlation 0.44 <= 0.7
2,78.0341,14.6652,173.00,163.00,178.75,155.96,0.4590,0,correlation 0.46 <= 0.7
2,77.9476,14.6154,123.00,143.00,149.19,157.94,0.3269,0,correlation 0.33 <= 0.7
2,78.0192,14.7124,161.00,167.00,168.79,157.18,0.7107,0,centroids differ by 11.6 km
2,77.9799,14.6967,129.00,172.00,154.31,159.37,0.4719,0,correlation 0.47 <= 0.7
2,77.9706,14.6034,135.00,141.00,157.21,158.18,0.7237,1,
2,78.0262,14.6230,177.00,163.00,178.43,156.11,0.4398,0,correlation 0.44 <= 0.7
2,78.0233,14.6898,167.00,165.00,172.31,156.75,0.6756,0,correlation 0.68 <= 0.7
2,78.0019,14.6594,153.00,165.00,165.55,158.33,0.7485,0,centroids differ by 7.2 km
2,77.9793,14.6414,135.00,163.00,157.84,158.58,0.6899,0,correlation 0.69 <= 0.7
2,78.0202,14.6905,165.00,165.00,170.91,156.88,0.7011,0,centroids differ by 14.0 km
2,77.9563,14.7287,119.00,167.00,143.79,160.19,0.0436,0,correlation 0.04 <= 0.7
2,77.9812,14.6665,135.00,163.00,156.88,158.64,0.5991,0,correlation 0.60 <= 0.7
2,77.9833,14.6295,139.00,161.00,160.28,158.57,0.7588,0,centroids differ by 1.7 km
2,77.9571,14.6761,127.00,167.00,147.72,158.98,0.2350,0,correlation 0.23 <= 0.7
2,77.9815,14.6855,133.00,172.00,155.72,159.06,0.5416,0,correlation 0.54 <= 0.7
2,77.9780,14.6275,135.00,163.00,158.25,158.58,0.7285,1,
2,77.9555,14.7059,121.00,167.00,145.14,159.72,0.1028,0,correlation 0.10 <= 0.7
2,77.9560,14.6774,124.02,167.00,147.28,158.96,0.2138,0,correlation 0.21 <= 0.7
2,78.0378,14.6946,173.00,163.00,178.35,156.07,0.4845,0,correlation 0.48 <= 0.7
2,77.9481,14.6640,117.00,145.00,145.93,158.52,0.1627,0,correlation 0.16 <= 0.7
2,77.9536,14.6618,123.00,143.00,147.61,158.50,0.2441,0,correlation 0.24 <= 0.7
2,78.0379,14.6276,179.00,161.00,183.03,155.40,0.2432,0,correlation 0.24 <= 0.7
2,78.0362,14.7298,167.00,163.00,175.14,156.53,0.6179,0,correlation 0.62 <= 0.7
2,77.9747,14.6256,133.00,163.00,157.15,158.55,0.7049,0,centroids differ by 1.4 km
2,77.9515,14.6334,125.00,143.00,148.95,158.11,0.3301,0,correlation 0.33 <= 0.7
2,78.0021,14.6506,153.00,165.00,166.31,158.49,0.7439,0,centroids differ by 7.8 km
2,77.9850,14.7420,129.00,171.00,153.12,159.10,0.4296,0,correlation 0.43 <= 0.7
2,78.0364,14.6788,173.00,163.00,178.87,156.00,0.4585,0,correlation 0.46 <= 0.7
2,77.9540,14.6180,127.00,143.00,150.92,157.85,0.4284,0,correlation 0.43 <= 0.7
2,77.8391,13.8148,177.00,125.00,184.14,157.85,0.3086,0,correlation 0.31 <= 0.7
2,77.7841,13.8056,155.00,135.00,177.86,159.52,0.5921,0,correlation 0.59 <= 0.7
2,77.7572,13.9113,139.00,137.00,164.43,163.91,0.7747,1,
2,77.8283,13.8074,165.00,127.00,183.46,158.25,0.3345,0,correlation 0.33 <= 0.7
2,77.8513,13.8693,173.00,167.00,182.21,158.09,0.4282,0,correlation 0.43 <= 0.7
2,77.8446,13.8208,177.00,127.00,184.45,157.82,0.2965,0,correlation 0.30 <= 0.7
2,77.7589,13.8535,143.00,139.00,169.95,161.52,0.7541,0,centroids differ by 8.4 km
2,77.8013,13.9185,147.00,135.00,171.67,160.87,0.7719,0,centroids differ by 10.8 km
2,77.7742,13.8970,149.00,135.00,170.12,162.77,0.8455,0,centroids differ by 7.3 km
2,77.7854,13.8961,149.00,133.00,172.72,161.60,0.8031,0,centroids differ by 11.1 km
2,77.7738,13.7948,157.00,137.00,177.84,158.13,0.5408,0,correlation 0.54 <= 0.7
2,77.8335,13.7969,173.00,127.00,184.65,157.98,0.2692,0,correlation 0.27 <= 0.7
2,77.7831,13.8965,149.00,133.00,172.26,161.80,0.8162,0,centroids differ by 10.5 km
2,77.8517,13.8527,175.00,167.00,183.42,157.94,0.3734,0,correlation 0.37 <= 0.7
2,77.8076,13.9079,153.00,133.00,174.15,160.62,0.7280,0,centroids differ by 13.5 km
2,77.8123,13.8372,159.00,129.00,179.33,159.31,0.5406,0,correlation 0.54 <= 0.7
2,77.8339,13.8753,163.00,171.00,179.82,158.89,0.5027,0,correlation 0.50 <= 0.7
2,77.8232,13.8210,163.00,127.00,181.79,158.58,0.4180,0,correlation 0.42 <= 0.7
2,77.8413,13.8410,175.00,129.00,182.73,158.17,0.3850,0,correlation 0.38 <= 0.7
2,77.7678,13.8556,151.00,137.00,171.91,161.96,0.7937,0,centroids differ by 9.9 km
2,77.8047,13.8071,161.00,131.00,180.54,159.84,0.5091,0,correlation 0.51 <= 0.7
2,77.8098,13.8389,159.00,129.00,179.06,159.54,0.5610,0,correlation 0.56 <= 0.7
2,77.7660,13.8343,153.00,137.00,173.15,160.51,0.7299,0,centroids differ by 12.6 km
2,77.8284,13.8170,165.00,127.00,182.88,158.30,0.3686,0,correlation 0.37 <= 0.7
2,77.8005,13.8948,149.00,131.00,173.26,160.66,0.7461,0,centroids differ by 12.6 km
2,77.8171,13.8719,159.00,131.00,177.57,159.56,0.5996,0,correlation 0.60 <= 0.7
2,77.8414,13.8459,175.00,129.00,182.45,158.22,0.3989,0,correlation 0.40 <= 0.7
2,77.8259,13.8670,159.00,174.00,179.13,159.27,0.5325,0,correlation 0.53 <= 0.7
2,77.8322,13.8480,163.00,129.00,181.38,158.67,0.4480,0,correlation 0.45 <= 0.7
2,77.7844,13.8307,153.00,135.00,176.61,160.93,0.6997,0,correlation 0.70 <= 0.7
2,77.7998,13.8141,159.00,133.00,179.36,160.21,0.5584,0,correlation 0.56 <= 0.7
2,77.8474,13.8858,171.00,169.00,180.55,158.48,0.4857,0,correlation 0.49 <= 0.7
2,77.7940,13.7829,157.00,133.00,180.05,158.47,0.4412,0,correlation 0.44 <= 0.7
2,77.8022,13.7961,161.00,131.00,180.96,159.52,0.4770,0,correlation 0.48 <= 0.7
2,77.7681,13.8660,139.00,137.00,171.13,162.46,0.8221,0,centroids differ by 8.7 km
2,77.8220,13.8243,163.00,128.00,181.37,158.71,0.4415,0,correlation 0.44 <= 0.7
2,77.7946,13.8801,149.00,131.00,173.65,160.90,0.7533,0,centroids differ by 12.8 km
2,77.8427,13.9503,159.00,179.00,175.80,159.46,0.6346,0,correlation 0.63 <= 0.7
2,77.8650,13.8710,175.00,175.00,184.76,157.54,0.3157,0,correlation 0.32 <= 0.7
2,77.8191,13.9499,149.00,175.00,172.74,160.60,0.6808,0,correlation 0.68 <= 0.7
2,77.7661,13.9025,139.00,137.00,167.62,163.32,0.8441,0,centroids differ by 4.3 km
2,77.8260,13.9237,155.00,173.00,175.20,159.85,0.6064,0,correlation 0.61 <= 0.7
2,77.8414,13.9427,159.00,181.00,176.17,159.50,0.6301,0,correlation 0.63 <= 0.7
2,77.7840,13.9414,147.00,135.00,168.86,161.99,0.8341,0,centroids differ by 6.9 km
2,77.7901,13.8803,149.00,133.00,173.83,161.24,0.7713,0,centroids differ by 12.6 km
2,77.7867,13.9141,147.00,133.00,171.63,161.57,0.8177,0,centroids differ by 10.1 km
2,77.8443,13.8947,171.00,169.00,179.58,158.74,0.5157,0,correlation 0.52 <= 0.7
2,77.8590,13.9911,163.00,177.00,174.96,158.86,0.6542,0,correlation 0.65 <= 0.7
2,77.8461,13.9386,161.00,179.00,176.89,159.14,0.6024,0,correlation 0.60 <= 0.7
2,77.8042,13.8939,149.00,133.00,174.30,160.45,0.7242,0,centroids differ by 13.8 km
2,77.8440,13.8817,171.00,169.00,180.41,158.54,0.4812,0,correlation 0.48 <= 0.7
2,77.8204,13.8462,161.00,129.00,179.66,159.02,0.5182,0,correlation 0.52 <= 0.7
2,77.8068,13.8561,157.00,129.00,177.67,159.86,0.6166,0,correlation 0.62 <= 0.7
2,77.8115,13.9660,149.00,175.00,170.55,161.08,0.7274,0,centroids differ by 9.5 km
2,77.7792,13.8802,151.00,135.00,172.63,162.22,0.8359,0,centroids differ by 10.4 km
2,77.8630,13.9405,167.00,175.00,179.52,157.72,0.5059,0,correlation 0.51 <= 0.7
2,77.8482,13.9869,155.00,179.00,173.83,158.86,0.6719,0,correlation 0.67 <= 0.7
2,77.7867,13.8623,151.00,133.00,175.01,161.45,0.7716,0,centroids differ by 13.6 km
2,77.8303,13.9843,151.00,183.00,171.65,160.17,0.7184,0,centroids differ by 11.5 km
2,77.7764,13.8726,151.00,135.00,172.58,162.38,0.8378,0,centroids differ by 10.2 km
2,77.7754,13.9770,133.00,139.00,163.61,162.86,0.7573,1,
2,77.7805,13.9535,143.00,137.00,167.00,162.32,0.8209,0,centroids differ by 4.7 km
2,77.8229,13.9674,149.00,183.00,171.92,160.70,0.7192,0,centroids differ by 11.2 km
2,77.7978,13.8976,149.00,131.00,172.93,160.79,0.7613,0,centroids differ by 12.1 km
2,77.8495,13.8877,171.00,169.00,180.71,158.44,0.4848,0,correlation 0.48 <= 0.7
2,77.8266,13.9330,155.00,173.00,174.66,159.98,0.6285,0,correlation 0.63 <= 0.7
2,77.8515,13.9369,167.00,179.00,177.63,158.63,0.5688,0,correlation 0.57 <= 0.7
2,77.8622,13.9732,165.00,175.00,176.93,158.22,0.5954,0,correlation 0.60 <= 0.7
2,77.7772,13.8625,153.00,135.00,173.54,162.17,0.8176,0,centroids differ by 11.4 km
2,77.7983,13.9049,147.00,133.00,172.34,160.86,0.7723,0,centroids differ by 11.5 km
2,77.8059,13.8780,155.00,131.00,176.09,160.09,0.6746,0,correlation 0.67 <= 0.7
2,77.8024,13.8977,147.00,131.00,173.39,160.56,0.7408,0,centroids differ by 12.8 km
2,77.8371,13.9330,155.00,171.00,176.34,159.60,0.6177,0,correlation 0.62 <= 0.7
2,77.8227,13.9616,149.00,173.00,172.27,160.64,0.7072,0,centroids differ by 11.6 km
2,77.8412,13.9892,151.00,179.00,173.01,159.27,0.6870,0,correlation 0.69 <= 0.7
2,77.9102,13.9802,177.00,145.00,187.12,155.37,-0.0566,0,correlation -0.06 <= 0.7
2,77.8799,13.9899,165.00,155.00,179.99,157.19,0.4908,0,correlation 0.49 <= 0.7
2,77.8697,14.0565,157.00,155.00,172.41,157.99,0.7569,0,centroids differ by 14.4 km
2,77.8907,13.9391,175.00,170.00,186.84,156.41,0.1851,0,correlation 0.19 <= 0.7
2,77.8751,13.9736,165.00,174.00,179.90,157.66,0.5114,0,correlation 0.51 <= 0.7
2,77.8571,13.9148,169.00,177.00,180.11,158.38,0.5023,0,correlation 0.50 <= 0.7
2,77.8623,14.0282,159.00,157.00,172.91,158.49,0.7313,0,centroids differ by 14.4 km
2,77.8155,13.9946,145.00,185.00,169.25,161.37,0.7584,0,centroids differ by 7.9 km
2,77.8851,14.0456,163.00,151.00,177.46,156.99,0.5765,0,correlation 0.58 <= 0.7
2,77.8464,14.0054,155.00,179.00,172.47,159.27,0.7112,0,centroids differ by 13.2 km
2,77.8940,13.9782,171.00,153.00,184.99,156.16,0.1880,0,correlation 0.19 <= 0.7
2,77.8520,13.9862,163.00,177.00,174.29,158.80,0.6647,0,correlation 0.66 <= 0.7
2,77.8789,13.9745,165.00,173.00,180.79,157.35,0.4744,0,correlation 0.47 <= 0.7
2,77.8543,13.9568,165.00,177.00,176.65,158.27,0.5824,0,correlation 0.58 <= 0.7
2,77.8262,13.9974,147.00,183.00,170.25,160.53,0.7407,0,centroids differ by 9.7 km
2,77.8626,13.9693,165.00,175.00,177.32,158.10,0.5822,0,correlation 0.58 <= 0.7
2,77.9072,14.0298,171.00,149.00,182.15,155.49,0.2314,0,correlation 0.23 <= 0.7
2,77.8353,14.0370,147.00,181.00,168.76,160.43,0.7682,0,centroids differ by 8.3 km
2,77.8298,13.9574,153.00,183.00,173.44,160.25,0.6836,0,correlation 0.68 <= 0.7
2,77.8950,14.0105,169.00,149.00,183.02,156.35,0.2955,0,correlation 0.30 <= 0.7
2,77.8487,13.9714,157.00,179.00,174.94,158.69,0.6366,0,correlation 0.64 <= 0.7
2,77.8618,13.9433,167.00,175.00,179.05,157.79,0.5213,0,correlation 0.52 <= 0.7
2,77.8669,14.0552,157.00,155.00,171.88,158.13,0.7715,0,centroids differ by 13.8 km
2,77.8689,13.9425,167.00,175.00,180.65,157.40,0.4710,0,correlation 0.47 <= 0.7
2,77.8914,14.0058,169.00,151.00,182.36,156.47,0.3299,0,correlation 0.33 <= 0.7
2,77.8515,14.0211,153.00,178.00,171.87,159.38,0.7376,0,centroids differ by 12.5 km
2,77.8613,14.0110,161.00,176.00,173.97,158.68,0.6903,0,correlation 0.69 <= 0.7
2,77.8190,13.9200,151.00,173.00,174.64,159.99,0.6245,0,correlation 0.62 <= 0.7
2,77.8984,13.9497,177.00,151.00,187.47,155.81,0.0364,0,correlation 0.04 <= 0.7
2,77.8780,14.0093,163.00,155.00,178.07,157.29,0.5577,0,correlation 0.56 <= 0.7
2,77.8441,13.9450,159.00,179.00,176.27,159.32,0.6202,0,correlation 0.62 <= 0.7
2,77.8284,14.0520,141.00,183.00,166.94,160.82,0.7625,0,centroids differ by 6.1 km
2,77.8636,13.9731,165.00,175.00,177.26,158.15,0.5865,0,correlation 0.59 <= 0.7
2,77.4958,12.9928,139.00,139.00,168.98,162.53,0.7177,0,centroids differ by 6.5 km
2,77.4910,13.0375,133.00,161.00,165.45,163.03,0.5826,0,correlation 0.58 <= 0.7
2,77.4837,13.0333,133.00,139.00,164.26,163.35,0.5179,0,correlation 0.52 <= 0.7
2,77.4871,13.0258,133.00,139.00,165.30,163.25,0.5775,0,correlation 0.58 <= 0.7
2,77.5323,13.0446,139.00,157.00,172.91,160.79,0.6466,0,correlation 0.65 <= 0.7
2,77.4429,12.9690,129.00,155.00,158.01,164.30,0.0054,0,correlation 0.01 <= 0.7
2,77.5376,12.9736,145.00,133.00,176.57,160.50,0.6694,0,correlation 0.67 <= 0.7
2,77.4520,12.9076,137.00,153.00,163.77,162.86,0.6023,0,correlation 0.60 <= 0.7
2,77.4836,12.9749,137.00,151.00,167.22,162.80,0.6746,0,correlation 0.67 <= 0.7
2,77.5098,12.9826,143.00,137.00,172.12,161.83,0.7618,0,centroids differ by 10.3 km
2,77.5206,12.9895,141.00,135.00,173.33,161.32,0.7375,0,centroids differ by 12.0 km
2,77.5064,13.0493,135.00,159.00,168.38,162.00,0.6405,0,correlation 0.64 <= 0.7
2,77.4896,12.9186,141.00,149.00,171.81,162.25,0.7736,0,centroids differ by 9.6 km
2,77.5296,12.9528,145.00,135.00,176.06,160.60,0.6832,0,correlation 0.68 <= 0.7
2,77.4841,12.9702,139.00,151.00,167.57,162.79,0.6878,0,correlation 0.69 <= 0.7
2,77.4653,13.0303,125.00,141.00,160.05,163.80,0.2126,0,correlation 0.21 <= 0.7
2,77.5187,13.0042,141.00,157.00,172.42,161.53,0.7431,0,centroids differ by 10.9 km
2,77.4970,13.0270,137.00,137.00,167.31,162.80,0.6644,0,correlation 0.66 <= 0.7
2,77.4540,12.9216,137.00,153.00,163.46,163.07,0.5678,0,correlation 0.57 <= 0.7
2,77.4736,12.9559,135.00,167.00,166.08,163.16,0.6164,0,correlation 0.62 <= 0.7
2,77.4495,12.9090,137.00,153.00,162.98,162.94,0.5617,0,correlation 0.56 <= 0.7
2,77.4947,13.0448,133.00,161.00,165.86,162.73,0.6000,0,correlation 0.60 <= 0.7
2,77.4556,13.0141,127.00,155.00,158.77,163.94,0.0649,0,correlation 0.06 <= 0.7
2,77.5122,12.9603,143.00,162.00,173.26,161.66,0.7594,0,NYA peak not clear against upper and lower means
2,77.4961,12.9820,139.00,139.00,169.69,162.41,0.7358,0,centroids differ by 7.3 km
2,77.5377,12.9077,149.00,143.00,179.84,160.34,0.5727,0,correlation 0.57 <= 0.7
2,77.4417,13.0238,119.00,157.00,154.65,164.40,-0.3247,0,correlation -0.32 <= 0.7
2,77.5122,13.0440,135.00,159.00,170.15,161.72,0.6688,0,correlation 0.67 <= 0.7
2,77.4609,12.9448,137.00,153.00,163.94,163.39,0.5276,0,correlation 0.53 <= 0.7
2,77.4440,13.0115,127.00,171.00,155.88,164.31,-0.2218,0,correlation -0.22 <= 0.7
2,77.5034,12.9831,139.00,137.00,171.29,162.10,0.7531,0,NYA peak not clear against upper and lower means
2,77.4952,13.0063,137.00,139.00,168.05,162.68,0.6861,0,correlation 0.69 <= 0.7
2,77.4708,12.9921,133.00,153.00,163.68,163.29,0.4885,0,correlation 0.49 <= 0.7
2,77.4913,12.9850,139.00,151.00,168.37,162.58,0.7073,0,centroids differ by 5.8 km
2,77.4461,12.9949,129.00,171.00,157.38,164.27,-0.0753,0,correlation -0.08 <= 0.7
2,77.4833,12.9223,143.00,165.00,170.11,162.55,0.7580,0,centroids differ by 7.6 km
2,77.7370,13.8728,137.00,143.00,164.18,161.49,0.6369,0,correlation 0.64 <= 0.7
2,77.7594,13.8209,143.00,139.00,172.62,159.14,0.6747,0,correlation 0.67 <= 0.7
2,77.7370,13.7582,151.00,145.00,171.95,160.24,0.6448,0,correlation 0.64 <= 0.7
2,77.7660,13.8080,155.00,139.00,175.22,158.64,0.6248,0,correlation 0.62 <= 0.7
2,77.7363,13.7578,151.00,145.00,171.82,160.28,0.6444,0,correlation 0.64 <= 0.7
2,77.7447,13.7933,149.00,143.00,171.15,157.83,0.5817,0,correlation 0.58 <= 0.7
2,77.7987,13.8827,149.00,131.00,173.95,160.63,0.7323,0,centroids differ by 13.3 km
2,77.7305,13.8592,119.00,143.00,163.87,159.97,0.5822,0,correlation 0.58 <= 0.7
2,77.7870,13.7932,157.00,135.00,178.23,158.82,0.5219,0,correlation 0.52 <= 0.7
2,77.7630,13.8358,141.00,139.00,172.27,160.45,0.7322,0,centroids differ by 11.8 km
2,77.8033,13.8135,161.00,131.00,180.00,159.98,0.5370,0,correlation 0.54 <= 0.7
2,77.8082,13.8586,157.00,129.00,177.65,159.75,0.6143,0,correlation 0.61 <= 0.7
2,77.7397,13.8199,147.00,143.00,168.01,158.36,0.5844,0,correlation 0.58 <= 0.7
2,77.7681,13.8842,139.00,137.00,169.58,162.98,0.8525,0,centroids differ by 6.6 km
2,77.7636,13.8924,139.00,137.00,167.87,163.43,0.8343,0,centroids differ by 4.4 km
2,77.7919,13.8818,149.00,131.00,173.70,161.12,0.7662,0,centroids differ by 12.6 km
2,77.7605,13.7726,157.00,141.00,176.72,156.95,0.5058,0,correlation 0.51 <= 0.7
2,77.7928,13.7956,155.00,133.00,178.78,159.31,0.5113,0,correlation 0.51 <= 0.7
2,77.8114,13.8890,155.00,131.00,176.01,160.07,0.6666,0,correlation 0.67 <= 0.7
2,77.7617,13.8941,141.00,137.00,167.29,163.56,0.8217,0,centroids differ by 3.7 km
2,77.7870,13.8960,149.00,133.00,172.97,161.48,0.7954,0,centroids differ by 11.5 km
2,77.8098,13.7551,169.00,131.00,184.06,157.55,0.2379,0,correlation 0.24 <= 0.7
2,77.8265,13.8049,165.00,127.00,183.38,158.32,0.3363,0,correlation 0.34 <= 0.7
2,77.8150,13.8191,165.00,129.00,180.73,159.27,0.4782,0,correlation 0.48 <= 0.7
2,77.8256,13.8135,165.00,128.00,182.69,158.39,0.3721,0,correlation 0.37 <= 0.7
2,77.8269,13.7576,173.00,129.00,186.35,157.95,0.1281,0,correlation 0.13 <= 0.7
2,77.7346,13.7900,149.00,145.00,169.36,159.01,0.5936,0,correlation 0.59 <= 0.7
2,77.7878,13.8950,149.00,133.00,173.13,161.41,0.7908,0,centroids differ by 11.7 km
2,77.7293,13.8896,117.00,143.00,161.33,162.15,0.5936,0,correlation 0.59 <= 0.7
2,77.7375,13.7728,151.00,145.00,170.95,159.54,0.6282,0,correlation 0.63 <= 0.7
2,77.7431,13.7608,151.00,143.00,173.45,159.28,0.6239,0,correlation 0.62 <= 0.7
2,77.8263,13.8600,161.00,129.00,179.69,159.10,0.5134,0,correlation 0.51 <= 0.7
2,77.7949,13.7797,161.00,133.00,180.57,158.31,0.4209,0,correlation 0.42 <= 0.7
2,77.7921,13.7979,155.00,133.00,178.51,159.44,0.5252,0,correlation 0.53 <= 0.7
2,77.7331,13.9031,117.00,143.00,161.09,163.39,0.6128,0,correlation 0.61 <= 0.7
2,77.7716,13.8858,149.00,135.00,170.38,162.77,0.8491,0,centroids differ by 7.6 km
2,77.4636,12.8357,147.00,137.00,170.23,161.71,0.7719,0,centroids differ by 8.5 km
2,77.4852,12.8407,151.00,135.00,174.31,161.69,0.7528,0,centroids differ by 12.6 km
2,77.4888,12.7859,153.00,133.00,176.75,160.65,0.6569,0,correlation 0.66 <= 0.7
2,77.4540,12.8300,143.00,137.00,168.37,161.91,0.7604,0,centroids differ by 6.5 km
2,77.4970,12.8633,149.00,147.00,174.98,161.10,0.7213,0,centroids differ by 13.9 km
2,77.4672,12.8407,147.00,137.00,170.85,161.83,0.7694,0,centroids differ by 9.0 km
2,77.5298,12.7872,155.00,129.00,183.66,159.12,0.2539,0,correlation 0.25 <= 0.7
2,77.5368,12.8499,153.00,143.00,182.32,159.58,0.3637,0,correlation 0.36 <= 0.7
2,77.5101,12.7685,155.00,131.00,180.55,159.61,0.4513,0,correlation 0.45 <= 0.7
2,77.4703,12.7293,155.00,137.00,176.25,160.49,0.6696,0,correlation 0.67 <= 0.7
2,77.5002,12.7211,157.00,133.00,180.64,159.65,0.4189,0,correlation 0.42 <= 0.7
2,77.4902,12.8393,149.00,135.00,174.91,161.46,0.7338,0,centroids differ by 13.5 km
2,77.5405,12.7578,169.00,127.00,187.27,158.27,-0.0430,0,correlation -0.04 <= 0.7
2,77.5414,12.7810,167.00,129.00,186.33,158.58,0.0415,0,correlation 0.04 <= 0.7
2,77.5022,12.8247,151.00,133.00,176.92,160.72,0.6317,0,correlation 0.63 <= 0.7
2,77.4741,12.7235,155.00,137.00,176.99,160.42,0.6326,0,correlation 0.63 <= 0.7
2,77.4729,12.7973,147.00,135.00,174.32,161.20,0.7370,0,centroids differ by 13.1 km
2,77.4676,12.7382,155.00,137.00,175.69,160.64,0.6924,0,correlation 0.69 <= 0.7
2,77.4926,12.7388,155.00,133.00,178.58,159.98,0.5231,0,correlation 0.52 <= 0.7
2,77.5204,12.8056,155.00,131.00,180.98,159.92,0.4464,0,correlation 0.45 <= 0.7
2,77.4515,12.8296,143.00,137.00,167.87,161.95,0.7515,0,centroids differ by 5.9 km
2,77.5194,12.7743,157.00,129.00,182.16,159.39,0.3666,0,correlation 0.37 <= 0.7
2,77.4797,12.7522,153.00,135.00,176.73,160.45,0.6522,0,correlation 0.65 <= 0.7
2,77.4842,12.7903,153.00,133.00,175.93,160.80,0.6943,0,correlation 0.69 <= 0.7
2,77.5480,12.7815,167.00,127.00,188.03,158.34,-0.0746,0,correlation -0.07 <= 0.7
2,77.4666,12.7942,149.00,135.00,173.30,161.33,0.7531,0,centroids differ by 12.0 km
2,77.5233,12.8601,151.00,145.00,179.08,160.33,0.5588,0,correlation 0.56 <= 0.7
2,77.4872,12.8156,151.00,133.00,175.39,160.78,0.7007,0,centroids differ by 14.6 km
2,77.5349,12.7344,169.00,129.00,187.05,158.09,-0.0632,0,correlation -0.06 <= 0.7
2,77.5282,12.7385,159.00,129.00,185.50,158.44,0.0662,0,correlation 0.07 <= 0.7
2,77.4680,12.7248,157.00,137.00,176.15,160.51,0.6701,0,correlation 0.67 <= 0.7
2,77.4491,12.8109,143.00,137.00,168.29,161.97,0.7876,0,centroids differ by 6.3 km
2,77.5469,12.8359,163.00,141.00,185.02,159.00,0.1465,0,correlation 0.15 <= 0.7
2,77.5472,12.7935,167.00,129.00,187.16,158.60,-0.0077,0,correlation -0.01 <= 0.7
2,77.4725,12.7815,149.00,135.00,174.84,160.99,0.7306,0,centroids differ by 13.9 km
2,77.4730,12.8536,145.00,137.00,171.56,162.16,0.7728,0,centroids differ by 9.4 km
2,77.7227,13.9818,115.00,143.00,151.29,166.40,0.1925,0,correlation 0.19 <= 0.7
2,77.8165,14.0611,135.00,185.00,163.99,161.38,0.7415,0,centroids differ by 2.6 km
2,77.7839,13.9237,147.00,133.00,170.28,161.82,0.8325,0,centroids differ by 8.5 km
2,77.8023,14.0614,137.00,189.00,163.02,162.28,0.6979,0,correlation 0.70 <= 0.7
2,77.7967,13.9308,145.00,135.00,170.99,161.22,0.8016,0,centroids differ by 9.8 km
2,77.8082,14.0316,137.00,187.00,165.03,161.91,0.7463,0,centroids differ by 3.1 km
2,77.7301,13.9362,117.00,144.00,157.84,164.99,0.4945,0,correlation 0.49 <= 0.7
2,77.7517,13.9642,129.00,138.00,159.67,164.59,0.6855,0,correlation 0.69 <= 0.7
2,77.7795,13.9627,143.00,137.00,165.95,162.45,0.8066,0,centroids differ by 3.5 km
2,77.7490,13.9700,129.00,137.00,158.88,164.89,0.6658,0,correlation 0.67 <= 0.7
2,77.7790,14.0456,129.00,193.00,158.64,163.79,0.5342,0,correlation 0.53 <= 0.7
2,77.8098,13.9439,145.00,175.00,171.77,160.82,0.6981,0,correlation 0.70 <= 0.7
2,77.7871,14.0475,127.00,191.00,160.49,163.47,0.6197,0,correlation 0.62 <= 0.7
2,77.7259,13.9730,117.00,143.00,153.29,166.13,0.3045,0,correlation 0.30 <= 0.7
2,77.7320,13.9275,115.00,143.00,158.93,164.68,0.5374,0,correlation 0.54 <= 0.7
2,77.8171,14.0485,137.00,185.00,165.12,161.13,0.7465,0,centroids differ by 4.0 km
2,77.7268,14.0318,113.00,141.00,148.06,166.39,0.0609,0,correlation 0.06 <= 0.7
2,77.8040,13.9838,141.00,177.00,167.94,161.73,0.7471,0,centroids differ by 6.2 km
2,77.8184,14.0149,143.00,185.00,168.33,161.07,0.7596,0,centroids differ by 7.3 km
2,77.7360,14.0184,113.00,141.00,152.21,165.34,0.2698,0,correlation 0.27 <= 0.7
2,77.7901,13.9767,143.00,179.00,167.41,162.06,0.7544,0,centroids differ by 5.4 km
2,77.8005,13.9990,141.00,177.00,167.07,162.10,0.7483,0,centroids differ by 5.0 km
2,77.8149,13.9773,147.00,175.00,170.44,161.18,0.7398,0,centroids differ by 9.3 km
2,77.8040,13.9886,141.00,177.00,167.55,161.82,0.7513,0,centroids differ by 5.7 km
2,77.7946,14.0223,139.00,179.00,164.66,162.75,0.7217,0,centroids differ by 1.9 km
2,77.7968,13.9790,143.00,179.00,168.31,161.84,0.7375,0,centroids differ by 6.5 km
2,77.7975,13.9774,143.00,177.00,168.41,161.78,0.7375,0,centroids differ by 6.6 km
2,77.7288,14.0325,113.00,141.00,148.56,166.18,0.0714,0,correlation 0.07 <= 0.7
2,77.7535,13.9606,137.00,137.00,160.03,164.42,0.6934,0,correlation 0.69 <= 0.7
2,77.8052,13.9686,143.00,177.00,168.90,161.39,0.7261,0,centroids differ by 7.5 km
2,77.7935,13.9809,143.00,179.00,167.76,162.00,0.7435,0,centroids differ by 5.8 km
2,77.8149,13.9509,149.00,175.00,172.29,160.69,0.6969,0,correlation 0.70 <= 0.7
2,77.8039,14.0474,137.00,187.00,164.16,162.22,0.7210,0,centroids differ by 1.9 km
2,77.7849,13.9768,143.00,139.00,166.14,162.30,0.7615,0,centroids differ by 3.8 km
2,77.7731,13.9660,133.00,137.00,163.99,162.84,0.7788,0,centroids differ by 1.1 km
2,77.7305,13.9261,117.00,143.00,158.77,164.56,0.5260,0,correlation 0.53 <= 0.7
2,77.9901,14.7544,133.00,171.00,153.88,158.87,0.4483,0,correlation 0.45 <= 0.7
2,78.0282,14.8632,147.00,167.00,162.13,156.89,0.7150,0,centroids differ by 5.2 km
2,77.9726,14.8174,113.00,175.00,143.15,160.11,-0.0138,0,correlation -0.01 <= 0.7
2,78.0649,14.8151,175.00,129.00,183.79,146.10,-0.1429,0,correlation -0.14 <= 0.7
2,78.0674,14.8146,175.00,129.00,184.57,146.05,-0.1539,0,correlation -0.15 <= 0.7
2,77.9819,14.7619,125.00,173.00,150.67,159.26,0.2875,0,correlation 0.29 <= 0.7
2,77.9728,14.8509,109.00,177.00,141.04,160.49,-0.0802,0,correlation -0.08 <= 0.7
2,78.0098,14.7951,145.00,169.00,158.52,158.57,0.4483,0,correlation 0.45 <= 0.7
2,77.9944,14.8285,129.00,173.00,149.98,159.77,0.1492,0,correlation 0.15 <= 0.7
2,77.9843,14.8308,119.00,175.00,146.87,160.05,0.0627,0,correlation 0.06 <= 0.7
2,77.9781,14.8647,111.00,175.00,142.49,160.96,-0.0644,0,correlation -0.06 <= 0.7
2,78.0166,14.8736,141.00,169.00,156.48,158.00,0.4513,0,correlation 0.45 <= 0.7
2,78.0555,14.8152,173.00,131.00,179.78,148.79,-0.0373,0,correlation -0.04 <= 0.7
2,78.0664,14.7655,181.00,129.00,185.94,148.43,-0.1658,0,correlation -0.17 <= 0.7
2,78.0017,14.8134,135.00,171.00,153.72,159.20,0.2739,0,correlation 0.27 <= 0.7
2,78.0075,14.8844,133.00,171.00,151.65,158.54,0.2152,0,correlation 0.22 <= 0.7
2,78.0331,14.7784,159.00,165.00,170.12,156.79,0.7308,0,centroids differ by 13.3 km
2,78.0062,14.7700,145.00,169.00,158.70,158.47,0.4974,0,correlation 0.50 <= 0.7
2,78.0583,14.8456,167.00,131.00,180.36,146.58,-0.0436,0,correlation -0.04 <= 0.7
2,78.0471,14.8682,161.00,133.00,172.22,148.30,0.1231,0,correlation 0.12 <= 0.7
2,78.0269,14.7639,159.00,165.00,168.26,157.29,0.7197,0,centroids differ by 11.0 km
2,78.0337,14.8415,153.00,167.00,166.03,156.53,0.7531,0,centroids differ by 9.5 km
2,78.0391,14.8776,155.00,133.00,166.52,150.48,0.3001,0,correlation 0.30 <= 0.7
2,78.0339,14.8191,155.00,165.00,167.62,156.93,0.7630,0,centroids differ by 10.7 km
2,78.0029,14.8673,131.00,173.00,150.62,159.04,0.1481,0,correlation 0.15 <= 0.7
2,78.0219,14.8372,147.00,169.00,161.01,157.57,0.6080,0,correlation 0.61 <= 0.7
2,77.9973,14.8347,129.00,173.00,150.56,159.58,0.1508,0,correlation 0.15 <= 0.7
2,77.9962,14.7549,137.00,171.00,155.85,158.67,0.5179,0,correlation 0.52 <= 0.7
2,78.0352,14.7685,163.00,165.00,171.76,156.60,0.7083,0,centroids differ by 15.2 km
2,78.0105,14.7706,147.00,169.00,160.58,158.28,0.5399,0,correlation 0.54 <= 0.7
2,78.0519,14.7904,173.00,131.00,178.81,154.05,0.2206,0,correlation 0.22 <= 0.7
2,77.9898,14.7537,133.00,171.00,153.81,158.88,0.4464,0,correlation 0.45 <= 0.7
2,77.9939,14.7638,135.00,171.00,154.41,158.87,0.4553,0,correlation 0.46 <= 0.7
2,78.0543,14.8572,167.00,131.00,177.66,147.33,0.0199,0,correlation 0.02 <= 0.7
2,78.0036,14.7740,141.00,169.00,157.29,158.66,0.4647,0,correlation 0.46 <= 0.7
2,78.0650,14.7434,185.00,129.00,186.54,152.48,-0.1402,0,correlation -0.14 <= 0.7
2,77.5110,13.0874,133.00,159.00,167.53,162.38,0.5463,0,correlation 0.55 <= 0.7
2,77.5187,13.0722,133.00,159.00,170.12,161.92,0.6053,0,correlation 0.61 <= 0.7
2,77.5094,13.0993,133.00,159.00,166.57,162.57,0.5124,0,correlation 0.51 <= 0.7
2,77.5271,13.0632,139.00,157.00,171.40,161.36,0.6303,0,correlation 0.63 <= 0.7
2,77.5236,13.0820,133.00,157.00,170.44,161.81,0.6031,0,correlation 0.60 <= 0.7
2,77.5722,13.0634,141.00,151.00,178.78,158.67,0.4855,0,correlation 0.49 <= 0.7
2,77.5352,13.0376,139.00,157.00,173.47,160.54,0.6515,0,correlation 0.65 <= 0.7
2,77.5698,13.1062,139.00,151.00,176.17,159.37,0.5073,0,correlation 0.51 <= 0.7
2,77.5655,13.1462,135.00,153.00,173.54,159.77,0.4704,0,correlation 0.47 <= 0.7
2,77.5277,13.1566,129.00,157.00,167.82,161.91,0.4623,0,correlation 0.46 <= 0.7
2,77.5189,13.0775,133.00,159.00,169.95,162.01,0.5930,0,correlation 0.59 <= 0.7
2,77.5905,13.1592,144.00,139.00,177.75,159.22,0.4767,0,correlation 0.48 <= 0.7
2,77.5598,13.1435,135.00,153.00,172.71,160.02,0.4808,0,correlation 0.48 <= 0.7
2,77.5043,13.1406,127.00,161.00,163.67,162.90,0.4028,0,correlation 0.40 <= 0.7
2,77.5708,13.1046,139.00,151.00,176.43,159.29,0.5066,0,correlation 0.51 <= 0.7
2,77.4970,13.1141,129.00,161.00,163.29,163.12,0.3944,0,correlation 0.39 <= 0.7
2,77.5557,13.0538,141.00,153.00,176.19,159.80,0.5893,0,correlation 0.59 <= 0.7
2,77.5811,13.1632,135.00,141.00,175.49,159.41,0.4825,0,correlation 0.48 <= 0.7
2,77.4992,13.1330,127.00,161.00,162.93,163.12,0.3704,0,correlation 0.37 <= 0.7
2,77.5499,13.0901,137.00,155.00,173.41,160.03,0.6006,0,correlation 0.60 <= 0.7
2,77.5002,13.0942,129.00,161.00,164.80,162.74,0.4648,0,correlation 0.46 <= 0.7
2,77.5764,13.0984,139.00,151.00,177.86,158.99,0.4895,0,correlation 0.49 <= 0.7
2,77.5714,13.0973,139.00,151.00,176.91,159.10,0.5109,0,correlation 0.51 <= 0.7
2,77.5089,13.0604,135.00,159.00,168.44,161.85,0.6022,0,correlation 0.60 <= 0.7
2,77.5268,13.0690,139.00,157.00,171.17,161.44,0.6227,0,correlation 0.62 <= 0.7
2,77.5213,13.0593,139.00,159.00,170.90,161.59,0.6372,0,correlation 0.64 <= 0.7
2,77.5432,13.1431,135.00,155.00,170.51,161.05,0.4968,0,correlation 0.50 <= 0.7
2,77.5471,13.0414,141.00,155.00,175.17,160.16,0.6244,0,correlation 0.62 <= 0.7
2,77.5217,13.0994,133.00,159.00,169.49,161.85,0.5681,0,correlation 0.57 <= 0.7
2,77.5650,13.0411,143.00,153.00,178.51,159.27,0.5247,0,correlation 0.52 <= 0.7
2,77.5134,13.0563,135.00,159.00,169.81,161.77,0.6324,0,correlation 0.63 <= 0.7
2,77.4990,13.0952,129.00,161.00,164.53,162.80,0.4557,0,correlation 0.46 <= 0.7
2,77.5748,13.0705,141.00,151.00,178.95,158.48,0.4643,0,correlation 0.46 <= 0.7
2,77.5100,13.0627,135.00,159.00,168.61,161.90,0.5992,0,correlation 0.60 <= 0.7
2,77.5894,13.1028,149.00,149.00,180.24,158.57,0.3938,0,correlation 0.39 <= 0.7
2,77.5620,13.0884,139.00,153.00,175.70,159.44,0.5576,0,correlation 0.56 <= 0.7
2,77.7137,13.8003,123.00,149.00,164.87,161.28,0.5857,0,correlation 0.59 <= 0.7
2,77.7222,13.8301,121.00,147.00,164.42,159.02,0.5507,0,correlation 0.55 <= 0.7
2,77.7085,13.7314,127.00,151.00,168.94,160.87,0.5276,0,correlation 0.53 <= 0.7
2,77.7539,13.6859,165.00,143.00,181.38,158.61,0.4196,0,correlation 0.42 <= 0.7
2,77.7381,13.7343,153.00,145.00,174.11,159.79,0.6161,0,correlation 0.62 <= 0.7
2,77.7480,13.7683,149.00,143.00,174.18,158.22,0.5868,0,correlation 0.59 <= 0.7
2,77.7516,13.7617,149.00,143.00,175.47,157.93,0.5600,0,correlation 0.56 <= 0.7
2,77.7810,13.6852,165.00,139.00,183.47,157.97,0.2318,0,correlation 0.23 <= 0.7
2,77.7290,13.6852,157.00,149.00,175.62,159.34,0.5350,0,correlation 0.53 <= 0.7
2,77.7502,13.7465,149.00,143.00,176.31,158.94,0.5854,0,correlation 0.59 <= 0.7
2,77.7241,13.8122,121.00,147.00,166.10,159.34,0.5629,0,correlation 0.56 <= 0.7
2,77.7236,13.6913,157.00,149.00,174.35,159.69,0.5402,0,correlation 0.54 <= 0.7
2,77.7344,13.8050,149.00,145.00,168.43,158.30,0.5610,0,correlation 0.56 <= 0.7
2,77.7295,13.7610,153.00,147.00,170.66,160.71,0.6413,0,correlation 0.64 <= 0.7
2,77.7630,13.8130,143.00,139.00,174.17,158.84,0.6480,0,correlation 0.65 <= 0.7
2,77.7366,13.7340,153.00,145.00,173.71,159.78,0.6157,0,correlation 0.62 <= 0.7
2,77.6993,13.8030,127.00,151.00,160.12,162.01,0.4779,0,correlation 0.48 <= 0.7
2,77.6943,13.7641,129.00,153.00,161.98,161.82,0.4506,0,correlation 0.45 <= 0.7
2,77.7366,13.7040,155.00,147.00,176.19,159.32,0.5587,0,correlation 0.56 <= 0.7
2,77.7353,13.7107,155.00,147.00,175.22,159.41,0.5704,0,correlation 0.57 <= 0.7
2,77.7539,13.8261,145.00,141.00,170.99,159.24,0.6687,0,correlation 0.67 <= 0.7
2,77.7284,13.7262,155.00,147.00,172.70,160.02,0.5895,0,correlation 0.59 <= 0.7
2,77.7813,13.6871,165.00,139.00,183.36,157.86,0.2306,0,correlation 0.23 <= 0.7
2,77.7554,13.7467,149.00,141.00,177.48,158.30,0.5421,0,correlation 0.54 <= 0.7
2,77.7672,13.7680,159.00,139.00,178.43,156.60,0.4475,0,correlation 0.45 <= 0.7
2,77.7093,13.7842,125.00,149.00,164.99,161.44,0.5595,0,correlation 0.56 <= 0.7
2,77.7181,13.6806,149.00,149.00,174.47,159.82,0.5219,0,correlation 0.52 <= 0.7
2,77.7348,13.7090,155.00,147.00,175.23,159.43,0.5686,0,correlation 0.57 <= 0.7
2,77.7554,13.6815,165.00,143.00,181.96,158.48,0.3909,0,correlation 0.39 <= 0.7
2,77.7120,13.7119,127.00,151.00,171.15,160.41,0.5195,0,correlation 0.52 <= 0.7
2,77.7724,13.7763,159.00,139.00,178.90,157.05,0.4565,0,correlation 0.46 <= 0.7
2,77.7269,13.7264,155.00,147.00,172.53,160.08,0.5828,0,correlation 0.58 <= 0.7
2,77.7693,13.7097,163.00,141.00,182.63,158.05,0.3699,0,correlation 0.37 <= 0.7
2,77.7607,13.7949,145.00,139.00,174.99,157.68,0.5783,0,correlation 0.58 <= 0.7
2,77.7032,13.7606,129.00,151.00,165.17,161.57,0.5029,0,correlation 0.50 <= 0.7
2,77.7616,13.7762,157.00,141.00,176.67,156.99,0.5103,0,correlation 0.51 <= 0.7
2,77.8112,13.8309,159.00,129.00,179.62,159.48,0.5351,0,correlation 0.54 <= 0.7
2,77.7546,13.8745,143.00,139.00,166.97,162.75,0.7420,0,centroids differ by 4.2 km
2,77.7367,13.7588,151.00,145.00,171.84,160.26,0.6448,0,correlation 0.64 <= 0.7
2,77.7972,13.7652,163.00,133.00,182.19,157.38,0.3146,0,correlation 0.31 <= 0.7
2,77.8104,13.8246,159.00,129.00,179.93,159.55,0.5225,0,correlation 0.52 <= 0.7
2,77.7826,13.8685,151.00,133.00,174.22,161.86,0.8042,0,centroids differ by 12.4 km
2,77.8117,13.8530,157.00,128.00,178.30,159.42,0.5813,0,correlation 0.58 <= 0.7
2,77.7670,13.8489,151.00,137.00,172.24,161.55,0.7728,0,centroids differ by 10.7 km
2,77.8023,13.8723,151.00,131.00,175.54,160.25,0.6858,0,correlation 0.69 <= 0.7
2,77.7835,13.7842,157.00,135.00,178.75,157.98,0.4813,0,correlation 0.48 <= 0.7
2,77.7636,13.8352,141.00,139.00,172.46,160.43,0.7314,0,centroids differ by 12.0 km
2,77.7979,13.8153,161.00,133.00,178.60,160.46,0.5734,0,correlation 0.57 <= 0.7
2,77.7431,13.8745,135.00,141.00,164.84,162.09,0.6660,0,correlation 0.67 <= 0.7
2,77.7805,13.8975,149.00,133.00,171.58,162.07,0.8304,0,centroids differ by 9.5 km
2,77.8002,13.8764,149.00,131.00,174.53,160.45,0.7106,0,centroids differ by 14.1 km
2,77.8025,13.8371,157.00,131.00,178.34,160.20,0.6114,0,correlation 0.61 <= 0.7
2,77.7429,13.8903,135.00,141.00,163.81,163.21,0.6578,0,correlation 0.66 <= 0.7
2,77.8052,13.7690,163.00,133.00,182.84,158.10,0.3298,0,correlation 0.33 <= 0.7
2,77.7417,13.8394,145.00,143.00,166.96,159.42,0.6188,0,correlation 0.62 <= 0.7
2,77.8106,13.8865,155.00,131.00,176.09,160.06,0.6686,0,correlation 0.67 <= 0.7
2,77.7969,13.8499,151.00,174.00,175.80,160.84,0.6859,0,correlation 0.69 <= 0.7
2,77.7547,13.8420,145.00,139.00,169.89,160.33,0.7118,0,centroids differ by 9.6 km
2,77.7878,13.8286,153.00,133.00,176.44,160.85,0.6741,0,correlation 0.67 <= 0.7
2,77.8228,13.7655,169.00,129.00,185.33,158.18,0.1953,0,correlation 0.20 <= 0.7
2,77.7358,13.7715,151.00,145.00,170.75,159.85,0.6342,0,correlation 0.63 <= 0.7
2,77.8020,13.8654,157.00,131.00,175.91,160.26,0.6745,0,correlation 0.67 <= 0.7
2,77.7986,13.7886,161.00,133.00,180.98,159.11,0.4607,0,correlation 0.46 <= 0.7
2,77.7933,13.8725,151.00,131.00,174.00,160.98,0.7489,0,centroids differ by 13.0 km
2,77.7937,13.7666,165.00,135.00,181.18,157.32,0.3369,0,correlation 0.34 <= 0.7
2,77.7625,13.8682,141.00,137.00,169.57,162.53,0.7994,0,centroids differ by 7.0 km
2,77.7331,13.8190,139.00,145.00,167.37,158.43,0.5600,0,correlation 0.56 <= 0.7
2,77.7693,13.8730,139.00,137.00,170.85,162.68,0.8413,0,centroids differ by 8.2 km
2,77.8169,13.7546,169.00,131.00,185.07,157.91,0.1946,0,correlation 0.19 <= 0.7
2,77.7830,13.8650,151.00,133.00,174.53,161.82,0.7966,0,centroids differ by 12.7 km
2,77.7581,13.8141,145.00,140.00,172.86,158.63,0.6456,0,correlation 0.65 <= 0.7
2,77.7539,13.8979,141.00,139.00,164.73,163.81,0.7412,1,
2,78.0001,14.8914,127.00,173.00,147.88,159.14,0.0691,0,correlation 0.07 <= 0.7
2,78.0156,14.9255,135.00,137.00,152.73,156.95,0.4675,0,correlation 0.47 <= 0.7
2,78.0415,14.8915,155.00,133.00,167.24,148.50,0.2723,0,correlation 0.27 <= 0.7
2,78.0456,14.8729,159.00,133.00,170.92,148.44,0.1623,0,correlation 0.16 <= 0.7
2,78.0438,14.8250,165.00,133.00,172.28,154.47,0.4140,0,correlation 0.41 <= 0.7
2,78.0581,14.8363,169.00,131.00,180.51,146.56,-0.0569,0,correlation -0.06 <= 0.7
2,78.0687,14.7877,179.00,129.00,185.74,145.60,-0.1768,0,correlation -0.18 <= 0.7
2,78.0472,14.8240,167.00,133.00,174.46,152.69,0.1700,0,correlation 0.17 <= 0.7
2,78.0263,14.8716,145.00,169.00,160.78,156.96,0.6948,0,correlation 0.69 <= 0.7
2,78.0496,14.8612,163.00,133.00,174.32,147.81,0.0735,0,correlation 0.07 <= 0.7
2,78.0731,14.8018,181.00,129.00,186.48,146.56,-0.1949,0,correlation -0.19 <= 0.7
2,77.9754,14.8351,113.00,175.00,143.22,160.24,-0.0290,0,correlation -0.03 <= 0.7
2,78.0514,14.8660,165.00,131.00,175.35,147.60,0.0642,0,correlation 0.06 <= 0.7
2,78.0182,14.8621,143.00,169.00,157.91,157.80,0.4992,0,correlation 0.50 <= 0.7
2,78.0434,14.8039,167.00,165.00,173.32,155.96,0.6116,0,correlation 0.61 <= 0.7
2,77.9966,14.9079,121.00,175.00,145.45,159.33,-0.0018,0,correlation -0.00 <= 0.7
2,77.9979,14.9118,123.00,173.00,145.67,159.18,0.0114,0,correlation 0.01 <= 0.7
2,78.0523,14.9120,157.00,133.00,173.87,151.83,0.1958,0,correlation 0.20 <= 0.7
2,78.0510,14.8791,163.00,133.00,174.54,148.04,0.0924,0,correlation 0.09 <= 0.7
2,78.0414,14.8977,155.00,133.00,166.82,148.55,0.2921,0,correlation 0.29 <= 0.7
2,77.9794,14.9018,107.00,177.00,140.83,161.34,-0.1198,0,correlation -0.12 <= 0.7
2,78.0188,14.8579,145.00,169.00,158.40,157.74,0.5142,0,correlation 0.51 <= 0.7
2,78.0012,14.8080,137.00,171.00,153.89,159.18,0.2911,0,correlation 0.29 <= 0.7
2,77.9812,14.8420,115.00,175.00,145.13,160.42,0.0035,0,correlation 0.00 <= 0.7
2,77.9952,14.8856,123.00,173.00,146.41,159.71,0.0115,0,correlation 0.01 <= 0.7
2,78.0385,14.8943,153.00,135.00,165.17,149.52,0.3275,0,correlation 0.33 <= 0.7
2,78.0066,14.8000,141.00,169.00,156.74,158.84,0.3846,0,correlation 0.38 <= 0.7
2,78.0605,14.8007,175.00,129.00,182.59,147.57,-0.1073,0,correlation -0.11 <= 0.7
2,78.0463,14.8336,165.00,133.00,173.38,151.81,0.1512,0,correlation 0.15 <= 0.7
2,77.9982,14.9307,121.00,175.00,144.60,159.16,-0.0036,0,correlation -0.00 <= 0.7
2,78.0622,14.8043,175.00,129.00,183.16,146.41,-0.1231,0,correlation -0.12 <= 0.7
2,77.9808,14.7898,121.00,173.00,148.40,159.49,0.1595,0,correlation 0.16 <= 0.7
2,78.0114,14.8136,145.00,169.00,158.03,158.59,0.4301,0,correlation 0.43 <= 0.7
2,78.0314,14.8951,145.00,135.00,161.42,152.76,0.4189,0,correlation 0.42 <= 0.7
2,78.0325,14.9246,143.00,135.00,160.00,149.56,0.3649,0,correlation 0.36 <= 0.7
2,77.9840,14.7885,123.00,173.00,149.61,159.32,0.2127,0,correlation 0.21 <= 0.7
2,77.8037,13.9697,143.00,177.00,168.68,161.46,0.7291,0,centroids differ by 7.2 km
2,77.8716,14.0377,159.00,157.00,174.31,157.76,0.7002,0,centroids differ by 16.5 km
2,77.8395,13.9887,151.00,181.00,172.81,159.38,0.6870,0,correlation 0.69 <= 0.7
2,77.8109,13.9514,157.00,175.00,171.48,160.85,0.7021,0,centroids differ by 10.6 km
2,77.8778,14.0069,163.00,155.00,178.19,157.29,0.5530,0,correlation 0.55 <= 0.7
2,77.8078,13.9845,141.00,177.00,168.03,161.60,0.7524,0,centroids differ by 6.4 km
2,77.8419,13.9748,155.00,179.00,174.06,159.29,0.6641,0,correlation 0.66 <= 0.7
2,77.8190,14.0209,143.00,185.00,167.96,160.96,0.7580,0,centroids differ by 7.0 km
2,77.8814,14.0160,163.00,155.00,178.53,157.08,0.5308,0,correlation 0.53 <= 0.7
2,77.8404,13.9653,153.00,181.00,174.55,159.52,0.6597,0,correlation 0.66 <= 0.7
2,77.8904,13.9994,169.00,151.00,182.50,156.46,0.3245,0,correlation 0.32 <= 0.7
2,77.8634,13.9873,163.00,176.00,176.15,158.46,0.6266,0,correlation 0.63 <= 0.7
2,77.8096,13.9497,147.00,175.00,171.17,160.86,0.6993,0,correlation 0.70 <= 0.7
2,77.8442,13.9260,161.00,179.00,177.51,159.22,0.5955,0,correlation 0.60 <= 0.7
2,77.8795,13.9820,165.00,155.00,180.43,157.26,0.4821,0,correlation 0.48 <= 0.7
2,77.8100,13.9476,147.00,175.00,171.49,160.84,0.6979,0,correlation 0.70 <= 0.7
2,77.8743,14.0136,161.00,155.00,176.81,157.58,0.6084,0,correlation 0.61 <= 0.7
2,77.8959,14.0257,167.00,149.00,182.19,156.44,0.3538,0,correlation 0.35 <= 0.7
2,77.8228,13.9980,145.00,185.00,169.91,160.87,0.7481,0,centroids differ by 9.0 km
2,77.8143,13.9383,151.00,175.00,173.07,160.52,0.6820,0,correlation 0.68 <= 0.7
2,77.8609,13.9721,165.00,175.00,176.72,158.24,0.5992,0,correlation 0.60 <= 0.7
2,77.8067,14.0394,137.00,187.00,164.54,161.99,0.7360,0,centroids differ by 2.5 km
2,77.8752,13.9636,167.00,173.00,180.63,157.75,0.4891,0,correlation 0.49 <= 0.7
2,77.8140,13.9425,149.00,175.00,172.76,160.62,0.6864,0,correlation 0.69 <= 0.7
2,77.8532,14.0179,159.00,178.00,172.27,159.29,0.7262,0,centroids differ by 13.0 km
2,77.7988,14.0429,137.00,189.00,163.86,162.70,0.7113,0,centroids differ by 1.2 km
2,77.8154,13.9856,147.00,185.00,169.90,161.25,0.7488,0,centroids differ by 8.7 km
2,77.8656,13.9908,163.00,176.00,176.40,158.31,0.6192,0,correlation 0.62 <= 0.7
2,77.8570,13.9862,163.00,177.00,175.00,158.74,0.6490,0,correlation 0.65 <= 0.7
2,77.8102,13.9902,141.00,187.00,167.89,161.63,0.7594,0,centroids differ by 6.3 km
2,77.8151,14.0152,141.74,185.00,167.44,161.36,0.7641,0,centroids differ by 6.1 km
2,77.8695,13.9629,167.00,175.00,179.34,157.80,0.5265,0,correlation 0.53 <= 0.7
2,77.8959,13.9758,173.00,151.00,185.56,156.02,0.1439,0,correlation 0.14 <= 0.7
2,77.8224,13.9171,157.00,173.00,175.19,159.84,0.5981,0,correlation 0.60 <= 0.7
2,77.8754,13.9759,165.00,174.00,179.80,157.63,0.5138,0,correlation 0.51 <= 0.7
2,77.8017,14.0273,139.00,189.00,165.41,162.44,0.7388,0,centroids differ by 3.0 km
2,77.8938,14.4291,125.00,163.00,151.85,159.40,0.2586,0,correlation 0.26 <= 0.7
2,77.9761,14.3766,161.00,157.00,177.15,155.02,0.4824,0,correlation 0.48 <= 0.7
2,77.8992,14.3416,135.00,161.00,159.02,159.52,0.6019,0,correlation 0.60 <= 0.7
2,77.9308,14.3132,147.00,155.00,167.86,155.80,0.8318,0,centroids differ by 12.1 km
2,77.9431,14.3610,151.00,157.00,167.03,153.72,0.8385,0,centroids differ by 13.3 km
2,77.9833,14.4254,161.00,157.00,176.02,154.80,0.4773,0,correlation 0.48 <= 0.7
2,77.9533,14.3208,163.00,155.00,173.42,152.87,0.6581,0,correlation 0.66 <= 0.7
2,77.9448,14.4267,145.00,159.00,162.48,155.56,0.8465,0,centroids differ by 6.9 km
2,77.9493,14.3370,155.00,155.00,170.84,153.20,0.7510,0,centroids differ by 17.6 km
2,77.9216,14.4443,133.00,161.00,157.02,156.10,0.5945,0,correlation 0.59 <= 0.7
2,77.9823,14.3272,171.00,151.00,183.73,153.11,0.0723,0,correlation 0.07 <= 0.7
2,77.9799,14.3570,165.00,154.00,180.34,154.56,0.2897,0,correlation 0.29 <= 0.7
2,77.9133,14.3565,139.00,159.00,161.43,157.46,0.7634,0,centroids differ by 4.0 km
2,77.8910,14.4584,121.00,165.00,149.08,159.70,0.1789,0,correlation 0.18 <= 0.7
2,77.9071,14.3626,137.00,159.00,159.49,158.26,0.6682,0,correlation 0.67 <= 0.7
2,77.8905,14.4203,125.00,163.00,151.62,160.15,0.2129,0,correlation 0.21 <= 0.7
2,77.9714,14.3604,161.00,153.00,176.62,154.16,0.5051,0,correlation 0.51 <= 0.7
2,77.9210,14.3776,139.00,159.00,161.55,155.64,0.7937,0,centroids differ by 5.9 km
2,77.9750,14.4049,157.00,156.00,174.38,155.31,0.6135,0,correlation 0.61 <= 0.7
2,77.9355,14.3853,141.00,159.00,163.35,154.31,0.8453,0,centroids differ by 9.0 km
2,77.8914,14.3425,133.00,163.00,157.25,160.19,0.5066,0,correlation 0.51 <= 0.7
2,77.9729,14.3337,165.00,153.00,179.38,152.76,0.3469,0,correlation 0.35 <= 0.7
2,77.9075,14.4503,127.00,163.00,153.45,157.52,0.3922,0,correlation 0.39 <= 0.7
2,77.9575,14.3990,155.00,157.00,168.72,155.06,0.8136,0,centroids differ by 13.7 km
2,77.8888,14.3766,129.00,163.00,154.24,160.58,0.3233,0,correlation 0.32 <= 0.7
2,77.8876,14.3729,129.00,163.00,154.21,160.67,0.3237,0,correlation 0.32 <= 0.7
2,77.9195,14.4452,133.00,163.00,156.53,156.25,0.5665,0,correlation 0.57 <= 0.7
2,77.9399,14.3440,147.00,157.00,167.52,153.92,0.8305,0,centroids differ by 13.6 km
2,77.9674,14.3419,163.00,153.00,176.53,152.88,0.5105,0,correlation 0.51 <= 0.7
2,77.9809,14.4153,161.00,157.00,175.89,154.95,0.5132,0,correlation 0.51 <= 0.7
2,77.8904,14.3621,131.00,163.00,155.65,160.37,0.4093,0,correlation 0.41 <= 0.7
2,77.9045,14.3949,133.00,161.00,156.53,157.97,0.5132,0,correlation 0.51 <= 0.7
2,77.9457,14.3427,155.00,157.00,169.21,153.47,0.7945,0,centroids differ by 15.7 km
2,77.9366,14.4479,135.00,159.00,159.05,156.18,0.7381,0,centroids differ by 2.9 km
2,77.9313,14.4325,135.00,159.00,159.41,155.26,0.7288,0,centroids differ by 4.2 km
2,77.9723,14.4317,155.00,157.00,171.14,155.53,0.7260,0,centroids differ by 15.6 km
2,77.6554,13.7019,107.00,153.00,158.38,164.65,0.1945,0,correlation 0.19 <= 0.7
2,77.6533,13.5600,123.00,151.00,166.83,163.67,0.4769,0,correlation 0.48 <= 0.7
2,77.6583,13.5900,121.00,151.00,165.84,163.68,0.4591,0,correlation 0.46 <= 0.7
2,77.6857,13.7074,133.00,153.00,164.11,161.93,0.4073,0,correlation 0.41 <= 0.7
2,77.6837,13.6038,137.00,149.00,172.53,162.98,0.5853,0,correlation 0.59 <= 0.7
2,77.7363,13.5905,159.00,143.00,183.88,159.65,0.3993,0,correlation 0.40 <= 0.7
2,77.7355,13.6826,157.00,147.00,177.54,159.13,0.5196,0,correlation 0.52 <= 0.7
2,77.7347,13.6763,157.00,147.00,177.83,159.00,0.5067,0,correlation 0.51 <= 0.7
2,77.6995,13.6186,133.00,147.00,175.48,162.27,0.6113,0,correlation 0.61 <= 0.7
2,77.7071,13.6254,153.00,147.00,176.45,161.47,0.5932,0,correlation 0.59 <= 0.7
2,77.6949,13.6087,135.00,147.00,175.19,162.52,0.6145,0,correlation 0.61 <= 0.7
2,77.6882,13.6847,135.00,152.00,167.01,162.12,0.4519,0,correlation 0.45 <= 0.7
2,77.6597,13.5839,121.00,151.00,166.41,163.50,0.4892,0,correlation 0.49 <= 0.7
2,77.7314,13.6372,159.00,147.00,179.90,159.08,0.4910,0,correlation 0.49 <= 0.7
2,77.7092,13.6105,155.00,145.00,177.74,161.54,0.6137,0,correlation 0.61 <= 0.7
2,77.7058,13.5663,157.00,147.00,179.88,161.73,0.5877,0,correlation 0.59 <= 0.7
2,77.7041,13.6937,129.00,151.00,170.85,160.74,0.5134,0,correlation 0.51 <= 0.7
2,77.6674,13.6140,139.00,152.00,166.06,163.84,0.5432,0,correlation 0.54 <= 0.7
2,77.7341,13.6388,159.00,147.00,180.41,158.84,0.4668,0,correlation 0.47 <= 0.7
2,77.7188,13.6096,163.00,145.00,178.91,160.89,0.6045,0,correlation 0.60 <= 0.7
2,77.6959,13.5866,135.00,149.00,176.96,162.46,0.6022,0,correlation 0.60 <= 0.7
2,77.6867,13.6370,137.00,149.00,170.66,162.88,0.5550,0,correlation 0.56 <= 0.7
2,77.6584,13.6297,114.26,153.00,163.40,164.23,0.4066,0,correlation 0.41 <= 0.7
2,77.7375,13.6710,157.00,147.00,178.90,158.88,0.4868,0,correlation 0.49 <= 0.7
2,77.7136,13.6792,149.00,149.00,173.87,160.06,0.5150,0,correlation 0.51 <= 0.7
2,77.7277,13.6564,159.00,147.00,177.47,159.24,0.5167,0,correlation 0.52 <= 0.7
2,77.7375,13.5718,161.00,141.00,185.26,159.95,0.3310,0,correlation 0.33 <= 0.7
2,77.6864,13.5972,137.00,149.00,173.91,162.81,0.6019,0,correlation 0.60 <= 0.7
2,77.6918,13.5866,137.00,154.00,176.07,162.58,0.6043,0,correlation 0.60 <= 0.7
2,77.7428,13.5676,175.00,141.00,186.45,159.55,0.2406,0,correlation 0.24 <= 0.7
2,77.6620,13.6680,111.62,153.00,161.59,164.44,0.3352,0,correlation 0.34 <= 0.7
2,77.6960,13.6094,135.00,147.00,175.41,162.46,0.6128,0,correlation 0.61 <= 0.7
2,77.7156,13.6374,161.00,147.00,176.82,160.62,0.5686,0,correlation 0.57 <= 0.7
2,77.6652,13.6335,119.00,153.00,164.37,164.11,0.4764,0,correlation 0.48 <= 0.7
2,77.6848,13.6249,137.00,149.00,171.07,163.14,0.5609,0,correlation 0.56 <= 0.7
2,77.6776,13.6991,115.00,153.00,162.51,162.88,0.3827,0,correlation 0.38 <= 0.7
2,77.9509,14.4703,141.00,160.00,161.03,157.11,0.7844,0,centroids differ by 3.9 km
2,77.9110,14.4772,125.00,163.00,152.42,157.78,0.3347,0,correlation 0.33 <= 0.7
2,77.9062,14.4970,121.00,165.00,149.98,158.59,0.2126,0,correlation 0.21 <= 0.7
2,77.9453,14.5735,125.00,145.00,151.75,157.29,0.4273,0,correlation 0.43 <= 0.7
2,77.9084,14.5818,113.00,171.00,144.73,160.57,-0.0375,0,correlation -0.04 <= 0.7
2,77.9574,14.5595,139.00,139.00,156.34,157.07,0.6888,0,correlation 0.69 <= 0.7
2,77.9476,14.5658,131.00,144.00,152.83,157.16,0.4973,0,correlation 0.50 <= 0.7
2,77.9818,14.4627,157.00,135.00,172.36,155.53,0.6169,0,correlation 0.62 <= 0.7
2,77.9621,14.5400,139.00,139.00,159.18,156.76,0.7956,0,centroids differ by 2.4 km
2,77.9880,14.5371,153.00,137.00,169.00,158.32,0.6834,0,correlation 0.68 <= 0.7
2,77.9632,14.4916,145.00,161.00,163.19,155.92,0.8412,0,centroids differ by 7.3 km
2,77.9792,14.5973,139.00,139.00,160.89,158.52,0.8082,0,centroids differ by 2.4 km
2,77.9533,14.4508,151.00,160.00,163.34,156.76,0.8347,0,centroids differ by 6.6 km
2,77.9449,14.4983,133.00,162.00,157.15,157.60,0.6391,0,correlation 0.64 <= 0.7
2,77.9776,14.5652,143.00,139.00,162.58,158.23,0.8260,0,centroids differ by 4.4 km
2,77.9834,14.4970,155.00,135.00,170.30,157.13,0.6742,0,correlation 0.67 <= 0.7
2,77.9516,14.4602,143.00,160.00,162.05,156.94,0.8112,0,centroids differ by 5.1 km
2,77.9867,14.5462,151.00,137.00,167.77,158.36,0.7267,0,centroids differ by 9.4 km
2,77.9499,14.5114,137.00,163.00,157.57,156.86,0.6678,0,correlation 0.67 <= 0.7
2,77.9683,14.4898,147.00,158.00,165.00,156.01,0.8506,0,centroids differ by 9.0 km
2,77.9269,14.4666,131.00,161.00,156.52,156.82,0.5834,0,correlation 0.58 <= 0.7
2,77.9790,14.5904,141.00,139.00,161.33,158.45,0.8164,0,centroids differ by 2.9 km
2,77.9035,14.5527,115.00,167.00,145.61,160.32,0.0202,0,correlation 0.02 <= 0.7
2,77.9622,14.5886,135.00,141.00,155.60,157.61,0.6571,0,correlation 0.66 <= 0.7
2,77.9819,14.5888,143.00,139.00,162.63,158.51,0.8150,0,centroids differ by 4.1 km
2,77.9142,14.4877,125.00,163.00,152.47,157.95,0.3404,0,correlation 0.34 <= 0.7
2,77.9132,14.4605,127.00,163.00,154.08,157.18,0.4293,0,correlation 0.43 <= 0.7
2,77.8972,14.5850,111.00,169.00,141.76,161.30,-0.1139,0,correlation -0.11 <= 0.7
2,77.9357,14.5433,125.00,165.00,152.58,158.25,0.3607,0,correlation 0.36 <= 0.7
2,77.9303,14.4919,129.00,163.00,155.37,158.22,0.5261,0,correlation 0.53 <= 0.7
2,77.9873,14.5043,157.00,137.00,171.30,157.67,0.6119,0,correlation 0.61 <= 0.7
2,77.9877,14.5219,155.00,137.00,170.09,158.08,0.6520,0,correlation 0.65 <= 0.7
2,77.9634,14.5403,141.00,139.00,159.54,156.83,0.8093,0,centroids differ by 2.7 km
2,77.9601,14.4592,149.00,159.00,164.80,156.28,0.8374,0,centroids differ by 8.5 km
2,77.9851,14.4835,157.00,135.00,172.05,156.77,0.6048,0,correlation 0.60 <= 0.7
2,77.9631,14.4683,147.00,161.00,165.00,156.02,0.8418,0,centroids differ by 9.0 km
2,77.7037,13.4998,171.00,145.00,183.13,161.41,0.4990,0,correlation 0.50 <= 0.7
2,77.6625,13.5704,143.00,151.00,168.02,163.37,0.5648,0,correlation 0.56 <= 0.7
2,77.6911,13.6311,135.00,147.00,172.54,162.68,0.5932,0,correlation 0.59 <= 0.7
2,77.6870,13.6225,137.00,149.00,172.01,163.04,0.5801,0,correlation 0.58 <= 0.7
2,77.6351,13.4936,119.00,153.00,167.53,163.89,0.4074,0,correlation 0.41 <= 0.7
2,77.6740,13.5706,141.00,149.00,172.12,163.22,0.6047,0,correlation 0.60 <= 0.7
2,77.6294,13.5529,115.00,153.00,162.92,164.24,0.1878,0,correlation 0.19 <= 0.7
2,77.6412,13.4892,125.00,151.00,169.01,163.70,0.5048,0,correlation 0.50 <= 0.7
2,77.6890,13.5872,137.00,149.00,175.34,162.65,0.6065,0,correlation 0.61 <= 0.7
2,77.6469,13.5573,115.00,153.00,165.75,163.80,0.3934,0,correlation 0.39 <= 0.7
2,77.6884,13.5754,137.00,147.00,176.05,162.56,0.6002,0,correlation 0.60 <= 0.7
2,77.6392,13.5019,119.00,151.00,167.82,163.92,0.4384,0,correlation 0.44 <= 0.7
2,77.7000,13.5105,171.00,148.00,182.22,161.63,0.5260,0,correlation 0.53 <= 0.7
2,77.6842,13.5885,137.00,149.00,173.95,162.90,0.6037,0,correlation 0.60 <= 0.7
2,77.6929,13.6205,135.00,147.00,173.80,162.68,0.6117,0,correlation 0.61 <= 0.7
2,77.7030,13.5349,169.00,145.00,181.28,161.63,0.5518,0,correlation 0.55 <= 0.7
2,77.6715,13.6291,139.00,151.00,166.13,163.90,0.5365,0,correlation 0.54 <= 0.7
2,77.6417,13.5143,120.11,151.00,167.53,163.72,0.4365,0,correlation 0.44 <= 0.7
2,77.6625,13.5097,145.00,149.00,173.15,162.93,0.6311,0,correlation 0.63 <= 0.7
2,77.6184,13.5908,111.00,155.00,159.87,164.98,0.0613,0,correlation 0.06 <= 0.7
2,77.6605,13.5201,145.00,149.00,171.54,163.02,0.6356,0,correlation 0.64 <= 0.7
2,77.6561,13.6246,114.11,153.00,163.25,164.20,0.3799,0,correlation 0.38 <= 0.7
2,77.6208,13.4886,117.00,153.00,165.27,164.50,0.2337,0,correlation 0.23 <= 0.7
2,77.6256,13.5667,113.00,153.00,161.78,164.47,0.1387,0,correlation 0.14 <= 0.7
2,77.6801,13.6019,139.00,149.00,171.49,163.24,0.5744,0,correlation 0.57 <= 0.7
2,77.6214,13.5927,111.00,155.00,160.17,164.93,0.0771,0,correlation 0.08 <= 0.7
2,77.6550,13.6255,113.30,153.00,163.00,164.24,0.3650,0,correlation 0.36 <= 0.7
2,77.6470,13.5158,125.00,149.00,168.40,163.52,0.5008,0,correlation 0.50 <= 0.7
2,77.6169,13.5739,111.00,156.00,160.56,164.81,0.0858,0,correlation 0.09 <= 0.7
2,77.6234,13.5010,117.00,153.00,164.96,164.24,0.2396,0,correlation 0.24 <= 0.7
2,77.6987,13.5033,161.00,147.00,182.41,161.64,0.5188,0,correlation 0.52 <= 0.7
2,77.6897,13.5925,137.00,149.00,175.10,162.68,0.6076,0,correlation 0.61 <= 0.7
2,77.6427,13.5858,113.00,155.00,163.03,164.17,0.2546,0,correlation 0.25 <= 0.7
2,77.6876,13.5977,137.00,149.00,174.22,162.77,0.6023,0,correlation 0.60 <= 0.7
2,77.6299,13.6124,109.00,157.00,160.00,164.79,0.0947,0,correlation 0.09 <= 0.7
2,77.6889,13.5095,175.00,148.00,180.55,162.28,0.5603,0,correlation 0.56 <= 0.7
2,77.9460,14.1536,175.00,129.00,184.34,155.10,0.2417,0,correlation 0.24 <= 0.7
2,77.9556,14.2080,175.00,151.00,183.01,154.52,0.2650,0,correlation 0.26 <= 0.7
2,77.8988,14.2153,149.00,165.00,168.72,158.31,0.7476,0,centroids differ by 10.4 km
2,77.9234,14.2484,151.00,131.00,171.08,157.34,0.7418,0,centroids differ by 13.7 km
2,77.9065,14.2392,149.00,135.00,168.66,158.19,0.7538,0,centroids differ by 10.5 km
2,77.8843,14.1417,151.00,173.00,170.11,158.13,0.7235,0,centroids differ by 12.0 km
2,77.9605,14.2147,175.00,149.00,184.11,153.72,0.1779,0,correlation 0.18 <= 0.7
2,77.9497,14.2336,173.00,151.00,179.10,154.84,0.4665,0,correlation 0.47 <= 0.7
2,77.8756,14.2789,137.00,167.00,157.82,160.40,0.5448,0,correlation 0.54 <= 0.7
2,77.9145,14.2502,151.00,133.00,168.16,157.79,0.7506,0,centroids differ by 10.4 km
2,77.9563,14.2654,169.00,153.00,178.66,152.98,0.4270,0,correlation 0.43 <= 0.7
2,77.9703,14.1797,181.00,147.00,190.58,153.08,-0.1794,0,correlation -0.18 <= 0.7
2,77.8990,14.2088,149.00,165.00,169.29,158.19,0.7449,0,centroids differ by 11.1 km
2,77.9697,14.1387,185.00,147.00,192.93,153.40,-0.2964,0,correlation -0.30 <= 0.7
2,77.9212,14.2505,151.00,131.00,170.21,157.49,0.7466,0,centroids differ by 12.7 km
2,77.8794,14.2195,143.00,173.00,162.95,159.32,0.6948,0,correlation 0.69 <= 0.7
2,77.8759,14.2351,141.00,173.00,160.94,159.74,0.6585,0,correlation 0.66 <= 0.7
2,77.8841,14.2801,137.00,139.00,159.81,159.97,0.6404,0,correlation 0.64 <= 0.7
2,77.9296,14.2530,153.00,155.00,172.23,156.93,0.7371,0,centroids differ by 15.3 km
2,77.9738,14.1643,183.00,147.00,193.03,152.76,-0.3025,0,correlation -0.30 <= 0.7
2,77.9575,14.1437,181.00,127.00,188.71,154.45,-0.0258,0,correlation -0.03 <= 0.7
2,77.9711,14.1814,181.00,147.00,190.74,152.94,-0.1938,0,correlation -0.19 <= 0.7
2,77.9675,14.2320,175.00,149.00,185.40,152.10,0.0445,0,correlation 0.04 <= 0.7
2,77.9640,14.1364,185.00,125.00,191.30,153.97,-0.1872,0,correlation -0.19 <= 0.7
2,77.9558,14.2506,171.00,151.00,179.68,153.51,0.3948,0,correlation 0.39 <= 0.7
2,77.9359,14.2203,159.00,129.00,176.26,156.34,0.6127,0,correlation 0.61 <= 0.7
2,77.9438,14.2551,163.00,153.00,175.54,155.20,0.6229,0,correlation 0.62 <= 0.7
2,77.9691,14.1817,181.00,147.00,189.92,153.23,-0.1409,0,correlation -0.14 <= 0.7
2,77.9392,14.1791,169.00,129.00,180.39,155.71,0.4401,0,correlation 0.44 <= 0.7
2,77.8831,14.1482,149.00,173.00,169.27,158.26,0.7304,0,centroids differ by 11.0 km
2,77.9277,14.1540,163.00,157.00,179.59,156.17,0.5377,0,correlation 0.54 <= 0.7
2,77.9536,14.1742,179.00,127.00,185.09,154.92,0.1820,0,correlation 0.18 <= 0.7
2,77.8858,14.1795,147.00,174.00,167.72,158.56,0.7234,0,centroids differ by 9.2 km
2,77.8823,14.1926,145.00,173.00,165.73,158.84,0.7271,0,centroids differ by 6.9 km
2,77.9594,14.1999,175.00,149.00,184.88,154.16,0.1538,0,correlation 0.15 <= 0.7
2,77.8834,14.2719,139.00,165.00,160.21,159.98,0.6441,0,correlation 0.64 <= 0.7
2,78.0341,14.5040,195.00,160.00,190.23,157.42,-0.2127,0,correlation -0.21 <= 0.7
2,77.9517,14.5717,131.00,141.00,153.62,157.28,0.5619,0,correlation 0.56 <= 0.7
2,77.9598,14.4680,147.00,161.00,164.02,156.33,0.8362,0,centroids differ by 7.7 km
2,77.9975,14.5987,155.00,159.00,168.31,158.52,0.7084,0,centroids differ by 9.8 km
2,77.9705,14.5901,137.00,139.00,158.15,158.16,0.7578,1,
2,77.9760,14.5817,139.00,139.00,160.77,158.30,0.8228,0,centroids differ by 2.5 km
2,78.0423,14.5229,193.00,157.00,191.96,155.58,-0.2727,0,correlation -0.27 <= 0.7
2,78.0384,14.5820,185.00,159.00,186.38,155.10,0.0305,0,correlation 0.03 <= 0.7
2,77.9512,14.5164,137.00,163.00,157.60,156.75,0.6758,0,correlation 0.68 <= 0.7
2,78.0087,14.4707,179.00,133.00,182.48,157.31,0.0499,0,correlation 0.05 <= 0.7
2,78.0379,14.5790,185.00,159.00,186.38,155.17,0.0288,0,correlation 0.03 <= 0.7
2,77.9621,14.5365,141.00,139.00,159.43,156.68,0.8017,0,centroids differ by 2.8 km
2,78.0003,14.4787,171.00,135.00,178.63,157.39,0.2519,0,correlation 0.25 <= 0.7
2,77.9877,14.4874,159.00,135.00,172.77,157.12,0.5538,0,correlation 0.55 <= 0.7
2,77.9596,14.5385,141.00,139.00,158.54,156.64,0.7681,0,centroids differ by 1.9 km
2,78.0195,14.4937,185.00,153.00,185.25,157.95,-0.0507,0,correlation -0.05 <= 0.7
2,78.0287,14.4760,195.00,151.00,190.27,157.51,-0.2669,0,correlation -0.27 <= 0.7
2,78.0289,14.4944,193.00,137.00,189.01,157.73,-0.1960,0,correlation -0.20 <= 0.7
2,77.9927,14.4627,167.00,133.00,176.74,156.33,0.3485,0,correlation 0.35 <= 0.7
2,77.9710,14.5494,141.00,139.00,161.33,157.56,0.8393,0,centroids differ by 3.8 km
2,77.9805,14.5567,145.00,139.00,164.43,158.24,0.8012,0,centroids differ by 6.2 km
2,77.9855,14.4876,157.00,135.00,171.88,156.94,0.6043,0,correlation 0.60 <= 0.7
2,77.9985,14.5710,159.00,159.00,170.81,158.72,0.6571,0,correlation 0.66 <= 0.7
2,78.0103,14.5863,167.00,163.00,174.54,158.91,0.5473,0,correlation 0.55 <= 0.7
2,77.9928,14.5859,153.00,159.00,167.27,158.68,0.7532,0,centroids differ by 8.6 km
2,78.0276,14.5490,187.00,159.00,184.42,157.52,0.0924,0,correlation 0.09 <= 0.7
2,78.0007,14.5162,167.00,135.00,175.90,158.33,0.4047,0,correlation 0.40 <= 0.7
2,78.0344,14.4578,201.00,151.00,193.55,157.08,-0.4025,0,correlation -0.40 <= 0.7
2,78.0291,14.5962,181.00,161.00,181.52,156.02,0.2882,0,correlation 0.29 <= 0.7
2,77.9653,14.5700,137.00,139.00,157.91,157.47,0.7584,1,
2,77.9664,14.4866,147.00,158.00,164.61,155.92,0.8496,0,centroids differ by 8.7 km
2,78.0002,14.5693,161.00,157.00,171.65,158.74,0.6265,0,correlation 0.63 <= 0.7
2,78.0159,14.4580,185.00,133.00,186.33,157.09,-0.1294,0,correlation -0.13 <= 0.7
2,77.9699,14.5972,137.00,141.00,157.43,158.14,0.7323,1,
2,78.0349,14.4678,199.00,151.00,193.03,157.21,-0.3729,0,correlation -0.37 <= 0.7
2,77.9829,14.4648,157.00,135.00,172.65,155.70,0.5986,0,correlation 0.60 <= 0.7
2,77.9520,14.1881,179.00,151.00,183.48,155.08,0.2675,0,correlation 0.27 <= 0.7
2,77.8752,14.1647,147.00,175.00,165.85,158.86,0.7483,0,centroids differ by 7.0 km
2,77.9004,14.2220,149.00,168.00,168.62,158.38,0.7509,0,centroids differ by 10.2 km
2,77.8904,14.0993,159.00,173.00,175.13,157.18,0.6475,0,correlation 0.65 <= 0.7
2,77.8927,14.2121,147.00,169.00,167.21,158.54,0.7352,0,centroids differ by 8.7 km
2,77.9054,14.1481,159.00,167.00,175.25,157.26,0.6711,0,correlation 0.67 <= 0.7
2,77.9282,14.1812,159.00,159.00,177.56,156.39,0.5786,0,correlation 0.58 <= 0.7
2,77.9208,14.1880,157.00,159.00,175.05,156.88,0.6481,0,correlation 0.65 <= 0.7
2,77.9667,14.1488,185.00,125.00,191.39,153.79,-0.1928,0,correlation -0.19 <= 0.7
2,77.9581,14.1080,185.00,127.00,191.51,154.05,-0.1850,0,correlation -0.19 <= 0.7
2,77.9086,14.1886,155.00,163.00,172.47,157.52,0.7243,0,centroids differ by 15.0 km
2,77.9319,14.1617,163.00,157.00,179.97,156.01,0.4978,0,correlation 0.50 <= 0.7
2,77.9445,14.1533,173.00,129.00,183.91,155.18,0.2698,0,correlation 0.27 <= 0.7
2,77.8790,14.2153,143.00,173.00,163.14,159.29,0.6999,0,correlation 0.70 <= 0.7
2,77.9303,14.2206,157.00,131.00,174.92,156.69,0.6477,0,correlation 0.65 <= 0.7
2,77.9411,14.1179,177.00,157.00,185.72,155.07,0.2021,0,correlation 0.20 <= 0.7
2,77.9375,14.1559,167.00,157.00,181.80,155.61,0.3997,0,correlation 0.40 <= 0.7
2,77.8714,14.1124,153.00,155.00,168.70,158.14,0.7716,0,centroids differ by 10.6 km
2,77.9629,14.1724,181.00,149.00,188.31,154.15,-0.0196,0,correlation -0.02 <= 0.7
2,77.8684,14.1551,149.00,157.00,164.94,158.92,0.7529,0,centroids differ by 6.0 km
2,77.8779,14.1906,145.00,173.00,164.65,159.01,0.7247,0,centroids differ by 5.6 km
2,77.8902,14.2224,143.00,167.00,165.71,158.84,0.7246,0,centroids differ by 6.9 km
2,77.9338,14.1535,165.00,157.00,181.09,155.82,0.4493,0,correlation 0.45 <= 0.7
2,77.9185,14.2299,153.00,133.00,170.22,157.34,0.7109,0,centroids differ by 12.9 km
2,77.8702,14.1226,151.00,155.00,167.67,158.35,0.7726,0,centroids differ by 9.3 km
2,77.8992,14.2133,149.00,165.00,169.01,158.25,0.7470,0,centroids differ by 10.8 km
2,77.8882,14.1781,147.00,171.00,168.51,158.44,0.7215,0,centroids differ by 10.1 km
2,77.9372,14.1388,169.00,155.00,183.11,155.51,0.3516,0,correlation 0.35 <= 0.7
2,77.9550,14.1000,187.00,153.00,191.29,154.13,-0.1559,0,correlation -0.16 <= 0.7
2,77.9526,14.1679,181.00,127.00,185.29,154.96,0.1749,0,correlation 0.17 <= 0.7
2,77.8828,14.2184,143.00,171.00,163.96,159.14,0.7058,0,centroids differ by 4.8 km
2,77.9020,14.1632,155.00,169.00,173.54,157.50,0.7092,0,centroids differ by 16.0 km
2,77.8813,14.1186,153.00,175.00,170.92,157.73,0.7222,0,centroids differ by 13.2 km
2,77.9539,14.1469,183.00,127.00,187.39,154.63,0.0539,0,correlation 0.05 <= 0.7
2,77.9571,14.2334,173.00,151.00,181.47,153.79,0.3128,0,correlation 0.31 <= 0.7
2,77.9448,14.1904,171.00,128.00,181.05,155.61,0.4041,0,correlation 0.40 <= 0.7
2,77.9733,14.3461,163.00,153.00,178.55,153.55,0.3928,0,correlation 0.39 <= 0.7
2,77.8842,14.3180,133.00,139.00,157.16,160.28,0.5182,0,correlation 0.52 <= 0.7
2,77.8879,14.2152,145.00,171.00,165.66,158.88,0.7198,0,centroids differ by 6.8 km
2,77.9410,14.2487,163.00,153.00,175.27,155.71,0.6442,0,correlation 0.64 <= 0.7
2,77.9141,14.3071,145.00,159.00,165.30,158.18,0.8211,0,centroids differ by 7.1 km
2,77.9654,14.3388,163.00,153.00,176.02,152.65,0.5391,0,correlation 0.54 <= 0.7
2,77.9497,14.3211,165.00,155.00,172.18,153.13,0.7031,0,centroids differ by 19.0 km
2,77.9250,14.2997,147.00,157.00,167.88,156.98,0.8289,0,centroids differ by 10.9 km
2,77.9436,14.2303,165.00,153.00,177.47,155.62,0.5565,0,correlation 0.56 <= 0.7
2,77.9646,14.2968,167.00,153.00,179.10,151.96,0.3789,0,correlation 0.38 <= 0.7
2,77.9396,14.2646,155.00,153.00,173.62,155.68,0.6992,0,correlation 0.70 <= 0.7
2,77.8900,14.2959,137.00,139.00,160.21,159.66,0.6546,0,correlation 0.65 <= 0.7
2,77.9203,14.2925,147.00,157.00,167.47,157.65,0.8247,0,centroids differ by 9.8 km
2,77.9271,14.3308,145.00,157.00,165.97,155.85,0.8466,0,centroids differ by 10.1 km
2,77.9140,14.3420,141.00,159.00,162.65,157.69,0.7951,0,centroids differ by 5.0 km
2,77.9401,14.2132,166.00,153.00,177.87,156.01,0.5480,0,correlation 0.55 <= 0.7
2,77.9543,14.2824,167.00,153.00,176.71,152.91,0.5157,0,correlation 0.52 <= 0.7
2,77.9478,14.3156,157.00,155.00,171.99,153.31,0.7101,0,centroids differ by 18.7 km
2,77.9170,14.2662,149.00,133.00,167.49,157.95,0.7782,0,centroids differ by 9.5 km
2,77.9645,14.3316,163.00,153.00,176.29,152.47,0.5291,0,correlation 0.53 <= 0.7
2,77.9412,14.2140,167.00,153.00,178.10,155.93,0.5381,0,correlation 0.54 <= 0.7
2,77.9330,14.2377,155.00,155.00,174.17,156.64,0.6866,0,correlation 0.69 <= 0.7
2,77.9025,14.2945,143.00,135.00,163.49,158.99,0.7693,0,centroids differ by 4.5 km
2,77.9789,14.2221,179.00,149.00,190.58,150.30,-0.2754,0,correlation -0.28 <= 0.7
2,77.8979,14.3134,137.00,135.00,160.80,159.50,0.6796,0,correlation 0.68 <= 0.7
2,77.9164,14.3513,141.00,159.00,162.48,157.09,0.7998,0,centroids differ by 5.4 km
2,77.9484,14.3381,155.00,157.00,170.44,153.27,0.7628,0,centroids differ by 17.2 km
2,77.9569,14.3180,163.00,155.00,174.74,152.62,0.6025,0,correlation 0.60 <= 0.7
2,77.8963,14.3500,133.00,161.00,157.80,159.81,0.5276,0,correlation 0.53 <= 0.7
2,77.9758,14.3214,167.00,151.00,181.57,152.24,0.2150,0,correlation 0.21 <= 0.7
2,77.9807,14.3176,171.00,151.00,183.85,152.33,0.0673,0,correlation 0.07 <= 0.7
2,77.9689,14.2135,177.00,149.00,187.39,152.44,-0.0460,0,correlation -0.05 <= 0.7
2,77.9473,14.2415,165.00,153.00,177.70,155.03,0.5319,0,correlation 0.53 <= 0.7
2,77.9383,14.3142,149.00,155.00,169.41,154.49,0.7954,0,centroids differ by 14.9 km
2,77.9795,14.3310,169.00,151.00,182.29,153.12,0.1612,0,correlation 0.16 <= 0.7
2,77.9537,14.3580,159.00,155.00,170.67,153.15,0.7541,0,centroids differ by 17.5 km
2,77.8856,14.0526,161.00,151.00,177.12,157.01,0.5881,0,correlation 0.59 <= 0.7
2,77.8344,14.0862,143.00,163.00,165.32,160.60,0.7930,0,centroids differ by 4.7 km
2,77.8433,14.0509,145.00,180.00,169.06,160.06,0.7919,0,centroids differ by 9.0 km
2,77.8874,14.0388,165.00,149.00,178.72,156.81,0.5227,0,correlation 0.52 <= 0.7
2,77.8610,14.0495,157.00,159.00,171.13,158.56,0.7821,0,centroids differ by 12.6 km
2,77.8316,14.0466,145.00,183.00,167.63,160.67,0.7654,0,centroids differ by 7.0 km
2,77.8408,14.1735,135.00,159.00,160.49,160.56,0.6863,0,correlation 0.69 <= 0.7
2,77.8421,14.1758,135.00,159.00,160.50,160.47,0.6825,0,correlation 0.68 <= 0.7
2,77.8548,14.0687,149.00,159.00,169.02,159.01,0.8281,0,centroids differ by 10.0 km
2,77.9062,14.1320,161.00,167.00,176.34,156.96,0.6196,0,correlation 0.62 <= 0.7
2,77.8447,14.0455,147.00,180.00,169.64,159.94,0.7850,0,centroids differ by 9.7 km
2,77.8346,14.1020,139.00,163.00,164.33,160.61,0.7907,0,centroids differ by 3.7 km
2,77.8468,14.1257,139.00,159.00,164.58,159.88,0.8028,0,centroids differ by 4.7 km
2,77.8887,14.1540,151.00,173.00,170.47,158.06,0.7053,0,centroids differ by 12.4 km
2,77.8153,14.1674,127.00,167.00,157.34,162.06,0.6191,0,correlation 0.62 <= 0.7
2,77.8829,14.0467,159.00,152.00,176.73,157.16,0.6061,0,correlation 0.61 <= 0.7
2,77.8972,14.1144,159.00,171.00,176.06,157.14,0.6293,0,correlation 0.63 <= 0.7
2,77.8403,14.1553,137.00,159.00,161.60,160.60,0.7227,0,centroids differ by 1.0 km
2,77.9026,14.0727,165.00,171.00,180.14,156.30,0.4682,0,correlation 0.47 <= 0.7
2,77.8972,14.0670,163.00,151.00,179.56,156.28,0.4937,0,correlation 0.49 <= 0.7
2,77.9050,14.1801,155.00,167.00,172.86,157.49,0.7255,0,centroids differ by 15.4 km
2,77.9037,14.1385,159.00,169.00,175.73,157.20,0.6487,0,correlation 0.65 <= 0.7
2,77.8393,14.0582,145.00,181.00,167.93,160.38,0.7930,0,centroids differ by 7.6 km
2,77.9014,14.0645,165.00,171.00,180.60,156.09,0.4427,0,correlation 0.44 <= 0.7
2,77.8288,14.1235,135.00,165.00,162.46,161.01,0.7579,0,centroids differ by 1.5 km
2,77.8699,14.1515,149.00,177.00,165.50,158.81,0.7574,0,centroids differ by 6.7 km
2,77.8675,14.1770,147.00,177.00,163.30,159.37,0.7350,0,centroids differ by 3.9 km
2,77.8355,14.1177,137.00,163.00,163.44,160.48,0.7728,0,centroids differ by 3.0 km
2,77.8903,14.0709,163.00,151.00,177.26,156.75,0.5782,0,correlation 0.58 <= 0.7
2,77.8150,14.0718,135.00,185.00,162.92,161.71,0.7296,0,centroids differ by 1.2 km
2,77.8997,14.1824,153.00,169.00,171.54,157.81,0.7322,0,centroids differ by 13.7 km
2,77.8174,14.1690,127.00,167.00,157.54,161.95,0.6204,0,correlation 0.62 <= 0.7
2,77.9005,14.1179,159.00,169.00,176.62,157.05,0.6101,0,correlation 0.61 <= 0.7
2,77.8148,14.1080,131.00,186.00,160.70,162.36,0.7097,0,centroids differ by 1.7 km
2,77.8809,14.0630,157.00,151.00,174.91,157.50,0.6653,0,correlation 0.67 <= 0.7
2,77.8224,14.1024,133.00,165.00,162.49,161.68,0.7611,1,
2,77.8666,14.0088,161.00,157.00,175.27,158.21,0.6575,0,correlation 0.66 <= 0.7
2,77.8171,14.0167,143.00,185.00,167.91,161.16,0.7614,0,centroids differ by 6.7 km
2,77.8298,13.9375,155.00,173.00,174.82,159.95,0.6336,0,correlation 0.63 <= 0.7
2,77.8286,14.0443,143.00,183.00,167.44,160.65,0.7602,0,centroids differ by 6.8 km
2,77.8007,13.9909,141.00,177.00,167.59,161.96,0.7451,0,centroids differ by 5.6 km
2,77.8608,13.9747,165.00,175.00,176.52,158.31,0.6067,0,correlation 0.61 <= 0.7
2,77.8169,14.0042,145.00,185.00,168.87,161.31,0.7610,0,centroids differ by 7.6 km
2,77.8856,13.9378,175.00,171.00,185.41,156.76,0.2755,0,correlation 0.28 <= 0.7
2,77.8937,13.9953,169.00,153.00,183.74,156.29,0.2519,0,correlation 0.25 <= 0.7
2,77.7996,13.9365,145.00,177.00,170.69,161.13,0.7805,0,centroids differ by 9.6 km
2,77.8758,13.9355,169.00,173.00,182.73,157.13,0.3939,0,correlation 0.39 <= 0.7
2,77.8238,14.0548,141.00,183.00,166.29,161.03,0.7562,0,centroids differ by 5.3 km
2,77.8462,14.0087,155.00,179.00,172.23,159.35,0.7180,0,centroids differ by 12.9 km
2,77.8662,14.0316,159.00,157.00,173.48,158.16,0.7248,0,centroids differ by 15.3 km
2,77.8643,13.9429,167.00,175.00,179.61,157.64,0.5041,0,correlation 0.50 <= 0.7
2,77.8602,13.9291,169.00,177.00,179.75,157.99,0.4998,0,correlation 0.50 <= 0.7
2,77.8192,13.9897,147.00,185.00,170.13,161.15,0.7513,0,centroids differ by 9.0 km
2,77.7985,13.9670,143.00,177.00,168.86,161.56,0.7397,0,centroids differ by 7.3 km
2,77.8786,13.9331,171.00,173.00,183.62,156.99,0.3558,0,correlation 0.36 <= 0.7
2,77.8333,13.9466,153.00,181.00,174.80,159.97,0.6516,0,correlation 0.65 <= 0.7
2,77.8815,14.0092,163.00,155.00,179.04,157.05,0.5082,0,correlation 0.51 <= 0.7
2,77.8641,13.9321,169.00,175.00,180.35,157.65,0.4765,0,correlation 0.48 <= 0.7
2,77.8287,14.0619,141.00,183.00,166.35,160.99,0.7699,0,centroids differ by 5.4 km
2,77.8269,13.9221,155.00,173.00,175.44,159.79,0.5988,0,correlation 0.60 <= 0.7
2,77.8370,13.9755,151.00,181.00,173.35,159.65,0.6837,0,correlation 0.68 <= 0.7
2,77.8566,13.9817,163.00,177.00,175.26,158.62,0.6400,0,correlation 0.64 <= 0.7
2,77.8503,13.9497,165.00,179.00,176.59,158.64,0.5925,0,correlation 0.59 <= 0.7
2,77.8719,14.0269,161.00,157.00,175.20,157.71,0.6669,0,correlation 0.67 <= 0.7
2,77.8742,14.0633,157.00,152.00,173.05,157.92,0.7337,0,centroids differ by 15.1 km
2,77.8269,13.9698,153.00,183.00,172.20,160.52,0.7143,0,centroids differ by 11.7 km
2,77.8223,13.9325,155.00,173.00,174.15,160.14,0.6341,0,correlation 0.63 <= 0.7
2,77.8462,13.9651,157.00,179.00,175.10,158.92,0.6360,0,correlation 0.64 <= 0.7
2,77.8159,13.9400,151.00,175.00,173.12,160.47,0.6752,0,correlation 0.68 <= 0.7
2,77.8444,14.0477,145.00,180.00,169.45,159.96,0.7887,0,centroids differ by 9.5 km
2,77.8498,13.9635,165.00,179.00,175.60,158.58,0.6128,0,correlation 0.61 <= 0.7
2,77.8160,14.0107,145.00,185.00,168.11,161.33,0.7633,0,centroids differ by 6.8 km
2,77.9180,14.3310,143.00,157.00,164.36,157.34,0.8267,0,centroids differ by 7.0 km
2,77.8962,14.2826,141.00,137.00,162.72,159.20,0.7274,0,centroids differ by 3.5 km
2,77.9446,14.3944,149.00,157.00,164.87,154.11,0.8519,0,centroids differ by 10.8 km
2,77.9683,14.2938,169.00,153.00,180.79,151.60,0.2811,0,correlation 0.28 <= 0.7
2,77.9767,14.3807,161.00,155.00,177.06,155.09,0.4875,0,correlation 0.49 <= 0.7
2,77.9224,14.3151,145.00,157.00,166.41,157.05,0.8374,0,centroids differ by 9.4 km
2,77.8997,14.2663,145.00,137.00,164.95,158.83,0.7678,0,centroids differ by 6.1 km
2,77.9187,14.3219,145.00,157.00,165.18,157.42,0.8327,0,centroids differ by 7.8 km
2,77.9407,14.3559,145.00,157.00,166.77,153.89,0.8422,0,centroids differ by 12.9 km
2,77.9821,14.3497,169.00,153.00,181.84,154.31,0.1942,0,correlation 0.19 <= 0.7
2,77.9753,14.3314,165.00,153.00,180.54,152.78,0.2758,0,correlation 0.28 <= 0.7
2,77.9108,14.2811,147.00,133.00,166.37,158.39,0.8012,0,centroids differ by 8.0 km
2,77.9472,14.4044,149.00,157.00,164.90,154.60,0.8576,0,centroids differ by 10.3 km
2,77.9483,14.3572,153.00,157.00,168.93,153.37,0.8013,0,centroids differ by 15.6 km
2,77.9308,14.3576,143.00,159.00,164.56,154.75,0.8522,0,centroids differ by 9.8 km
2,77.9504,14.2800,169.00,153.00,175.66,153.48,0.5759,0,correlation 0.58 <= 0.7
2,77.9856,14.3866,167.00,155.00,180.17,154.67,0.2874,0,correlation 0.29 <= 0.7
2,77.9031,14.2899,143.00,135.00,164.01,158.90,0.7751,0,centroids differ by 5.1 km
2,77.9863,14.3335,175.00,151.00,184.84,153.76,0.0105,0,correlation 0.01 <= 0.7
2,77.9461,14.2650,163.00,153.00,175.45,154.65,0.6131,0,correlation 0.61 <= 0.7
2,77.9648,14.3502,161.00,153.00,174.91,153.09,0.5924,0,correlation 0.59 <= 0.7
2,77.9275,14.3568,141.00,159.00,164.14,155.15,0.8477,0,centroids differ by 9.0 km
2,77.8973,14.3893,129.00,161.00,155.36,159.36,0.3939,0,correlation 0.39 <= 0.7
2,77.9127,14.3615,139.00,159.00,160.94,157.39,0.7473,0,centroids differ by 3.6 km
2,77.9109,14.3811,135.00,161.00,159.09,157.13,0.6756,0,correlation 0.68 <= 0.7
2,77.9410,14.3043,153.00,155.00,170.88,154.34,0.7597,0,centroids differ by 16.5 km
2,77.9408,14.3965,141.00,157.00,163.70,154.21,0.8486,0,centroids differ by 9.5 km
2,77.9540,14.2852,167.00,153.00,176.40,152.89,0.5286,0,correlation 0.53 <= 0.7
2,77.9467,14.2591,163.00,153.00,176.08,154.68,0.5902,0,correlation 0.59 <= 0.7
2,77.9822,14.3662,167.00,154.00,180.53,154.78,0.2811,0,correlation 0.28 <= 0.7
2,77.9748,14.3764,161.00,155.00,176.65,155.01,0.5088,0,correlation 0.51 <= 0.7
2,77.9759,14.3833,161.00,157.00,176.50,155.13,0.5177,0,correlation 0.52 <= 0.7
2,77.9559,14.2850,167.00,153.00,177.02,152.69,0.4954,0,correlation 0.50 <= 0.7
2,77.9893,14.3914,171.00,155.00,181.17,154.38,0.2050,0,correlation 0.20 <= 0.7
2,77.9917,14.3513,177.00,152.00,185.39,154.29,-0.0145,0,correlation -0.01 <= 0.7
2,77.8926,14.2663,139.00,165.00,163.04,159.31,0.7212,0,centroids differ by 3.7 km
